Picked up JAVA_TOOL_OPTIONS: -Xmx512m -XX:-UsePerfData -Dfile.encoding=UTF-8 -Duser.home=/root/projects/PassVault/audit-runtime-linux-android-compile03/home -Djava.io.tmpdir=/root/projects/PassVault/audit-runtime-linux-android-compile03/tmp -Djna.tmpdir=/root/projects/PassVault/audit-runtime-linux-android-compile03/jna -Dorg.sqlite.tmpdir=/root/projects/PassVault/audit-runtime-linux-android-compile03/sqlite
Fetching distribution.
Downloading https://services.gradle.org/distributions/gradle-9.7.1-bin.zip
..............10%..............20%...............30%..............40%...............50%..............60%...............70%..............80%..............90%...............100%
Initialized native services in: /root/projects/PassVault/audit-runtime-linux-android-compile03/gradle-home/native
Initialized jansi services in: /root/projects/PassVault/audit-runtime-linux-android-compile03/gradle-home/native

Welcome to Gradle 9.7.1!

Here are the highlights of this release:
 - Isolated Projects graduates to incubating
 - Broader Configuration Cache compatibility
 - Resilient Sync helps you fix broken builds
 - More source locations in problem reports

For more details see https://docs.gradle.org/9.7.1/release-notes.html

The current JVM process isn't compatible with build requirement. The maximum heap size is insufficient.

To honour the JVM settings for this build a single-use Daemon process will be forked. For more on this, please refer to https://docs.gradle.org/9.7.1/userguide/gradle_daemon.html#sec:disabling_the_daemon in the Gradle documentation.
Starting process 'Gradle build daemon'. Working directory: /root/projects/PassVault/audit-runtime-linux-android-compile03/gradle-home/daemon/9.7.1 Command: /usr/lib/jvm/java-17-openjdk-amd64/bin/java --add-opens=java.base/java.lang=ALL-UNNAMED --add-opens=java.base/java.lang.invoke=ALL-UNNAMED --add-opens=java.base/java.util=ALL-UNNAMED --add-opens=java.prefs/java.util.prefs=ALL-UNNAMED --add-exports=jdk.compiler/com.sun.tools.javac.api=ALL-UNNAMED --add-exports=jdk.compiler/com.sun.tools.javac.util=ALL-UNNAMED --add-opens=java.base/java.nio.charset=ALL-UNNAMED --add-opens=java.base/java.net=ALL-UNNAMED --add-opens=java.base/java.util.concurrent=ALL-UNNAMED --add-opens=java.base/java.util.concurrent.atomic=ALL-UNNAMED --add-opens=java.xml/javax.xml.namespace=ALL-UNNAMED --add-opens=java.base/java.time=ALL-UNNAMED -Xmx2g -Dfile.encoding=UTF-8 -Djava.io.tmpdir=/root/projects/PassVault/audit-runtime-linux-android-compile03/tmp -Duser.country -Duser.language=en -Duser.variant -cp /root/projects/PassVault/audit-runtime-linux-android-compile03/gradle-home/wrapper/dists/gradle-9.7.1-bin/1w1c7tv4s851m17nbqdsro2tv/gradle-9.7.1/lib/gradle-daemon-main-9.7.1.jar -javaagent:/root/projects/PassVault/audit-runtime-linux-android-compile03/gradle-home/wrapper/dists/gradle-9.7.1-bin/1w1c7tv4s851m17nbqdsro2tv/gradle-9.7.1/lib/agents/gradle-instrumentation-agent-9.7.1.jar org.gradle.launcher.daemon.bootstrap.GradleDaemon 9.7.1
Successfully started process 'Gradle build daemon'
An attempt to start the daemon took 1.159 secs.
The client will now receive all logging from the daemon (pid: 66). The daemon log file: /root/projects/PassVault/audit-runtime-linux-android-compile03/gradle-home/daemon/9.7.1/daemon-66.out.log
Daemon will be stopped at the end of the build 
Using 1 worker leases.
Operational build model parameters: {cachingModelBuilding=false, configurationCache=false, configurationCacheDisabledReason=null, configurationCacheParallelLoad=false, configurationCacheParallelStore=false, configureOnDemand=false, invalidateCoupledProjects=false, isolatedProjects=false, isolatedProjectsDiagnostics=false, isolatedProjectsDangerouslyIgnoreProblems=false, modelAsProjectDependency=false, modelBuilding=false, parallelModelBuilding=false, parallelProjectConfiguration=false, parallelProjectExecution=false, vintage=true}
Received JVM installation metadata from '/usr/lib/jvm/java-17-openjdk-amd64': {JAVA_HOME=/usr/lib/jvm/java-17-openjdk-amd64, JAVA_VERSION=17.0.20, JAVA_VENDOR=Ubuntu, RUNTIME_NAME=OpenJDK Runtime Environment, RUNTIME_VERSION=17.0.20+8-1-24.04-Ubuntu, VM_NAME=OpenJDK 64-Bit Server VM, VM_VERSION=17.0.20+8-1-24.04-Ubuntu, VM_VENDOR=Ubuntu, OS_ARCH=amd64}
Watching the file system is configured to be enabled if available
Not watching /root/projects/PassVault/audit-runtime-linux-android-compile03/checkout since the file system is not supported
File system watching is active
Caching disabled for Groovy DSL script compilation (cp_init) because:
  Build cache is disabled
  Not worth caching.
Compiling initialization script '/root/projects/PassVault/passvault-linux/scripts/audit/android_compile_03.init.gradle' using SubsetScriptTransformer.
Caching disabled for Groovy DSL script compilation (init) because:
  Build cache is disabled
  Not worth caching.
Compiling initialization script '/root/projects/PassVault/passvault-linux/scripts/audit/android_compile_03.init.gradle' using BuildScriptTransformer.
Starting Build
Caching disabled for Kotlin DSL script compilation (Settings/TopLevel/stage1) because:
  Build cache is disabled
Resource missing. [HTTP GET: https://repo.maven.apache.org/maven2/org/gradle/toolchains/foojay-resolver-convention/org.gradle.toolchains.foojay-resolver-convention.gradle.plugin/1.0.0/org.gradle.toolchains.foojay-resolver-convention.gradle.plugin-1.0.0.pom]
Resource missing. [HTTP GET: https://repo.maven.apache.org/maven2/org/gradle/toolchains/foojay-resolver-convention/org.gradle.toolchains.foojay-resolver-convention.gradle.plugin/1.0.0/org.gradle.toolchains.foojay-resolver-convention.gradle.plugin-1.0.0.pom]
Downloading https://plugins.gradle.org/m2/org/gradle/toolchains/foojay-resolver-convention/org.gradle.toolchains.foojay-resolver-convention.gradle.plugin/1.0.0/org.gradle.toolchains.foojay-resolver-convention.gradle.plugin-1.0.0.pom to /root/projects/PassVault/audit-runtime-linux-android-compile03/gradle-home/.tmp/gradle_download16446955806004682198bin
Resource missing. [HTTP HEAD: https://plugins.gradle.org/m2/org/gradle/toolchains/foojay-resolver-convention/org.gradle.toolchains.foojay-resolver-convention.gradle.plugin/1.0.0/org.gradle.toolchains.foojay-resolver-convention.gradle.plugin-1.0.0.jar]
Resolved plugin [id: 'org.gradle.toolchains.foojay-resolver-convention', version: '1.0.0']
Resource missing. [HTTP GET: https://repo.maven.apache.org/maven2/org/gradle/toolchains/foojay-resolver/1.0.0/foojay-resolver-1.0.0.pom]
Resource missing. [HTTP GET: https://repo.maven.apache.org/maven2/org/gradle/toolchains/foojay-resolver/1.0.0/foojay-resolver-1.0.0.pom]
Downloading https://plugins.gradle.org/m2/org/gradle/toolchains/foojay-resolver/1.0.0/foojay-resolver-1.0.0.pom to /root/projects/PassVault/audit-runtime-linux-android-compile03/gradle-home/.tmp/gradle_download3342167363274124520bin
Downloading https://plugins.gradle.org/m2/org/gradle/toolchains/foojay-resolver/1.0.0/foojay-resolver-1.0.0.module to /root/projects/PassVault/audit-runtime-linux-android-compile03/gradle-home/.tmp/gradle_download3187855852507933087bin
Downloading https://plugins.gradle.org/m2/org/gradle/toolchains/foojay-resolver/1.0.0/foojay-resolver-1.0.0.jar to /root/projects/PassVault/audit-runtime-linux-android-compile03/gradle-home/.tmp/gradle_download15006353465686052636bin
Caching disabled for InstrumentationAnalysisTransform: /root/projects/PassVault/audit-runtime-linux-android-compile03/gradle-home/caches/modules-2/files-2.1/org.gradle.toolchains/foojay-resolver/1.0.0/72c0af50bc9156fb2a9429ed152abb4417bb6eaf/foojay-resolver-1.0.0.jar because:
  Build cache is disabled
  Caching not enabled.
Caching disabled for MergeInstrumentationAnalysisTransform: /root/projects/PassVault/audit-runtime-linux-android-compile03/gradle-home/caches/9.7.1/transforms/84417b225f0c99ef0caadbc3e2d6dd2a/transformed/.gradle-instrumented-classpath.marker because:
  Build cache is disabled
  Caching not enabled.
Caching disabled for MergeInstrumentationAnalysisTransform: /root/projects/PassVault/audit-runtime-linux-android-compile03/gradle-home/caches/9.7.1/transforms/84417b225f0c99ef0caadbc3e2d6dd2a/transformed/analysis/instrumentation-hierarchy.bin because:
  Build cache is disabled
  Caching not enabled.
Caching disabled for MergeInstrumentationAnalysisTransform: /root/projects/PassVault/audit-runtime-linux-android-compile03/gradle-home/caches/9.7.1/transforms/84417b225f0c99ef0caadbc3e2d6dd2a/transformed/analysis/instrumentation-dependencies.bin because:
  Build cache is disabled
  Caching not enabled.
Caching disabled for MergeInstrumentationAnalysisTransform: /root/projects/PassVault/audit-runtime-linux-android-compile03/gradle-home/caches/modules-2/files-2.1/org.gradle.toolchains/foojay-resolver/1.0.0/72c0af50bc9156fb2a9429ed152abb4417bb6eaf/foojay-resolver-1.0.0.jar because:
  Build cache is disabled
  Caching not enabled.
Caching disabled for ExternalDependencyInstrumentingArtifactTransform: /root/projects/PassVault/audit-runtime-linux-android-compile03/gradle-home/caches/9.7.1/transforms/388302fc005543901afb8b124fd998e2/transformed/.gradle-instrumented-classpath.marker because:
  Build cache is disabled
  Caching not enabled.
Caching disabled for ExternalDependencyInstrumentingArtifactTransform: /root/projects/PassVault/audit-runtime-linux-android-compile03/gradle-home/caches/9.7.1/transforms/388302fc005543901afb8b124fd998e2/transformed/merge/instrumentation-dependencies.bin because:
  Build cache is disabled
  Caching not enabled.
Caching disabled for ExternalDependencyInstrumentingArtifactTransform: /root/projects/PassVault/audit-runtime-linux-android-compile03/gradle-home/caches/modules-2/files-2.1/org.gradle.toolchains/foojay-resolver/1.0.0/72c0af50bc9156fb2a9429ed152abb4417bb6eaf/foojay-resolver-1.0.0.jar because:
  Build cache is disabled
  Caching not enabled.
Caching disabled for Kotlin DSL accessors for settings 'checkout' because:
  Build cache is disabled
  Build caching of Kotlin script accessor generation disabled by property
Caching disabled for Kotlin DSL script compilation (Settings/TopLevel/stage2) because:
  Build cache is disabled
Settings evaluated using settings file '/root/projects/PassVault/audit-runtime-linux-android-compile03/checkout/settings.gradle.kts'.
Caching disabled for generation of dependency accessors for libs because:
  Build cache is disabled
  Not worth caching.
Projects loaded. Root project using build file '/root/projects/PassVault/audit-runtime-linux-android-compile03/checkout/build.gradle.kts'.
Included projects: [root project 'passvault', project ':app-android', project ':app-desktop', project ':core', project ':feature', project ':shared', project ':core:crypto', project ':core:database', project ':core:designsystem', project ':core:domain', project ':core:navigation', project ':core:otp', project ':core:security', project ':core:testing', project ':feature:backup', project ':feature:credential', project ':feature:generator', project ':feature:health', project ':feature:onboarding', project ':feature:settings', project ':feature:unlock', project ':feature:vault']

> Configure project :
Evaluating root project 'passvault' using build file '/root/projects/PassVault/audit-runtime-linux-android-compile03/checkout/build.gradle.kts'.
Caching disabled for Kotlin DSL version catalog plugin accessors for classpath '7120ae87f8d059d178e7db7d84920ce1' because:
  Build cache is disabled
  Build caching of Kotlin script accessor generation disabled by property
Caching disabled for Kotlin DSL plugin specs accessors for classpath '7120ae87f8d059d178e7db7d84920ce1' because:
  Build cache is disabled
  Build caching of Kotlin script accessor generation disabled by property
Caching disabled for Kotlin DSL script compilation (Project/TopLevel/stage1) because:
  Build cache is disabled
Downloading https://repo.maven.apache.org/maven2/org/jetbrains/kotlin/multiplatform/org.jetbrains.kotlin.multiplatform.gradle.plugin/2.4.10/org.jetbrains.kotlin.multiplatform.gradle.plugin-2.4.10.pom to /root/projects/PassVault/audit-runtime-linux-android-compile03/gradle-home/.tmp/gradle_download11665894428827511839bin
Resource missing. [HTTP HEAD: https://repo.maven.apache.org/maven2/org/jetbrains/kotlin/multiplatform/org.jetbrains.kotlin.multiplatform.gradle.plugin/2.4.10/org.jetbrains.kotlin.multiplatform.gradle.plugin-2.4.10.jar]
Resolved plugin [id: 'org.jetbrains.kotlin.multiplatform', version: '2.4.10', apply: false]
Downloading https://repo.maven.apache.org/maven2/org/jetbrains/kotlin/plugin/serialization/org.jetbrains.kotlin.plugin.serialization.gradle.plugin/2.4.10/org.jetbrains.kotlin.plugin.serialization.gradle.plugin-2.4.10.pom to /root/projects/PassVault/audit-runtime-linux-android-compile03/gradle-home/.tmp/gradle_download1399892407135052722bin
Resource missing. [HTTP HEAD: https://repo.maven.apache.org/maven2/org/jetbrains/kotlin/plugin/serialization/org.jetbrains.kotlin.plugin.serialization.gradle.plugin/2.4.10/org.jetbrains.kotlin.plugin.serialization.gradle.plugin-2.4.10.jar]
Resolved plugin [id: 'org.jetbrains.kotlin.plugin.serialization', version: '2.4.10', apply: false]
Downloading https://repo.maven.apache.org/maven2/org/jetbrains/compose/org.jetbrains.compose.gradle.plugin/1.11.1/org.jetbrains.compose.gradle.plugin-1.11.1.pom to /root/projects/PassVault/audit-runtime-linux-android-compile03/gradle-home/.tmp/gradle_download17113192611623879324bin
Resource missing. [HTTP HEAD: https://repo.maven.apache.org/maven2/org/jetbrains/compose/org.jetbrains.compose.gradle.plugin/1.11.1/org.jetbrains.compose.gradle.plugin-1.11.1.jar]
Resolved plugin [id: 'org.jetbrains.compose', version: '1.11.1', apply: false]
Downloading https://repo.maven.apache.org/maven2/org/jetbrains/kotlin/plugin/compose/org.jetbrains.kotlin.plugin.compose.gradle.plugin/2.4.10/org.jetbrains.kotlin.plugin.compose.gradle.plugin-2.4.10.pom to /root/projects/PassVault/audit-runtime-linux-android-compile03/gradle-home/.tmp/gradle_download6993074583387661499bin
Resource missing. [HTTP HEAD: https://repo.maven.apache.org/maven2/org/jetbrains/kotlin/plugin/compose/org.jetbrains.kotlin.plugin.compose.gradle.plugin/2.4.10/org.jetbrains.kotlin.plugin.compose.gradle.plugin-2.4.10.jar]
Resolved plugin [id: 'org.jetbrains.kotlin.plugin.compose', version: '2.4.10', apply: false]
Resource missing. [HTTP GET: https://dl.google.com/dl/android/maven2/com/google/devtools/ksp/com.google.devtools.ksp.gradle.plugin/2.3.10/com.google.devtools.ksp.gradle.plugin-2.3.10.pom]
Resource missing. [HTTP GET: https://dl.google.com/dl/android/maven2/com/google/devtools/ksp/com.google.devtools.ksp.gradle.plugin/2.3.10/com.google.devtools.ksp.gradle.plugin-2.3.10.pom]
Downloading https://repo.maven.apache.org/maven2/com/google/devtools/ksp/com.google.devtools.ksp.gradle.plugin/2.3.10/com.google.devtools.ksp.gradle.plugin-2.3.10.pom to /root/projects/PassVault/audit-runtime-linux-android-compile03/gradle-home/.tmp/gradle_download9207054573993463633bin
Resource missing. [HTTP HEAD: https://repo.maven.apache.org/maven2/com/google/devtools/ksp/com.google.devtools.ksp.gradle.plugin/2.3.10/com.google.devtools.ksp.gradle.plugin-2.3.10.jar]
Resolved plugin [id: 'com.google.devtools.ksp', version: '2.3.10', apply: false]
Downloading https://dl.google.com/dl/android/maven2/androidx/room/androidx.room.gradle.plugin/2.8.4/androidx.room.gradle.plugin-2.8.4.pom to /root/projects/PassVault/audit-runtime-linux-android-compile03/gradle-home/.tmp/gradle_download14001997341025583801bin
Resource missing. [HTTP HEAD: https://dl.google.com/dl/android/maven2/androidx/room/androidx.room.gradle.plugin/2.8.4/androidx.room.gradle.plugin-2.8.4.jar]
Resolved plugin [id: 'androidx.room', version: '2.8.4', apply: false]
Downloading https://dl.google.com/dl/android/maven2/com/android/application/com.android.application.gradle.plugin/9.4.0/com.android.application.gradle.plugin-9.4.0.pom to /root/projects/PassVault/audit-runtime-linux-android-compile03/gradle-home/.tmp/gradle_download7047773682653122865bin
Resource missing. [HTTP HEAD: https://dl.google.com/dl/android/maven2/com/android/application/com.android.application.gradle.plugin/9.4.0/com.android.application.gradle.plugin-9.4.0.jar]
Resolved plugin [id: 'com.android.application', version: '9.4.0', apply: false]
Downloading https://dl.google.com/dl/android/maven2/com/android/kotlin/multiplatform/library/com.android.kotlin.multiplatform.library.gradle.plugin/9.4.0/com.android.kotlin.multiplatform.library.gradle.plugin-9.4.0.pom to /root/projects/PassVault/audit-runtime-linux-android-compile03/gradle-home/.tmp/gradle_download13590891991216866792bin
Resource missing. [HTTP HEAD: https://dl.google.com/dl/android/maven2/com/android/kotlin/multiplatform/library/com.android.kotlin.multiplatform.library.gradle.plugin/9.4.0/com.android.kotlin.multiplatform.library.gradle.plugin-9.4.0.jar]
Resolved plugin [id: 'com.android.kotlin.multiplatform.library', version: '9.4.0', apply: false]
Downloading https://repo.maven.apache.org/maven2/dev/detekt/dev.detekt.gradle.plugin/2.0.0-alpha.6/dev.detekt.gradle.plugin-2.0.0-alpha.6.pom to /root/projects/PassVault/audit-runtime-linux-android-compile03/gradle-home/.tmp/gradle_download14587006686998966510bin
Resource missing. [HTTP HEAD: https://repo.maven.apache.org/maven2/dev/detekt/dev.detekt.gradle.plugin/2.0.0-alpha.6/dev.detekt.gradle.plugin-2.0.0-alpha.6.jar]
Resolved plugin [id: 'dev.detekt', version: '2.0.0-alpha.6']
Downloading https://repo.maven.apache.org/maven2/org/jetbrains/kotlin/kotlin-gradle-plugin/2.4.10/kotlin-gradle-plugin-2.4.10.pom to /root/projects/PassVault/audit-runtime-linux-android-compile03/gradle-home/.tmp/gradle_download10222860725848395220bin
Downloading https://repo.maven.apache.org/maven2/org/jetbrains/kotlin/kotlin-gradle-plugins-bom/2.4.10/kotlin-gradle-plugins-bom-2.4.10.pom to /root/projects/PassVault/audit-runtime-linux-android-compile03/gradle-home/.tmp/gradle_download16851595764227307805bin
Downloading https://repo.maven.apache.org/maven2/org/jetbrains/kotlin/kotlin-gradle-plugins-bom/2.4.10/kotlin-gradle-plugins-bom-2.4.10.module to /root/projects/PassVault/audit-runtime-linux-android-compile03/gradle-home/.tmp/gradle_download11071919588789805597bin
Downloading https://repo.maven.apache.org/maven2/org/jetbrains/kotlin/kotlin-gradle-plugin/2.4.10/kotlin-gradle-plugin-2.4.10.module to /root/projects/PassVault/audit-runtime-linux-android-compile03/gradle-home/.tmp/gradle_download8543505283034382748bin
Downloading https://repo.maven.apache.org/maven2/org/jetbrains/kotlin/kotlin-serialization/2.4.10/kotlin-serialization-2.4.10.pom to /root/projects/PassVault/audit-runtime-linux-android-compile03/gradle-home/.tmp/gradle_download12011058017889824723bin
Downloading https://repo.maven.apache.org/maven2/org/jetbrains/kotlin/kotlin-serialization/2.4.10/kotlin-serialization-2.4.10.module to /root/projects/PassVault/audit-runtime-linux-android-compile03/gradle-home/.tmp/gradle_download4986500778479193524bin
Downloading https://repo.maven.apache.org/maven2/org/jetbrains/compose/compose-gradle-plugin/1.11.1/compose-gradle-plugin-1.11.1.pom to /root/projects/PassVault/audit-runtime-linux-android-compile03/gradle-home/.tmp/gradle_download14002449929331247047bin
Downloading https://repo.maven.apache.org/maven2/org/jetbrains/compose/compose-gradle-plugin/1.11.1/compose-gradle-plugin-1.11.1.module to /root/projects/PassVault/audit-runtime-linux-android-compile03/gradle-home/.tmp/gradle_download15790275213660627481bin
Downloading https://repo.maven.apache.org/maven2/org/jetbrains/kotlin/compose-compiler-gradle-plugin/2.4.10/compose-compiler-gradle-plugin-2.4.10.pom to /root/projects/PassVault/audit-runtime-linux-android-compile03/gradle-home/.tmp/gradle_download5363396867939482360bin
Downloading https://repo.maven.apache.org/maven2/org/jetbrains/kotlin/compose-compiler-gradle-plugin/2.4.10/compose-compiler-gradle-plugin-2.4.10.module to /root/projects/PassVault/audit-runtime-linux-android-compile03/gradle-home/.tmp/gradle_download12491059249284289754bin
Resource missing. [HTTP GET: https://dl.google.com/dl/android/maven2/com/google/devtools/ksp/symbol-processing-gradle-plugin/2.3.10/symbol-processing-gradle-plugin-2.3.10.pom]
Resource missing. [HTTP GET: https://dl.google.com/dl/android/maven2/com/google/devtools/ksp/symbol-processing-gradle-plugin/2.3.10/symbol-processing-gradle-plugin-2.3.10.pom]
Downloading https://repo.maven.apache.org/maven2/com/google/devtools/ksp/symbol-processing-gradle-plugin/2.3.10/symbol-processing-gradle-plugin-2.3.10.pom to /root/projects/PassVault/audit-runtime-linux-android-compile03/gradle-home/.tmp/gradle_download16187567982186232662bin
Downloading https://repo.maven.apache.org/maven2/com/google/devtools/ksp/symbol-processing-gradle-plugin/2.3.10/symbol-processing-gradle-plugin-2.3.10.module to /root/projects/PassVault/audit-runtime-linux-android-compile03/gradle-home/.tmp/gradle_download10026371285966980841bin
Downloading https://dl.google.com/dl/android/maven2/androidx/room/room-gradle-plugin/2.8.4/room-gradle-plugin-2.8.4.pom to /root/projects/PassVault/audit-runtime-linux-android-compile03/gradle-home/.tmp/gradle_download377211890756719828bin
Downloading https://dl.google.com/dl/android/maven2/androidx/room/room-gradle-plugin/2.8.4/room-gradle-plugin-2.8.4.module to /root/projects/PassVault/audit-runtime-linux-android-compile03/gradle-home/.tmp/gradle_download1918456486689520410bin
Downloading https://dl.google.com/dl/android/maven2/com/android/tools/build/gradle/9.4.0/gradle-9.4.0.pom to /root/projects/PassVault/audit-runtime-linux-android-compile03/gradle-home/.tmp/gradle_download2536934997138732698bin
Downloading https://dl.google.com/dl/android/maven2/com/android/tools/build/gradle/9.4.0/gradle-9.4.0.module to /root/projects/PassVault/audit-runtime-linux-android-compile03/gradle-home/.tmp/gradle_download4528700840016418786bin
Downloading https://repo.maven.apache.org/maven2/dev/detekt/detekt-gradle-plugin/2.0.0-alpha.6/detekt-gradle-plugin-2.0.0-alpha.6.pom to /root/projects/PassVault/audit-runtime-linux-android-compile03/gradle-home/.tmp/gradle_download2560857729610049153bin
Downloading https://repo.maven.apache.org/maven2/dev/detekt/detekt-gradle-plugin/2.0.0-alpha.6/detekt-gradle-plugin-2.0.0-alpha.6.module to /root/projects/PassVault/audit-runtime-linux-android-compile03/gradle-home/.tmp/gradle_download8408681050591149449bin
Downloading https://repo.maven.apache.org/maven2/org/jetbrains/kotlin/kotlin-compiler-runner/2.4.10/kotlin-compiler-runner-2.4.10.pom to /root/projects/PassVault/audit-runtime-linux-android-compile03/gradle-home/.tmp/gradle_download14989355035446364753bin
Downloading https://repo.maven.apache.org/maven2/org/jetbrains/kotlin/kotlin-util-klib-metadata/2.4.10/kotlin-util-klib-metadata-2.4.10.pom to /root/projects/PassVault/audit-runtime-linux-android-compile03/gradle-home/.tmp/gradle_download2763397383873702247bin
Downloading https://repo.maven.apache.org/maven2/org/jetbrains/kotlin/kotlin-gradle-plugin-idea/2.4.10/kotlin-gradle-plugin-idea-2.4.10.pom to /root/projects/PassVault/audit-runtime-linux-android-compile03/gradle-home/.tmp/gradle_download5070196104922519795bin
Downloading https://repo.maven.apache.org/maven2/org/jetbrains/kotlin/fus-statistics-gradle-plugin/2.4.10/fus-statistics-gradle-plugin-2.4.10.pom to /root/projects/PassVault/audit-runtime-linux-android-compile03/gradle-home/.tmp/gradle_download10296790874515274533bin
Downloading https://repo.maven.apache.org/maven2/org/jetbrains/kotlin/kotlin-build-statistics/2.4.10/kotlin-build-statistics-2.4.10.pom to /root/projects/PassVault/audit-runtime-linux-android-compile03/gradle-home/.tmp/gradle_download5703238703993506439bin
Downloading https://repo.maven.apache.org/maven2/org/jetbrains/kotlin/kotlin-gradle-plugin-api/2.4.10/kotlin-gradle-plugin-api-2.4.10.pom to /root/projects/PassVault/audit-runtime-linux-android-compile03/gradle-home/.tmp/gradle_download1239950477127829591bin
Downloading https://repo.maven.apache.org/maven2/org/jetbrains/kotlin/kotlin-klib-commonizer-api/2.4.10/kotlin-klib-commonizer-api-2.4.10.pom to /root/projects/PassVault/audit-runtime-linux-android-compile03/gradle-home/.tmp/gradle_download5364234273890443947bin
Downloading https://repo.maven.apache.org/maven2/org/jetbrains/kotlin/kotlin-gradle-plugin-idea-proto/2.4.10/kotlin-gradle-plugin-idea-proto-2.4.10.pom to /root/projects/PassVault/audit-runtime-linux-android-compile03/gradle-home/.tmp/gradle_download12802104311454328929bin
Downloading https://repo.maven.apache.org/maven2/org/jetbrains/kotlin/kotlin-gradle-plugin-idea/2.4.10/kotlin-gradle-plugin-idea-2.4.10.module to /root/projects/PassVault/audit-runtime-linux-android-compile03/gradle-home/.tmp/gradle_download5168245901789553219bin
Downloading https://repo.maven.apache.org/maven2/org/jetbrains/kotlin/fus-statistics-gradle-plugin/2.4.10/fus-statistics-gradle-plugin-2.4.10.module to /root/projects/PassVault/audit-runtime-linux-android-compile03/gradle-home/.tmp/gradle_download10442154912773723568bin
Downloading https://repo.maven.apache.org/maven2/org/jetbrains/kotlin/kotlin-gradle-plugin-api/2.4.10/kotlin-gradle-plugin-api-2.4.10.module to /root/projects/PassVault/audit-runtime-linux-android-compile03/gradle-home/.tmp/gradle_download6688416215048860187bin
Downloading https://repo.maven.apache.org/maven2/org/jetbrains/compose/hot-reload/hot-reload-gradle-plugin/1.1.1/hot-reload-gradle-plugin-1.1.1.pom to /root/projects/PassVault/audit-runtime-linux-android-compile03/gradle-home/.tmp/gradle_download6493539135322457910bin
Downloading https://repo.maven.apache.org/maven2/org/jetbrains/compose/hot-reload/hot-reload-gradle-plugin/1.1.1/hot-reload-gradle-plugin-1.1.1.module to /root/projects/PassVault/audit-runtime-linux-android-compile03/gradle-home/.tmp/gradle_download8749804881069644926bin
Resource missing. [HTTP GET: https://dl.google.com/dl/android/maven2/com/google/devtools/ksp/symbol-processing-api/2.3.10/symbol-processing-api-2.3.10.pom]
Resource missing. [HTTP GET: https://dl.google.com/dl/android/maven2/com/google/devtools/ksp/symbol-processing-api/2.3.10/symbol-processing-api-2.3.10.pom]
Downloading https://repo.maven.apache.org/maven2/com/google/devtools/ksp/symbol-processing-api/2.3.10/symbol-processing-api-2.3.10.pom to /root/projects/PassVault/audit-runtime-linux-android-compile03/gradle-home/.tmp/gradle_download8907896511586814859bin
Resource missing. [HTTP GET: https://dl.google.com/dl/android/maven2/com/google/devtools/ksp/symbol-processing-common-deps/2.3.10/symbol-processing-common-deps-2.3.10.pom]
Downloading https://repo.maven.apache.org/maven2/com/google/devtools/ksp/symbol-processing-api/2.3.10/symbol-processing-api-2.3.10.module to /root/projects/PassVault/audit-runtime-linux-android-compile03/gradle-home/.tmp/gradle_download3374020133714528497bin
Resource missing. [HTTP GET: https://dl.google.com/dl/android/maven2/com/google/devtools/ksp/symbol-processing-common-deps/2.3.10/symbol-processing-common-deps-2.3.10.pom]
Downloading https://repo.maven.apache.org/maven2/com/google/devtools/ksp/symbol-processing-common-deps/2.3.10/symbol-processing-common-deps-2.3.10.pom to /root/projects/PassVault/audit-runtime-linux-android-compile03/gradle-home/.tmp/gradle_download3273684296245059968bin
Downloading https://repo.maven.apache.org/maven2/com/google/devtools/ksp/symbol-processing-common-deps/2.3.10/symbol-processing-common-deps-2.3.10.module to /root/projects/PassVault/audit-runtime-linux-android-compile03/gradle-home/.tmp/gradle_download9578578574286461006bin
Downloading https://repo.maven.apache.org/maven2/org/jetbrains/kotlin/kotlin-stdlib/2.4.0/kotlin-stdlib-2.4.0.pom to /root/projects/PassVault/audit-runtime-linux-android-compile03/gradle-home/.tmp/gradle_download17050041180933842837bin
Downloading https://repo.maven.apache.org/maven2/org/jetbrains/kotlin/kotlin-stdlib/2.4.0/kotlin-stdlib-2.4.0.module to /root/projects/PassVault/audit-runtime-linux-android-compile03/gradle-home/.tmp/gradle_download7259352251034110300bin
Downloading https://repo.maven.apache.org/maven2/org/ow2/asm/asm-analysis/9.9/asm-analysis-9.9.pom to /root/projects/PassVault/audit-runtime-linux-android-compile03/gradle-home/.tmp/gradle_download10627987792485078166bin
Downloading https://dl.google.com/dl/android/maven2/com/android/tools/lint/lint-model/32.4.0/lint-model-32.4.0.pom to /root/projects/PassVault/audit-runtime-linux-android-compile03/gradle-home/.tmp/gradle_download5491236914083110546bin
Downloading https://dl.google.com/dl/android/maven2/com/android/tools/build/gradle-settings-api/9.4.0/gradle-settings-api-9.4.0.pom to /root/projects/PassVault/audit-runtime-linux-android-compile03/gradle-home/.tmp/gradle_download14512171747893340957bin
Downloading https://repo.maven.apache.org/maven2/com/squareup/javapoet/1.13.0/javapoet-1.13.0.pom to /root/projects/PassVault/audit-runtime-linux-android-compile03/gradle-home/.tmp/gradle_download4634534594305228314bin
Downloading https://repo.maven.apache.org/maven2/org/ow2/asm/asm/9.9/asm-9.9.pom to /root/projects/PassVault/audit-runtime-linux-android-compile03/gradle-home/.tmp/gradle_download14888476271435682558bin
Downloading https://repo.maven.apache.org/maven2/org/ow2/asm/asm-commons/9.9/asm-commons-9.9.pom to /root/projects/PassVault/audit-runtime-linux-android-compile03/gradle-home/.tmp/gradle_download12315717712350170005bin
Downloading https://repo.maven.apache.org/maven2/commons-io/commons-io/2.16.1/commons-io-2.16.1.pom to /root/projects/PassVault/audit-runtime-linux-android-compile03/gradle-home/.tmp/gradle_download12608739058876307986bin
Downloading https://repo.maven.apache.org/maven2/org/apache/httpcomponents/httpmime/4.5.6/httpmime-4.5.6.pom to /root/projects/PassVault/audit-runtime-linux-android-compile03/gradle-home/.tmp/gradle_download17059718031820956493bin
Downloading https://repo.maven.apache.org/maven2/org/tensorflow/tensorflow-lite-metadata/0.2.0/tensorflow-lite-metadata-0.2.0.pom to /root/projects/PassVault/audit-runtime-linux-android-compile03/gradle-home/.tmp/gradle_download10542786029641595873bin
Downloading https://repo.maven.apache.org/maven2/org/ow2/asm/asm-util/9.9/asm-util-9.9.pom to /root/projects/PassVault/audit-runtime-linux-android-compile03/gradle-home/.tmp/gradle_download5438582633005513202bin
Downloading https://dl.google.com/dl/android/maven2/com/android/tools/build/jetifier/jetifier-core/1.0.0-beta10/jetifier-core-1.0.0-beta10.pom to /root/projects/PassVault/audit-runtime-linux-android-compile03/gradle-home/.tmp/gradle_download4726475315456504815bin
Downloading https://repo.maven.apache.org/maven2/org/sonatype/oss/oss-parent/7/oss-parent-7.pom to /root/projects/PassVault/audit-runtime-linux-android-compile03/gradle-home/.tmp/gradle_download8432880338240671659bin
Downloading https://repo.maven.apache.org/maven2/org/ow2/ow2/1.5.1/ow2-1.5.1.pom to /root/projects/PassVault/audit-runtime-linux-android-compile03/gradle-home/.tmp/gradle_download16337215459152448926bin
Downloading https://dl.google.com/dl/android/maven2/com/android/tools/sdk-common/32.4.0/sdk-common-32.4.0.pom to /root/projects/PassVault/audit-runtime-linux-android-compile03/gradle-home/.tmp/gradle_download18385116667982838610bin
Downloading https://repo.maven.apache.org/maven2/org/apache/httpcomponents/httpcomponents-client/4.5.6/httpcomponents-client-4.5.6.pom to /root/projects/PassVault/audit-runtime-linux-android-compile03/gradle-home/.tmp/gradle_download16334904766370223446bin
Downloading https://repo.maven.apache.org/maven2/org/apache/commons/commons-parent/69/commons-parent-69.pom to /root/projects/PassVault/audit-runtime-linux-android-compile03/gradle-home/.tmp/gradle_download7260314851181724080bin
Downloading https://dl.google.com/dl/android/maven2/com/android/tools/analytics-library/crash/32.4.0/crash-32.4.0.pom to /root/projects/PassVault/audit-runtime-linux-android-compile03/gradle-home/.tmp/gradle_download16334171606477512116bin
Downloading https://repo.maven.apache.org/maven2/net/sf/jopt-simple/jopt-simple/4.9/jopt-simple-4.9.pom to /root/projects/PassVault/audit-runtime-linux-android-compile03/gradle-home/.tmp/gradle_download1951269852557878873bin
Downloading https://repo.maven.apache.org/maven2/org/glassfish/jaxb/jaxb-runtime/2.3.2/jaxb-runtime-2.3.2.pom to /root/projects/PassVault/audit-runtime-linux-android-compile03/gradle-home/.tmp/gradle_download14947222397273589608bin
Downloading https://repo.maven.apache.org/maven2/org/apache/httpcomponents/httpcomponents-parent/10/httpcomponents-parent-10.pom to /root/projects/PassVault/audit-runtime-linux-android-compile03/gradle-home/.tmp/gradle_download6724970939222602300bin
Downloading https://repo.maven.apache.org/maven2/org/apache/apache/31/apache-31.pom to /root/projects/PassVault/audit-runtime-linux-android-compile03/gradle-home/.tmp/gradle_download96613327499628196bin
Downloading https://dl.google.com/dl/android/maven2/com/android/tools/build/builder/9.4.0/builder-9.4.0.pom to /root/projects/PassVault/audit-runtime-linux-android-compile03/gradle-home/.tmp/gradle_download17991872921165678797bin
Downloading https://dl.google.com/dl/android/maven2/com/android/tools/repository/32.4.0/repository-32.4.0.pom to /root/projects/PassVault/audit-runtime-linux-android-compile03/gradle-home/.tmp/gradle_download13935192504284916259bin
Downloading https://dl.google.com/dl/android/maven2/androidx/databinding/databinding-compiler-common/9.4.0/databinding-compiler-common-9.4.0.pom to /root/projects/PassVault/audit-runtime-linux-android-compile03/gradle-home/.tmp/gradle_download10283014104262214654bin
Downloading https://dl.google.com/dl/android/maven2/com/android/tools/ddms/ddmlib/32.4.0/ddmlib-32.4.0.pom to /root/projects/PassVault/audit-runtime-linux-android-compile03/gradle-home/.tmp/gradle_download6874875913270496469bin
Downloading https://dl.google.com/dl/android/maven2/androidx/databinding/databinding-common/9.4.0/databinding-common-9.4.0.pom to /root/projects/PassVault/audit-runtime-linux-android-compile03/gradle-home/.tmp/gradle_download17377145784814867891bin
Downloading https://dl.google.com/dl/android/maven2/com/android/databinding/baseLibrary/9.4.0/baseLibrary-9.4.0.pom to /root/projects/PassVault/audit-runtime-linux-android-compile03/gradle-home/.tmp/gradle_download1853137000415708641bin
Downloading https://dl.google.com/dl/android/maven2/com/android/tools/build/gradle-api/9.4.0/gradle-api-9.4.0.pom to /root/projects/PassVault/audit-runtime-linux-android-compile03/gradle-home/.tmp/gradle_download2464968116925834737bin
Resource missing. [HTTP GET: https://dl.google.com/dl/android/maven2/com/google/protobuf/protobuf-java/3.25.5/protobuf-java-3.25.5.pom]
Resource missing. [HTTP GET: https://dl.google.com/dl/android/maven2/com/google/code/gson/gson/2.11.0/gson-2.11.0.pom]
Resource missing. [HTTP GET: https://dl.google.com/dl/android/maven2/com/google/protobuf/protobuf-java-util/3.25.5/protobuf-java-util-3.25.5.pom]
Downloading https://dl.google.com/dl/android/maven2/com/android/tools/analytics-library/shared/32.4.0/shared-32.4.0.pom to /root/projects/PassVault/audit-runtime-linux-android-compile03/gradle-home/.tmp/gradle_download2443713605817432837bin
Downloading https://dl.google.com/dl/android/maven2/com/android/tools/build/aaptcompiler/9.4.0/aaptcompiler-9.4.0.pom to /root/projects/PassVault/audit-runtime-linux-android-compile03/gradle-home/.tmp/gradle_download6988325588102245697bin
Downloading https://dl.google.com/dl/android/maven2/com/android/tools/build/jetifier/jetifier-processor/1.0.0-beta10/jetifier-processor-1.0.0-beta10.pom to /root/projects/PassVault/audit-runtime-linux-android-compile03/gradle-home/.tmp/gradle_download506321983173674180bin
Downloading https://dl.google.com/dl/android/maven2/com/android/tools/build/builder-test-api/9.4.0/builder-test-api-9.4.0.pom to /root/projects/PassVault/audit-runtime-linux-android-compile03/gradle-home/.tmp/gradle_download11135443537288989587bin
Downloading https://dl.google.com/dl/android/maven2/com/android/tools/layoutlib/layoutlib-api/32.4.0/layoutlib-api-32.4.0.pom to /root/projects/PassVault/audit-runtime-linux-android-compile03/gradle-home/.tmp/gradle_download8283540574126914888bin
Downloading https://dl.google.com/dl/android/maven2/com/android/tools/build/aapt2-proto/9.4.0-15978811/aapt2-proto-9.4.0-15978811.pom to /root/projects/PassVault/audit-runtime-linux-android-compile03/gradle-home/.tmp/gradle_download1311962729315549322bin
Downloading https://dl.google.com/dl/android/maven2/com/android/tools/build/jetifier/jetifier-core/1.0.0-beta10/jetifier-core-1.0.0-beta10.module to /root/projects/PassVault/audit-runtime-linux-android-compile03/gradle-home/.tmp/gradle_download3016955318351930486bin
Downloading https://dl.google.com/dl/android/maven2/com/android/tools/utp/gradle-work-action-api/32.4.0/gradle-work-action-api-32.4.0.pom to /root/projects/PassVault/audit-runtime-linux-android-compile03/gradle-home/.tmp/gradle_download6848571712490484670bin
Downloading https://dl.google.com/dl/android/maven2/com/android/tools/sdklib/32.4.0/sdklib-32.4.0.pom to /root/projects/PassVault/audit-runtime-linux-android-compile03/gradle-home/.tmp/gradle_download5800948850327054757bin
Downloading https://repo.maven.apache.org/maven2/com/sun/xml/bind/mvn/jaxb-runtime-parent/2.3.2/jaxb-runtime-parent-2.3.2.pom to /root/projects/PassVault/audit-runtime-linux-android-compile03/gradle-home/.tmp/gradle_download17977697793151178741bin
Downloading https://repo.maven.apache.org/maven2/org/apache/apache/18/apache-18.pom to /root/projects/PassVault/audit-runtime-linux-android-compile03/gradle-home/.tmp/gradle_download17030632880549941674bin
Downloading https://dl.google.com/dl/android/maven2/com/android/tools/build/builder-model/9.4.0/builder-model-9.4.0.pom to /root/projects/PassVault/audit-runtime-linux-android-compile03/gradle-home/.tmp/gradle_download16700224928735057302bin
Downloading https://dl.google.com/dl/android/maven2/com/android/tools/build/bundletool/1.18.3/bundletool-1.18.3.pom to /root/projects/PassVault/audit-runtime-linux-android-compile03/gradle-home/.tmp/gradle_download3634794688561580230bin
Resource missing. [HTTP GET: https://dl.google.com/dl/android/maven2/com/google/crypto/tink/tink/1.7.0/tink-1.7.0.pom]
Downloading https://dl.google.com/dl/android/maven2/com/android/tools/build/gradle-settings-api/9.4.0/gradle-settings-api-9.4.0.module to /root/projects/PassVault/audit-runtime-linux-android-compile03/gradle-home/.tmp/gradle_download17880719958283917037bin
Downloading https://dl.google.com/dl/android/maven2/com/android/tools/build/builder/9.4.0/builder-9.4.0.module to /root/projects/PassVault/audit-runtime-linux-android-compile03/gradle-home/.tmp/gradle_download6330073306736809350bin
Resource missing. [HTTP GET: https://dl.google.com/dl/android/maven2/com/google/protobuf/protobuf-java/3.25.5/protobuf-java-3.25.5.pom]
Downloading https://dl.google.com/dl/android/maven2/com/android/tools/build/gradle-api/9.4.0/gradle-api-9.4.0.module to /root/projects/PassVault/audit-runtime-linux-android-compile03/gradle-home/.tmp/gradle_download12477271959352775920bin
Resource missing. [HTTP GET: https://dl.google.com/dl/android/maven2/com/google/protobuf/protobuf-java-util/3.25.5/protobuf-java-util-3.25.5.pom]
Resource missing. [HTTP GET: https://dl.google.com/dl/android/maven2/com/google/code/gson/gson/2.11.0/gson-2.11.0.pom]
Downloading https://repo.maven.apache.org/maven2/org/junit/junit-bom/5.10.2/junit-bom-5.10.2.pom to /root/projects/PassVault/audit-runtime-linux-android-compile03/gradle-home/.tmp/gradle_download6911493752010951774bin
Downloading https://dl.google.com/dl/android/maven2/com/android/tools/build/builder-test-api/9.4.0/builder-test-api-9.4.0.module to /root/projects/PassVault/audit-runtime-linux-android-compile03/gradle-home/.tmp/gradle_download12394151855715291807bin
Downloading https://dl.google.com/dl/android/maven2/com/android/tools/build/jetifier/jetifier-processor/1.0.0-beta10/jetifier-processor-1.0.0-beta10.module to /root/projects/PassVault/audit-runtime-linux-android-compile03/gradle-home/.tmp/gradle_download6955612769354297685bin
Downloading https://dl.google.com/dl/android/maven2/com/android/tools/lint/lint-typedef-remover/32.4.0/lint-typedef-remover-32.4.0.pom to /root/projects/PassVault/audit-runtime-linux-android-compile03/gradle-home/.tmp/gradle_download679256527080745586bin
Downloading https://dl.google.com/dl/android/maven2/com/android/tools/build/aaptcompiler/9.4.0/aaptcompiler-9.4.0.module to /root/projects/PassVault/audit-runtime-linux-android-compile03/gradle-home/.tmp/gradle_download7216821242322532066bin
Downloading https://dl.google.com/dl/android/maven2/com/android/tools/build/aapt2-proto/9.4.0-15978811/aapt2-proto-9.4.0-15978811.module to /root/projects/PassVault/audit-runtime-linux-android-compile03/gradle-home/.tmp/gradle_download8019754387281211311bin
Downloading https://dl.google.com/dl/android/maven2/com/android/tools/utp/gradle-work-action-api/32.4.0/gradle-work-action-api-32.4.0.module to /root/projects/PassVault/audit-runtime-linux-android-compile03/gradle-home/.tmp/gradle_download14429199517182058377bin
Downloading https://repo.maven.apache.org/maven2/com/sun/xml/bind/mvn/jaxb-parent/2.3.2/jaxb-parent-2.3.2.pom to /root/projects/PassVault/audit-runtime-linux-android-compile03/gradle-home/.tmp/gradle_download341297045372981111bin
Resource missing. [HTTP GET: https://dl.google.com/dl/android/maven2/com/google/crypto/tink/tink/1.7.0/tink-1.7.0.pom]
Downloading https://dl.google.com/dl/android/maven2/com/android/tools/build/builder-model/9.4.0/builder-model-9.4.0.module to /root/projects/PassVault/audit-runtime-linux-android-compile03/gradle-home/.tmp/gradle_download10879836239149683845bin
Downloading https://repo.maven.apache.org/maven2/com/google/protobuf/protobuf-java/3.25.5/protobuf-java-3.25.5.pom to /root/projects/PassVault/audit-runtime-linux-android-compile03/gradle-home/.tmp/gradle_download16347835452189605492bin
Downloading https://repo.maven.apache.org/maven2/com/google/code/gson/gson/2.11.0/gson-2.11.0.pom to /root/projects/PassVault/audit-runtime-linux-android-compile03/gradle-home/.tmp/gradle_download16335686970496466997bin
Downloading https://repo.maven.apache.org/maven2/org/junit/junit-bom/5.10.2/junit-bom-5.10.2.module to /root/projects/PassVault/audit-runtime-linux-android-compile03/gradle-home/.tmp/gradle_download16077417161038973574bin
Downloading https://repo.maven.apache.org/maven2/com/google/protobuf/protobuf-java-util/3.25.5/protobuf-java-util-3.25.5.pom to /root/projects/PassVault/audit-runtime-linux-android-compile03/gradle-home/.tmp/gradle_download5936940739497451592bin
Downloading https://repo.maven.apache.org/maven2/com/sun/xml/bind/jaxb-bom-ext/2.3.2/jaxb-bom-ext-2.3.2.pom to /root/projects/PassVault/audit-runtime-linux-android-compile03/gradle-home/.tmp/gradle_download17725946423003415578bin
Downloading https://repo.maven.apache.org/maven2/com/google/crypto/tink/tink/1.7.0/tink-1.7.0.pom to /root/projects/PassVault/audit-runtime-linux-android-compile03/gradle-home/.tmp/gradle_download12233900423418006292bin
Resource missing. [HTTP GET: https://dl.google.com/dl/android/maven2/com/google/protobuf/protobuf-parent/3.25.5/protobuf-parent-3.25.5.pom]
Resource missing. [HTTP GET: https://dl.google.com/dl/android/maven2/com/google/code/gson/gson-parent/2.11.0/gson-parent-2.11.0.pom]
Downloading https://repo.maven.apache.org/maven2/org/glassfish/jaxb/jaxb-bom/2.3.2/jaxb-bom-2.3.2.pom to /root/projects/PassVault/audit-runtime-linux-android-compile03/gradle-home/.tmp/gradle_download16905331383878117503bin
Resource missing. [HTTP GET: https://dl.google.com/dl/android/maven2/com/google/protobuf/protobuf-parent/3.25.5/protobuf-parent-3.25.5.pom]
Resource missing. [HTTP GET: https://dl.google.com/dl/android/maven2/com/google/code/gson/gson-parent/2.11.0/gson-parent-2.11.0.pom]
Downloading https://repo.maven.apache.org/maven2/org/eclipse/ee4j/project/1.0.5/project-1.0.5.pom to /root/projects/PassVault/audit-runtime-linux-android-compile03/gradle-home/.tmp/gradle_download12965700210272542887bin
Downloading https://repo.maven.apache.org/maven2/com/google/protobuf/protobuf-parent/3.25.5/protobuf-parent-3.25.5.pom to /root/projects/PassVault/audit-runtime-linux-android-compile03/gradle-home/.tmp/gradle_download6203586658768532482bin
Downloading https://repo.maven.apache.org/maven2/com/google/code/gson/gson-parent/2.11.0/gson-parent-2.11.0.pom to /root/projects/PassVault/audit-runtime-linux-android-compile03/gradle-home/.tmp/gradle_download10992316581420982200bin
Resource missing. [HTTP GET: https://dl.google.com/dl/android/maven2/com/google/protobuf/protobuf-bom/3.25.5/protobuf-bom-3.25.5.pom]
Resource missing. [HTTP GET: https://dl.google.com/dl/android/maven2/com/google/protobuf/protobuf-bom/3.25.5/protobuf-bom-3.25.5.pom]
Downloading https://repo.maven.apache.org/maven2/com/google/protobuf/protobuf-bom/3.25.5/protobuf-bom-3.25.5.pom to /root/projects/PassVault/audit-runtime-linux-android-compile03/gradle-home/.tmp/gradle_download18331793966383933489bin
Downloading https://repo.maven.apache.org/maven2/io/github/detekt/sarif4k/sarif4k/0.6.0/sarif4k-0.6.0.pom to /root/projects/PassVault/audit-runtime-linux-android-compile03/gradle-home/.tmp/gradle_download2759797152891284060bin
Downloading https://repo.maven.apache.org/maven2/io/github/detekt/sarif4k/sarif4k/0.6.0/sarif4k-0.6.0.module to /root/projects/PassVault/audit-runtime-linux-android-compile03/gradle-home/.tmp/gradle_download14485454450810099609bin
Downloading https://repo.maven.apache.org/maven2/org/jetbrains/kotlin/kotlin-build-tools-api/2.4.10/kotlin-build-tools-api-2.4.10.pom to /root/projects/PassVault/audit-runtime-linux-android-compile03/gradle-home/.tmp/gradle_download14831827135569240781bin
Downloading https://repo.maven.apache.org/maven2/org/jetbrains/kotlin/kotlin-gradle-plugin-annotations/2.4.10/kotlin-gradle-plugin-annotations-2.4.10.pom to /root/projects/PassVault/audit-runtime-linux-android-compile03/gradle-home/.tmp/gradle_download12741575023445667856bin
Downloading https://repo.maven.apache.org/maven2/org/jetbrains/kotlin/kotlin-tooling-core/2.4.10/kotlin-tooling-core-2.4.10.pom to /root/projects/PassVault/audit-runtime-linux-android-compile03/gradle-home/.tmp/gradle_download13615500579962690220bin
Downloading https://repo.maven.apache.org/maven2/org/jetbrains/kotlin/kotlin-native-utils/2.4.10/kotlin-native-utils-2.4.10.pom to /root/projects/PassVault/audit-runtime-linux-android-compile03/gradle-home/.tmp/gradle_download13906608791779507532bin
Downloading https://repo.maven.apache.org/maven2/org/jetbrains/kotlin/kotlin-util-klib/2.4.10/kotlin-util-klib-2.4.10.pom to /root/projects/PassVault/audit-runtime-linux-android-compile03/gradle-home/.tmp/gradle_download7442779036189548383bin
Downloading https://repo.maven.apache.org/maven2/org/jetbrains/kotlin/kotlin-util-io/2.4.10/kotlin-util-io-2.4.10.pom to /root/projects/PassVault/audit-runtime-linux-android-compile03/gradle-home/.tmp/gradle_download16435973703217910879bin
Downloading https://repo.maven.apache.org/maven2/org/jetbrains/kotlin/kotlin-daemon-client/2.4.10/kotlin-daemon-client-2.4.10.pom to /root/projects/PassVault/audit-runtime-linux-android-compile03/gradle-home/.tmp/gradle_download11619908287711775289bin
Downloading https://repo.maven.apache.org/maven2/org/jetbrains/kotlinx/kotlinx-coroutines-core-jvm/1.8.0/kotlinx-coroutines-core-jvm-1.8.0.pom to /root/projects/PassVault/audit-runtime-linux-android-compile03/gradle-home/.tmp/gradle_download9182701050091846765bin
Downloading https://repo.maven.apache.org/maven2/org/jetbrains/kotlinx/kotlinx-coroutines-bom/1.8.0/kotlinx-coroutines-bom-1.8.0.pom to /root/projects/PassVault/audit-runtime-linux-android-compile03/gradle-home/.tmp/gradle_download17763576999958252572bin
Downloading https://repo.maven.apache.org/maven2/org/jetbrains/kotlinx/kotlinx-coroutines-core-jvm/1.8.0/kotlinx-coroutines-core-jvm-1.8.0.module to /root/projects/PassVault/audit-runtime-linux-android-compile03/gradle-home/.tmp/gradle_download15892665783334301455bin
Downloading https://repo.maven.apache.org/maven2/org/jetbrains/annotations/13.0/annotations-13.0.pom to /root/projects/PassVault/audit-runtime-linux-android-compile03/gradle-home/.tmp/gradle_download6082987840632894285bin
Downloading https://dl.google.com/dl/android/maven2/com/android/tools/build/gradle-common-api/9.4.0/gradle-common-api-9.4.0.pom to /root/projects/PassVault/audit-runtime-linux-android-compile03/gradle-home/.tmp/gradle_download15811398809542869219bin
Downloading https://dl.google.com/dl/android/maven2/com/android/tools/build/gradle-common-api/9.4.0/gradle-common-api-9.4.0.module to /root/projects/PassVault/audit-runtime-linux-android-compile03/gradle-home/.tmp/gradle_download6397689068109451080bin
Downloading https://repo.maven.apache.org/maven2/org/apache/commons/commons-compress/1.27.1/commons-compress-1.27.1.pom to /root/projects/PassVault/audit-runtime-linux-android-compile03/gradle-home/.tmp/gradle_download17462122750085515455bin
Downloading https://repo.maven.apache.org/maven2/org/bouncycastle/bcprov-jdk18on/1.80.2/bcprov-jdk18on-1.80.2.pom to /root/projects/PassVault/audit-runtime-linux-android-compile03/gradle-home/.tmp/gradle_download141142109970982453bin
Downloading https://dl.google.com/dl/android/maven2/com/android/tools/common/32.4.0/common-32.4.0.pom to /root/projects/PassVault/audit-runtime-linux-android-compile03/gradle-home/.tmp/gradle_download16588211563663182040bin
Resource missing. [HTTP GET: https://dl.google.com/dl/android/maven2/com/google/guava/guava/33.4.0-jre/guava-33.4.0-jre.pom]
Downloading https://repo.maven.apache.org/maven2/org/bouncycastle/bcpkix-jdk18on/1.80.2/bcpkix-jdk18on-1.80.2.pom to /root/projects/PassVault/audit-runtime-linux-android-compile03/gradle-home/.tmp/gradle_download3101944945146743303bin
Downloading https://repo.maven.apache.org/maven2/net/sf/kxml/kxml2/2.3.0/kxml2-2.3.0.pom to /root/projects/PassVault/audit-runtime-linux-android-compile03/gradle-home/.tmp/gradle_download4747375305436013323bin
Downloading https://repo.maven.apache.org/maven2/javax/inject/javax.inject/1/javax.inject-1.pom to /root/projects/PassVault/audit-runtime-linux-android-compile03/gradle-home/.tmp/gradle_download1518616871412846040bin
Downloading https://repo.maven.apache.org/maven2/org/apache/commons/commons-parent/72/commons-parent-72.pom to /root/projects/PassVault/audit-runtime-linux-android-compile03/gradle-home/.tmp/gradle_download6251038023410320810bin
Resource missing. [HTTP GET: https://dl.google.com/dl/android/maven2/com/google/guava/guava/33.4.0-jre/guava-33.4.0-jre.pom]
Downloading https://repo.maven.apache.org/maven2/com/google/guava/guava/33.4.0-jre/guava-33.4.0-jre.pom to /root/projects/PassVault/audit-runtime-linux-android-compile03/gradle-home/.tmp/gradle_download14973846649659827859bin
Downloading https://repo.maven.apache.org/maven2/org/apache/apache/33/apache-33.pom to /root/projects/PassVault/audit-runtime-linux-android-compile03/gradle-home/.tmp/gradle_download6952163718173320164bin
Resource missing. [HTTP GET: https://dl.google.com/dl/android/maven2/com/google/guava/guava-parent/33.4.0-jre/guava-parent-33.4.0-jre.pom]
Downloading https://repo.maven.apache.org/maven2/org/junit/junit-bom/5.11.0-M2/junit-bom-5.11.0-M2.pom to /root/projects/PassVault/audit-runtime-linux-android-compile03/gradle-home/.tmp/gradle_download2244249885753714574bin
Resource missing. [HTTP GET: https://dl.google.com/dl/android/maven2/com/google/guava/guava-parent/33.4.0-jre/guava-parent-33.4.0-jre.pom]
Downloading https://repo.maven.apache.org/maven2/org/junit/junit-bom/5.11.0-M2/junit-bom-5.11.0-M2.module to /root/projects/PassVault/audit-runtime-linux-android-compile03/gradle-home/.tmp/gradle_download17783541504900978972bin
Downloading https://repo.maven.apache.org/maven2/com/google/guava/guava-parent/33.4.0-jre/guava-parent-33.4.0-jre.pom to /root/projects/PassVault/audit-runtime-linux-android-compile03/gradle-home/.tmp/gradle_download3186023167707885911bin
Downloading https://repo.maven.apache.org/maven2/com/google/guava/guava/33.4.0-jre/guava-33.4.0-jre.module to /root/projects/PassVault/audit-runtime-linux-android-compile03/gradle-home/.tmp/gradle_download12114702576899198609bin
Downloading https://repo.maven.apache.org/maven2/org/jetbrains/kotlin/kotlin-reflect/2.4.0/kotlin-reflect-2.4.0.pom to /root/projects/PassVault/audit-runtime-linux-android-compile03/gradle-home/.tmp/gradle_download10527457234410863259bin
Downloading https://dl.google.com/dl/android/maven2/com/android/tools/dvlib/32.4.0/dvlib-32.4.0.pom to /root/projects/PassVault/audit-runtime-linux-android-compile03/gradle-home/.tmp/gradle_download12485503666257922888bin
Downloading https://repo.maven.apache.org/maven2/org/apache/httpcomponents/httpcore/4.4.16/httpcore-4.4.16.pom to /root/projects/PassVault/audit-runtime-linux-android-compile03/gradle-home/.tmp/gradle_download12923392947003172782bin
Downloading https://repo.maven.apache.org/maven2/org/apache/httpcomponents/httpcomponents-core/4.4.16/httpcomponents-core-4.4.16.pom to /root/projects/PassVault/audit-runtime-linux-android-compile03/gradle-home/.tmp/gradle_download4120025550964836674bin
Downloading https://repo.maven.apache.org/maven2/org/apache/httpcomponents/httpcomponents-parent/11/httpcomponents-parent-11.pom to /root/projects/PassVault/audit-runtime-linux-android-compile03/gradle-home/.tmp/gradle_download17702730926302462643bin
Downloading https://repo.maven.apache.org/maven2/org/apache/apache/21/apache-21.pom to /root/projects/PassVault/audit-runtime-linux-android-compile03/gradle-home/.tmp/gradle_download18119149072615971847bin
Resource missing. [HTTP GET: https://dl.google.com/dl/android/maven2/com/google/jimfs/jimfs/1.1/jimfs-1.1.pom]
Downloading https://repo.maven.apache.org/maven2/org/jetbrains/kotlin/kotlin-stdlib-jdk8/2.2.10/kotlin-stdlib-jdk8-2.2.10.pom to /root/projects/PassVault/audit-runtime-linux-android-compile03/gradle-home/.tmp/gradle_download16571185178076146351bin
Downloading https://repo.maven.apache.org/maven2/org/jetbrains/kotlinx/kotlinx-coroutines-core/1.9.0/kotlinx-coroutines-core-1.9.0.pom to /root/projects/PassVault/audit-runtime-linux-android-compile03/gradle-home/.tmp/gradle_download2883085585160066818bin
Resource missing. [HTTP GET: https://dl.google.com/dl/android/maven2/com/google/jimfs/jimfs/1.1/jimfs-1.1.pom]
Downloading https://repo.maven.apache.org/maven2/org/jetbrains/kotlinx/kotlinx-coroutines-bom/1.9.0/kotlinx-coroutines-bom-1.9.0.pom to /root/projects/PassVault/audit-runtime-linux-android-compile03/gradle-home/.tmp/gradle_download12973940069630565919bin
Downloading https://repo.maven.apache.org/maven2/com/google/jimfs/jimfs/1.1/jimfs-1.1.pom to /root/projects/PassVault/audit-runtime-linux-android-compile03/gradle-home/.tmp/gradle_download782107993437290577bin
Downloading https://repo.maven.apache.org/maven2/org/jetbrains/kotlinx/kotlinx-coroutines-core/1.9.0/kotlinx-coroutines-core-1.9.0.module to /root/projects/PassVault/audit-runtime-linux-android-compile03/gradle-home/.tmp/gradle_download14286560124227225916bin
Resource missing. [HTTP GET: https://dl.google.com/dl/android/maven2/com/google/jimfs/jimfs-parent/1.1/jimfs-parent-1.1.pom]
Resource missing. [HTTP GET: https://dl.google.com/dl/android/maven2/com/google/jimfs/jimfs-parent/1.1/jimfs-parent-1.1.pom]
Downloading https://repo.maven.apache.org/maven2/com/google/jimfs/jimfs-parent/1.1/jimfs-parent-1.1.pom to /root/projects/PassVault/audit-runtime-linux-android-compile03/gradle-home/.tmp/gradle_download15944776896025202448bin
Downloading https://repo.maven.apache.org/maven2/org/apache/httpcomponents/httpclient/4.5.14/httpclient-4.5.14.pom to /root/projects/PassVault/audit-runtime-linux-android-compile03/gradle-home/.tmp/gradle_download1983691538573634307bin
Downloading https://dl.google.com/dl/android/maven2/com/android/tools/annotations/32.4.0/annotations-32.4.0.pom to /root/projects/PassVault/audit-runtime-linux-android-compile03/gradle-home/.tmp/gradle_download10107313188014685399bin
Downloading https://repo.maven.apache.org/maven2/org/apache/httpcomponents/httpcomponents-client/4.5.14/httpcomponents-client-4.5.14.pom to /root/projects/PassVault/audit-runtime-linux-android-compile03/gradle-home/.tmp/gradle_download2580942627734382650bin
Downloading https://repo.maven.apache.org/maven2/net/java/dev/jna/jna-platform/5.6.0/jna-platform-5.6.0.pom to /root/projects/PassVault/audit-runtime-linux-android-compile03/gradle-home/.tmp/gradle_download7870918913842254086bin
Downloading https://dl.google.com/dl/android/maven2/com/android/tools/analytics-library/protos/32.4.0/protos-32.4.0.pom to /root/projects/PassVault/audit-runtime-linux-android-compile03/gradle-home/.tmp/gradle_download17157271713278811001bin
Resource missing. [HTTP GET: https://dl.google.com/dl/android/maven2/com/googlecode/juniversalchardet/juniversalchardet/1.0.3/juniversalchardet-1.0.3.pom]
Resource missing. [HTTP GET: https://dl.google.com/dl/android/maven2/com/googlecode/juniversalchardet/juniversalchardet/1.0.3/juniversalchardet-1.0.3.pom]
Downloading https://repo.maven.apache.org/maven2/com/googlecode/juniversalchardet/juniversalchardet/1.0.3/juniversalchardet-1.0.3.pom to /root/projects/PassVault/audit-runtime-linux-android-compile03/gradle-home/.tmp/gradle_download10720245539524300937bin
Downloading https://repo.maven.apache.org/maven2/org/ow2/asm/asm-tree/9.9/asm-tree-9.9.pom to /root/projects/PassVault/audit-runtime-linux-android-compile03/gradle-home/.tmp/gradle_download2188044901073553836bin
Downloading https://repo.maven.apache.org/maven2/com/sun/istack/istack-commons-runtime/3.0.8/istack-commons-runtime-3.0.8.pom to /root/projects/PassVault/audit-runtime-linux-android-compile03/gradle-home/.tmp/gradle_download15363790488044444344bin
Downloading https://repo.maven.apache.org/maven2/org/glassfish/jaxb/txw2/2.3.2/txw2-2.3.2.pom to /root/projects/PassVault/audit-runtime-linux-android-compile03/gradle-home/.tmp/gradle_download18012524954644767879bin
Downloading https://repo.maven.apache.org/maven2/jakarta/xml/bind/jakarta.xml.bind-api/2.3.2/jakarta.xml.bind-api-2.3.2.pom to /root/projects/PassVault/audit-runtime-linux-android-compile03/gradle-home/.tmp/gradle_download12886585036796019271bin
Downloading https://repo.maven.apache.org/maven2/com/sun/xml/fastinfoset/FastInfoset/1.2.16/FastInfoset-1.2.16.pom to /root/projects/PassVault/audit-runtime-linux-android-compile03/gradle-home/.tmp/gradle_download10937876456279128519bin
Downloading https://repo.maven.apache.org/maven2/jakarta/activation/jakarta.activation-api/1.2.1/jakarta.activation-api-1.2.1.pom to /root/projects/PassVault/audit-runtime-linux-android-compile03/gradle-home/.tmp/gradle_download11519330925941960579bin
Downloading https://repo.maven.apache.org/maven2/org/jvnet/staxex/stax-ex/1.8.1/stax-ex-1.8.1.pom to /root/projects/PassVault/audit-runtime-linux-android-compile03/gradle-home/.tmp/gradle_download7101214998234425487bin
Downloading https://repo.maven.apache.org/maven2/com/sun/istack/istack-commons/3.0.8/istack-commons-3.0.8.pom to /root/projects/PassVault/audit-runtime-linux-android-compile03/gradle-home/.tmp/gradle_download161140965524080411bin
Downloading https://repo.maven.apache.org/maven2/jakarta/xml/bind/jakarta.xml.bind-api-parent/2.3.2/jakarta.xml.bind-api-parent-2.3.2.pom to /root/projects/PassVault/audit-runtime-linux-android-compile03/gradle-home/.tmp/gradle_download17988767624208471788bin
Downloading https://repo.maven.apache.org/maven2/com/sun/xml/bind/mvn/jaxb-txw-parent/2.3.2/jaxb-txw-parent-2.3.2.pom to /root/projects/PassVault/audit-runtime-linux-android-compile03/gradle-home/.tmp/gradle_download17682908087097252448bin
Downloading https://repo.maven.apache.org/maven2/com/sun/xml/fastinfoset/fastinfoset-project/1.2.16/fastinfoset-project-1.2.16.pom to /root/projects/PassVault/audit-runtime-linux-android-compile03/gradle-home/.tmp/gradle_download2441201977167836378bin
Downloading https://repo.maven.apache.org/maven2/com/sun/activation/all/1.2.1/all-1.2.1.pom to /root/projects/PassVault/audit-runtime-linux-android-compile03/gradle-home/.tmp/gradle_download11196764105466225151bin
Downloading https://repo.maven.apache.org/maven2/org/eclipse/ee4j/project/1.0.2/project-1.0.2.pom to /root/projects/PassVault/audit-runtime-linux-android-compile03/gradle-home/.tmp/gradle_download16765907939576101404bin
Downloading https://repo.maven.apache.org/maven2/org/slf4j/slf4j-api/1.7.30/slf4j-api-1.7.30.pom to /root/projects/PassVault/audit-runtime-linux-android-compile03/gradle-home/.tmp/gradle_download8799070788381974003bin
Resource missing. [HTTP GET: https://dl.google.com/dl/android/maven2/com/google/dagger/dagger/2.28.3/dagger-2.28.3.pom]
Resource missing. [HTTP GET: https://dl.google.com/dl/android/maven2/com/google/errorprone/error_prone_annotations/2.3.1/error_prone_annotations-2.3.1.pom]
Resource missing. [HTTP GET: https://dl.google.com/dl/android/maven2/com/google/auto/value/auto-value-annotations/1.6.2/auto-value-annotations-1.6.2.pom]
Downloading https://repo.maven.apache.org/maven2/org/bitbucket/b_c/jose4j/0.9.5/jose4j-0.9.5.pom to /root/projects/PassVault/audit-runtime-linux-android-compile03/gradle-home/.tmp/gradle_download16708656426264329602bin
Resource missing. [HTTP GET: https://dl.google.com/dl/android/maven2/com/google/errorprone/error_prone_annotations/2.3.1/error_prone_annotations-2.3.1.pom]
Downloading https://repo.maven.apache.org/maven2/org/slf4j/slf4j-parent/1.7.30/slf4j-parent-1.7.30.pom to /root/projects/PassVault/audit-runtime-linux-android-compile03/gradle-home/.tmp/gradle_download16249547307625255005bin
Resource missing. [HTTP GET: https://dl.google.com/dl/android/maven2/com/google/auto/value/auto-value-annotations/1.6.2/auto-value-annotations-1.6.2.pom]
Resource missing. [HTTP GET: https://dl.google.com/dl/android/maven2/com/google/dagger/dagger/2.28.3/dagger-2.28.3.pom]
Downloading https://repo.maven.apache.org/maven2/com/google/errorprone/error_prone_annotations/2.3.1/error_prone_annotations-2.3.1.pom to /root/projects/PassVault/audit-runtime-linux-android-compile03/gradle-home/.tmp/gradle_download14476665735426520540bin
Downloading https://repo.maven.apache.org/maven2/com/google/auto/value/auto-value-annotations/1.6.2/auto-value-annotations-1.6.2.pom to /root/projects/PassVault/audit-runtime-linux-android-compile03/gradle-home/.tmp/gradle_download13712507674052989893bin
Downloading https://repo.maven.apache.org/maven2/com/google/dagger/dagger/2.28.3/dagger-2.28.3.pom to /root/projects/PassVault/audit-runtime-linux-android-compile03/gradle-home/.tmp/gradle_download4951817527590294482bin
Resource missing. [HTTP GET: https://dl.google.com/dl/android/maven2/com/google/errorprone/error_prone_parent/2.3.1/error_prone_parent-2.3.1.pom]
Resource missing. [HTTP GET: https://dl.google.com/dl/android/maven2/com/google/auto/value/auto-value-parent/1.6.2/auto-value-parent-1.6.2.pom]
Resource missing. [HTTP GET: https://dl.google.com/dl/android/maven2/com/google/errorprone/error_prone_parent/2.3.1/error_prone_parent-2.3.1.pom]
Resource missing. [HTTP GET: https://dl.google.com/dl/android/maven2/com/google/auto/value/auto-value-parent/1.6.2/auto-value-parent-1.6.2.pom]
Downloading https://repo.maven.apache.org/maven2/com/google/errorprone/error_prone_parent/2.3.1/error_prone_parent-2.3.1.pom to /root/projects/PassVault/audit-runtime-linux-android-compile03/gradle-home/.tmp/gradle_download747946590841006635bin
Downloading https://repo.maven.apache.org/maven2/com/google/auto/value/auto-value-parent/1.6.2/auto-value-parent-1.6.2.pom to /root/projects/PassVault/audit-runtime-linux-android-compile03/gradle-home/.tmp/gradle_download9265710369572694005bin
Resource missing. [HTTP GET: https://dl.google.com/dl/android/maven2/com/google/auto/auto-parent/6/auto-parent-6.pom]
Resource missing. [HTTP GET: https://dl.google.com/dl/android/maven2/com/google/auto/auto-parent/6/auto-parent-6.pom]
Downloading https://repo.maven.apache.org/maven2/com/google/auto/auto-parent/6/auto-parent-6.pom to /root/projects/PassVault/audit-runtime-linux-android-compile03/gradle-home/.tmp/gradle_download4717972808358041413bin
Downloading https://repo.maven.apache.org/maven2/org/jdom/jdom2/2.0.6/jdom2-2.0.6.pom to /root/projects/PassVault/audit-runtime-linux-android-compile03/gradle-home/.tmp/gradle_download5318324491254123284bin
Resource missing. [HTTP GET: https://dl.google.com/dl/android/maven2/com/google/errorprone/error_prone_annotations/2.18.0/error_prone_annotations-2.18.0.pom]
Resource missing. [HTTP GET: https://dl.google.com/dl/android/maven2/com/google/errorprone/error_prone_annotations/2.18.0/error_prone_annotations-2.18.0.pom]
Downloading https://repo.maven.apache.org/maven2/com/google/errorprone/error_prone_annotations/2.18.0/error_prone_annotations-2.18.0.pom to /root/projects/PassVault/audit-runtime-linux-android-compile03/gradle-home/.tmp/gradle_download3063911231418565065bin
Resource missing. [HTTP GET: https://dl.google.com/dl/android/maven2/com/google/errorprone/error_prone_parent/2.18.0/error_prone_parent-2.18.0.pom]
Resource missing. [HTTP GET: https://dl.google.com/dl/android/maven2/com/google/errorprone/error_prone_parent/2.18.0/error_prone_parent-2.18.0.pom]
Downloading https://repo.maven.apache.org/maven2/com/google/errorprone/error_prone_parent/2.18.0/error_prone_parent-2.18.0.pom to /root/projects/PassVault/audit-runtime-linux-android-compile03/gradle-home/.tmp/gradle_download9982181200475332142bin
Resource missing. [HTTP GET: https://dl.google.com/dl/android/maven2/com/google/code/findbugs/jsr305/3.0.2/jsr305-3.0.2.pom]
Resource missing. [HTTP GET: https://dl.google.com/dl/android/maven2/com/google/j2objc/j2objc-annotations/2.8/j2objc-annotations-2.8.pom]
Resource missing. [HTTP GET: https://dl.google.com/dl/android/maven2/com/google/code/findbugs/jsr305/3.0.2/jsr305-3.0.2.pom]
Resource missing. [HTTP GET: https://dl.google.com/dl/android/maven2/com/google/j2objc/j2objc-annotations/2.8/j2objc-annotations-2.8.pom]
Downloading https://repo.maven.apache.org/maven2/com/google/j2objc/j2objc-annotations/2.8/j2objc-annotations-2.8.pom to /root/projects/PassVault/audit-runtime-linux-android-compile03/gradle-home/.tmp/gradle_download15584314122000488313bin
Downloading https://repo.maven.apache.org/maven2/com/google/code/findbugs/jsr305/3.0.2/jsr305-3.0.2.pom to /root/projects/PassVault/audit-runtime-linux-android-compile03/gradle-home/.tmp/gradle_download9911726947842395856bin
Downloading https://repo.maven.apache.org/maven2/org/sonatype/oss/oss-parent/9/oss-parent-9.pom to /root/projects/PassVault/audit-runtime-linux-android-compile03/gradle-home/.tmp/gradle_download12908379139676785599bin
Resource missing. [HTTP GET: https://dl.google.com/dl/android/maven2/com/google/errorprone/error_prone_annotations/2.27.0/error_prone_annotations-2.27.0.pom]
Resource missing. [HTTP GET: https://dl.google.com/dl/android/maven2/com/google/errorprone/error_prone_annotations/2.27.0/error_prone_annotations-2.27.0.pom]
Downloading https://repo.maven.apache.org/maven2/com/google/errorprone/error_prone_annotations/2.27.0/error_prone_annotations-2.27.0.pom to /root/projects/PassVault/audit-runtime-linux-android-compile03/gradle-home/.tmp/gradle_download13340265955606557742bin
Resource missing. [HTTP GET: https://dl.google.com/dl/android/maven2/com/google/errorprone/error_prone_parent/2.27.0/error_prone_parent-2.27.0.pom]
Resource missing. [HTTP GET: https://dl.google.com/dl/android/maven2/com/google/errorprone/error_prone_parent/2.27.0/error_prone_parent-2.27.0.pom]
Downloading https://repo.maven.apache.org/maven2/com/google/errorprone/error_prone_parent/2.27.0/error_prone_parent-2.27.0.pom to /root/projects/PassVault/audit-runtime-linux-android-compile03/gradle-home/.tmp/gradle_download9055450264227888644bin
Resource missing. [HTTP GET: https://dl.google.com/dl/android/maven2/com/google/flatbuffers/flatbuffers-java/1.12.0/flatbuffers-java-1.12.0.pom]
Downloading https://repo.maven.apache.org/maven2/org/checkerframework/checker-qual/2.5.8/checker-qual-2.5.8.pom to /root/projects/PassVault/audit-runtime-linux-android-compile03/gradle-home/.tmp/gradle_download600616273981485874bin
Resource missing. [HTTP GET: https://dl.google.com/dl/android/maven2/com/google/flatbuffers/flatbuffers-java/1.12.0/flatbuffers-java-1.12.0.pom]
Downloading https://repo.maven.apache.org/maven2/com/google/flatbuffers/flatbuffers-java/1.12.0/flatbuffers-java-1.12.0.pom to /root/projects/PassVault/audit-runtime-linux-android-compile03/gradle-home/.tmp/gradle_download15961821350961046035bin
Downloading https://repo.maven.apache.org/maven2/com/squareup/javawriter/2.5.0/javawriter-2.5.0.pom to /root/projects/PassVault/audit-runtime-linux-android-compile03/gradle-home/.tmp/gradle_download13455409146477424160bin
Downloading https://dl.google.com/dl/android/maven2/com/android/signflinger/9.4.0/signflinger-9.4.0.pom to /root/projects/PassVault/audit-runtime-linux-android-compile03/gradle-home/.tmp/gradle_download17564984461884231106bin
Downloading https://dl.google.com/dl/android/maven2/com/android/tools/build/apkzlib/9.4.0/apkzlib-9.4.0.pom to /root/projects/PassVault/audit-runtime-linux-android-compile03/gradle-home/.tmp/gradle_download5653068184008287830bin
Downloading https://dl.google.com/dl/android/maven2/com/android/tools/analytics-library/tracker/32.4.0/tracker-32.4.0.pom to /root/projects/PassVault/audit-runtime-linux-android-compile03/gradle-home/.tmp/gradle_download7828372041884431579bin
Downloading https://dl.google.com/dl/android/maven2/com/android/zipflinger/9.4.0/zipflinger-9.4.0.pom to /root/projects/PassVault/audit-runtime-linux-android-compile03/gradle-home/.tmp/gradle_download12118093371710673371bin
Downloading https://dl.google.com/dl/android/maven2/com/android/tools/build/manifest-merger/32.4.0/manifest-merger-32.4.0.pom to /root/projects/PassVault/audit-runtime-linux-android-compile03/gradle-home/.tmp/gradle_download11051327736509620508bin
Downloading https://dl.google.com/dl/android/maven2/com/android/tools/build/apksig/9.4.0/apksig-9.4.0.pom to /root/projects/PassVault/audit-runtime-linux-android-compile03/gradle-home/.tmp/gradle_download9120189317571361871bin
Downloading https://dl.google.com/dl/android/maven2/com/android/tools/build/manifest-merger/32.4.0/manifest-merger-32.4.0.module to /root/projects/PassVault/audit-runtime-linux-android-compile03/gradle-home/.tmp/gradle_download6944089601071618042bin
Downloading https://repo.maven.apache.org/maven2/io/github/detekt/sarif4k/sarif4k-jvm/0.6.0/sarif4k-jvm-0.6.0.pom to /root/projects/PassVault/audit-runtime-linux-android-compile03/gradle-home/.tmp/gradle_download15071579502784897676bin
Downloading https://repo.maven.apache.org/maven2/io/github/detekt/sarif4k/sarif4k-jvm/0.6.0/sarif4k-jvm-0.6.0.module to /root/projects/PassVault/audit-runtime-linux-android-compile03/gradle-home/.tmp/gradle_download2229721568076515178bin
Downloading https://repo.maven.apache.org/maven2/org/checkerframework/checker-qual/3.43.0/checker-qual-3.43.0.pom to /root/projects/PassVault/audit-runtime-linux-android-compile03/gradle-home/.tmp/gradle_download2232043342067897777bin
Downloading https://repo.maven.apache.org/maven2/org/checkerframework/checker-qual/3.43.0/checker-qual-3.43.0.module to /root/projects/PassVault/audit-runtime-linux-android-compile03/gradle-home/.tmp/gradle_download6380589067568490023bin
Resource missing. [HTTP GET: https://dl.google.com/dl/android/maven2/com/google/errorprone/error_prone_annotations/2.36.0/error_prone_annotations-2.36.0.pom]
Resource missing. [HTTP GET: https://dl.google.com/dl/android/maven2/com/google/errorprone/error_prone_annotations/2.36.0/error_prone_annotations-2.36.0.pom]
Downloading https://repo.maven.apache.org/maven2/com/google/errorprone/error_prone_annotations/2.36.0/error_prone_annotations-2.36.0.pom to /root/projects/PassVault/audit-runtime-linux-android-compile03/gradle-home/.tmp/gradle_download6734268803643564624bin
Resource missing. [HTTP GET: https://dl.google.com/dl/android/maven2/com/google/errorprone/error_prone_parent/2.36.0/error_prone_parent-2.36.0.pom]
Resource missing. [HTTP GET: https://dl.google.com/dl/android/maven2/com/google/errorprone/error_prone_parent/2.36.0/error_prone_parent-2.36.0.pom]
Downloading https://repo.maven.apache.org/maven2/com/google/errorprone/error_prone_parent/2.36.0/error_prone_parent-2.36.0.pom to /root/projects/PassVault/audit-runtime-linux-android-compile03/gradle-home/.tmp/gradle_download13136549191557965026bin
Resource missing. [HTTP GET: https://dl.google.com/dl/android/maven2/com/google/j2objc/j2objc-annotations/3.0.0/j2objc-annotations-3.0.0.pom]
Resource missing. [HTTP GET: https://dl.google.com/dl/android/maven2/com/google/j2objc/j2objc-annotations/3.0.0/j2objc-annotations-3.0.0.pom]
Downloading https://repo.maven.apache.org/maven2/com/google/j2objc/j2objc-annotations/3.0.0/j2objc-annotations-3.0.0.pom to /root/projects/PassVault/audit-runtime-linux-android-compile03/gradle-home/.tmp/gradle_download13408311888100054960bin
Resource missing. [HTTP GET: https://dl.google.com/dl/android/maven2/com/google/guava/listenablefuture/9999.0-empty-to-avoid-conflict-with-guava/listenablefuture-9999.0-empty-to-avoid-conflict-with-guava.pom]
Resource missing. [HTTP GET: https://dl.google.com/dl/android/maven2/com/google/guava/failureaccess/1.0.2/failureaccess-1.0.2.pom]
Resource missing. [HTTP GET: https://dl.google.com/dl/android/maven2/com/google/guava/listenablefuture/9999.0-empty-to-avoid-conflict-with-guava/listenablefuture-9999.0-empty-to-avoid-conflict-with-guava.pom]
Resource missing. [HTTP GET: https://dl.google.com/dl/android/maven2/com/google/guava/failureaccess/1.0.2/failureaccess-1.0.2.pom]
Downloading https://repo.maven.apache.org/maven2/com/google/guava/listenablefuture/9999.0-empty-to-avoid-conflict-with-guava/listenablefuture-9999.0-empty-to-avoid-conflict-with-guava.pom to /root/projects/PassVault/audit-runtime-linux-android-compile03/gradle-home/.tmp/gradle_download16913909071027838549bin
Downloading https://repo.maven.apache.org/maven2/com/google/guava/failureaccess/1.0.2/failureaccess-1.0.2.pom to /root/projects/PassVault/audit-runtime-linux-android-compile03/gradle-home/.tmp/gradle_download8573101661675167500bin
Resource missing. [HTTP GET: https://dl.google.com/dl/android/maven2/com/google/guava/guava-parent/26.0-android/guava-parent-26.0-android.pom]
Resource missing. [HTTP GET: https://dl.google.com/dl/android/maven2/com/google/guava/guava-parent/26.0-android/guava-parent-26.0-android.pom]
Downloading https://repo.maven.apache.org/maven2/com/google/guava/guava-parent/26.0-android/guava-parent-26.0-android.pom to /root/projects/PassVault/audit-runtime-linux-android-compile03/gradle-home/.tmp/gradle_download522595435849165067bin
Downloading https://repo.maven.apache.org/maven2/commons-codec/commons-codec/1.17.1/commons-codec-1.17.1.pom to /root/projects/PassVault/audit-runtime-linux-android-compile03/gradle-home/.tmp/gradle_download16497037816673681170bin
Downloading https://repo.maven.apache.org/maven2/org/apache/commons/commons-lang3/3.16.0/commons-lang3-3.16.0.pom to /root/projects/PassVault/audit-runtime-linux-android-compile03/gradle-home/.tmp/gradle_download11142095749317235418bin
Downloading https://repo.maven.apache.org/maven2/org/apache/commons/commons-parent/71/commons-parent-71.pom to /root/projects/PassVault/audit-runtime-linux-android-compile03/gradle-home/.tmp/gradle_download3123790936869147872bin
Downloading https://repo.maven.apache.org/maven2/org/apache/apache/32/apache-32.pom to /root/projects/PassVault/audit-runtime-linux-android-compile03/gradle-home/.tmp/gradle_download3038054942426950036bin
Downloading https://repo.maven.apache.org/maven2/org/bouncycastle/bcutil-jdk18on/1.80.2/bcutil-jdk18on-1.80.2.pom to /root/projects/PassVault/audit-runtime-linux-android-compile03/gradle-home/.tmp/gradle_download11149799189108427193bin
Downloading https://repo.maven.apache.org/maven2/org/jetbrains/kotlinx/kotlinx-coroutines-core-jvm/1.9.0/kotlinx-coroutines-core-jvm-1.9.0.pom to /root/projects/PassVault/audit-runtime-linux-android-compile03/gradle-home/.tmp/gradle_download16547323986693698167bin
Downloading https://repo.maven.apache.org/maven2/org/jetbrains/kotlinx/kotlinx-coroutines-core-jvm/1.9.0/kotlinx-coroutines-core-jvm-1.9.0.module to /root/projects/PassVault/audit-runtime-linux-android-compile03/gradle-home/.tmp/gradle_download16450925163601425196bin
Downloading https://repo.maven.apache.org/maven2/commons-logging/commons-logging/1.2/commons-logging-1.2.pom to /root/projects/PassVault/audit-runtime-linux-android-compile03/gradle-home/.tmp/gradle_download527448349464473403bin
Downloading https://repo.maven.apache.org/maven2/org/apache/commons/commons-parent/34/commons-parent-34.pom to /root/projects/PassVault/audit-runtime-linux-android-compile03/gradle-home/.tmp/gradle_download13786883023916052438bin
Downloading https://repo.maven.apache.org/maven2/org/apache/apache/13/apache-13.pom to /root/projects/PassVault/audit-runtime-linux-android-compile03/gradle-home/.tmp/gradle_download6339477776250190499bin
Downloading https://repo.maven.apache.org/maven2/net/java/dev/jna/jna/5.6.0/jna-5.6.0.pom to /root/projects/PassVault/audit-runtime-linux-android-compile03/gradle-home/.tmp/gradle_download10067686535428611511bin
Downloading https://repo.maven.apache.org/maven2/org/jetbrains/kotlinx/kotlinx-serialization-json/1.4.1/kotlinx-serialization-json-1.4.1.pom to /root/projects/PassVault/audit-runtime-linux-android-compile03/gradle-home/.tmp/gradle_download6311400997529500808bin
Downloading https://repo.maven.apache.org/maven2/org/jetbrains/kotlinx/kotlinx-serialization-json/1.4.1/kotlinx-serialization-json-1.4.1.module to /root/projects/PassVault/audit-runtime-linux-android-compile03/gradle-home/.tmp/gradle_download13400786543810950756bin
Downloading https://repo.maven.apache.org/maven2/org/jetbrains/kotlin/kotlin-stdlib-jdk7/2.2.10/kotlin-stdlib-jdk7-2.2.10.pom to /root/projects/PassVault/audit-runtime-linux-android-compile03/gradle-home/.tmp/gradle_download1397382533879903732bin
Downloading https://repo.maven.apache.org/maven2/org/jetbrains/kotlinx/kotlinx-serialization-json-jvm/1.4.1/kotlinx-serialization-json-jvm-1.4.1.pom to /root/projects/PassVault/audit-runtime-linux-android-compile03/gradle-home/.tmp/gradle_download15801504179553501416bin
Downloading https://repo.maven.apache.org/maven2/org/jetbrains/kotlinx/kotlinx-serialization-json-jvm/1.4.1/kotlinx-serialization-json-jvm-1.4.1.module to /root/projects/PassVault/audit-runtime-linux-android-compile03/gradle-home/.tmp/gradle_download9624572837138743738bin
Downloading https://repo.maven.apache.org/maven2/org/jetbrains/kotlinx/kotlinx-serialization-core/1.4.1/kotlinx-serialization-core-1.4.1.pom to /root/projects/PassVault/audit-runtime-linux-android-compile03/gradle-home/.tmp/gradle_download11755638529719349505bin
Downloading https://repo.maven.apache.org/maven2/org/jetbrains/kotlinx/kotlinx-serialization-core/1.4.1/kotlinx-serialization-core-1.4.1.module to /root/projects/PassVault/audit-runtime-linux-android-compile03/gradle-home/.tmp/gradle_download17787009573735094650bin
Downloading https://repo.maven.apache.org/maven2/org/jetbrains/kotlin/kotlin-stdlib-common/2.4.0/kotlin-stdlib-common-2.4.0.pom to /root/projects/PassVault/audit-runtime-linux-android-compile03/gradle-home/.tmp/gradle_download11601538349756142415bin
Downloading https://repo.maven.apache.org/maven2/org/jetbrains/kotlin/kotlin-stdlib-common/2.4.0/kotlin-stdlib-common-2.4.0.module to /root/projects/PassVault/audit-runtime-linux-android-compile03/gradle-home/.tmp/gradle_download4768834685301188773bin
Downloading https://repo.maven.apache.org/maven2/org/jetbrains/kotlinx/kotlinx-serialization-core-jvm/1.4.1/kotlinx-serialization-core-jvm-1.4.1.pom to /root/projects/PassVault/audit-runtime-linux-android-compile03/gradle-home/.tmp/gradle_download1961157433360557325bin
Downloading https://repo.maven.apache.org/maven2/org/jetbrains/kotlinx/kotlinx-serialization-core-jvm/1.4.1/kotlinx-serialization-core-jvm-1.4.1.module to /root/projects/PassVault/audit-runtime-linux-android-compile03/gradle-home/.tmp/gradle_download8469653824914299655bin
Downloading https://dl.google.com/dl/android/maven2/androidx/room/room-gradle-plugin/2.8.4/room-gradle-plugin-2.8.4.jar to /root/projects/PassVault/audit-runtime-linux-android-compile03/gradle-home/.tmp/gradle_download9257221135496235732bin
Downloading https://dl.google.com/dl/android/maven2/com/android/tools/build/gradle-settings-api/9.4.0/gradle-settings-api-9.4.0.jar to /root/projects/PassVault/audit-runtime-linux-android-compile03/gradle-home/.tmp/gradle_download15543888044509353666bin
Downloading https://dl.google.com/dl/android/maven2/com/android/tools/build/gradle-common-api/9.4.0/gradle-common-api-9.4.0.jar to /root/projects/PassVault/audit-runtime-linux-android-compile03/gradle-home/.tmp/gradle_download2943017770216507511bin
Downloading https://dl.google.com/dl/android/maven2/com/android/tools/build/gradle-api/9.4.0/gradle-api-9.4.0.jar to /root/projects/PassVault/audit-runtime-linux-android-compile03/gradle-home/.tmp/gradle_download16228368813224181257bin
Downloading https://dl.google.com/dl/android/maven2/com/android/tools/build/gradle/9.4.0/gradle-9.4.0.jar to /root/projects/PassVault/audit-runtime-linux-android-compile03/gradle-home/.tmp/gradle_download16484609487622079503bin
Downloading https://repo.maven.apache.org/maven2/com/google/devtools/ksp/symbol-processing-gradle-plugin/2.3.10/symbol-processing-gradle-plugin-2.3.10.jar to /root/projects/PassVault/audit-runtime-linux-android-compile03/gradle-home/.tmp/gradle_download17207327904130679830bin
Downloading https://repo.maven.apache.org/maven2/com/google/devtools/ksp/symbol-processing-api/2.3.10/symbol-processing-api-2.3.10.jar to /root/projects/PassVault/audit-runtime-linux-android-compile03/gradle-home/.tmp/gradle_download17462941285313312972bin
Downloading https://repo.maven.apache.org/maven2/com/google/devtools/ksp/symbol-processing-common-deps/2.3.10/symbol-processing-common-deps-2.3.10.jar to /root/projects/PassVault/audit-runtime-linux-android-compile03/gradle-home/.tmp/gradle_download12716650652543535127bin
Downloading https://dl.google.com/dl/android/maven2/com/android/tools/build/aaptcompiler/9.4.0/aaptcompiler-9.4.0.jar to /root/projects/PassVault/audit-runtime-linux-android-compile03/gradle-home/.tmp/gradle_download14601097685664674905bin
Downloading https://dl.google.com/dl/android/maven2/com/android/tools/utp/gradle-work-action-api/32.4.0/gradle-work-action-api-32.4.0.jar to /root/projects/PassVault/audit-runtime-linux-android-compile03/gradle-home/.tmp/gradle_download9630339708749507341bin
Downloading https://dl.google.com/dl/android/maven2/androidx/databinding/databinding-compiler-common/9.4.0/databinding-compiler-common-9.4.0.jar to /root/projects/PassVault/audit-runtime-linux-android-compile03/gradle-home/.tmp/gradle_download13497095098733848634bin
Downloading https://dl.google.com/dl/android/maven2/com/android/tools/build/jetifier/jetifier-processor/1.0.0-beta10/jetifier-processor-1.0.0-beta10.jar to /root/projects/PassVault/audit-runtime-linux-android-compile03/gradle-home/.tmp/gradle_download8349604746632128984bin
Downloading https://dl.google.com/dl/android/maven2/com/android/tools/build/jetifier/jetifier-core/1.0.0-beta10/jetifier-core-1.0.0-beta10.jar to /root/projects/PassVault/audit-runtime-linux-android-compile03/gradle-home/.tmp/gradle_download14638964560943537468bin
Downloading https://dl.google.com/dl/android/maven2/com/android/tools/build/builder/9.4.0/builder-9.4.0.jar to /root/projects/PassVault/audit-runtime-linux-android-compile03/gradle-home/.tmp/gradle_download11922201107950595006bin
Downloading https://dl.google.com/dl/android/maven2/com/android/tools/lint/lint-model/32.4.0/lint-model-32.4.0.jar to /root/projects/PassVault/audit-runtime-linux-android-compile03/gradle-home/.tmp/gradle_download16741871282586651561bin
Downloading https://dl.google.com/dl/android/maven2/com/android/tools/build/builder-model/9.4.0/builder-model-9.4.0.jar to /root/projects/PassVault/audit-runtime-linux-android-compile03/gradle-home/.tmp/gradle_download11172966491850888163bin
Downloading https://dl.google.com/dl/android/maven2/com/android/tools/build/manifest-merger/32.4.0/manifest-merger-32.4.0.jar to /root/projects/PassVault/audit-runtime-linux-android-compile03/gradle-home/.tmp/gradle_download6604129710586057075bin
Downloading https://dl.google.com/dl/android/maven2/com/android/tools/sdk-common/32.4.0/sdk-common-32.4.0.jar to /root/projects/PassVault/audit-runtime-linux-android-compile03/gradle-home/.tmp/gradle_download10162490275266772380bin
Downloading https://repo.maven.apache.org/maven2/org/jetbrains/kotlin/kotlin-reflect/2.4.0/kotlin-reflect-2.4.0.jar to /root/projects/PassVault/audit-runtime-linux-android-compile03/gradle-home/.tmp/gradle_download6601405062610583058bin
Downloading https://dl.google.com/dl/android/maven2/com/android/tools/sdklib/32.4.0/sdklib-32.4.0.jar to /root/projects/PassVault/audit-runtime-linux-android-compile03/gradle-home/.tmp/gradle_download6790902227716619640bin
Downloading https://dl.google.com/dl/android/maven2/com/android/tools/repository/32.4.0/repository-32.4.0.jar to /root/projects/PassVault/audit-runtime-linux-android-compile03/gradle-home/.tmp/gradle_download2498822974291086973bin
Downloading https://dl.google.com/dl/android/maven2/com/android/tools/analytics-library/tracker/32.4.0/tracker-32.4.0.jar to /root/projects/PassVault/audit-runtime-linux-android-compile03/gradle-home/.tmp/gradle_download16929595341322814582bin
Downloading https://dl.google.com/dl/android/maven2/com/android/tools/analytics-library/shared/32.4.0/shared-32.4.0.jar to /root/projects/PassVault/audit-runtime-linux-android-compile03/gradle-home/.tmp/gradle_download12590108119451291585bin
Downloading https://dl.google.com/dl/android/maven2/com/android/tools/build/builder-test-api/9.4.0/builder-test-api-9.4.0.jar to /root/projects/PassVault/audit-runtime-linux-android-compile03/gradle-home/.tmp/gradle_download6307225674311026847bin
Downloading https://dl.google.com/dl/android/maven2/com/android/tools/ddms/ddmlib/32.4.0/ddmlib-32.4.0.jar to /root/projects/PassVault/audit-runtime-linux-android-compile03/gradle-home/.tmp/gradle_download14281698687113300741bin
Downloading https://dl.google.com/dl/android/maven2/com/android/tools/layoutlib/layoutlib-api/32.4.0/layoutlib-api-32.4.0.jar to /root/projects/PassVault/audit-runtime-linux-android-compile03/gradle-home/.tmp/gradle_download17209540999639236143bin
Downloading https://dl.google.com/dl/android/maven2/com/android/tools/dvlib/32.4.0/dvlib-32.4.0.jar to /root/projects/PassVault/audit-runtime-linux-android-compile03/gradle-home/.tmp/gradle_download4531348466042203450bin
Downloading https://dl.google.com/dl/android/maven2/com/android/tools/common/32.4.0/common-32.4.0.jar to /root/projects/PassVault/audit-runtime-linux-android-compile03/gradle-home/.tmp/gradle_download11922878879272546276bin
Downloading https://repo.maven.apache.org/maven2/dev/detekt/detekt-gradle-plugin/2.0.0-alpha.6/detekt-gradle-plugin-2.0.0-alpha.6.jar to /root/projects/PassVault/audit-runtime-linux-android-compile03/gradle-home/.tmp/gradle_download1142964236598804083bin
Downloading https://repo.maven.apache.org/maven2/io/github/detekt/sarif4k/sarif4k-jvm/0.6.0/sarif4k-jvm-0.6.0.jar to /root/projects/PassVault/audit-runtime-linux-android-compile03/gradle-home/.tmp/gradle_download3849672376091922729bin
Downloading https://repo.maven.apache.org/maven2/org/jetbrains/kotlinx/kotlinx-serialization-json-jvm/1.4.1/kotlinx-serialization-json-jvm-1.4.1.jar to /root/projects/PassVault/audit-runtime-linux-android-compile03/gradle-home/.tmp/gradle_download4981790892262996139bin
Downloading https://repo.maven.apache.org/maven2/org/jetbrains/kotlinx/kotlinx-serialization-core-jvm/1.4.1/kotlinx-serialization-core-jvm-1.4.1.jar to /root/projects/PassVault/audit-runtime-linux-android-compile03/gradle-home/.tmp/gradle_download628624979973869390bin
Downloading https://repo.maven.apache.org/maven2/org/jetbrains/kotlin/kotlin-stdlib-jdk8/2.2.10/kotlin-stdlib-jdk8-2.2.10.jar to /root/projects/PassVault/audit-runtime-linux-android-compile03/gradle-home/.tmp/gradle_download546574287777809986bin
Downloading https://repo.maven.apache.org/maven2/org/jetbrains/kotlin/kotlin-serialization/2.4.10/kotlin-serialization-2.4.10-gradle813.jar to /root/projects/PassVault/audit-runtime-linux-android-compile03/gradle-home/.tmp/gradle_download5949030171686887420bin
Downloading https://repo.maven.apache.org/maven2/org/jetbrains/kotlin/fus-statistics-gradle-plugin/2.4.10/fus-statistics-gradle-plugin-2.4.10-gradle813.jar to /root/projects/PassVault/audit-runtime-linux-android-compile03/gradle-home/.tmp/gradle_download18326916578720632017bin
Downloading https://repo.maven.apache.org/maven2/org/jetbrains/kotlin/kotlin-gradle-plugin-api/2.4.10/kotlin-gradle-plugin-api-2.4.10-gradle813.jar to /root/projects/PassVault/audit-runtime-linux-android-compile03/gradle-home/.tmp/gradle_download1822994821277969753bin
Downloading https://repo.maven.apache.org/maven2/org/jetbrains/kotlin/compose-compiler-gradle-plugin/2.4.10/compose-compiler-gradle-plugin-2.4.10-gradle813.jar to /root/projects/PassVault/audit-runtime-linux-android-compile03/gradle-home/.tmp/gradle_download12040308564640290952bin
Downloading https://repo.maven.apache.org/maven2/org/jetbrains/kotlin/kotlin-gradle-plugin/2.4.10/kotlin-gradle-plugin-2.4.10-gradle813.jar to /root/projects/PassVault/audit-runtime-linux-android-compile03/gradle-home/.tmp/gradle_download10929189644679299313bin
Downloading https://repo.maven.apache.org/maven2/org/jetbrains/kotlin/kotlin-compiler-runner/2.4.10/kotlin-compiler-runner-2.4.10.jar to /root/projects/PassVault/audit-runtime-linux-android-compile03/gradle-home/.tmp/gradle_download8138417589276319304bin
Downloading https://repo.maven.apache.org/maven2/org/jetbrains/kotlinx/kotlinx-coroutines-core-jvm/1.9.0/kotlinx-coroutines-core-jvm-1.9.0.jar to /root/projects/PassVault/audit-runtime-linux-android-compile03/gradle-home/.tmp/gradle_download502818139011846367bin
Downloading https://repo.maven.apache.org/maven2/org/jetbrains/kotlin/kotlin-stdlib-jdk7/2.2.10/kotlin-stdlib-jdk7-2.2.10.jar to /root/projects/PassVault/audit-runtime-linux-android-compile03/gradle-home/.tmp/gradle_download12687993855760841619bin
Downloading https://repo.maven.apache.org/maven2/org/jetbrains/kotlin/kotlin-stdlib/2.4.0/kotlin-stdlib-2.4.0.jar to /root/projects/PassVault/audit-runtime-linux-android-compile03/gradle-home/.tmp/gradle_download3874886172103680231bin
Downloading https://repo.maven.apache.org/maven2/org/jetbrains/annotations/13.0/annotations-13.0.jar to /root/projects/PassVault/audit-runtime-linux-android-compile03/gradle-home/.tmp/gradle_download13450703160819892855bin
Downloading https://repo.maven.apache.org/maven2/org/jetbrains/compose/compose-gradle-plugin/1.11.1/compose-gradle-plugin-1.11.1.jar to /root/projects/PassVault/audit-runtime-linux-android-compile03/gradle-home/.tmp/gradle_download6352683487286258686bin
Downloading https://repo.maven.apache.org/maven2/org/jetbrains/kotlin/kotlin-gradle-plugin-idea-proto/2.4.10/kotlin-gradle-plugin-idea-proto-2.4.10.jar to /root/projects/PassVault/audit-runtime-linux-android-compile03/gradle-home/.tmp/gradle_download17506978328811869315bin
Downloading https://repo.maven.apache.org/maven2/org/jetbrains/kotlin/kotlin-gradle-plugin-idea/2.4.10/kotlin-gradle-plugin-idea-2.4.10.jar to /root/projects/PassVault/audit-runtime-linux-android-compile03/gradle-home/.tmp/gradle_download7893831824868962216bin
Downloading https://repo.maven.apache.org/maven2/org/jetbrains/kotlin/kotlin-klib-commonizer-api/2.4.10/kotlin-klib-commonizer-api-2.4.10.jar to /root/projects/PassVault/audit-runtime-linux-android-compile03/gradle-home/.tmp/gradle_download6366984285931126081bin
Downloading https://repo.maven.apache.org/maven2/org/jetbrains/kotlin/kotlin-build-statistics/2.4.10/kotlin-build-statistics-2.4.10.jar to /root/projects/PassVault/audit-runtime-linux-android-compile03/gradle-home/.tmp/gradle_download5167542885545972663bin
Downloading https://repo.maven.apache.org/maven2/org/jetbrains/kotlin/kotlin-util-klib-metadata/2.4.10/kotlin-util-klib-metadata-2.4.10.jar to /root/projects/PassVault/audit-runtime-linux-android-compile03/gradle-home/.tmp/gradle_download6122335274303334281bin
Downloading https://repo.maven.apache.org/maven2/org/jetbrains/compose/hot-reload/hot-reload-gradle-plugin/1.1.1/hot-reload-gradle-plugin-1.1.1.jar to /root/projects/PassVault/audit-runtime-linux-android-compile03/gradle-home/.tmp/gradle_download17661434643154261172bin
Downloading https://dl.google.com/dl/android/maven2/com/android/tools/build/bundletool/1.18.3/bundletool-1.18.3.jar to /root/projects/PassVault/audit-runtime-linux-android-compile03/gradle-home/.tmp/gradle_download3706914441947959779bin
Downloading https://dl.google.com/dl/android/maven2/com/android/tools/build/aapt2-proto/9.4.0-15978811/aapt2-proto-9.4.0-15978811.jar to /root/projects/PassVault/audit-runtime-linux-android-compile03/gradle-home/.tmp/gradle_download16704431472024675152bin
Downloading https://dl.google.com/dl/android/maven2/com/android/tools/analytics-library/crash/32.4.0/crash-32.4.0.jar to /root/projects/PassVault/audit-runtime-linux-android-compile03/gradle-home/.tmp/gradle_download13714286866558385873bin
Downloading https://dl.google.com/dl/android/maven2/com/android/tools/lint/lint-typedef-remover/32.4.0/lint-typedef-remover-32.4.0.jar to /root/projects/PassVault/audit-runtime-linux-android-compile03/gradle-home/.tmp/gradle_download14460238227416456908bin
Downloading https://dl.google.com/dl/android/maven2/androidx/databinding/databinding-common/9.4.0/databinding-common-9.4.0.jar to /root/projects/PassVault/audit-runtime-linux-android-compile03/gradle-home/.tmp/gradle_download6047121250232777043bin
Downloading https://dl.google.com/dl/android/maven2/com/android/databinding/baseLibrary/9.4.0/baseLibrary-9.4.0.jar to /root/projects/PassVault/audit-runtime-linux-android-compile03/gradle-home/.tmp/gradle_download7558427461187148958bin
Downloading https://repo.maven.apache.org/maven2/org/apache/httpcomponents/httpmime/4.5.6/httpmime-4.5.6.jar to /root/projects/PassVault/audit-runtime-linux-android-compile03/gradle-home/.tmp/gradle_download17370202988483250637bin
Downloading https://repo.maven.apache.org/maven2/org/apache/commons/commons-compress/1.27.1/commons-compress-1.27.1.jar to /root/projects/PassVault/audit-runtime-linux-android-compile03/gradle-home/.tmp/gradle_download13679843257617268560bin
Downloading https://repo.maven.apache.org/maven2/commons-io/commons-io/2.16.1/commons-io-2.16.1.jar to /root/projects/PassVault/audit-runtime-linux-android-compile03/gradle-home/.tmp/gradle_download8328324236006941863bin
Downloading https://repo.maven.apache.org/maven2/org/ow2/asm/asm-commons/9.9/asm-commons-9.9.jar to /root/projects/PassVault/audit-runtime-linux-android-compile03/gradle-home/.tmp/gradle_download16114516771139759055bin
Downloading https://repo.maven.apache.org/maven2/org/ow2/asm/asm-util/9.9/asm-util-9.9.jar to /root/projects/PassVault/audit-runtime-linux-android-compile03/gradle-home/.tmp/gradle_download2127647716753100987bin
Downloading https://repo.maven.apache.org/maven2/org/ow2/asm/asm-analysis/9.9/asm-analysis-9.9.jar to /root/projects/PassVault/audit-runtime-linux-android-compile03/gradle-home/.tmp/gradle_download7430162607490751091bin
Downloading https://repo.maven.apache.org/maven2/org/ow2/asm/asm-tree/9.9/asm-tree-9.9.jar to /root/projects/PassVault/audit-runtime-linux-android-compile03/gradle-home/.tmp/gradle_download3965573025632141992bin
Downloading https://repo.maven.apache.org/maven2/org/ow2/asm/asm/9.9/asm-9.9.jar to /root/projects/PassVault/audit-runtime-linux-android-compile03/gradle-home/.tmp/gradle_download11148847041191239417bin
Downloading https://repo.maven.apache.org/maven2/org/glassfish/jaxb/jaxb-runtime/2.3.2/jaxb-runtime-2.3.2.jar to /root/projects/PassVault/audit-runtime-linux-android-compile03/gradle-home/.tmp/gradle_download13316616461295771942bin
Downloading https://repo.maven.apache.org/maven2/net/sf/jopt-simple/jopt-simple/4.9/jopt-simple-4.9.jar to /root/projects/PassVault/audit-runtime-linux-android-compile03/gradle-home/.tmp/gradle_download9206137777040638957bin
Downloading https://repo.maven.apache.org/maven2/com/squareup/javapoet/1.13.0/javapoet-1.13.0.jar to /root/projects/PassVault/audit-runtime-linux-android-compile03/gradle-home/.tmp/gradle_download3141811454761851050bin
Downloading https://repo.maven.apache.org/maven2/com/google/protobuf/protobuf-java-util/3.25.5/protobuf-java-util-3.25.5.jar to /root/projects/PassVault/audit-runtime-linux-android-compile03/gradle-home/.tmp/gradle_download7978819801487549944bin
Downloading https://repo.maven.apache.org/maven2/com/google/crypto/tink/tink/1.7.0/tink-1.7.0.jar to /root/projects/PassVault/audit-runtime-linux-android-compile03/gradle-home/.tmp/gradle_download7322921956648330080bin
Downloading https://dl.google.com/dl/android/maven2/com/android/tools/analytics-library/protos/32.4.0/protos-32.4.0.jar to /root/projects/PassVault/audit-runtime-linux-android-compile03/gradle-home/.tmp/gradle_download9166273894406496930bin
Downloading https://repo.maven.apache.org/maven2/com/google/protobuf/protobuf-java/3.25.5/protobuf-java-3.25.5.jar to /root/projects/PassVault/audit-runtime-linux-android-compile03/gradle-home/.tmp/gradle_download15186523518044545608bin
Downloading https://repo.maven.apache.org/maven2/com/google/code/gson/gson/2.11.0/gson-2.11.0.jar to /root/projects/PassVault/audit-runtime-linux-android-compile03/gradle-home/.tmp/gradle_download8149981757300034575bin
Downloading https://repo.maven.apache.org/maven2/org/tensorflow/tensorflow-lite-metadata/0.2.0/tensorflow-lite-metadata-0.2.0.jar to /root/projects/PassVault/audit-runtime-linux-android-compile03/gradle-home/.tmp/gradle_download4239041403299979574bin
Downloading https://repo.maven.apache.org/maven2/org/jetbrains/kotlin/kotlin-gradle-plugin-annotations/2.4.10/kotlin-gradle-plugin-annotations-2.4.10.jar to /root/projects/PassVault/audit-runtime-linux-android-compile03/gradle-home/.tmp/gradle_download10080536935926343259bin
Downloading https://repo.maven.apache.org/maven2/org/jetbrains/kotlin/kotlin-native-utils/2.4.10/kotlin-native-utils-2.4.10.jar to /root/projects/PassVault/audit-runtime-linux-android-compile03/gradle-home/.tmp/gradle_download5406365600605929475bin
Downloading https://repo.maven.apache.org/maven2/org/jetbrains/kotlin/kotlin-tooling-core/2.4.10/kotlin-tooling-core-2.4.10.jar to /root/projects/PassVault/audit-runtime-linux-android-compile03/gradle-home/.tmp/gradle_download11296697765697250573bin
Downloading https://repo.maven.apache.org/maven2/org/jetbrains/kotlin/kotlin-build-tools-api/2.4.10/kotlin-build-tools-api-2.4.10.jar to /root/projects/PassVault/audit-runtime-linux-android-compile03/gradle-home/.tmp/gradle_download8869482015309741881bin
Downloading https://repo.maven.apache.org/maven2/org/jetbrains/kotlin/kotlin-util-klib/2.4.10/kotlin-util-klib-2.4.10.jar to /root/projects/PassVault/audit-runtime-linux-android-compile03/gradle-home/.tmp/gradle_download2817645243573477546bin
Downloading https://repo.maven.apache.org/maven2/org/jetbrains/kotlin/kotlin-util-io/2.4.10/kotlin-util-io-2.4.10.jar to /root/projects/PassVault/audit-runtime-linux-android-compile03/gradle-home/.tmp/gradle_download2117744417397408647bin
Downloading https://repo.maven.apache.org/maven2/org/jetbrains/kotlin/kotlin-daemon-client/2.4.10/kotlin-daemon-client-2.4.10.jar to /root/projects/PassVault/audit-runtime-linux-android-compile03/gradle-home/.tmp/gradle_download10800322668839257953bin
Downloading https://repo.maven.apache.org/maven2/com/google/jimfs/jimfs/1.1/jimfs-1.1.jar to /root/projects/PassVault/audit-runtime-linux-android-compile03/gradle-home/.tmp/gradle_download14376642605090971787bin
Downloading https://dl.google.com/dl/android/maven2/com/android/tools/build/apkzlib/9.4.0/apkzlib-9.4.0.jar to /root/projects/PassVault/audit-runtime-linux-android-compile03/gradle-home/.tmp/gradle_download13907359914179075974bin
Downloading https://repo.maven.apache.org/maven2/com/google/guava/guava/33.4.0-jre/guava-33.4.0-jre.jar to /root/projects/PassVault/audit-runtime-linux-android-compile03/gradle-home/.tmp/gradle_download11712298642947399909bin
Downloading https://repo.maven.apache.org/maven2/com/google/dagger/dagger/2.28.3/dagger-2.28.3.jar to /root/projects/PassVault/audit-runtime-linux-android-compile03/gradle-home/.tmp/gradle_download17446148783218676345bin
Downloading https://repo.maven.apache.org/maven2/javax/inject/javax.inject/1/javax.inject-1.jar to /root/projects/PassVault/audit-runtime-linux-android-compile03/gradle-home/.tmp/gradle_download16336206222413454028bin
Downloading https://repo.maven.apache.org/maven2/net/sf/kxml/kxml2/2.3.0/kxml2-2.3.0.jar to /root/projects/PassVault/audit-runtime-linux-android-compile03/gradle-home/.tmp/gradle_download5166179387237114937bin
Downloading https://repo.maven.apache.org/maven2/org/bouncycastle/bcpkix-jdk18on/1.80.2/bcpkix-jdk18on-1.80.2.jar to /root/projects/PassVault/audit-runtime-linux-android-compile03/gradle-home/.tmp/gradle_download4188900342954840268bin
Downloading https://repo.maven.apache.org/maven2/org/bouncycastle/bcutil-jdk18on/1.80.2/bcutil-jdk18on-1.80.2.jar to /root/projects/PassVault/audit-runtime-linux-android-compile03/gradle-home/.tmp/gradle_download4905239722699806903bin
Downloading https://repo.maven.apache.org/maven2/org/bouncycastle/bcprov-jdk18on/1.80.2/bcprov-jdk18on-1.80.2.jar to /root/projects/PassVault/audit-runtime-linux-android-compile03/gradle-home/.tmp/gradle_download571132000673310674bin
Downloading https://repo.maven.apache.org/maven2/org/apache/httpcomponents/httpclient/4.5.14/httpclient-4.5.14.jar to /root/projects/PassVault/audit-runtime-linux-android-compile03/gradle-home/.tmp/gradle_download15912817781166922193bin
Downloading https://repo.maven.apache.org/maven2/org/apache/httpcomponents/httpcore/4.4.16/httpcore-4.4.16.jar to /root/projects/PassVault/audit-runtime-linux-android-compile03/gradle-home/.tmp/gradle_download7380344049062150489bin
Downloading https://dl.google.com/dl/android/maven2/com/android/signflinger/9.4.0/signflinger-9.4.0.jar to /root/projects/PassVault/audit-runtime-linux-android-compile03/gradle-home/.tmp/gradle_download12371657208964021813bin
Downloading https://dl.google.com/dl/android/maven2/com/android/zipflinger/9.4.0/zipflinger-9.4.0.jar to /root/projects/PassVault/audit-runtime-linux-android-compile03/gradle-home/.tmp/gradle_download12932998312287642234bin
Downloading https://dl.google.com/dl/android/maven2/com/android/tools/annotations/32.4.0/annotations-32.4.0.jar to /root/projects/PassVault/audit-runtime-linux-android-compile03/gradle-home/.tmp/gradle_download15306844234746821092bin
Downloading https://repo.maven.apache.org/maven2/net/java/dev/jna/jna-platform/5.6.0/jna-platform-5.6.0.jar to /root/projects/PassVault/audit-runtime-linux-android-compile03/gradle-home/.tmp/gradle_download9592238023902466682bin
Downloading https://repo.maven.apache.org/maven2/com/googlecode/juniversalchardet/juniversalchardet/1.0.3/juniversalchardet-1.0.3.jar to /root/projects/PassVault/audit-runtime-linux-android-compile03/gradle-home/.tmp/gradle_download9754605288653523736bin
Downloading https://repo.maven.apache.org/maven2/org/jvnet/staxex/stax-ex/1.8.1/stax-ex-1.8.1.jar to /root/projects/PassVault/audit-runtime-linux-android-compile03/gradle-home/.tmp/gradle_download2819999746673639370bin
Downloading https://repo.maven.apache.org/maven2/jakarta/xml/bind/jakarta.xml.bind-api/2.3.2/jakarta.xml.bind-api-2.3.2.jar to /root/projects/PassVault/audit-runtime-linux-android-compile03/gradle-home/.tmp/gradle_download5748515540240665638bin
Downloading https://repo.maven.apache.org/maven2/org/glassfish/jaxb/txw2/2.3.2/txw2-2.3.2.jar to /root/projects/PassVault/audit-runtime-linux-android-compile03/gradle-home/.tmp/gradle_download14162873690322410526bin
Downloading https://repo.maven.apache.org/maven2/com/sun/istack/istack-commons-runtime/3.0.8/istack-commons-runtime-3.0.8.jar to /root/projects/PassVault/audit-runtime-linux-android-compile03/gradle-home/.tmp/gradle_download6181708889890609821bin
Downloading https://repo.maven.apache.org/maven2/com/sun/xml/fastinfoset/FastInfoset/1.2.16/FastInfoset-1.2.16.jar to /root/projects/PassVault/audit-runtime-linux-android-compile03/gradle-home/.tmp/gradle_download17193076053045450580bin
Downloading https://repo.maven.apache.org/maven2/jakarta/activation/jakarta.activation-api/1.2.1/jakarta.activation-api-1.2.1.jar to /root/projects/PassVault/audit-runtime-linux-android-compile03/gradle-home/.tmp/gradle_download18066468168201641505bin
Downloading https://repo.maven.apache.org/maven2/com/google/auto/value/auto-value-annotations/1.6.2/auto-value-annotations-1.6.2.jar to /root/projects/PassVault/audit-runtime-linux-android-compile03/gradle-home/.tmp/gradle_download14615454952596978391bin
Downloading https://repo.maven.apache.org/maven2/com/google/errorprone/error_prone_annotations/2.36.0/error_prone_annotations-2.36.0.jar to /root/projects/PassVault/audit-runtime-linux-android-compile03/gradle-home/.tmp/gradle_download4859859606101962532bin
Downloading https://repo.maven.apache.org/maven2/org/bitbucket/b_c/jose4j/0.9.5/jose4j-0.9.5.jar to /root/projects/PassVault/audit-runtime-linux-android-compile03/gradle-home/.tmp/gradle_download5287559639134620476bin
Downloading https://repo.maven.apache.org/maven2/org/slf4j/slf4j-api/1.7.30/slf4j-api-1.7.30.jar to /root/projects/PassVault/audit-runtime-linux-android-compile03/gradle-home/.tmp/gradle_download14132333136828456216bin
Downloading https://repo.maven.apache.org/maven2/org/jdom/jdom2/2.0.6/jdom2-2.0.6.jar to /root/projects/PassVault/audit-runtime-linux-android-compile03/gradle-home/.tmp/gradle_download16248123421278871933bin
Downloading https://repo.maven.apache.org/maven2/com/google/code/findbugs/jsr305/3.0.2/jsr305-3.0.2.jar to /root/projects/PassVault/audit-runtime-linux-android-compile03/gradle-home/.tmp/gradle_download2160727843360962064bin
Downloading https://repo.maven.apache.org/maven2/com/google/j2objc/j2objc-annotations/3.0.0/j2objc-annotations-3.0.0.jar to /root/projects/PassVault/audit-runtime-linux-android-compile03/gradle-home/.tmp/gradle_download63023203557580500bin
Downloading https://repo.maven.apache.org/maven2/org/checkerframework/checker-qual/3.43.0/checker-qual-3.43.0.jar to /root/projects/PassVault/audit-runtime-linux-android-compile03/gradle-home/.tmp/gradle_download7926797487743271798bin
Downloading https://repo.maven.apache.org/maven2/com/google/flatbuffers/flatbuffers-java/1.12.0/flatbuffers-java-1.12.0.jar to /root/projects/PassVault/audit-runtime-linux-android-compile03/gradle-home/.tmp/gradle_download341418299771434869bin
Downloading https://dl.google.com/dl/android/maven2/com/android/tools/build/apksig/9.4.0/apksig-9.4.0.jar to /root/projects/PassVault/audit-runtime-linux-android-compile03/gradle-home/.tmp/gradle_download422293099658338842bin
Downloading https://repo.maven.apache.org/maven2/com/squareup/javawriter/2.5.0/javawriter-2.5.0.jar to /root/projects/PassVault/audit-runtime-linux-android-compile03/gradle-home/.tmp/gradle_download4488229696576388684bin
Downloading https://repo.maven.apache.org/maven2/com/google/guava/failureaccess/1.0.2/failureaccess-1.0.2.jar to /root/projects/PassVault/audit-runtime-linux-android-compile03/gradle-home/.tmp/gradle_download16132067050097717613bin
Downloading https://repo.maven.apache.org/maven2/com/google/guava/listenablefuture/9999.0-empty-to-avoid-conflict-with-guava/listenablefuture-9999.0-empty-to-avoid-conflict-with-guava.jar to /root/projects/PassVault/audit-runtime-linux-android-compile03/gradle-home/.tmp/gradle_download1531080747871343333bin
Downloading https://repo.maven.apache.org/maven2/commons-codec/commons-codec/1.17.1/commons-codec-1.17.1.jar to /root/projects/PassVault/audit-runtime-linux-android-compile03/gradle-home/.tmp/gradle_download15738591179852317134bin
Downloading https://repo.maven.apache.org/maven2/org/apache/commons/commons-lang3/3.16.0/commons-lang3-3.16.0.jar to /root/projects/PassVault/audit-runtime-linux-android-compile03/gradle-home/.tmp/gradle_download16556285790925240857bin
Downloading https://repo.maven.apache.org/maven2/commons-logging/commons-logging/1.2/commons-logging-1.2.jar to /root/projects/PassVault/audit-runtime-linux-android-compile03/gradle-home/.tmp/gradle_download14677468324440253472bin
Downloading https://repo.maven.apache.org/maven2/net/java/dev/jna/jna/5.6.0/jna-5.6.0.jar to /root/projects/PassVault/audit-runtime-linux-android-compile03/gradle-home/.tmp/gradle_download15632668041080091573bin
Caching disabled for InstrumentationAnalysisTransform: /root/projects/PassVault/audit-runtime-linux-android-compile03/gradle-home/caches/modules-2/files-2.1/androidx.room/room-gradle-plugin/2.8.4/3f28d654bf30e354803b2d89f15fc227a799b325/room-gradle-plugin-2.8.4.jar because:
  Build cache is disabled
  Caching not enabled.
Caching disabled for InstrumentationAnalysisTransform: /root/projects/PassVault/audit-runtime-linux-android-compile03/gradle-home/caches/modules-2/files-2.1/com.android.tools.build/gradle-settings-api/9.4.0/fcfedf9a56578511894c869f71eaecafbf5e49e6/gradle-settings-api-9.4.0.jar because:
  Build cache is disabled
  Caching not enabled.
Caching disabled for InstrumentationAnalysisTransform: /root/projects/PassVault/audit-runtime-linux-android-compile03/gradle-home/caches/modules-2/files-2.1/com.android.tools.build/gradle-common-api/9.4.0/188fc42710d4072ae7f02415b497fe311041b555/gradle-common-api-9.4.0.jar because:
  Build cache is disabled
  Caching not enabled.
Caching disabled for InstrumentationAnalysisTransform: /root/projects/PassVault/audit-runtime-linux-android-compile03/gradle-home/caches/modules-2/files-2.1/com.android.tools.build/gradle-api/9.4.0/4b8d719df49cceafe003db8277780acfab8b0d0d/gradle-api-9.4.0.jar because:
  Build cache is disabled
  Caching not enabled.
Caching disabled for InstrumentationAnalysisTransform: /root/projects/PassVault/audit-runtime-linux-android-compile03/gradle-home/caches/modules-2/files-2.1/com.android.tools.build/gradle/9.4.0/4bf388abd58d7a14e9571c2524b3c5c54083a5c7/gradle-9.4.0.jar because:
  Build cache is disabled
  Caching not enabled.
Caching disabled for InstrumentationAnalysisTransform: /root/projects/PassVault/audit-runtime-linux-android-compile03/gradle-home/caches/modules-2/files-2.1/com.google.devtools.ksp/symbol-processing-gradle-plugin/2.3.10/305dc21d624de19d002813606ff7251997ac90e4/symbol-processing-gradle-plugin-2.3.10.jar because:
  Build cache is disabled
  Caching not enabled.
Caching disabled for InstrumentationAnalysisTransform: /root/projects/PassVault/audit-runtime-linux-android-compile03/gradle-home/caches/modules-2/files-2.1/com.google.devtools.ksp/symbol-processing-api/2.3.10/a6f7d2f5cb6f63aed0e07eb53db1bf6ed07151d6/symbol-processing-api-2.3.10.jar because:
  Build cache is disabled
  Caching not enabled.
Caching disabled for InstrumentationAnalysisTransform: /root/projects/PassVault/audit-runtime-linux-android-compile03/gradle-home/caches/modules-2/files-2.1/com.google.devtools.ksp/symbol-processing-common-deps/2.3.10/f0bb28d7b911d8bd53e480c4678badbdede9507b/symbol-processing-common-deps-2.3.10.jar because:
  Build cache is disabled
  Caching not enabled.
Caching disabled for InstrumentationAnalysisTransform: /root/projects/PassVault/audit-runtime-linux-android-compile03/gradle-home/caches/modules-2/files-2.1/com.android.tools.build/aaptcompiler/9.4.0/618464e735fb0db6c4fad5906121ffd229a0afe9/aaptcompiler-9.4.0.jar because:
  Build cache is disabled
  Caching not enabled.
Caching disabled for InstrumentationAnalysisTransform: /root/projects/PassVault/audit-runtime-linux-android-compile03/gradle-home/caches/modules-2/files-2.1/com.android.tools.utp/gradle-work-action-api/32.4.0/a3b3019fa407b16a9b15e764f4b1ac5f2df9d11b/gradle-work-action-api-32.4.0.jar because:
  Build cache is disabled
  Caching not enabled.
Caching disabled for InstrumentationAnalysisTransform: /root/projects/PassVault/audit-runtime-linux-android-compile03/gradle-home/caches/modules-2/files-2.1/androidx.databinding/databinding-compiler-common/9.4.0/ee18738f9b4b0611aea6428eaad49fb9c168523e/databinding-compiler-common-9.4.0.jar because:
  Build cache is disabled
  Caching not enabled.
Caching disabled for InstrumentationAnalysisTransform: /root/projects/PassVault/audit-runtime-linux-android-compile03/gradle-home/caches/modules-2/files-2.1/com.android.tools.build.jetifier/jetifier-processor/1.0.0-beta10/946c39eb0c052ff4f60a8939648a8b99af20d604/jetifier-processor-1.0.0-beta10.jar because:
  Build cache is disabled
  Caching not enabled.
Caching disabled for InstrumentationAnalysisTransform: /root/projects/PassVault/audit-runtime-linux-android-compile03/gradle-home/caches/modules-2/files-2.1/com.android.tools.build.jetifier/jetifier-core/1.0.0-beta10/6e621022a9c95af12a7004d6b55805bbd1126837/jetifier-core-1.0.0-beta10.jar because:
  Build cache is disabled
  Caching not enabled.
Caching disabled for InstrumentationAnalysisTransform: /root/projects/PassVault/audit-runtime-linux-android-compile03/gradle-home/caches/modules-2/files-2.1/com.android.tools.build/builder/9.4.0/d1d5f9a479131e45d876213b674c9fd1a8a2d6ea/builder-9.4.0.jar because:
  Build cache is disabled
  Caching not enabled.
Caching disabled for InstrumentationAnalysisTransform: /root/projects/PassVault/audit-runtime-linux-android-compile03/gradle-home/caches/modules-2/files-2.1/com.android.tools.lint/lint-model/32.4.0/2a01476159d9ab4b0f12e84f41f5a3a142414c6/lint-model-32.4.0.jar because:
  Build cache is disabled
  Caching not enabled.
Caching disabled for InstrumentationAnalysisTransform: /root/projects/PassVault/audit-runtime-linux-android-compile03/gradle-home/caches/modules-2/files-2.1/com.android.tools.build/builder-model/9.4.0/2edee2cd225a6dc43276d3328a3ffac827694a9f/builder-model-9.4.0.jar because:
  Build cache is disabled
  Caching not enabled.
Caching disabled for InstrumentationAnalysisTransform: /root/projects/PassVault/audit-runtime-linux-android-compile03/gradle-home/caches/modules-2/files-2.1/com.android.tools.build/manifest-merger/32.4.0/69a65bba12474ac5a1cf407def4f118bcd94b8dc/manifest-merger-32.4.0.jar because:
  Build cache is disabled
  Caching not enabled.
Caching disabled for InstrumentationAnalysisTransform: /root/projects/PassVault/audit-runtime-linux-android-compile03/gradle-home/caches/modules-2/files-2.1/com.android.tools/sdk-common/32.4.0/aa7fdb85569977f294b4fba5b1451b5a14d6c422/sdk-common-32.4.0.jar because:
  Build cache is disabled
  Caching not enabled.
Caching disabled for InstrumentationAnalysisTransform: /root/projects/PassVault/audit-runtime-linux-android-compile03/gradle-home/caches/modules-2/files-2.1/org.jetbrains.kotlin/kotlin-reflect/2.4.0/532cc727c0960d12f4c9acb6a6c2c4a3e08187b/kotlin-reflect-2.4.0.jar because:
  Build cache is disabled
  Caching not enabled.
Caching disabled for InstrumentationAnalysisTransform: /root/projects/PassVault/audit-runtime-linux-android-compile03/gradle-home/caches/modules-2/files-2.1/com.android.tools/sdklib/32.4.0/16b34ddee0d33385dbce03577a83b1c1e09aff3a/sdklib-32.4.0.jar because:
  Build cache is disabled
  Caching not enabled.
Caching disabled for InstrumentationAnalysisTransform: /root/projects/PassVault/audit-runtime-linux-android-compile03/gradle-home/caches/modules-2/files-2.1/com.android.tools/repository/32.4.0/8b46d4a01e62b854aaad0f32b09b04576652d97b/repository-32.4.0.jar because:
  Build cache is disabled
  Caching not enabled.
Caching disabled for InstrumentationAnalysisTransform: /root/projects/PassVault/audit-runtime-linux-android-compile03/gradle-home/caches/modules-2/files-2.1/com.android.tools.analytics-library/tracker/32.4.0/e5b8d9ea7f4dc2354d302a76b8b1eedb23557e78/tracker-32.4.0.jar because:
  Build cache is disabled
  Caching not enabled.
Caching disabled for InstrumentationAnalysisTransform: /root/projects/PassVault/audit-runtime-linux-android-compile03/gradle-home/caches/modules-2/files-2.1/com.android.tools.analytics-library/shared/32.4.0/429c17cd9d8efce819180878b2375d4a5c4ff2aa/shared-32.4.0.jar because:
  Build cache is disabled
  Caching not enabled.
Caching disabled for InstrumentationAnalysisTransform: /root/projects/PassVault/audit-runtime-linux-android-compile03/gradle-home/caches/modules-2/files-2.1/com.android.tools.build/builder-test-api/9.4.0/a6e38343c3f6fd6ce1f833e569bce4b2d85b0182/builder-test-api-9.4.0.jar because:
  Build cache is disabled
  Caching not enabled.
Caching disabled for InstrumentationAnalysisTransform: /root/projects/PassVault/audit-runtime-linux-android-compile03/gradle-home/caches/modules-2/files-2.1/com.android.tools.ddms/ddmlib/32.4.0/47a5071917cd3269367f3a6b8e717abfe949db25/ddmlib-32.4.0.jar because:
  Build cache is disabled
  Caching not enabled.
Caching disabled for InstrumentationAnalysisTransform: /root/projects/PassVault/audit-runtime-linux-android-compile03/gradle-home/caches/modules-2/files-2.1/com.android.tools.layoutlib/layoutlib-api/32.4.0/8f655b3d30a60639f6ece73c9721caa86966e9ed/layoutlib-api-32.4.0.jar because:
  Build cache is disabled
  Caching not enabled.
Caching disabled for InstrumentationAnalysisTransform: /root/projects/PassVault/audit-runtime-linux-android-compile03/gradle-home/caches/modules-2/files-2.1/com.android.tools/dvlib/32.4.0/ddf23cd64ef10c248076fc4d7011c7d8250385cd/dvlib-32.4.0.jar because:
  Build cache is disabled
  Caching not enabled.
Caching disabled for InstrumentationAnalysisTransform: /root/projects/PassVault/audit-runtime-linux-android-compile03/gradle-home/caches/modules-2/files-2.1/com.android.tools/common/32.4.0/e726669a2e96bd6a0d68bb48d9a6bf09210f5c1a/common-32.4.0.jar because:
  Build cache is disabled
  Caching not enabled.
Caching disabled for InstrumentationAnalysisTransform: /root/projects/PassVault/audit-runtime-linux-android-compile03/gradle-home/caches/modules-2/files-2.1/dev.detekt/detekt-gradle-plugin/2.0.0-alpha.6/ae5ae80c78324d77ef1513d7cc63ab9b698bd335/detekt-gradle-plugin-2.0.0-alpha.6.jar because:
  Build cache is disabled
  Caching not enabled.
Caching disabled for InstrumentationAnalysisTransform: /root/projects/PassVault/audit-runtime-linux-android-compile03/gradle-home/caches/modules-2/files-2.1/io.github.detekt.sarif4k/sarif4k-jvm/0.6.0/a0f3805c3fdd35ff6619e8f057ce50ff1aac7145/sarif4k-jvm-0.6.0.jar because:
  Build cache is disabled
  Caching not enabled.
Caching disabled for InstrumentationAnalysisTransform: /root/projects/PassVault/audit-runtime-linux-android-compile03/gradle-home/caches/modules-2/files-2.1/org.jetbrains.kotlinx/kotlinx-serialization-json-jvm/1.4.1/e6430b33f06dcdff88998abfcb2e78bc3cd0a1f6/kotlinx-serialization-json-jvm-1.4.1.jar because:
  Build cache is disabled
  Caching not enabled.
Caching disabled for InstrumentationAnalysisTransform: /root/projects/PassVault/audit-runtime-linux-android-compile03/gradle-home/caches/modules-2/files-2.1/org.jetbrains.kotlinx/kotlinx-serialization-core-jvm/1.4.1/e0c2c11e5d0d541ca343c8f09602c0c2287d15a1/kotlinx-serialization-core-jvm-1.4.1.jar because:
  Build cache is disabled
  Caching not enabled.
Caching disabled for InstrumentationAnalysisTransform: /root/projects/PassVault/audit-runtime-linux-android-compile03/gradle-home/caches/modules-2/files-2.1/org.jetbrains.kotlin/kotlin-stdlib-jdk8/2.2.10/80cc9a776a058eeda7053731350bc41af8858a5a/kotlin-stdlib-jdk8-2.2.10.jar because:
  Build cache is disabled
  Caching not enabled.
Caching disabled for InstrumentationAnalysisTransform: /root/projects/PassVault/audit-runtime-linux-android-compile03/gradle-home/caches/modules-2/files-2.1/org.jetbrains.kotlin/kotlin-serialization/2.4.10/44ea603b799fe4b3900cfdb5fc2879638258ccf/kotlin-serialization-2.4.10-gradle813.jar because:
  Build cache is disabled
  Caching not enabled.
Caching disabled for InstrumentationAnalysisTransform: /root/projects/PassVault/audit-runtime-linux-android-compile03/gradle-home/caches/modules-2/files-2.1/org.jetbrains.kotlin/fus-statistics-gradle-plugin/2.4.10/9d2373587d4c591036e79e877b6b5f0a105a052d/fus-statistics-gradle-plugin-2.4.10-gradle813.jar because:
  Build cache is disabled
  Caching not enabled.
Caching disabled for InstrumentationAnalysisTransform: /root/projects/PassVault/audit-runtime-linux-android-compile03/gradle-home/caches/modules-2/files-2.1/org.jetbrains.kotlin/kotlin-gradle-plugin-api/2.4.10/57abfa0230a1ffc31556110bff4b946b55967ba3/kotlin-gradle-plugin-api-2.4.10-gradle813.jar because:
  Build cache is disabled
  Caching not enabled.
Caching disabled for InstrumentationAnalysisTransform: /root/projects/PassVault/audit-runtime-linux-android-compile03/gradle-home/caches/modules-2/files-2.1/org.jetbrains.kotlin/compose-compiler-gradle-plugin/2.4.10/380183bbebcd293bd84e8738d012bc3b0403408c/compose-compiler-gradle-plugin-2.4.10-gradle813.jar because:
  Build cache is disabled
  Caching not enabled.
Caching disabled for InstrumentationAnalysisTransform: /root/projects/PassVault/audit-runtime-linux-android-compile03/gradle-home/caches/modules-2/files-2.1/org.jetbrains.kotlin/kotlin-gradle-plugin/2.4.10/54e85b6639aa6819abc9985612e470576540e8ec/kotlin-gradle-plugin-2.4.10-gradle813.jar because:
  Build cache is disabled
  Caching not enabled.
Caching disabled for InstrumentationAnalysisTransform: /root/projects/PassVault/audit-runtime-linux-android-compile03/gradle-home/caches/modules-2/files-2.1/org.jetbrains.kotlin/kotlin-compiler-runner/2.4.10/db761b9c5e0a67bcea290bc7e0700a7075af97de/kotlin-compiler-runner-2.4.10.jar because:
  Build cache is disabled
  Caching not enabled.
Caching disabled for InstrumentationAnalysisTransform: /root/projects/PassVault/audit-runtime-linux-android-compile03/gradle-home/caches/modules-2/files-2.1/org.jetbrains.kotlinx/kotlinx-coroutines-core-jvm/1.9.0/9beade4c1c1569e4f36cbd2c37e02e3e41502601/kotlinx-coroutines-core-jvm-1.9.0.jar because:
  Build cache is disabled
  Caching not enabled.
Caching disabled for InstrumentationAnalysisTransform: /root/projects/PassVault/audit-runtime-linux-android-compile03/gradle-home/caches/modules-2/files-2.1/org.jetbrains.kotlin/kotlin-stdlib-jdk7/2.2.10/18cc96ae090a71726822631e1808c7d329faab5d/kotlin-stdlib-jdk7-2.2.10.jar because:
  Build cache is disabled
  Caching not enabled.
Caching disabled for InstrumentationAnalysisTransform: /root/projects/PassVault/audit-runtime-linux-android-compile03/gradle-home/caches/modules-2/files-2.1/org.jetbrains.kotlin/kotlin-stdlib/2.4.0/4e9f4b531dce5c7dee58ed2de9a8b9a763c8dc6c/kotlin-stdlib-2.4.0.jar because:
  Build cache is disabled
  Caching not enabled.
Caching disabled for InstrumentationAnalysisTransform: /root/projects/PassVault/audit-runtime-linux-android-compile03/gradle-home/caches/modules-2/files-2.1/org.jetbrains/annotations/13.0/919f0dfe192fb4e063e7dacadee7f8bb9a2672a9/annotations-13.0.jar because:
  Build cache is disabled
  Caching not enabled.
Caching disabled for InstrumentationAnalysisTransform: /root/projects/PassVault/audit-runtime-linux-android-compile03/gradle-home/caches/modules-2/files-2.1/org.jetbrains.compose/compose-gradle-plugin/1.11.1/84e978c779bd496be8b922e87559e88190521ce5/compose-gradle-plugin-1.11.1.jar because:
  Build cache is disabled
  Caching not enabled.
Caching disabled for InstrumentationAnalysisTransform: /root/projects/PassVault/audit-runtime-linux-android-compile03/gradle-home/caches/modules-2/files-2.1/org.jetbrains.kotlin/kotlin-gradle-plugin-idea-proto/2.4.10/e3b327b851ffdd00917458e4e4240f349e04c234/kotlin-gradle-plugin-idea-proto-2.4.10.jar because:
  Build cache is disabled
  Caching not enabled.
Caching disabled for InstrumentationAnalysisTransform: /root/projects/PassVault/audit-runtime-linux-android-compile03/gradle-home/caches/modules-2/files-2.1/org.jetbrains.kotlin/kotlin-gradle-plugin-idea/2.4.10/905431b905fbd7c516de862a1179d7ab5fae3955/kotlin-gradle-plugin-idea-2.4.10.jar because:
  Build cache is disabled
  Caching not enabled.
Caching disabled for InstrumentationAnalysisTransform: /root/projects/PassVault/audit-runtime-linux-android-compile03/gradle-home/caches/modules-2/files-2.1/org.jetbrains.kotlin/kotlin-klib-commonizer-api/2.4.10/3339c9ce1b5f60fed1048142d9c71c7181662641/kotlin-klib-commonizer-api-2.4.10.jar because:
  Build cache is disabled
  Caching not enabled.
Caching disabled for InstrumentationAnalysisTransform: /root/projects/PassVault/audit-runtime-linux-android-compile03/gradle-home/caches/modules-2/files-2.1/org.jetbrains.kotlin/kotlin-build-statistics/2.4.10/3e16cd72908cbc218f6b2124a4bdaa26d885de6b/kotlin-build-statistics-2.4.10.jar because:
  Build cache is disabled
  Caching not enabled.
Caching disabled for InstrumentationAnalysisTransform: /root/projects/PassVault/audit-runtime-linux-android-compile03/gradle-home/caches/modules-2/files-2.1/org.jetbrains.kotlin/kotlin-util-klib-metadata/2.4.10/5d0b35631780153637205c66a75aa61c3fa2adc8/kotlin-util-klib-metadata-2.4.10.jar because:
  Build cache is disabled
  Caching not enabled.
Caching disabled for InstrumentationAnalysisTransform: /root/projects/PassVault/audit-runtime-linux-android-compile03/gradle-home/caches/modules-2/files-2.1/org.jetbrains.compose.hot-reload/hot-reload-gradle-plugin/1.1.1/6d3c8fc18f34ab5ebce4fc736bcf301bf01f43d/hot-reload-gradle-plugin-1.1.1.jar because:
  Build cache is disabled
  Caching not enabled.
Caching disabled for InstrumentationAnalysisTransform: /root/projects/PassVault/audit-runtime-linux-android-compile03/gradle-home/caches/modules-2/files-2.1/com.android.tools.build/bundletool/1.18.3/8d7bee8e57a4158a872ed99190a60a498c2adc8d/bundletool-1.18.3.jar because:
  Build cache is disabled
  Caching not enabled.
Caching disabled for InstrumentationAnalysisTransform: /root/projects/PassVault/audit-runtime-linux-android-compile03/gradle-home/caches/modules-2/files-2.1/com.android.tools.build/aapt2-proto/9.4.0-15978811/cbffec6e4effe25da0382f547eafab6d38847f9c/aapt2-proto-9.4.0-15978811.jar because:
  Build cache is disabled
  Caching not enabled.
Caching disabled for InstrumentationAnalysisTransform: /root/projects/PassVault/audit-runtime-linux-android-compile03/gradle-home/caches/modules-2/files-2.1/com.android.tools.analytics-library/crash/32.4.0/e7c2cc7bcc18c49f1eeb778f61be590cc32fbfdd/crash-32.4.0.jar because:
  Build cache is disabled
  Caching not enabled.
Caching disabled for InstrumentationAnalysisTransform: /root/projects/PassVault/audit-runtime-linux-android-compile03/gradle-home/caches/modules-2/files-2.1/com.android.tools.lint/lint-typedef-remover/32.4.0/b8665f5c42647d7d4088cd386d5d1d10e40fd9a2/lint-typedef-remover-32.4.0.jar because:
  Build cache is disabled
  Caching not enabled.
Caching disabled for InstrumentationAnalysisTransform: /root/projects/PassVault/audit-runtime-linux-android-compile03/gradle-home/caches/modules-2/files-2.1/androidx.databinding/databinding-common/9.4.0/6f14d56ba3258fd1e803e71bc6c589235141c317/databinding-common-9.4.0.jar because:
  Build cache is disabled
  Caching not enabled.
Caching disabled for InstrumentationAnalysisTransform: /root/projects/PassVault/audit-runtime-linux-android-compile03/gradle-home/caches/modules-2/files-2.1/com.android.databinding/baseLibrary/9.4.0/a3e410a22b3d7b2608151d2052d044cd3a35ae06/baseLibrary-9.4.0.jar because:
  Build cache is disabled
  Caching not enabled.
Caching disabled for InstrumentationAnalysisTransform: /root/projects/PassVault/audit-runtime-linux-android-compile03/gradle-home/caches/modules-2/files-2.1/org.apache.httpcomponents/httpmime/4.5.6/164343da11db817e81e24e0d9869527e069850c9/httpmime-4.5.6.jar because:
  Build cache is disabled
  Caching not enabled.
Caching disabled for InstrumentationAnalysisTransform: /root/projects/PassVault/audit-runtime-linux-android-compile03/gradle-home/caches/modules-2/files-2.1/org.apache.commons/commons-compress/1.27.1/a19151084758e2fbb6b41eddaa88e7b8ff4e6599/commons-compress-1.27.1.jar because:
  Build cache is disabled
  Caching not enabled.
Caching disabled for InstrumentationAnalysisTransform: /root/projects/PassVault/audit-runtime-linux-android-compile03/gradle-home/caches/modules-2/files-2.1/commons-io/commons-io/2.16.1/377d592e740dc77124e0901291dbfaa6810a200e/commons-io-2.16.1.jar because:
  Build cache is disabled
  Caching not enabled.
Caching disabled for InstrumentationAnalysisTransform: /root/projects/PassVault/audit-runtime-linux-android-compile03/gradle-home/caches/modules-2/files-2.1/org.ow2.asm/asm-commons/9.9/db9165a3bf908ded6b08612d583a15d1d0c7bda0/asm-commons-9.9.jar because:
  Build cache is disabled
  Caching not enabled.
Caching disabled for InstrumentationAnalysisTransform: /root/projects/PassVault/audit-runtime-linux-android-compile03/gradle-home/caches/modules-2/files-2.1/org.ow2.asm/asm-util/9.9/42fdfc0508b43807c8078d6e82ecff2ce2112ae8/asm-util-9.9.jar because:
  Build cache is disabled
  Caching not enabled.
Caching disabled for InstrumentationAnalysisTransform: /root/projects/PassVault/audit-runtime-linux-android-compile03/gradle-home/caches/modules-2/files-2.1/org.ow2.asm/asm-analysis/9.9/bf4fa6e66638851c1cd22c2caea0c3ee5d5f437/asm-analysis-9.9.jar because:
  Build cache is disabled
  Caching not enabled.
Caching disabled for InstrumentationAnalysisTransform: /root/projects/PassVault/audit-runtime-linux-android-compile03/gradle-home/caches/modules-2/files-2.1/org.ow2.asm/asm-tree/9.9/f8de6eead6d24dd0f45bd065bbe112b2cda6ea21/asm-tree-9.9.jar because:
  Build cache is disabled
  Caching not enabled.
Caching disabled for InstrumentationAnalysisTransform: /root/projects/PassVault/audit-runtime-linux-android-compile03/gradle-home/caches/modules-2/files-2.1/org.ow2.asm/asm/9.9/c29635c8a7afa03d74b33c1884df8abb2b3f3dcc/asm-9.9.jar because:
  Build cache is disabled
  Caching not enabled.
Caching disabled for InstrumentationAnalysisTransform: /root/projects/PassVault/audit-runtime-linux-android-compile03/gradle-home/caches/modules-2/files-2.1/org.glassfish.jaxb/jaxb-runtime/2.3.2/5528bc882ea499a09d720b42af11785c4fc6be2a/jaxb-runtime-2.3.2.jar because:
  Build cache is disabled
  Caching not enabled.
Caching disabled for InstrumentationAnalysisTransform: /root/projects/PassVault/audit-runtime-linux-android-compile03/gradle-home/caches/modules-2/files-2.1/net.sf.jopt-simple/jopt-simple/4.9/ee9e9eaa0a35360dcfeac129ff4923215fd65904/jopt-simple-4.9.jar because:
  Build cache is disabled
  Caching not enabled.
Caching disabled for InstrumentationAnalysisTransform: /root/projects/PassVault/audit-runtime-linux-android-compile03/gradle-home/caches/modules-2/files-2.1/com.squareup/javapoet/1.13.0/d6562d385049f35eb50403fa86bb11cce76b866a/javapoet-1.13.0.jar because:
  Build cache is disabled
  Caching not enabled.
Caching disabled for InstrumentationAnalysisTransform: /root/projects/PassVault/audit-runtime-linux-android-compile03/gradle-home/caches/modules-2/files-2.1/com.google.protobuf/protobuf-java-util/3.25.5/38cc5ce479603e36466feda2a9f1dfdb2210ef00/protobuf-java-util-3.25.5.jar because:
  Build cache is disabled
  Caching not enabled.
Caching disabled for InstrumentationAnalysisTransform: /root/projects/PassVault/audit-runtime-linux-android-compile03/gradle-home/caches/modules-2/files-2.1/com.google.crypto.tink/tink/1.7.0/668b57f109d32349b2870448f06ae6f202713edc/tink-1.7.0.jar because:
  Build cache is disabled
  Caching not enabled.
Caching disabled for InstrumentationAnalysisTransform: /root/projects/PassVault/audit-runtime-linux-android-compile03/gradle-home/caches/modules-2/files-2.1/com.android.tools.analytics-library/protos/32.4.0/72ce19690099b238b9214e35e08d0641bd4e726d/protos-32.4.0.jar because:
  Build cache is disabled
  Caching not enabled.
Caching disabled for InstrumentationAnalysisTransform: /root/projects/PassVault/audit-runtime-linux-android-compile03/gradle-home/caches/modules-2/files-2.1/com.google.protobuf/protobuf-java/3.25.5/5ae5c9ec39930ae9b5a61b32b93288818ec05ec1/protobuf-java-3.25.5.jar because:
  Build cache is disabled
  Caching not enabled.
Caching disabled for InstrumentationAnalysisTransform: /root/projects/PassVault/audit-runtime-linux-android-compile03/gradle-home/caches/modules-2/files-2.1/com.google.code.gson/gson/2.11.0/527175ca6d81050b53bdd4c457a6d6e017626b0e/gson-2.11.0.jar because:
  Build cache is disabled
  Caching not enabled.
Caching disabled for InstrumentationAnalysisTransform: /root/projects/PassVault/audit-runtime-linux-android-compile03/gradle-home/caches/modules-2/files-2.1/org.tensorflow/tensorflow-lite-metadata/0.2.0/7dbe8f75ae5c0ef7093c43c3ac8b560bbc7ea4b6/tensorflow-lite-metadata-0.2.0.jar because:
  Build cache is disabled
  Caching not enabled.
Caching disabled for InstrumentationAnalysisTransform: /root/projects/PassVault/audit-runtime-linux-android-compile03/gradle-home/caches/modules-2/files-2.1/org.jetbrains.kotlin/kotlin-gradle-plugin-annotations/2.4.10/d7e21334dd356764357f26dd1044975cb63e820f/kotlin-gradle-plugin-annotations-2.4.10.jar because:
  Build cache is disabled
  Caching not enabled.
Caching disabled for InstrumentationAnalysisTransform: /root/projects/PassVault/audit-runtime-linux-android-compile03/gradle-home/caches/modules-2/files-2.1/org.jetbrains.kotlin/kotlin-native-utils/2.4.10/ffa1a46704f3172c99f23fd024965ebb24055ab6/kotlin-native-utils-2.4.10.jar because:
  Build cache is disabled
  Caching not enabled.
Caching disabled for InstrumentationAnalysisTransform: /root/projects/PassVault/audit-runtime-linux-android-compile03/gradle-home/caches/modules-2/files-2.1/org.jetbrains.kotlin/kotlin-tooling-core/2.4.10/75970f5a2a9cb4d25557965bbec0a7ccd55bfbcf/kotlin-tooling-core-2.4.10.jar because:
  Build cache is disabled
  Caching not enabled.
Caching disabled for InstrumentationAnalysisTransform: /root/projects/PassVault/audit-runtime-linux-android-compile03/gradle-home/caches/modules-2/files-2.1/org.jetbrains.kotlin/kotlin-build-tools-api/2.4.10/c88fe54d8d8c568de500b26fd459853c7202de39/kotlin-build-tools-api-2.4.10.jar because:
  Build cache is disabled
  Caching not enabled.
Caching disabled for InstrumentationAnalysisTransform: /root/projects/PassVault/audit-runtime-linux-android-compile03/gradle-home/caches/modules-2/files-2.1/org.jetbrains.kotlin/kotlin-util-klib/2.4.10/4c70cfc757d717d056b9cec24932506677bb0f52/kotlin-util-klib-2.4.10.jar because:
  Build cache is disabled
  Caching not enabled.
Caching disabled for InstrumentationAnalysisTransform: /root/projects/PassVault/audit-runtime-linux-android-compile03/gradle-home/caches/modules-2/files-2.1/org.jetbrains.kotlin/kotlin-util-io/2.4.10/22c395cc2a2833b5dd1aa368155c491b8a04be6d/kotlin-util-io-2.4.10.jar because:
  Build cache is disabled
  Caching not enabled.
Caching disabled for InstrumentationAnalysisTransform: /root/projects/PassVault/audit-runtime-linux-android-compile03/gradle-home/caches/modules-2/files-2.1/org.jetbrains.kotlin/kotlin-daemon-client/2.4.10/8c3aa7a03a90240de365985d93bc8ed39163f852/kotlin-daemon-client-2.4.10.jar because:
  Build cache is disabled
  Caching not enabled.
Caching disabled for InstrumentationAnalysisTransform: /root/projects/PassVault/audit-runtime-linux-android-compile03/gradle-home/caches/modules-2/files-2.1/com.google.jimfs/jimfs/1.1/8fbd0579dc68aba6186935cc1bee21d2f3e7ec1c/jimfs-1.1.jar because:
  Build cache is disabled
  Caching not enabled.
Caching disabled for InstrumentationAnalysisTransform: /root/projects/PassVault/audit-runtime-linux-android-compile03/gradle-home/caches/modules-2/files-2.1/com.android.tools.build/apkzlib/9.4.0/81e69e9fd7e45be473e784f6220d09bea36115cc/apkzlib-9.4.0.jar because:
  Build cache is disabled
  Caching not enabled.
Caching disabled for InstrumentationAnalysisTransform: /root/projects/PassVault/audit-runtime-linux-android-compile03/gradle-home/caches/modules-2/files-2.1/com.google.guava/guava/33.4.0-jre/3fcc0a259f724c7de54a6a55ea7e26d3d5c0cac/guava-33.4.0-jre.jar because:
  Build cache is disabled
  Caching not enabled.
Caching disabled for InstrumentationAnalysisTransform: /root/projects/PassVault/audit-runtime-linux-android-compile03/gradle-home/caches/modules-2/files-2.1/com.google.dagger/dagger/2.28.3/10d83810ef9e19714116ed518896c90c6606d633/dagger-2.28.3.jar because:
  Build cache is disabled
  Caching not enabled.
Caching disabled for InstrumentationAnalysisTransform: /root/projects/PassVault/audit-runtime-linux-android-compile03/gradle-home/caches/modules-2/files-2.1/javax.inject/javax.inject/1/6975da39a7040257bd51d21a231b76c915872d38/javax.inject-1.jar because:
  Build cache is disabled
  Caching not enabled.
Caching disabled for InstrumentationAnalysisTransform: /root/projects/PassVault/audit-runtime-linux-android-compile03/gradle-home/caches/modules-2/files-2.1/net.sf.kxml/kxml2/2.3.0/ccbc77a5fd907ef863c29f3596c6f54ffa4e9442/kxml2-2.3.0.jar because:
  Build cache is disabled
  Caching not enabled.
Caching disabled for InstrumentationAnalysisTransform: /root/projects/PassVault/audit-runtime-linux-android-compile03/gradle-home/caches/modules-2/files-2.1/org.bouncycastle/bcpkix-jdk18on/1.80.2/cc97199b13ed4166079aec30e020bd684ead274c/bcpkix-jdk18on-1.80.2.jar because:
  Build cache is disabled
  Caching not enabled.
Caching disabled for InstrumentationAnalysisTransform: /root/projects/PassVault/audit-runtime-linux-android-compile03/gradle-home/caches/modules-2/files-2.1/org.bouncycastle/bcutil-jdk18on/1.80.2/5aa52bcc7b7d5dc8975a3df9e657abdb5cea62be/bcutil-jdk18on-1.80.2.jar because:
  Build cache is disabled
  Caching not enabled.
Caching disabled for InstrumentationAnalysisTransform: /root/projects/PassVault/audit-runtime-linux-android-compile03/gradle-home/caches/modules-2/files-2.1/org.bouncycastle/bcprov-jdk18on/1.80.2/698ebb5539a939849576a6854bd52e191cbe1c5c/bcprov-jdk18on-1.80.2.jar because:
  Build cache is disabled
  Caching not enabled.
Caching disabled for InstrumentationAnalysisTransform: /root/projects/PassVault/audit-runtime-linux-android-compile03/gradle-home/caches/modules-2/files-2.1/org.apache.httpcomponents/httpclient/4.5.14/1194890e6f56ec29177673f2f12d0b8e627dec98/httpclient-4.5.14.jar because:
  Build cache is disabled
  Caching not enabled.
Caching disabled for InstrumentationAnalysisTransform: /root/projects/PassVault/audit-runtime-linux-android-compile03/gradle-home/caches/modules-2/files-2.1/org.apache.httpcomponents/httpcore/4.4.16/51cf043c87253c9f58b539c9f7e44c8894223850/httpcore-4.4.16.jar because:
  Build cache is disabled
  Caching not enabled.
Caching disabled for InstrumentationAnalysisTransform: /root/projects/PassVault/audit-runtime-linux-android-compile03/gradle-home/caches/modules-2/files-2.1/com.android/signflinger/9.4.0/931575c0547261e249124c8749ece3b1664763a5/signflinger-9.4.0.jar because:
  Build cache is disabled
  Caching not enabled.
Caching disabled for InstrumentationAnalysisTransform: /root/projects/PassVault/audit-runtime-linux-android-compile03/gradle-home/caches/modules-2/files-2.1/com.android/zipflinger/9.4.0/468d84015634e21c1607b7cb298fff3017dbe19/zipflinger-9.4.0.jar because:
  Build cache is disabled
  Caching not enabled.
Caching disabled for InstrumentationAnalysisTransform: /root/projects/PassVault/audit-runtime-linux-android-compile03/gradle-home/caches/modules-2/files-2.1/com.android.tools/annotations/32.4.0/755aa98f446d71a443d30a732b42f906cce94a44/annotations-32.4.0.jar because:
  Build cache is disabled
  Caching not enabled.
Caching disabled for InstrumentationAnalysisTransform: /root/projects/PassVault/audit-runtime-linux-android-compile03/gradle-home/caches/modules-2/files-2.1/net.java.dev.jna/jna-platform/5.6.0/d18424ffb8bbfd036d71bcaab9b546858f2ef986/jna-platform-5.6.0.jar because:
  Build cache is disabled
  Caching not enabled.
Caching disabled for InstrumentationAnalysisTransform: /root/projects/PassVault/audit-runtime-linux-android-compile03/gradle-home/caches/modules-2/files-2.1/com.googlecode.juniversalchardet/juniversalchardet/1.0.3/cd49678784c46aa8789c060538e0154013bb421b/juniversalchardet-1.0.3.jar because:
  Build cache is disabled
  Caching not enabled.
Caching disabled for InstrumentationAnalysisTransform: /root/projects/PassVault/audit-runtime-linux-android-compile03/gradle-home/caches/modules-2/files-2.1/org.jvnet.staxex/stax-ex/1.8.1/78011e483a21102fb4858f3e8f269a677e50aa23/stax-ex-1.8.1.jar because:
  Build cache is disabled
  Caching not enabled.
Caching disabled for InstrumentationAnalysisTransform: /root/projects/PassVault/audit-runtime-linux-android-compile03/gradle-home/caches/modules-2/files-2.1/jakarta.xml.bind/jakarta.xml.bind-api/2.3.2/8d49996a4338670764d7ca4b85a1c4ccf7fe665d/jakarta.xml.bind-api-2.3.2.jar because:
  Build cache is disabled
  Caching not enabled.
Caching disabled for InstrumentationAnalysisTransform: /root/projects/PassVault/audit-runtime-linux-android-compile03/gradle-home/caches/modules-2/files-2.1/org.glassfish.jaxb/txw2/2.3.2/ce5be7da2e442c25ec14c766cb60cb802741727b/txw2-2.3.2.jar because:
  Build cache is disabled
  Caching not enabled.
Caching disabled for InstrumentationAnalysisTransform: /root/projects/PassVault/audit-runtime-linux-android-compile03/gradle-home/caches/modules-2/files-2.1/com.sun.istack/istack-commons-runtime/3.0.8/d6a97364045aa6b99bf2d3c566a3f98599c2d296/istack-commons-runtime-3.0.8.jar because:
  Build cache is disabled
  Caching not enabled.
Caching disabled for InstrumentationAnalysisTransform: /root/projects/PassVault/audit-runtime-linux-android-compile03/gradle-home/caches/modules-2/files-2.1/com.sun.xml.fastinfoset/FastInfoset/1.2.16/4eb6a0adad553bf759ffe86927df6f3b848c8bea/FastInfoset-1.2.16.jar because:
  Build cache is disabled
  Caching not enabled.
Caching disabled for InstrumentationAnalysisTransform: /root/projects/PassVault/audit-runtime-linux-android-compile03/gradle-home/caches/modules-2/files-2.1/jakarta.activation/jakarta.activation-api/1.2.1/562a587face36ec7eff2db7f2fc95425c6602bc1/jakarta.activation-api-1.2.1.jar because:
  Build cache is disabled
  Caching not enabled.
Caching disabled for InstrumentationAnalysisTransform: /root/projects/PassVault/audit-runtime-linux-android-compile03/gradle-home/caches/modules-2/files-2.1/com.google.auto.value/auto-value-annotations/1.6.2/ed193d86e0af90cc2342aedbe73c5d86b03fa09b/auto-value-annotations-1.6.2.jar because:
  Build cache is disabled
  Caching not enabled.
Caching disabled for InstrumentationAnalysisTransform: /root/projects/PassVault/audit-runtime-linux-android-compile03/gradle-home/caches/modules-2/files-2.1/com.google.errorprone/error_prone_annotations/2.36.0/227d4d4957ccc3dc5761bd897e3a0ee587e750a7/error_prone_annotations-2.36.0.jar because:
  Build cache is disabled
  Caching not enabled.
Caching disabled for InstrumentationAnalysisTransform: /root/projects/PassVault/audit-runtime-linux-android-compile03/gradle-home/caches/modules-2/files-2.1/org.bitbucket.b_c/jose4j/0.9.5/e4ca26802488e6f16e24558d74ac8775a955fdd3/jose4j-0.9.5.jar because:
  Build cache is disabled
  Caching not enabled.
Caching disabled for InstrumentationAnalysisTransform: /root/projects/PassVault/audit-runtime-linux-android-compile03/gradle-home/caches/modules-2/files-2.1/org.slf4j/slf4j-api/1.7.30/b5a4b6d16ab13e34a88fae84c35cd5d68cac922c/slf4j-api-1.7.30.jar because:
  Build cache is disabled
  Caching not enabled.
Caching disabled for InstrumentationAnalysisTransform: /root/projects/PassVault/audit-runtime-linux-android-compile03/gradle-home/caches/modules-2/files-2.1/org.jdom/jdom2/2.0.6/6f14738ec2e9dd0011e343717fa624a10f8aab64/jdom2-2.0.6.jar because:
  Build cache is disabled
  Caching not enabled.
Caching disabled for InstrumentationAnalysisTransform: /root/projects/PassVault/audit-runtime-linux-android-compile03/gradle-home/caches/modules-2/files-2.1/com.google.code.findbugs/jsr305/3.0.2/25ea2e8b0c338a877313bd4672d3fe056ea78f0d/jsr305-3.0.2.jar because:
  Build cache is disabled
  Caching not enabled.
Caching disabled for InstrumentationAnalysisTransform: /root/projects/PassVault/audit-runtime-linux-android-compile03/gradle-home/caches/modules-2/files-2.1/com.google.j2objc/j2objc-annotations/3.0.0/7399e65dd7e9ff3404f4535b2f017093bdb134c7/j2objc-annotations-3.0.0.jar because:
  Build cache is disabled
  Caching not enabled.
Caching disabled for InstrumentationAnalysisTransform: /root/projects/PassVault/audit-runtime-linux-android-compile03/gradle-home/caches/modules-2/files-2.1/org.checkerframework/checker-qual/3.43.0/9425eee39e56b116d2b998b7c2cebcbd11a3c98b/checker-qual-3.43.0.jar because:
  Build cache is disabled
  Caching not enabled.
Caching disabled for InstrumentationAnalysisTransform: /root/projects/PassVault/audit-runtime-linux-android-compile03/gradle-home/caches/modules-2/files-2.1/com.google.flatbuffers/flatbuffers-java/1.12.0/8201cc7b511177a37071249e891f2f2fea4b32e9/flatbuffers-java-1.12.0.jar because:
  Build cache is disabled
  Caching not enabled.
Caching disabled for InstrumentationAnalysisTransform: /root/projects/PassVault/audit-runtime-linux-android-compile03/gradle-home/caches/modules-2/files-2.1/com.android.tools.build/apksig/9.4.0/4b5fb2950c949258167c18b868e66d7a6f49ec3a/apksig-9.4.0.jar because:
  Build cache is disabled
  Caching not enabled.
Caching disabled for InstrumentationAnalysisTransform: /root/projects/PassVault/audit-runtime-linux-android-compile03/gradle-home/caches/modules-2/files-2.1/com.squareup/javawriter/2.5.0/81241ff7078ef14f42ea2a8995fa09c096256e6b/javawriter-2.5.0.jar because:
  Build cache is disabled
  Caching not enabled.
Caching disabled for InstrumentationAnalysisTransform: /root/projects/PassVault/audit-runtime-linux-android-compile03/gradle-home/caches/modules-2/files-2.1/com.google.guava/failureaccess/1.0.2/c4a06a64e650562f30b7bf9aaec1bfed43aca12b/failureaccess-1.0.2.jar because:
  Build cache is disabled
  Caching not enabled.
Caching disabled for InstrumentationAnalysisTransform: /root/projects/PassVault/audit-runtime-linux-android-compile03/gradle-home/caches/modules-2/files-2.1/com.google.guava/listenablefuture/9999.0-empty-to-avoid-conflict-with-guava/b421526c5f297295adef1c886e5246c39d4ac629/listenablefuture-9999.0-empty-to-avoid-conflict-with-guava.jar because:
  Build cache is disabled
  Caching not enabled.
Caching disabled for InstrumentationAnalysisTransform: /root/projects/PassVault/audit-runtime-linux-android-compile03/gradle-home/caches/modules-2/files-2.1/commons-codec/commons-codec/1.17.1/973638b7149d333563584137ebf13a691bb60579/commons-codec-1.17.1.jar because:
  Build cache is disabled
  Caching not enabled.
Caching disabled for InstrumentationAnalysisTransform: /root/projects/PassVault/audit-runtime-linux-android-compile03/gradle-home/caches/modules-2/files-2.1/org.apache.commons/commons-lang3/3.16.0/3eb54effe40946dfb06dc5cd6c7ce4116cd51ea4/commons-lang3-3.16.0.jar because:
  Build cache is disabled
  Caching not enabled.
Caching disabled for InstrumentationAnalysisTransform: /root/projects/PassVault/audit-runtime-linux-android-compile03/gradle-home/caches/modules-2/files-2.1/commons-logging/commons-logging/1.2/4bfc12adfe4842bf07b657f0369c4cb522955686/commons-logging-1.2.jar because:
  Build cache is disabled
  Caching not enabled.
Caching disabled for InstrumentationAnalysisTransform: /root/projects/PassVault/audit-runtime-linux-android-compile03/gradle-home/caches/modules-2/files-2.1/net.java.dev.jna/jna/5.6.0/330f2244e9030119ab3030fc3fededc86713d9cc/jna-5.6.0.jar because:
  Build cache is disabled
  Caching not enabled.
Caching disabled for MergeInstrumentationAnalysisTransform: /root/projects/PassVault/audit-runtime-linux-android-compile03/gradle-home/caches/9.7.1/transforms/4e2fc606d0954074d32af3780bb58a2c/transformed/.gradle-instrumented-classpath.marker because:
  Build cache is disabled
  Caching not enabled.
Caching disabled for MergeInstrumentationAnalysisTransform: /root/projects/PassVault/audit-runtime-linux-android-compile03/gradle-home/caches/9.7.1/transforms/4e2fc606d0954074d32af3780bb58a2c/transformed/analysis/instrumentation-hierarchy.bin because:
  Build cache is disabled
  Caching not enabled.
Caching disabled for MergeInstrumentationAnalysisTransform: /root/projects/PassVault/audit-runtime-linux-android-compile03/gradle-home/caches/9.7.1/transforms/4e2fc606d0954074d32af3780bb58a2c/transformed/analysis/instrumentation-dependencies.bin because:
  Build cache is disabled
  Caching not enabled.
Caching disabled for MergeInstrumentationAnalysisTransform: /root/projects/PassVault/audit-runtime-linux-android-compile03/gradle-home/caches/modules-2/files-2.1/androidx.room/room-gradle-plugin/2.8.4/3f28d654bf30e354803b2d89f15fc227a799b325/room-gradle-plugin-2.8.4.jar because:
  Build cache is disabled
  Caching not enabled.
Caching disabled for ExternalDependencyInstrumentingArtifactTransform: /root/projects/PassVault/audit-runtime-linux-android-compile03/gradle-home/caches/9.7.1/transforms/e597dcad2107dc1b1658eb0f3cf9eb5f/transformed/merge/instrumentation-dependencies.bin because:
  Build cache is disabled
  Caching not enabled.
Caching disabled for ExternalDependencyInstrumentingArtifactTransform: /root/projects/PassVault/audit-runtime-linux-android-compile03/gradle-home/caches/modules-2/files-2.1/androidx.room/room-gradle-plugin/2.8.4/3f28d654bf30e354803b2d89f15fc227a799b325/room-gradle-plugin-2.8.4.jar because:
  Build cache is disabled
  Caching not enabled.
Caching disabled for MergeInstrumentationAnalysisTransform: /root/projects/PassVault/audit-runtime-linux-android-compile03/gradle-home/caches/9.7.1/transforms/a071aa20d6c97d95683163a7d6c2b4e8/transformed/analysis/instrumentation-hierarchy.bin because:
  Build cache is disabled
  Caching not enabled.
Caching disabled for MergeInstrumentationAnalysisTransform: /root/projects/PassVault/audit-runtime-linux-android-compile03/gradle-home/caches/9.7.1/transforms/a071aa20d6c97d95683163a7d6c2b4e8/transformed/analysis/instrumentation-dependencies.bin because:
  Build cache is disabled
  Caching not enabled.
Caching disabled for MergeInstrumentationAnalysisTransform: /root/projects/PassVault/audit-runtime-linux-android-compile03/gradle-home/caches/modules-2/files-2.1/com.android.tools.build/gradle-settings-api/9.4.0/fcfedf9a56578511894c869f71eaecafbf5e49e6/gradle-settings-api-9.4.0.jar because:
  Build cache is disabled
  Caching not enabled.
Caching disabled for ExternalDependencyInstrumentingArtifactTransform: /root/projects/PassVault/audit-runtime-linux-android-compile03/gradle-home/caches/9.7.1/transforms/315352dc79d95e16b2d40f575e73dbc5/transformed/merge/instrumentation-dependencies.bin because:
  Build cache is disabled
  Caching not enabled.
Caching disabled for ExternalDependencyInstrumentingArtifactTransform: /root/projects/PassVault/audit-runtime-linux-android-compile03/gradle-home/caches/modules-2/files-2.1/com.android.tools.build/gradle-settings-api/9.4.0/fcfedf9a56578511894c869f71eaecafbf5e49e6/gradle-settings-api-9.4.0.jar because:
  Build cache is disabled
  Caching not enabled.
Caching disabled for MergeInstrumentationAnalysisTransform: /root/projects/PassVault/audit-runtime-linux-android-compile03/gradle-home/caches/9.7.1/transforms/cbdb11bdc3c0e98bff81618a314a78a6/transformed/analysis/instrumentation-hierarchy.bin because:
  Build cache is disabled
  Caching not enabled.
Caching disabled for MergeInstrumentationAnalysisTransform: /root/projects/PassVault/audit-runtime-linux-android-compile03/gradle-home/caches/9.7.1/transforms/cbdb11bdc3c0e98bff81618a314a78a6/transformed/analysis/instrumentation-dependencies.bin because:
  Build cache is disabled
  Caching not enabled.
Caching disabled for MergeInstrumentationAnalysisTransform: /root/projects/PassVault/audit-runtime-linux-android-compile03/gradle-home/caches/modules-2/files-2.1/com.android.tools.build/gradle-common-api/9.4.0/188fc42710d4072ae7f02415b497fe311041b555/gradle-common-api-9.4.0.jar because:
  Build cache is disabled
  Caching not enabled.
Caching disabled for ExternalDependencyInstrumentingArtifactTransform: /root/projects/PassVault/audit-runtime-linux-android-compile03/gradle-home/caches/9.7.1/transforms/a9b418f8693e063ab11a4ec17481172d/transformed/merge/instrumentation-dependencies.bin because:
  Build cache is disabled
  Caching not enabled.
Caching disabled for ExternalDependencyInstrumentingArtifactTransform: /root/projects/PassVault/audit-runtime-linux-android-compile03/gradle-home/caches/modules-2/files-2.1/com.android.tools.build/gradle-common-api/9.4.0/188fc42710d4072ae7f02415b497fe311041b555/gradle-common-api-9.4.0.jar because:
  Build cache is disabled
  Caching not enabled.
Caching disabled for MergeInstrumentationAnalysisTransform: /root/projects/PassVault/audit-runtime-linux-android-compile03/gradle-home/caches/9.7.1/transforms/cd03375ebf9923205c27bb2866605530/transformed/analysis/instrumentation-hierarchy.bin because:
  Build cache is disabled
  Caching not enabled.
Caching disabled for MergeInstrumentationAnalysisTransform: /root/projects/PassVault/audit-runtime-linux-android-compile03/gradle-home/caches/9.7.1/transforms/cd03375ebf9923205c27bb2866605530/transformed/analysis/instrumentation-dependencies.bin because:
  Build cache is disabled
  Caching not enabled.
Caching disabled for MergeInstrumentationAnalysisTransform: /root/projects/PassVault/audit-runtime-linux-android-compile03/gradle-home/caches/modules-2/files-2.1/com.android.tools.build/gradle-api/9.4.0/4b8d719df49cceafe003db8277780acfab8b0d0d/gradle-api-9.4.0.jar because:
  Build cache is disabled
  Caching not enabled.
Caching disabled for ExternalDependencyInstrumentingArtifactTransform: /root/projects/PassVault/audit-runtime-linux-android-compile03/gradle-home/caches/9.7.1/transforms/b44a2ff2500e4e9b773ed5a5e52cc429/transformed/merge/instrumentation-dependencies.bin because:
  Build cache is disabled
  Caching not enabled.
Caching disabled for ExternalDependencyInstrumentingArtifactTransform: /root/projects/PassVault/audit-runtime-linux-android-compile03/gradle-home/caches/modules-2/files-2.1/com.android.tools.build/gradle-api/9.4.0/4b8d719df49cceafe003db8277780acfab8b0d0d/gradle-api-9.4.0.jar because:
  Build cache is disabled
  Caching not enabled.
Caching disabled for MergeInstrumentationAnalysisTransform: /root/projects/PassVault/audit-runtime-linux-android-compile03/gradle-home/caches/9.7.1/transforms/6ede40fdbbef3d9ac8b15260970bf17d/transformed/analysis/instrumentation-hierarchy.bin because:
  Build cache is disabled
  Caching not enabled.
Caching disabled for MergeInstrumentationAnalysisTransform: /root/projects/PassVault/audit-runtime-linux-android-compile03/gradle-home/caches/9.7.1/transforms/6ede40fdbbef3d9ac8b15260970bf17d/transformed/analysis/instrumentation-dependencies.bin because:
  Build cache is disabled
  Caching not enabled.
Caching disabled for MergeInstrumentationAnalysisTransform: /root/projects/PassVault/audit-runtime-linux-android-compile03/gradle-home/caches/modules-2/files-2.1/com.android.tools.build/gradle/9.4.0/4bf388abd58d7a14e9571c2524b3c5c54083a5c7/gradle-9.4.0.jar because:
  Build cache is disabled
  Caching not enabled.
Caching disabled for ExternalDependencyInstrumentingArtifactTransform: /root/projects/PassVault/audit-runtime-linux-android-compile03/gradle-home/caches/9.7.1/transforms/a9945b61018f1bdd9ee7eb0813254df1/transformed/merge/instrumentation-dependencies.bin because:
  Build cache is disabled
  Caching not enabled.
Caching disabled for ExternalDependencyInstrumentingArtifactTransform: /root/projects/PassVault/audit-runtime-linux-android-compile03/gradle-home/caches/modules-2/files-2.1/com.android.tools.build/gradle/9.4.0/4bf388abd58d7a14e9571c2524b3c5c54083a5c7/gradle-9.4.0.jar because:
  Build cache is disabled
  Caching not enabled.
Caching disabled for MergeInstrumentationAnalysisTransform: /root/projects/PassVault/audit-runtime-linux-android-compile03/gradle-home/caches/9.7.1/transforms/6e59270b74f03407ece03359824c8c47/transformed/analysis/instrumentation-hierarchy.bin because:
  Build cache is disabled
  Caching not enabled.
Caching disabled for MergeInstrumentationAnalysisTransform: /root/projects/PassVault/audit-runtime-linux-android-compile03/gradle-home/caches/9.7.1/transforms/6e59270b74f03407ece03359824c8c47/transformed/analysis/instrumentation-dependencies.bin because:
  Build cache is disabled
  Caching not enabled.
Caching disabled for MergeInstrumentationAnalysisTransform: /root/projects/PassVault/audit-runtime-linux-android-compile03/gradle-home/caches/modules-2/files-2.1/com.google.devtools.ksp/symbol-processing-gradle-plugin/2.3.10/305dc21d624de19d002813606ff7251997ac90e4/symbol-processing-gradle-plugin-2.3.10.jar because:
  Build cache is disabled
  Caching not enabled.
Caching disabled for ExternalDependencyInstrumentingArtifactTransform: /root/projects/PassVault/audit-runtime-linux-android-compile03/gradle-home/caches/9.7.1/transforms/1a8e36e31d8187b36aea35ea6605d67f/transformed/merge/instrumentation-dependencies.bin because:
  Build cache is disabled
  Caching not enabled.
Caching disabled for ExternalDependencyInstrumentingArtifactTransform: /root/projects/PassVault/audit-runtime-linux-android-compile03/gradle-home/caches/modules-2/files-2.1/com.google.devtools.ksp/symbol-processing-gradle-plugin/2.3.10/305dc21d624de19d002813606ff7251997ac90e4/symbol-processing-gradle-plugin-2.3.10.jar because:
  Build cache is disabled
  Caching not enabled.
Caching disabled for MergeInstrumentationAnalysisTransform: /root/projects/PassVault/audit-runtime-linux-android-compile03/gradle-home/caches/9.7.1/transforms/63e8855d2cfec5d7576a36e3d341d765/transformed/analysis/instrumentation-hierarchy.bin because:
  Build cache is disabled
  Caching not enabled.
Caching disabled for MergeInstrumentationAnalysisTransform: /root/projects/PassVault/audit-runtime-linux-android-compile03/gradle-home/caches/9.7.1/transforms/63e8855d2cfec5d7576a36e3d341d765/transformed/analysis/instrumentation-dependencies.bin because:
  Build cache is disabled
  Caching not enabled.
Caching disabled for MergeInstrumentationAnalysisTransform: /root/projects/PassVault/audit-runtime-linux-android-compile03/gradle-home/caches/modules-2/files-2.1/com.google.devtools.ksp/symbol-processing-api/2.3.10/a6f7d2f5cb6f63aed0e07eb53db1bf6ed07151d6/symbol-processing-api-2.3.10.jar because:
  Build cache is disabled
  Caching not enabled.
Caching disabled for ExternalDependencyInstrumentingArtifactTransform: /root/projects/PassVault/audit-runtime-linux-android-compile03/gradle-home/caches/9.7.1/transforms/2800972122e063e81f17c1e1771ff80e/transformed/merge/instrumentation-dependencies.bin because:
  Build cache is disabled
  Caching not enabled.
Caching disabled for ExternalDependencyInstrumentingArtifactTransform: /root/projects/PassVault/audit-runtime-linux-android-compile03/gradle-home/caches/modules-2/files-2.1/com.google.devtools.ksp/symbol-processing-api/2.3.10/a6f7d2f5cb6f63aed0e07eb53db1bf6ed07151d6/symbol-processing-api-2.3.10.jar because:
  Build cache is disabled
  Caching not enabled.
Caching disabled for MergeInstrumentationAnalysisTransform: /root/projects/PassVault/audit-runtime-linux-android-compile03/gradle-home/caches/9.7.1/transforms/5c4af8020f2ed76cc2f9f806c57f0e2a/transformed/analysis/instrumentation-hierarchy.bin because:
  Build cache is disabled
  Caching not enabled.
Caching disabled for MergeInstrumentationAnalysisTransform: /root/projects/PassVault/audit-runtime-linux-android-compile03/gradle-home/caches/9.7.1/transforms/5c4af8020f2ed76cc2f9f806c57f0e2a/transformed/analysis/instrumentation-dependencies.bin because:
  Build cache is disabled
  Caching not enabled.
Caching disabled for MergeInstrumentationAnalysisTransform: /root/projects/PassVault/audit-runtime-linux-android-compile03/gradle-home/caches/modules-2/files-2.1/com.google.devtools.ksp/symbol-processing-common-deps/2.3.10/f0bb28d7b911d8bd53e480c4678badbdede9507b/symbol-processing-common-deps-2.3.10.jar because:
  Build cache is disabled
  Caching not enabled.
Caching disabled for ExternalDependencyInstrumentingArtifactTransform: /root/projects/PassVault/audit-runtime-linux-android-compile03/gradle-home/caches/9.7.1/transforms/0a9374196563714f06587fe111c0c8b4/transformed/merge/instrumentation-dependencies.bin because:
  Build cache is disabled
  Caching not enabled.
Caching disabled for ExternalDependencyInstrumentingArtifactTransform: /root/projects/PassVault/audit-runtime-linux-android-compile03/gradle-home/caches/modules-2/files-2.1/com.google.devtools.ksp/symbol-processing-common-deps/2.3.10/f0bb28d7b911d8bd53e480c4678badbdede9507b/symbol-processing-common-deps-2.3.10.jar because:
  Build cache is disabled
  Caching not enabled.
Caching disabled for MergeInstrumentationAnalysisTransform: /root/projects/PassVault/audit-runtime-linux-android-compile03/gradle-home/caches/9.7.1/transforms/46f717dd02c9e37a7ccf98cbf502d548/transformed/analysis/instrumentation-hierarchy.bin because:
  Build cache is disabled
  Caching not enabled.
Caching disabled for MergeInstrumentationAnalysisTransform: /root/projects/PassVault/audit-runtime-linux-android-compile03/gradle-home/caches/9.7.1/transforms/46f717dd02c9e37a7ccf98cbf502d548/transformed/analysis/instrumentation-dependencies.bin because:
  Build cache is disabled
  Caching not enabled.
Caching disabled for MergeInstrumentationAnalysisTransform: /root/projects/PassVault/audit-runtime-linux-android-compile03/gradle-home/caches/modules-2/files-2.1/com.android.tools.build/aaptcompiler/9.4.0/618464e735fb0db6c4fad5906121ffd229a0afe9/aaptcompiler-9.4.0.jar because:
  Build cache is disabled
  Caching not enabled.
Caching disabled for ExternalDependencyInstrumentingArtifactTransform: /root/projects/PassVault/audit-runtime-linux-android-compile03/gradle-home/caches/9.7.1/transforms/ed9bdf521ff905769c9fe65771b89419/transformed/merge/instrumentation-dependencies.bin because:
  Build cache is disabled
  Caching not enabled.
Caching disabled for ExternalDependencyInstrumentingArtifactTransform: /root/projects/PassVault/audit-runtime-linux-android-compile03/gradle-home/caches/modules-2/files-2.1/com.android.tools.build/aaptcompiler/9.4.0/618464e735fb0db6c4fad5906121ffd229a0afe9/aaptcompiler-9.4.0.jar because:
  Build cache is disabled
  Caching not enabled.
Caching disabled for MergeInstrumentationAnalysisTransform: /root/projects/PassVault/audit-runtime-linux-android-compile03/gradle-home/caches/9.7.1/transforms/9a762421d3b295bbaab950028e5ba8cb/transformed/analysis/instrumentation-hierarchy.bin because:
  Build cache is disabled
  Caching not enabled.
Caching disabled for MergeInstrumentationAnalysisTransform: /root/projects/PassVault/audit-runtime-linux-android-compile03/gradle-home/caches/9.7.1/transforms/9a762421d3b295bbaab950028e5ba8cb/transformed/analysis/instrumentation-dependencies.bin because:
  Build cache is disabled
  Caching not enabled.
Caching disabled for MergeInstrumentationAnalysisTransform: /root/projects/PassVault/audit-runtime-linux-android-compile03/gradle-home/caches/modules-2/files-2.1/com.android.tools.utp/gradle-work-action-api/32.4.0/a3b3019fa407b16a9b15e764f4b1ac5f2df9d11b/gradle-work-action-api-32.4.0.jar because:
  Build cache is disabled
  Caching not enabled.
Caching disabled for ExternalDependencyInstrumentingArtifactTransform: /root/projects/PassVault/audit-runtime-linux-android-compile03/gradle-home/caches/9.7.1/transforms/c90290726d7561e7c104d5ae8d41a678/transformed/merge/instrumentation-dependencies.bin because:
  Build cache is disabled
  Caching not enabled.
Caching disabled for ExternalDependencyInstrumentingArtifactTransform: /root/projects/PassVault/audit-runtime-linux-android-compile03/gradle-home/caches/modules-2/files-2.1/com.android.tools.utp/gradle-work-action-api/32.4.0/a3b3019fa407b16a9b15e764f4b1ac5f2df9d11b/gradle-work-action-api-32.4.0.jar because:
  Build cache is disabled
  Caching not enabled.
Caching disabled for MergeInstrumentationAnalysisTransform: /root/projects/PassVault/audit-runtime-linux-android-compile03/gradle-home/caches/9.7.1/transforms/f795e401016967dc5cdb8c7aad57f141/transformed/analysis/instrumentation-hierarchy.bin because:
  Build cache is disabled
  Caching not enabled.
Caching disabled for MergeInstrumentationAnalysisTransform: /root/projects/PassVault/audit-runtime-linux-android-compile03/gradle-home/caches/9.7.1/transforms/f795e401016967dc5cdb8c7aad57f141/transformed/analysis/instrumentation-dependencies.bin because:
  Build cache is disabled
  Caching not enabled.
Caching disabled for MergeInstrumentationAnalysisTransform: /root/projects/PassVault/audit-runtime-linux-android-compile03/gradle-home/caches/modules-2/files-2.1/androidx.databinding/databinding-compiler-common/9.4.0/ee18738f9b4b0611aea6428eaad49fb9c168523e/databinding-compiler-common-9.4.0.jar because:
  Build cache is disabled
  Caching not enabled.
Caching disabled for ExternalDependencyInstrumentingArtifactTransform: /root/projects/PassVault/audit-runtime-linux-android-compile03/gradle-home/caches/9.7.1/transforms/907dc837fffe25634afb7c2c6993d5b4/transformed/merge/instrumentation-dependencies.bin because:
  Build cache is disabled
  Caching not enabled.
Caching disabled for ExternalDependencyInstrumentingArtifactTransform: /root/projects/PassVault/audit-runtime-linux-android-compile03/gradle-home/caches/modules-2/files-2.1/androidx.databinding/databinding-compiler-common/9.4.0/ee18738f9b4b0611aea6428eaad49fb9c168523e/databinding-compiler-common-9.4.0.jar because:
  Build cache is disabled
  Caching not enabled.
Caching disabled for MergeInstrumentationAnalysisTransform: /root/projects/PassVault/audit-runtime-linux-android-compile03/gradle-home/caches/9.7.1/transforms/8b93082de4c3ecef036a45774c5ed35d/transformed/analysis/instrumentation-hierarchy.bin because:
  Build cache is disabled
  Caching not enabled.
Caching disabled for MergeInstrumentationAnalysisTransform: /root/projects/PassVault/audit-runtime-linux-android-compile03/gradle-home/caches/9.7.1/transforms/8b93082de4c3ecef036a45774c5ed35d/transformed/analysis/instrumentation-dependencies.bin because:
  Build cache is disabled
  Caching not enabled.
Caching disabled for MergeInstrumentationAnalysisTransform: /root/projects/PassVault/audit-runtime-linux-android-compile03/gradle-home/caches/modules-2/files-2.1/com.android.tools.build.jetifier/jetifier-processor/1.0.0-beta10/946c39eb0c052ff4f60a8939648a8b99af20d604/jetifier-processor-1.0.0-beta10.jar because:
  Build cache is disabled
  Caching not enabled.
Caching disabled for ExternalDependencyInstrumentingArtifactTransform: /root/projects/PassVault/audit-runtime-linux-android-compile03/gradle-home/caches/9.7.1/transforms/a22313cf16e0b28bc7bb103b49401a7f/transformed/merge/instrumentation-dependencies.bin because:
  Build cache is disabled
  Caching not enabled.
Caching disabled for ExternalDependencyInstrumentingArtifactTransform: /root/projects/PassVault/audit-runtime-linux-android-compile03/gradle-home/caches/modules-2/files-2.1/com.android.tools.build.jetifier/jetifier-processor/1.0.0-beta10/946c39eb0c052ff4f60a8939648a8b99af20d604/jetifier-processor-1.0.0-beta10.jar because:
  Build cache is disabled
  Caching not enabled.
Caching disabled for MergeInstrumentationAnalysisTransform: /root/projects/PassVault/audit-runtime-linux-android-compile03/gradle-home/caches/9.7.1/transforms/c449837041688080111950291b2b032a/transformed/analysis/instrumentation-hierarchy.bin because:
  Build cache is disabled
  Caching not enabled.
Caching disabled for MergeInstrumentationAnalysisTransform: /root/projects/PassVault/audit-runtime-linux-android-compile03/gradle-home/caches/9.7.1/transforms/c449837041688080111950291b2b032a/transformed/analysis/instrumentation-dependencies.bin because:
  Build cache is disabled
  Caching not enabled.
Caching disabled for MergeInstrumentationAnalysisTransform: /root/projects/PassVault/audit-runtime-linux-android-compile03/gradle-home/caches/modules-2/files-2.1/com.android.tools.build.jetifier/jetifier-core/1.0.0-beta10/6e621022a9c95af12a7004d6b55805bbd1126837/jetifier-core-1.0.0-beta10.jar because:
  Build cache is disabled
  Caching not enabled.
Caching disabled for ExternalDependencyInstrumentingArtifactTransform: /root/projects/PassVault/audit-runtime-linux-android-compile03/gradle-home/caches/9.7.1/transforms/19137e2dab3e1c80c5b07ba7dc04e34f/transformed/merge/instrumentation-dependencies.bin because:
  Build cache is disabled
  Caching not enabled.
Caching disabled for ExternalDependencyInstrumentingArtifactTransform: /root/projects/PassVault/audit-runtime-linux-android-compile03/gradle-home/caches/modules-2/files-2.1/com.android.tools.build.jetifier/jetifier-core/1.0.0-beta10/6e621022a9c95af12a7004d6b55805bbd1126837/jetifier-core-1.0.0-beta10.jar because:
  Build cache is disabled
  Caching not enabled.
Caching disabled for MergeInstrumentationAnalysisTransform: /root/projects/PassVault/audit-runtime-linux-android-compile03/gradle-home/caches/9.7.1/transforms/9b87b90661d37108c4898cf2b395ea31/transformed/analysis/instrumentation-hierarchy.bin because:
  Build cache is disabled
  Caching not enabled.
Caching disabled for MergeInstrumentationAnalysisTransform: /root/projects/PassVault/audit-runtime-linux-android-compile03/gradle-home/caches/9.7.1/transforms/9b87b90661d37108c4898cf2b395ea31/transformed/analysis/instrumentation-dependencies.bin because:
  Build cache is disabled
  Caching not enabled.
Caching disabled for MergeInstrumentationAnalysisTransform: /root/projects/PassVault/audit-runtime-linux-android-compile03/gradle-home/caches/modules-2/files-2.1/com.android.tools.build/builder/9.4.0/d1d5f9a479131e45d876213b674c9fd1a8a2d6ea/builder-9.4.0.jar because:
  Build cache is disabled
  Caching not enabled.
Caching disabled for ExternalDependencyInstrumentingArtifactTransform: /root/projects/PassVault/audit-runtime-linux-android-compile03/gradle-home/caches/9.7.1/transforms/b28fc293c60775e83d0013a1e4de3383/transformed/merge/instrumentation-dependencies.bin because:
  Build cache is disabled
  Caching not enabled.
Caching disabled for ExternalDependencyInstrumentingArtifactTransform: /root/projects/PassVault/audit-runtime-linux-android-compile03/gradle-home/caches/modules-2/files-2.1/com.android.tools.build/builder/9.4.0/d1d5f9a479131e45d876213b674c9fd1a8a2d6ea/builder-9.4.0.jar because:
  Build cache is disabled
  Caching not enabled.
Caching disabled for MergeInstrumentationAnalysisTransform: /root/projects/PassVault/audit-runtime-linux-android-compile03/gradle-home/caches/9.7.1/transforms/8ec6b612ef68c7e82a84fd5c4501d9f2/transformed/analysis/instrumentation-hierarchy.bin because:
  Build cache is disabled
  Caching not enabled.
Caching disabled for MergeInstrumentationAnalysisTransform: /root/projects/PassVault/audit-runtime-linux-android-compile03/gradle-home/caches/9.7.1/transforms/8ec6b612ef68c7e82a84fd5c4501d9f2/transformed/analysis/instrumentation-dependencies.bin because:
  Build cache is disabled
  Caching not enabled.
Caching disabled for MergeInstrumentationAnalysisTransform: /root/projects/PassVault/audit-runtime-linux-android-compile03/gradle-home/caches/modules-2/files-2.1/com.android.tools.lint/lint-model/32.4.0/2a01476159d9ab4b0f12e84f41f5a3a142414c6/lint-model-32.4.0.jar because:
  Build cache is disabled
  Caching not enabled.
Caching disabled for ExternalDependencyInstrumentingArtifactTransform: /root/projects/PassVault/audit-runtime-linux-android-compile03/gradle-home/caches/9.7.1/transforms/7275a14f3eb9103456d3e634187a3542/transformed/merge/instrumentation-dependencies.bin because:
  Build cache is disabled
  Caching not enabled.
Caching disabled for ExternalDependencyInstrumentingArtifactTransform: /root/projects/PassVault/audit-runtime-linux-android-compile03/gradle-home/caches/modules-2/files-2.1/com.android.tools.lint/lint-model/32.4.0/2a01476159d9ab4b0f12e84f41f5a3a142414c6/lint-model-32.4.0.jar because:
  Build cache is disabled
  Caching not enabled.
Caching disabled for MergeInstrumentationAnalysisTransform: /root/projects/PassVault/audit-runtime-linux-android-compile03/gradle-home/caches/9.7.1/transforms/1dd6dba579e88aa8ab9536a70f5cad17/transformed/analysis/instrumentation-hierarchy.bin because:
  Build cache is disabled
  Caching not enabled.
Caching disabled for MergeInstrumentationAnalysisTransform: /root/projects/PassVault/audit-runtime-linux-android-compile03/gradle-home/caches/9.7.1/transforms/1dd6dba579e88aa8ab9536a70f5cad17/transformed/analysis/instrumentation-dependencies.bin because:
  Build cache is disabled
  Caching not enabled.
Caching disabled for MergeInstrumentationAnalysisTransform: /root/projects/PassVault/audit-runtime-linux-android-compile03/gradle-home/caches/modules-2/files-2.1/com.android.tools.build/builder-model/9.4.0/2edee2cd225a6dc43276d3328a3ffac827694a9f/builder-model-9.4.0.jar because:
  Build cache is disabled
  Caching not enabled.
Caching disabled for ExternalDependencyInstrumentingArtifactTransform: /root/projects/PassVault/audit-runtime-linux-android-compile03/gradle-home/caches/9.7.1/transforms/9a2c0936d67096d1d110fbef8d9410d9/transformed/merge/instrumentation-dependencies.bin because:
  Build cache is disabled
  Caching not enabled.
Caching disabled for ExternalDependencyInstrumentingArtifactTransform: /root/projects/PassVault/audit-runtime-linux-android-compile03/gradle-home/caches/modules-2/files-2.1/com.android.tools.build/builder-model/9.4.0/2edee2cd225a6dc43276d3328a3ffac827694a9f/builder-model-9.4.0.jar because:
  Build cache is disabled
  Caching not enabled.
Caching disabled for MergeInstrumentationAnalysisTransform: /root/projects/PassVault/audit-runtime-linux-android-compile03/gradle-home/caches/9.7.1/transforms/8b9c1bfa9b7e382f112652a4772d6268/transformed/analysis/instrumentation-hierarchy.bin because:
  Build cache is disabled
  Caching not enabled.
Caching disabled for MergeInstrumentationAnalysisTransform: /root/projects/PassVault/audit-runtime-linux-android-compile03/gradle-home/caches/9.7.1/transforms/8b9c1bfa9b7e382f112652a4772d6268/transformed/analysis/instrumentation-dependencies.bin because:
  Build cache is disabled
  Caching not enabled.
Caching disabled for MergeInstrumentationAnalysisTransform: /root/projects/PassVault/audit-runtime-linux-android-compile03/gradle-home/caches/modules-2/files-2.1/com.android.tools.build/manifest-merger/32.4.0/69a65bba12474ac5a1cf407def4f118bcd94b8dc/manifest-merger-32.4.0.jar because:
  Build cache is disabled
  Caching not enabled.
Caching disabled for ExternalDependencyInstrumentingArtifactTransform: /root/projects/PassVault/audit-runtime-linux-android-compile03/gradle-home/caches/9.7.1/transforms/796c1bba5c3af7525bb5f997aee8a439/transformed/merge/instrumentation-dependencies.bin because:
  Build cache is disabled
  Caching not enabled.
Caching disabled for ExternalDependencyInstrumentingArtifactTransform: /root/projects/PassVault/audit-runtime-linux-android-compile03/gradle-home/caches/modules-2/files-2.1/com.android.tools.build/manifest-merger/32.4.0/69a65bba12474ac5a1cf407def4f118bcd94b8dc/manifest-merger-32.4.0.jar because:
  Build cache is disabled
  Caching not enabled.
Caching disabled for MergeInstrumentationAnalysisTransform: /root/projects/PassVault/audit-runtime-linux-android-compile03/gradle-home/caches/9.7.1/transforms/d554671a3597f0740953b68708416fd6/transformed/analysis/instrumentation-hierarchy.bin because:
  Build cache is disabled
  Caching not enabled.
Caching disabled for MergeInstrumentationAnalysisTransform: /root/projects/PassVault/audit-runtime-linux-android-compile03/gradle-home/caches/9.7.1/transforms/d554671a3597f0740953b68708416fd6/transformed/analysis/instrumentation-dependencies.bin because:
  Build cache is disabled
  Caching not enabled.
Caching disabled for MergeInstrumentationAnalysisTransform: /root/projects/PassVault/audit-runtime-linux-android-compile03/gradle-home/caches/modules-2/files-2.1/com.android.tools/sdk-common/32.4.0/aa7fdb85569977f294b4fba5b1451b5a14d6c422/sdk-common-32.4.0.jar because:
  Build cache is disabled
  Caching not enabled.
Caching disabled for ExternalDependencyInstrumentingArtifactTransform: /root/projects/PassVault/audit-runtime-linux-android-compile03/gradle-home/caches/9.7.1/transforms/b1f86b13d70eaec7f679d1d575d3ad7c/transformed/merge/instrumentation-dependencies.bin because:
  Build cache is disabled
  Caching not enabled.
Caching disabled for ExternalDependencyInstrumentingArtifactTransform: /root/projects/PassVault/audit-runtime-linux-android-compile03/gradle-home/caches/modules-2/files-2.1/com.android.tools/sdk-common/32.4.0/aa7fdb85569977f294b4fba5b1451b5a14d6c422/sdk-common-32.4.0.jar because:
  Build cache is disabled
  Caching not enabled.
Caching disabled for MergeInstrumentationAnalysisTransform: /root/projects/PassVault/audit-runtime-linux-android-compile03/gradle-home/caches/9.7.1/transforms/de7c872effd46a75e242d09568ad2438/transformed/analysis/instrumentation-hierarchy.bin because:
  Build cache is disabled
  Caching not enabled.
Caching disabled for MergeInstrumentationAnalysisTransform: /root/projects/PassVault/audit-runtime-linux-android-compile03/gradle-home/caches/9.7.1/transforms/de7c872effd46a75e242d09568ad2438/transformed/analysis/instrumentation-dependencies.bin because:
  Build cache is disabled
  Caching not enabled.
Caching disabled for MergeInstrumentationAnalysisTransform: /root/projects/PassVault/audit-runtime-linux-android-compile03/gradle-home/caches/modules-2/files-2.1/org.jetbrains.kotlin/kotlin-reflect/2.4.0/532cc727c0960d12f4c9acb6a6c2c4a3e08187b/kotlin-reflect-2.4.0.jar because:
  Build cache is disabled
  Caching not enabled.
Caching disabled for ExternalDependencyInstrumentingArtifactTransform: /root/projects/PassVault/audit-runtime-linux-android-compile03/gradle-home/caches/9.7.1/transforms/8c042b5839fb36fac367e8d68b262c89/transformed/merge/instrumentation-dependencies.bin because:
  Build cache is disabled
  Caching not enabled.
Caching disabled for ExternalDependencyInstrumentingArtifactTransform: /root/projects/PassVault/audit-runtime-linux-android-compile03/gradle-home/caches/modules-2/files-2.1/org.jetbrains.kotlin/kotlin-reflect/2.4.0/532cc727c0960d12f4c9acb6a6c2c4a3e08187b/kotlin-reflect-2.4.0.jar because:
  Build cache is disabled
  Caching not enabled.
Caching disabled for MergeInstrumentationAnalysisTransform: /root/projects/PassVault/audit-runtime-linux-android-compile03/gradle-home/caches/9.7.1/transforms/c7d223a254cc8ce596e19e487d511f5f/transformed/analysis/instrumentation-hierarchy.bin because:
  Build cache is disabled
  Caching not enabled.
Caching disabled for MergeInstrumentationAnalysisTransform: /root/projects/PassVault/audit-runtime-linux-android-compile03/gradle-home/caches/9.7.1/transforms/c7d223a254cc8ce596e19e487d511f5f/transformed/analysis/instrumentation-dependencies.bin because:
  Build cache is disabled
  Caching not enabled.
Caching disabled for MergeInstrumentationAnalysisTransform: /root/projects/PassVault/audit-runtime-linux-android-compile03/gradle-home/caches/modules-2/files-2.1/com.android.tools/sdklib/32.4.0/16b34ddee0d33385dbce03577a83b1c1e09aff3a/sdklib-32.4.0.jar because:
  Build cache is disabled
  Caching not enabled.
Caching disabled for ExternalDependencyInstrumentingArtifactTransform: /root/projects/PassVault/audit-runtime-linux-android-compile03/gradle-home/caches/9.7.1/transforms/47d81b989cb3ca9974fc03a7ca4fba71/transformed/merge/instrumentation-dependencies.bin because:
  Build cache is disabled
  Caching not enabled.
Caching disabled for ExternalDependencyInstrumentingArtifactTransform: /root/projects/PassVault/audit-runtime-linux-android-compile03/gradle-home/caches/modules-2/files-2.1/com.android.tools/sdklib/32.4.0/16b34ddee0d33385dbce03577a83b1c1e09aff3a/sdklib-32.4.0.jar because:
  Build cache is disabled
  Caching not enabled.
Caching disabled for MergeInstrumentationAnalysisTransform: /root/projects/PassVault/audit-runtime-linux-android-compile03/gradle-home/caches/9.7.1/transforms/cfc14889272a909133065011eb6a19df/transformed/analysis/instrumentation-hierarchy.bin because:
  Build cache is disabled
  Caching not enabled.
Caching disabled for MergeInstrumentationAnalysisTransform: /root/projects/PassVault/audit-runtime-linux-android-compile03/gradle-home/caches/9.7.1/transforms/cfc14889272a909133065011eb6a19df/transformed/analysis/instrumentation-dependencies.bin because:
  Build cache is disabled
  Caching not enabled.
Caching disabled for MergeInstrumentationAnalysisTransform: /root/projects/PassVault/audit-runtime-linux-android-compile03/gradle-home/caches/modules-2/files-2.1/com.android.tools/repository/32.4.0/8b46d4a01e62b854aaad0f32b09b04576652d97b/repository-32.4.0.jar because:
  Build cache is disabled
  Caching not enabled.
Caching disabled for ExternalDependencyInstrumentingArtifactTransform: /root/projects/PassVault/audit-runtime-linux-android-compile03/gradle-home/caches/9.7.1/transforms/7aa009ffc86c188bcac4429c98272a15/transformed/merge/instrumentation-dependencies.bin because:
  Build cache is disabled
  Caching not enabled.
Caching disabled for ExternalDependencyInstrumentingArtifactTransform: /root/projects/PassVault/audit-runtime-linux-android-compile03/gradle-home/caches/modules-2/files-2.1/com.android.tools/repository/32.4.0/8b46d4a01e62b854aaad0f32b09b04576652d97b/repository-32.4.0.jar because:
  Build cache is disabled
  Caching not enabled.
Caching disabled for MergeInstrumentationAnalysisTransform: /root/projects/PassVault/audit-runtime-linux-android-compile03/gradle-home/caches/9.7.1/transforms/1f63175a0fd140929131ebafe5571fd5/transformed/analysis/instrumentation-hierarchy.bin because:
  Build cache is disabled
  Caching not enabled.
Caching disabled for MergeInstrumentationAnalysisTransform: /root/projects/PassVault/audit-runtime-linux-android-compile03/gradle-home/caches/9.7.1/transforms/1f63175a0fd140929131ebafe5571fd5/transformed/analysis/instrumentation-dependencies.bin because:
  Build cache is disabled
  Caching not enabled.
Caching disabled for MergeInstrumentationAnalysisTransform: /root/projects/PassVault/audit-runtime-linux-android-compile03/gradle-home/caches/modules-2/files-2.1/com.android.tools.analytics-library/tracker/32.4.0/e5b8d9ea7f4dc2354d302a76b8b1eedb23557e78/tracker-32.4.0.jar because:
  Build cache is disabled
  Caching not enabled.
Caching disabled for ExternalDependencyInstrumentingArtifactTransform: /root/projects/PassVault/audit-runtime-linux-android-compile03/gradle-home/caches/9.7.1/transforms/9c7973b6a8896cb7e921fb64a5723f49/transformed/merge/instrumentation-dependencies.bin because:
  Build cache is disabled
  Caching not enabled.
Caching disabled for ExternalDependencyInstrumentingArtifactTransform: /root/projects/PassVault/audit-runtime-linux-android-compile03/gradle-home/caches/modules-2/files-2.1/com.android.tools.analytics-library/tracker/32.4.0/e5b8d9ea7f4dc2354d302a76b8b1eedb23557e78/tracker-32.4.0.jar because:
  Build cache is disabled
  Caching not enabled.
Caching disabled for MergeInstrumentationAnalysisTransform: /root/projects/PassVault/audit-runtime-linux-android-compile03/gradle-home/caches/9.7.1/transforms/0abe0b71fbb462d1cbc1ab8a4cd319bb/transformed/analysis/instrumentation-hierarchy.bin because:
  Build cache is disabled
  Caching not enabled.
Caching disabled for MergeInstrumentationAnalysisTransform: /root/projects/PassVault/audit-runtime-linux-android-compile03/gradle-home/caches/9.7.1/transforms/0abe0b71fbb462d1cbc1ab8a4cd319bb/transformed/analysis/instrumentation-dependencies.bin because:
  Build cache is disabled
  Caching not enabled.
Caching disabled for MergeInstrumentationAnalysisTransform: /root/projects/PassVault/audit-runtime-linux-android-compile03/gradle-home/caches/modules-2/files-2.1/com.android.tools.analytics-library/shared/32.4.0/429c17cd9d8efce819180878b2375d4a5c4ff2aa/shared-32.4.0.jar because:
  Build cache is disabled
  Caching not enabled.
Caching disabled for ExternalDependencyInstrumentingArtifactTransform: /root/projects/PassVault/audit-runtime-linux-android-compile03/gradle-home/caches/9.7.1/transforms/68681d912a9e23657cf5aeeead96d0d4/transformed/merge/instrumentation-dependencies.bin because:
  Build cache is disabled
  Caching not enabled.
Caching disabled for ExternalDependencyInstrumentingArtifactTransform: /root/projects/PassVault/audit-runtime-linux-android-compile03/gradle-home/caches/modules-2/files-2.1/com.android.tools.analytics-library/shared/32.4.0/429c17cd9d8efce819180878b2375d4a5c4ff2aa/shared-32.4.0.jar because:
  Build cache is disabled
  Caching not enabled.
Caching disabled for MergeInstrumentationAnalysisTransform: /root/projects/PassVault/audit-runtime-linux-android-compile03/gradle-home/caches/9.7.1/transforms/c165176ea2f5ad88879a3aa5cb2c4cd0/transformed/analysis/instrumentation-hierarchy.bin because:
  Build cache is disabled
  Caching not enabled.
Caching disabled for MergeInstrumentationAnalysisTransform: /root/projects/PassVault/audit-runtime-linux-android-compile03/gradle-home/caches/9.7.1/transforms/c165176ea2f5ad88879a3aa5cb2c4cd0/transformed/analysis/instrumentation-dependencies.bin because:
  Build cache is disabled
  Caching not enabled.
Caching disabled for MergeInstrumentationAnalysisTransform: /root/projects/PassVault/audit-runtime-linux-android-compile03/gradle-home/caches/modules-2/files-2.1/com.android.tools.build/builder-test-api/9.4.0/a6e38343c3f6fd6ce1f833e569bce4b2d85b0182/builder-test-api-9.4.0.jar because:
  Build cache is disabled
  Caching not enabled.
Caching disabled for ExternalDependencyInstrumentingArtifactTransform: /root/projects/PassVault/audit-runtime-linux-android-compile03/gradle-home/caches/9.7.1/transforms/7dfc5e54a3d098b15e17146b0696a5f4/transformed/merge/instrumentation-dependencies.bin because:
  Build cache is disabled
  Caching not enabled.
Caching disabled for ExternalDependencyInstrumentingArtifactTransform: /root/projects/PassVault/audit-runtime-linux-android-compile03/gradle-home/caches/modules-2/files-2.1/com.android.tools.build/builder-test-api/9.4.0/a6e38343c3f6fd6ce1f833e569bce4b2d85b0182/builder-test-api-9.4.0.jar because:
  Build cache is disabled
  Caching not enabled.
Caching disabled for MergeInstrumentationAnalysisTransform: /root/projects/PassVault/audit-runtime-linux-android-compile03/gradle-home/caches/9.7.1/transforms/ec7f00c695ec105091aed6be7f084b74/transformed/analysis/instrumentation-hierarchy.bin because:
  Build cache is disabled
  Caching not enabled.
Caching disabled for MergeInstrumentationAnalysisTransform: /root/projects/PassVault/audit-runtime-linux-android-compile03/gradle-home/caches/9.7.1/transforms/ec7f00c695ec105091aed6be7f084b74/transformed/analysis/instrumentation-dependencies.bin because:
  Build cache is disabled
  Caching not enabled.
Caching disabled for MergeInstrumentationAnalysisTransform: /root/projects/PassVault/audit-runtime-linux-android-compile03/gradle-home/caches/modules-2/files-2.1/com.android.tools.ddms/ddmlib/32.4.0/47a5071917cd3269367f3a6b8e717abfe949db25/ddmlib-32.4.0.jar because:
  Build cache is disabled
  Caching not enabled.
Caching disabled for ExternalDependencyInstrumentingArtifactTransform: /root/projects/PassVault/audit-runtime-linux-android-compile03/gradle-home/caches/9.7.1/transforms/e59bebe2d87f5a67c0ffb2ec086aba72/transformed/merge/instrumentation-dependencies.bin because:
  Build cache is disabled
  Caching not enabled.
Caching disabled for ExternalDependencyInstrumentingArtifactTransform: /root/projects/PassVault/audit-runtime-linux-android-compile03/gradle-home/caches/modules-2/files-2.1/com.android.tools.ddms/ddmlib/32.4.0/47a5071917cd3269367f3a6b8e717abfe949db25/ddmlib-32.4.0.jar because:
  Build cache is disabled
  Caching not enabled.
Caching disabled for MergeInstrumentationAnalysisTransform: /root/projects/PassVault/audit-runtime-linux-android-compile03/gradle-home/caches/9.7.1/transforms/9e68cdb48604f318c42a6ea943de320f/transformed/analysis/instrumentation-hierarchy.bin because:
  Build cache is disabled
  Caching not enabled.
Caching disabled for MergeInstrumentationAnalysisTransform: /root/projects/PassVault/audit-runtime-linux-android-compile03/gradle-home/caches/9.7.1/transforms/9e68cdb48604f318c42a6ea943de320f/transformed/analysis/instrumentation-dependencies.bin because:
  Build cache is disabled
  Caching not enabled.
Caching disabled for MergeInstrumentationAnalysisTransform: /root/projects/PassVault/audit-runtime-linux-android-compile03/gradle-home/caches/modules-2/files-2.1/com.android.tools.layoutlib/layoutlib-api/32.4.0/8f655b3d30a60639f6ece73c9721caa86966e9ed/layoutlib-api-32.4.0.jar because:
  Build cache is disabled
  Caching not enabled.
Caching disabled for ExternalDependencyInstrumentingArtifactTransform: /root/projects/PassVault/audit-runtime-linux-android-compile03/gradle-home/caches/9.7.1/transforms/8748e7fef71a95e39f107af517746590/transformed/merge/instrumentation-dependencies.bin because:
  Build cache is disabled
  Caching not enabled.
Caching disabled for ExternalDependencyInstrumentingArtifactTransform: /root/projects/PassVault/audit-runtime-linux-android-compile03/gradle-home/caches/modules-2/files-2.1/com.android.tools.layoutlib/layoutlib-api/32.4.0/8f655b3d30a60639f6ece73c9721caa86966e9ed/layoutlib-api-32.4.0.jar because:
  Build cache is disabled
  Caching not enabled.
Caching disabled for MergeInstrumentationAnalysisTransform: /root/projects/PassVault/audit-runtime-linux-android-compile03/gradle-home/caches/9.7.1/transforms/8963e19d1575d43636f3136f02b7107e/transformed/analysis/instrumentation-hierarchy.bin because:
  Build cache is disabled
  Caching not enabled.
Caching disabled for MergeInstrumentationAnalysisTransform: /root/projects/PassVault/audit-runtime-linux-android-compile03/gradle-home/caches/9.7.1/transforms/8963e19d1575d43636f3136f02b7107e/transformed/analysis/instrumentation-dependencies.bin because:
  Build cache is disabled
  Caching not enabled.
Caching disabled for MergeInstrumentationAnalysisTransform: /root/projects/PassVault/audit-runtime-linux-android-compile03/gradle-home/caches/modules-2/files-2.1/com.android.tools/dvlib/32.4.0/ddf23cd64ef10c248076fc4d7011c7d8250385cd/dvlib-32.4.0.jar because:
  Build cache is disabled
  Caching not enabled.
Caching disabled for ExternalDependencyInstrumentingArtifactTransform: /root/projects/PassVault/audit-runtime-linux-android-compile03/gradle-home/caches/9.7.1/transforms/7e3c8fe04615defd789ecd8955987cfe/transformed/merge/instrumentation-dependencies.bin because:
  Build cache is disabled
  Caching not enabled.
Caching disabled for ExternalDependencyInstrumentingArtifactTransform: /root/projects/PassVault/audit-runtime-linux-android-compile03/gradle-home/caches/modules-2/files-2.1/com.android.tools/dvlib/32.4.0/ddf23cd64ef10c248076fc4d7011c7d8250385cd/dvlib-32.4.0.jar because:
  Build cache is disabled
  Caching not enabled.
Caching disabled for MergeInstrumentationAnalysisTransform: /root/projects/PassVault/audit-runtime-linux-android-compile03/gradle-home/caches/9.7.1/transforms/d0bdb2a875c9a7393d1a1204d5023c17/transformed/analysis/instrumentation-hierarchy.bin because:
  Build cache is disabled
  Caching not enabled.
Caching disabled for MergeInstrumentationAnalysisTransform: /root/projects/PassVault/audit-runtime-linux-android-compile03/gradle-home/caches/9.7.1/transforms/d0bdb2a875c9a7393d1a1204d5023c17/transformed/analysis/instrumentation-dependencies.bin because:
  Build cache is disabled
  Caching not enabled.
Caching disabled for MergeInstrumentationAnalysisTransform: /root/projects/PassVault/audit-runtime-linux-android-compile03/gradle-home/caches/modules-2/files-2.1/com.android.tools/common/32.4.0/e726669a2e96bd6a0d68bb48d9a6bf09210f5c1a/common-32.4.0.jar because:
  Build cache is disabled
  Caching not enabled.
Caching disabled for ExternalDependencyInstrumentingArtifactTransform: /root/projects/PassVault/audit-runtime-linux-android-compile03/gradle-home/caches/9.7.1/transforms/7875692627900e5c9cd102929d744a3d/transformed/merge/instrumentation-dependencies.bin because:
  Build cache is disabled
  Caching not enabled.
Caching disabled for ExternalDependencyInstrumentingArtifactTransform: /root/projects/PassVault/audit-runtime-linux-android-compile03/gradle-home/caches/modules-2/files-2.1/com.android.tools/common/32.4.0/e726669a2e96bd6a0d68bb48d9a6bf09210f5c1a/common-32.4.0.jar because:
  Build cache is disabled
  Caching not enabled.
Caching disabled for MergeInstrumentationAnalysisTransform: /root/projects/PassVault/audit-runtime-linux-android-compile03/gradle-home/caches/9.7.1/transforms/ba01a1ef951a5d4638db34e3bd3bd748/transformed/analysis/instrumentation-hierarchy.bin because:
  Build cache is disabled
  Caching not enabled.
Caching disabled for MergeInstrumentationAnalysisTransform: /root/projects/PassVault/audit-runtime-linux-android-compile03/gradle-home/caches/9.7.1/transforms/ba01a1ef951a5d4638db34e3bd3bd748/transformed/analysis/instrumentation-dependencies.bin because:
  Build cache is disabled
  Caching not enabled.
Caching disabled for MergeInstrumentationAnalysisTransform: /root/projects/PassVault/audit-runtime-linux-android-compile03/gradle-home/caches/modules-2/files-2.1/dev.detekt/detekt-gradle-plugin/2.0.0-alpha.6/ae5ae80c78324d77ef1513d7cc63ab9b698bd335/detekt-gradle-plugin-2.0.0-alpha.6.jar because:
  Build cache is disabled
  Caching not enabled.
Caching disabled for ExternalDependencyInstrumentingArtifactTransform: /root/projects/PassVault/audit-runtime-linux-android-compile03/gradle-home/caches/9.7.1/transforms/6f56aa8da2c1c8de6961e696fc21bb0d/transformed/merge/instrumentation-dependencies.bin because:
  Build cache is disabled
  Caching not enabled.
Caching disabled for ExternalDependencyInstrumentingArtifactTransform: /root/projects/PassVault/audit-runtime-linux-android-compile03/gradle-home/caches/modules-2/files-2.1/dev.detekt/detekt-gradle-plugin/2.0.0-alpha.6/ae5ae80c78324d77ef1513d7cc63ab9b698bd335/detekt-gradle-plugin-2.0.0-alpha.6.jar because:
  Build cache is disabled
  Caching not enabled.
Caching disabled for MergeInstrumentationAnalysisTransform: /root/projects/PassVault/audit-runtime-linux-android-compile03/gradle-home/caches/9.7.1/transforms/b3d2c90a9b2cfea963b65fa3ea9247bd/transformed/analysis/instrumentation-hierarchy.bin because:
  Build cache is disabled
  Caching not enabled.
Caching disabled for MergeInstrumentationAnalysisTransform: /root/projects/PassVault/audit-runtime-linux-android-compile03/gradle-home/caches/9.7.1/transforms/b3d2c90a9b2cfea963b65fa3ea9247bd/transformed/analysis/instrumentation-dependencies.bin because:
  Build cache is disabled
  Caching not enabled.
Caching disabled for MergeInstrumentationAnalysisTransform: /root/projects/PassVault/audit-runtime-linux-android-compile03/gradle-home/caches/modules-2/files-2.1/io.github.detekt.sarif4k/sarif4k-jvm/0.6.0/a0f3805c3fdd35ff6619e8f057ce50ff1aac7145/sarif4k-jvm-0.6.0.jar because:
  Build cache is disabled
  Caching not enabled.
Caching disabled for ExternalDependencyInstrumentingArtifactTransform: /root/projects/PassVault/audit-runtime-linux-android-compile03/gradle-home/caches/9.7.1/transforms/64852da5096f5feef6122e657c0b90eb/transformed/merge/instrumentation-dependencies.bin because:
  Build cache is disabled
  Caching not enabled.
Caching disabled for ExternalDependencyInstrumentingArtifactTransform: /root/projects/PassVault/audit-runtime-linux-android-compile03/gradle-home/caches/modules-2/files-2.1/io.github.detekt.sarif4k/sarif4k-jvm/0.6.0/a0f3805c3fdd35ff6619e8f057ce50ff1aac7145/sarif4k-jvm-0.6.0.jar because:
  Build cache is disabled
  Caching not enabled.
Caching disabled for MergeInstrumentationAnalysisTransform: /root/projects/PassVault/audit-runtime-linux-android-compile03/gradle-home/caches/9.7.1/transforms/2c53b140d910e3071a0a547c9a72351a/transformed/analysis/instrumentation-hierarchy.bin because:
  Build cache is disabled
  Caching not enabled.
Caching disabled for MergeInstrumentationAnalysisTransform: /root/projects/PassVault/audit-runtime-linux-android-compile03/gradle-home/caches/9.7.1/transforms/2c53b140d910e3071a0a547c9a72351a/transformed/analysis/instrumentation-dependencies.bin because:
  Build cache is disabled
  Caching not enabled.
Caching disabled for MergeInstrumentationAnalysisTransform: /root/projects/PassVault/audit-runtime-linux-android-compile03/gradle-home/caches/modules-2/files-2.1/org.jetbrains.kotlinx/kotlinx-serialization-json-jvm/1.4.1/e6430b33f06dcdff88998abfcb2e78bc3cd0a1f6/kotlinx-serialization-json-jvm-1.4.1.jar because:
  Build cache is disabled
  Caching not enabled.
Caching disabled for ExternalDependencyInstrumentingArtifactTransform: /root/projects/PassVault/audit-runtime-linux-android-compile03/gradle-home/caches/9.7.1/transforms/f4afb6ad77b1622b6812112dc74df6df/transformed/merge/instrumentation-dependencies.bin because:
  Build cache is disabled
  Caching not enabled.
Caching disabled for ExternalDependencyInstrumentingArtifactTransform: /root/projects/PassVault/audit-runtime-linux-android-compile03/gradle-home/caches/modules-2/files-2.1/org.jetbrains.kotlinx/kotlinx-serialization-json-jvm/1.4.1/e6430b33f06dcdff88998abfcb2e78bc3cd0a1f6/kotlinx-serialization-json-jvm-1.4.1.jar because:
  Build cache is disabled
  Caching not enabled.
Caching disabled for MergeInstrumentationAnalysisTransform: /root/projects/PassVault/audit-runtime-linux-android-compile03/gradle-home/caches/9.7.1/transforms/ee71acca119e0bfa57d6caff8b976f51/transformed/analysis/instrumentation-hierarchy.bin because:
  Build cache is disabled
  Caching not enabled.
Caching disabled for MergeInstrumentationAnalysisTransform: /root/projects/PassVault/audit-runtime-linux-android-compile03/gradle-home/caches/9.7.1/transforms/ee71acca119e0bfa57d6caff8b976f51/transformed/analysis/instrumentation-dependencies.bin because:
  Build cache is disabled
  Caching not enabled.
Caching disabled for MergeInstrumentationAnalysisTransform: /root/projects/PassVault/audit-runtime-linux-android-compile03/gradle-home/caches/modules-2/files-2.1/org.jetbrains.kotlinx/kotlinx-serialization-core-jvm/1.4.1/e0c2c11e5d0d541ca343c8f09602c0c2287d15a1/kotlinx-serialization-core-jvm-1.4.1.jar because:
  Build cache is disabled
  Caching not enabled.
Caching disabled for ExternalDependencyInstrumentingArtifactTransform: /root/projects/PassVault/audit-runtime-linux-android-compile03/gradle-home/caches/9.7.1/transforms/2794c927bc5de153968ca752cd78a93e/transformed/merge/instrumentation-dependencies.bin because:
  Build cache is disabled
  Caching not enabled.
Caching disabled for ExternalDependencyInstrumentingArtifactTransform: /root/projects/PassVault/audit-runtime-linux-android-compile03/gradle-home/caches/modules-2/files-2.1/org.jetbrains.kotlinx/kotlinx-serialization-core-jvm/1.4.1/e0c2c11e5d0d541ca343c8f09602c0c2287d15a1/kotlinx-serialization-core-jvm-1.4.1.jar because:
  Build cache is disabled
  Caching not enabled.
Caching disabled for MergeInstrumentationAnalysisTransform: /root/projects/PassVault/audit-runtime-linux-android-compile03/gradle-home/caches/9.7.1/transforms/62fd2bf5ff8fab7fbb70dd39b775ff9d/transformed/analysis/instrumentation-dependencies.bin because:
  Build cache is disabled
  Caching not enabled.
Caching disabled for MergeInstrumentationAnalysisTransform: /root/projects/PassVault/audit-runtime-linux-android-compile03/gradle-home/caches/modules-2/files-2.1/org.jetbrains.kotlin/kotlin-stdlib-jdk8/2.2.10/80cc9a776a058eeda7053731350bc41af8858a5a/kotlin-stdlib-jdk8-2.2.10.jar because:
  Build cache is disabled
  Caching not enabled.
Caching disabled for ExternalDependencyInstrumentingArtifactTransform: /root/projects/PassVault/audit-runtime-linux-android-compile03/gradle-home/caches/9.7.1/transforms/4d74143c5c023509bf8414f0f7687961/transformed/merge/instrumentation-dependencies.bin because:
  Build cache is disabled
  Caching not enabled.
Caching disabled for ExternalDependencyInstrumentingArtifactTransform: /root/projects/PassVault/audit-runtime-linux-android-compile03/gradle-home/caches/modules-2/files-2.1/org.jetbrains.kotlin/kotlin-stdlib-jdk8/2.2.10/80cc9a776a058eeda7053731350bc41af8858a5a/kotlin-stdlib-jdk8-2.2.10.jar because:
  Build cache is disabled
  Caching not enabled.
Caching disabled for MergeInstrumentationAnalysisTransform: /root/projects/PassVault/audit-runtime-linux-android-compile03/gradle-home/caches/9.7.1/transforms/5bce7a116393f1a468c185fa8c2a1eb7/transformed/analysis/instrumentation-hierarchy.bin because:
  Build cache is disabled
  Caching not enabled.
Caching disabled for MergeInstrumentationAnalysisTransform: /root/projects/PassVault/audit-runtime-linux-android-compile03/gradle-home/caches/9.7.1/transforms/5bce7a116393f1a468c185fa8c2a1eb7/transformed/analysis/instrumentation-dependencies.bin because:
  Build cache is disabled
  Caching not enabled.
Caching disabled for MergeInstrumentationAnalysisTransform: /root/projects/PassVault/audit-runtime-linux-android-compile03/gradle-home/caches/modules-2/files-2.1/org.jetbrains.kotlin/kotlin-serialization/2.4.10/44ea603b799fe4b3900cfdb5fc2879638258ccf/kotlin-serialization-2.4.10-gradle813.jar because:
  Build cache is disabled
  Caching not enabled.
Caching disabled for ExternalDependencyInstrumentingArtifactTransform: /root/projects/PassVault/audit-runtime-linux-android-compile03/gradle-home/caches/9.7.1/transforms/7925a67c1a2cc6746777075abbc93a1e/transformed/merge/instrumentation-dependencies.bin because:
  Build cache is disabled
  Caching not enabled.
Caching disabled for ExternalDependencyInstrumentingArtifactTransform: /root/projects/PassVault/audit-runtime-linux-android-compile03/gradle-home/caches/modules-2/files-2.1/org.jetbrains.kotlin/kotlin-serialization/2.4.10/44ea603b799fe4b3900cfdb5fc2879638258ccf/kotlin-serialization-2.4.10-gradle813.jar because:
  Build cache is disabled
  Caching not enabled.
Caching disabled for MergeInstrumentationAnalysisTransform: /root/projects/PassVault/audit-runtime-linux-android-compile03/gradle-home/caches/9.7.1/transforms/7841a23685739c9307e3c6ad0aebaed8/transformed/analysis/instrumentation-hierarchy.bin because:
  Build cache is disabled
  Caching not enabled.
Caching disabled for MergeInstrumentationAnalysisTransform: /root/projects/PassVault/audit-runtime-linux-android-compile03/gradle-home/caches/9.7.1/transforms/7841a23685739c9307e3c6ad0aebaed8/transformed/analysis/instrumentation-dependencies.bin because:
  Build cache is disabled
  Caching not enabled.
Caching disabled for MergeInstrumentationAnalysisTransform: /root/projects/PassVault/audit-runtime-linux-android-compile03/gradle-home/caches/modules-2/files-2.1/org.jetbrains.kotlin/fus-statistics-gradle-plugin/2.4.10/9d2373587d4c591036e79e877b6b5f0a105a052d/fus-statistics-gradle-plugin-2.4.10-gradle813.jar because:
  Build cache is disabled
  Caching not enabled.
Caching disabled for ExternalDependencyInstrumentingArtifactTransform: /root/projects/PassVault/audit-runtime-linux-android-compile03/gradle-home/caches/9.7.1/transforms/6aeff341533dc3587d159a7de4c3f0db/transformed/merge/instrumentation-dependencies.bin because:
  Build cache is disabled
  Caching not enabled.
Caching disabled for ExternalDependencyInstrumentingArtifactTransform: /root/projects/PassVault/audit-runtime-linux-android-compile03/gradle-home/caches/modules-2/files-2.1/org.jetbrains.kotlin/fus-statistics-gradle-plugin/2.4.10/9d2373587d4c591036e79e877b6b5f0a105a052d/fus-statistics-gradle-plugin-2.4.10-gradle813.jar because:
  Build cache is disabled
  Caching not enabled.
Caching disabled for MergeInstrumentationAnalysisTransform: /root/projects/PassVault/audit-runtime-linux-android-compile03/gradle-home/caches/9.7.1/transforms/31260ac1ef85de63928022f8e7a9fbf9/transformed/analysis/instrumentation-hierarchy.bin because:
  Build cache is disabled
  Caching not enabled.
Caching disabled for MergeInstrumentationAnalysisTransform: /root/projects/PassVault/audit-runtime-linux-android-compile03/gradle-home/caches/9.7.1/transforms/31260ac1ef85de63928022f8e7a9fbf9/transformed/analysis/instrumentation-dependencies.bin because:
  Build cache is disabled
  Caching not enabled.
Caching disabled for MergeInstrumentationAnalysisTransform: /root/projects/PassVault/audit-runtime-linux-android-compile03/gradle-home/caches/modules-2/files-2.1/org.jetbrains.kotlin/kotlin-gradle-plugin-api/2.4.10/57abfa0230a1ffc31556110bff4b946b55967ba3/kotlin-gradle-plugin-api-2.4.10-gradle813.jar because:
  Build cache is disabled
  Caching not enabled.
Caching disabled for ExternalDependencyInstrumentingArtifactTransform: /root/projects/PassVault/audit-runtime-linux-android-compile03/gradle-home/caches/9.7.1/transforms/b7662c05f838960ada5c84b5473b2c65/transformed/merge/instrumentation-dependencies.bin because:
  Build cache is disabled
  Caching not enabled.
Caching disabled for ExternalDependencyInstrumentingArtifactTransform: /root/projects/PassVault/audit-runtime-linux-android-compile03/gradle-home/caches/modules-2/files-2.1/org.jetbrains.kotlin/kotlin-gradle-plugin-api/2.4.10/57abfa0230a1ffc31556110bff4b946b55967ba3/kotlin-gradle-plugin-api-2.4.10-gradle813.jar because:
  Build cache is disabled
  Caching not enabled.
Caching disabled for MergeInstrumentationAnalysisTransform: /root/projects/PassVault/audit-runtime-linux-android-compile03/gradle-home/caches/9.7.1/transforms/e688fdfefb987f39d2c06eba9d568708/transformed/analysis/instrumentation-hierarchy.bin because:
  Build cache is disabled
  Caching not enabled.
Caching disabled for MergeInstrumentationAnalysisTransform: /root/projects/PassVault/audit-runtime-linux-android-compile03/gradle-home/caches/9.7.1/transforms/e688fdfefb987f39d2c06eba9d568708/transformed/analysis/instrumentation-dependencies.bin because:
  Build cache is disabled
  Caching not enabled.
Caching disabled for MergeInstrumentationAnalysisTransform: /root/projects/PassVault/audit-runtime-linux-android-compile03/gradle-home/caches/modules-2/files-2.1/org.jetbrains.kotlin/compose-compiler-gradle-plugin/2.4.10/380183bbebcd293bd84e8738d012bc3b0403408c/compose-compiler-gradle-plugin-2.4.10-gradle813.jar because:
  Build cache is disabled
  Caching not enabled.
Caching disabled for ExternalDependencyInstrumentingArtifactTransform: /root/projects/PassVault/audit-runtime-linux-android-compile03/gradle-home/caches/9.7.1/transforms/d4ea655971fa46d500d9b34f5b747b81/transformed/merge/instrumentation-dependencies.bin because:
  Build cache is disabled
  Caching not enabled.
Caching disabled for ExternalDependencyInstrumentingArtifactTransform: /root/projects/PassVault/audit-runtime-linux-android-compile03/gradle-home/caches/modules-2/files-2.1/org.jetbrains.kotlin/compose-compiler-gradle-plugin/2.4.10/380183bbebcd293bd84e8738d012bc3b0403408c/compose-compiler-gradle-plugin-2.4.10-gradle813.jar because:
  Build cache is disabled
  Caching not enabled.
Caching disabled for MergeInstrumentationAnalysisTransform: /root/projects/PassVault/audit-runtime-linux-android-compile03/gradle-home/caches/9.7.1/transforms/84367fc657e9bb63175ddf6b41b4d43b/transformed/analysis/instrumentation-hierarchy.bin because:
  Build cache is disabled
  Caching not enabled.
Caching disabled for MergeInstrumentationAnalysisTransform: /root/projects/PassVault/audit-runtime-linux-android-compile03/gradle-home/caches/9.7.1/transforms/84367fc657e9bb63175ddf6b41b4d43b/transformed/analysis/instrumentation-dependencies.bin because:
  Build cache is disabled
  Caching not enabled.
Caching disabled for MergeInstrumentationAnalysisTransform: /root/projects/PassVault/audit-runtime-linux-android-compile03/gradle-home/caches/modules-2/files-2.1/org.jetbrains.kotlin/kotlin-gradle-plugin/2.4.10/54e85b6639aa6819abc9985612e470576540e8ec/kotlin-gradle-plugin-2.4.10-gradle813.jar because:
  Build cache is disabled
  Caching not enabled.
Caching disabled for ExternalDependencyInstrumentingArtifactTransform: /root/projects/PassVault/audit-runtime-linux-android-compile03/gradle-home/caches/9.7.1/transforms/1517f9585908a943dfadbd4f6dd130ee/transformed/merge/instrumentation-dependencies.bin because:
  Build cache is disabled
  Caching not enabled.
Caching disabled for ExternalDependencyInstrumentingArtifactTransform: /root/projects/PassVault/audit-runtime-linux-android-compile03/gradle-home/caches/modules-2/files-2.1/org.jetbrains.kotlin/kotlin-gradle-plugin/2.4.10/54e85b6639aa6819abc9985612e470576540e8ec/kotlin-gradle-plugin-2.4.10-gradle813.jar because:
  Build cache is disabled
  Caching not enabled.
Caching disabled for MergeInstrumentationAnalysisTransform: /root/projects/PassVault/audit-runtime-linux-android-compile03/gradle-home/caches/9.7.1/transforms/dfa3eb9a3e9cede2631918747296c921/transformed/analysis/instrumentation-hierarchy.bin because:
  Build cache is disabled
  Caching not enabled.
Caching disabled for MergeInstrumentationAnalysisTransform: /root/projects/PassVault/audit-runtime-linux-android-compile03/gradle-home/caches/9.7.1/transforms/dfa3eb9a3e9cede2631918747296c921/transformed/analysis/instrumentation-dependencies.bin because:
  Build cache is disabled
  Caching not enabled.
Caching disabled for MergeInstrumentationAnalysisTransform: /root/projects/PassVault/audit-runtime-linux-android-compile03/gradle-home/caches/modules-2/files-2.1/org.jetbrains.kotlin/kotlin-compiler-runner/2.4.10/db761b9c5e0a67bcea290bc7e0700a7075af97de/kotlin-compiler-runner-2.4.10.jar because:
  Build cache is disabled
  Caching not enabled.
Caching disabled for ExternalDependencyInstrumentingArtifactTransform: /root/projects/PassVault/audit-runtime-linux-android-compile03/gradle-home/caches/9.7.1/transforms/a6835e4141bfea73d08e38923180abbb/transformed/merge/instrumentation-dependencies.bin because:
  Build cache is disabled
  Caching not enabled.
Caching disabled for ExternalDependencyInstrumentingArtifactTransform: /root/projects/PassVault/audit-runtime-linux-android-compile03/gradle-home/caches/modules-2/files-2.1/org.jetbrains.kotlin/kotlin-compiler-runner/2.4.10/db761b9c5e0a67bcea290bc7e0700a7075af97de/kotlin-compiler-runner-2.4.10.jar because:
  Build cache is disabled
  Caching not enabled.
Caching disabled for MergeInstrumentationAnalysisTransform: /root/projects/PassVault/audit-runtime-linux-android-compile03/gradle-home/caches/9.7.1/transforms/9b7cd23f7ff8be98da6d58ac2957529b/transformed/analysis/instrumentation-hierarchy.bin because:
  Build cache is disabled
  Caching not enabled.
Caching disabled for MergeInstrumentationAnalysisTransform: /root/projects/PassVault/audit-runtime-linux-android-compile03/gradle-home/caches/9.7.1/transforms/9b7cd23f7ff8be98da6d58ac2957529b/transformed/analysis/instrumentation-dependencies.bin because:
  Build cache is disabled
  Caching not enabled.
Caching disabled for MergeInstrumentationAnalysisTransform: /root/projects/PassVault/audit-runtime-linux-android-compile03/gradle-home/caches/modules-2/files-2.1/org.jetbrains.kotlinx/kotlinx-coroutines-core-jvm/1.9.0/9beade4c1c1569e4f36cbd2c37e02e3e41502601/kotlinx-coroutines-core-jvm-1.9.0.jar because:
  Build cache is disabled
  Caching not enabled.
Caching disabled for ExternalDependencyInstrumentingArtifactTransform: /root/projects/PassVault/audit-runtime-linux-android-compile03/gradle-home/caches/9.7.1/transforms/4de5cb9c5ae05c63e2729fc7069ca0ac/transformed/merge/instrumentation-dependencies.bin because:
  Build cache is disabled
  Caching not enabled.
Caching disabled for ExternalDependencyInstrumentingArtifactTransform: /root/projects/PassVault/audit-runtime-linux-android-compile03/gradle-home/caches/modules-2/files-2.1/org.jetbrains.kotlinx/kotlinx-coroutines-core-jvm/1.9.0/9beade4c1c1569e4f36cbd2c37e02e3e41502601/kotlinx-coroutines-core-jvm-1.9.0.jar because:
  Build cache is disabled
  Caching not enabled.
Caching disabled for MergeInstrumentationAnalysisTransform: /root/projects/PassVault/audit-runtime-linux-android-compile03/gradle-home/caches/9.7.1/transforms/7622f8f2f526cbad69a9d449fff29593/transformed/analysis/instrumentation-dependencies.bin because:
  Build cache is disabled
  Caching not enabled.
Caching disabled for MergeInstrumentationAnalysisTransform: /root/projects/PassVault/audit-runtime-linux-android-compile03/gradle-home/caches/modules-2/files-2.1/org.jetbrains.kotlin/kotlin-stdlib-jdk7/2.2.10/18cc96ae090a71726822631e1808c7d329faab5d/kotlin-stdlib-jdk7-2.2.10.jar because:
  Build cache is disabled
  Caching not enabled.
Caching disabled for ExternalDependencyInstrumentingArtifactTransform: /root/projects/PassVault/audit-runtime-linux-android-compile03/gradle-home/caches/9.7.1/transforms/bb12aeceda699b8c3569d8ee78b86d15/transformed/merge/instrumentation-dependencies.bin because:
  Build cache is disabled
  Caching not enabled.
Caching disabled for ExternalDependencyInstrumentingArtifactTransform: /root/projects/PassVault/audit-runtime-linux-android-compile03/gradle-home/caches/modules-2/files-2.1/org.jetbrains.kotlin/kotlin-stdlib-jdk7/2.2.10/18cc96ae090a71726822631e1808c7d329faab5d/kotlin-stdlib-jdk7-2.2.10.jar because:
  Build cache is disabled
  Caching not enabled.
Caching disabled for MergeInstrumentationAnalysisTransform: /root/projects/PassVault/audit-runtime-linux-android-compile03/gradle-home/caches/9.7.1/transforms/b5d984a42c5870af0efdaee3ffa89944/transformed/analysis/instrumentation-hierarchy.bin because:
  Build cache is disabled
  Caching not enabled.
Caching disabled for MergeInstrumentationAnalysisTransform: /root/projects/PassVault/audit-runtime-linux-android-compile03/gradle-home/caches/9.7.1/transforms/b5d984a42c5870af0efdaee3ffa89944/transformed/analysis/instrumentation-dependencies.bin because:
  Build cache is disabled
  Caching not enabled.
Caching disabled for MergeInstrumentationAnalysisTransform: /root/projects/PassVault/audit-runtime-linux-android-compile03/gradle-home/caches/modules-2/files-2.1/org.jetbrains.kotlin/kotlin-stdlib/2.4.0/4e9f4b531dce5c7dee58ed2de9a8b9a763c8dc6c/kotlin-stdlib-2.4.0.jar because:
  Build cache is disabled
  Caching not enabled.
Caching disabled for ExternalDependencyInstrumentingArtifactTransform: /root/projects/PassVault/audit-runtime-linux-android-compile03/gradle-home/caches/9.7.1/transforms/34011ab51407bc5460c6a1b8f7450a1d/transformed/merge/instrumentation-dependencies.bin because:
  Build cache is disabled
  Caching not enabled.
Caching disabled for ExternalDependencyInstrumentingArtifactTransform: /root/projects/PassVault/audit-runtime-linux-android-compile03/gradle-home/caches/modules-2/files-2.1/org.jetbrains.kotlin/kotlin-stdlib/2.4.0/4e9f4b531dce5c7dee58ed2de9a8b9a763c8dc6c/kotlin-stdlib-2.4.0.jar because:
  Build cache is disabled
  Caching not enabled.
Caching disabled for MergeInstrumentationAnalysisTransform: /root/projects/PassVault/audit-runtime-linux-android-compile03/gradle-home/caches/9.7.1/transforms/81a44ac670246dade6417ddea22886f3/transformed/analysis/instrumentation-dependencies.bin because:
  Build cache is disabled
  Caching not enabled.
Caching disabled for MergeInstrumentationAnalysisTransform: /root/projects/PassVault/audit-runtime-linux-android-compile03/gradle-home/caches/modules-2/files-2.1/org.jetbrains/annotations/13.0/919f0dfe192fb4e063e7dacadee7f8bb9a2672a9/annotations-13.0.jar because:
  Build cache is disabled
  Caching not enabled.
Caching disabled for ExternalDependencyInstrumentingArtifactTransform: /root/projects/PassVault/audit-runtime-linux-android-compile03/gradle-home/caches/9.7.1/transforms/8126f3cce5251585bdd0ad0b6c9abf43/transformed/merge/instrumentation-dependencies.bin because:
  Build cache is disabled
  Caching not enabled.
Caching disabled for ExternalDependencyInstrumentingArtifactTransform: /root/projects/PassVault/audit-runtime-linux-android-compile03/gradle-home/caches/modules-2/files-2.1/org.jetbrains/annotations/13.0/919f0dfe192fb4e063e7dacadee7f8bb9a2672a9/annotations-13.0.jar because:
  Build cache is disabled
  Caching not enabled.
Caching disabled for MergeInstrumentationAnalysisTransform: /root/projects/PassVault/audit-runtime-linux-android-compile03/gradle-home/caches/9.7.1/transforms/744bf07847b9240460e49bbfee5377af/transformed/analysis/instrumentation-hierarchy.bin because:
  Build cache is disabled
  Caching not enabled.
Caching disabled for MergeInstrumentationAnalysisTransform: /root/projects/PassVault/audit-runtime-linux-android-compile03/gradle-home/caches/9.7.1/transforms/744bf07847b9240460e49bbfee5377af/transformed/analysis/instrumentation-dependencies.bin because:
  Build cache is disabled
  Caching not enabled.
Caching disabled for MergeInstrumentationAnalysisTransform: /root/projects/PassVault/audit-runtime-linux-android-compile03/gradle-home/caches/modules-2/files-2.1/org.jetbrains.compose/compose-gradle-plugin/1.11.1/84e978c779bd496be8b922e87559e88190521ce5/compose-gradle-plugin-1.11.1.jar because:
  Build cache is disabled
  Caching not enabled.
Caching disabled for ExternalDependencyInstrumentingArtifactTransform: /root/projects/PassVault/audit-runtime-linux-android-compile03/gradle-home/caches/9.7.1/transforms/48cae775defce0cb4961417fc2a70b95/transformed/merge/instrumentation-dependencies.bin because:
  Build cache is disabled
  Caching not enabled.
Caching disabled for ExternalDependencyInstrumentingArtifactTransform: /root/projects/PassVault/audit-runtime-linux-android-compile03/gradle-home/caches/modules-2/files-2.1/org.jetbrains.compose/compose-gradle-plugin/1.11.1/84e978c779bd496be8b922e87559e88190521ce5/compose-gradle-plugin-1.11.1.jar because:
  Build cache is disabled
  Caching not enabled.
Caching disabled for MergeInstrumentationAnalysisTransform: /root/projects/PassVault/audit-runtime-linux-android-compile03/gradle-home/caches/9.7.1/transforms/1fdaa35d85cc92aba93ba8cb66788155/transformed/analysis/instrumentation-hierarchy.bin because:
  Build cache is disabled
  Caching not enabled.
Caching disabled for MergeInstrumentationAnalysisTransform: /root/projects/PassVault/audit-runtime-linux-android-compile03/gradle-home/caches/9.7.1/transforms/1fdaa35d85cc92aba93ba8cb66788155/transformed/analysis/instrumentation-dependencies.bin because:
  Build cache is disabled
  Caching not enabled.
Caching disabled for MergeInstrumentationAnalysisTransform: /root/projects/PassVault/audit-runtime-linux-android-compile03/gradle-home/caches/modules-2/files-2.1/org.jetbrains.kotlin/kotlin-gradle-plugin-idea-proto/2.4.10/e3b327b851ffdd00917458e4e4240f349e04c234/kotlin-gradle-plugin-idea-proto-2.4.10.jar because:
  Build cache is disabled
  Caching not enabled.
Caching disabled for ExternalDependencyInstrumentingArtifactTransform: /root/projects/PassVault/audit-runtime-linux-android-compile03/gradle-home/caches/9.7.1/transforms/137947850f8d62324f5d6b6b34663471/transformed/merge/instrumentation-dependencies.bin because:
  Build cache is disabled
  Caching not enabled.
Caching disabled for ExternalDependencyInstrumentingArtifactTransform: /root/projects/PassVault/audit-runtime-linux-android-compile03/gradle-home/caches/modules-2/files-2.1/org.jetbrains.kotlin/kotlin-gradle-plugin-idea-proto/2.4.10/e3b327b851ffdd00917458e4e4240f349e04c234/kotlin-gradle-plugin-idea-proto-2.4.10.jar because:
  Build cache is disabled
  Caching not enabled.
Caching disabled for MergeInstrumentationAnalysisTransform: /root/projects/PassVault/audit-runtime-linux-android-compile03/gradle-home/caches/9.7.1/transforms/de1b023f03ccc3734878960012fef141/transformed/analysis/instrumentation-hierarchy.bin because:
  Build cache is disabled
  Caching not enabled.
Caching disabled for MergeInstrumentationAnalysisTransform: /root/projects/PassVault/audit-runtime-linux-android-compile03/gradle-home/caches/9.7.1/transforms/de1b023f03ccc3734878960012fef141/transformed/analysis/instrumentation-dependencies.bin because:
  Build cache is disabled
  Caching not enabled.
Caching disabled for MergeInstrumentationAnalysisTransform: /root/projects/PassVault/audit-runtime-linux-android-compile03/gradle-home/caches/modules-2/files-2.1/org.jetbrains.kotlin/kotlin-gradle-plugin-idea/2.4.10/905431b905fbd7c516de862a1179d7ab5fae3955/kotlin-gradle-plugin-idea-2.4.10.jar because:
  Build cache is disabled
  Caching not enabled.
Caching disabled for ExternalDependencyInstrumentingArtifactTransform: /root/projects/PassVault/audit-runtime-linux-android-compile03/gradle-home/caches/9.7.1/transforms/eff493ebb11696e93a7d8dcabab26e0b/transformed/merge/instrumentation-dependencies.bin because:
  Build cache is disabled
  Caching not enabled.
Caching disabled for ExternalDependencyInstrumentingArtifactTransform: /root/projects/PassVault/audit-runtime-linux-android-compile03/gradle-home/caches/modules-2/files-2.1/org.jetbrains.kotlin/kotlin-gradle-plugin-idea/2.4.10/905431b905fbd7c516de862a1179d7ab5fae3955/kotlin-gradle-plugin-idea-2.4.10.jar because:
  Build cache is disabled
  Caching not enabled.
Caching disabled for MergeInstrumentationAnalysisTransform: /root/projects/PassVault/audit-runtime-linux-android-compile03/gradle-home/caches/9.7.1/transforms/6f7b70293f653ef0c33617890bd31f39/transformed/analysis/instrumentation-hierarchy.bin because:
  Build cache is disabled
  Caching not enabled.
Caching disabled for MergeInstrumentationAnalysisTransform: /root/projects/PassVault/audit-runtime-linux-android-compile03/gradle-home/caches/9.7.1/transforms/6f7b70293f653ef0c33617890bd31f39/transformed/analysis/instrumentation-dependencies.bin because:
  Build cache is disabled
  Caching not enabled.
Caching disabled for MergeInstrumentationAnalysisTransform: /root/projects/PassVault/audit-runtime-linux-android-compile03/gradle-home/caches/modules-2/files-2.1/org.jetbrains.kotlin/kotlin-klib-commonizer-api/2.4.10/3339c9ce1b5f60fed1048142d9c71c7181662641/kotlin-klib-commonizer-api-2.4.10.jar because:
  Build cache is disabled
  Caching not enabled.
Caching disabled for ExternalDependencyInstrumentingArtifactTransform: /root/projects/PassVault/audit-runtime-linux-android-compile03/gradle-home/caches/9.7.1/transforms/1387ad49c2326405809aadba6f7f3181/transformed/merge/instrumentation-dependencies.bin because:
  Build cache is disabled
  Caching not enabled.
Caching disabled for ExternalDependencyInstrumentingArtifactTransform: /root/projects/PassVault/audit-runtime-linux-android-compile03/gradle-home/caches/modules-2/files-2.1/org.jetbrains.kotlin/kotlin-klib-commonizer-api/2.4.10/3339c9ce1b5f60fed1048142d9c71c7181662641/kotlin-klib-commonizer-api-2.4.10.jar because:
  Build cache is disabled
  Caching not enabled.
Caching disabled for MergeInstrumentationAnalysisTransform: /root/projects/PassVault/audit-runtime-linux-android-compile03/gradle-home/caches/9.7.1/transforms/817b51ad4eb26eb708d9967cb27ce336/transformed/analysis/instrumentation-hierarchy.bin because:
  Build cache is disabled
  Caching not enabled.
Caching disabled for MergeInstrumentationAnalysisTransform: /root/projects/PassVault/audit-runtime-linux-android-compile03/gradle-home/caches/9.7.1/transforms/817b51ad4eb26eb708d9967cb27ce336/transformed/analysis/instrumentation-dependencies.bin because:
  Build cache is disabled
  Caching not enabled.
Caching disabled for MergeInstrumentationAnalysisTransform: /root/projects/PassVault/audit-runtime-linux-android-compile03/gradle-home/caches/modules-2/files-2.1/org.jetbrains.kotlin/kotlin-build-statistics/2.4.10/3e16cd72908cbc218f6b2124a4bdaa26d885de6b/kotlin-build-statistics-2.4.10.jar because:
  Build cache is disabled
  Caching not enabled.
Caching disabled for ExternalDependencyInstrumentingArtifactTransform: /root/projects/PassVault/audit-runtime-linux-android-compile03/gradle-home/caches/9.7.1/transforms/4b1c9c2b9cdeb1553812aa335a04b247/transformed/merge/instrumentation-dependencies.bin because:
  Build cache is disabled
  Caching not enabled.
Caching disabled for ExternalDependencyInstrumentingArtifactTransform: /root/projects/PassVault/audit-runtime-linux-android-compile03/gradle-home/caches/modules-2/files-2.1/org.jetbrains.kotlin/kotlin-build-statistics/2.4.10/3e16cd72908cbc218f6b2124a4bdaa26d885de6b/kotlin-build-statistics-2.4.10.jar because:
  Build cache is disabled
  Caching not enabled.
Caching disabled for MergeInstrumentationAnalysisTransform: /root/projects/PassVault/audit-runtime-linux-android-compile03/gradle-home/caches/9.7.1/transforms/59d27df745c5229b84eb8056ab71ec9f/transformed/analysis/instrumentation-hierarchy.bin because:
  Build cache is disabled
  Caching not enabled.
Caching disabled for MergeInstrumentationAnalysisTransform: /root/projects/PassVault/audit-runtime-linux-android-compile03/gradle-home/caches/9.7.1/transforms/59d27df745c5229b84eb8056ab71ec9f/transformed/analysis/instrumentation-dependencies.bin because:
  Build cache is disabled
  Caching not enabled.
Caching disabled for MergeInstrumentationAnalysisTransform: /root/projects/PassVault/audit-runtime-linux-android-compile03/gradle-home/caches/modules-2/files-2.1/org.jetbrains.kotlin/kotlin-util-klib-metadata/2.4.10/5d0b35631780153637205c66a75aa61c3fa2adc8/kotlin-util-klib-metadata-2.4.10.jar because:
  Build cache is disabled
  Caching not enabled.
Caching disabled for ExternalDependencyInstrumentingArtifactTransform: /root/projects/PassVault/audit-runtime-linux-android-compile03/gradle-home/caches/9.7.1/transforms/43f5e0074f5a1acfabddaeb8928fb9d9/transformed/merge/instrumentation-dependencies.bin because:
  Build cache is disabled
  Caching not enabled.
Caching disabled for ExternalDependencyInstrumentingArtifactTransform: /root/projects/PassVault/audit-runtime-linux-android-compile03/gradle-home/caches/modules-2/files-2.1/org.jetbrains.kotlin/kotlin-util-klib-metadata/2.4.10/5d0b35631780153637205c66a75aa61c3fa2adc8/kotlin-util-klib-metadata-2.4.10.jar because:
  Build cache is disabled
  Caching not enabled.
Caching disabled for MergeInstrumentationAnalysisTransform: /root/projects/PassVault/audit-runtime-linux-android-compile03/gradle-home/caches/9.7.1/transforms/6537b034dc13c3e53f223b54f2e4b8ad/transformed/analysis/instrumentation-hierarchy.bin because:
  Build cache is disabled
  Caching not enabled.
Caching disabled for MergeInstrumentationAnalysisTransform: /root/projects/PassVault/audit-runtime-linux-android-compile03/gradle-home/caches/9.7.1/transforms/6537b034dc13c3e53f223b54f2e4b8ad/transformed/analysis/instrumentation-dependencies.bin because:
  Build cache is disabled
  Caching not enabled.
Caching disabled for MergeInstrumentationAnalysisTransform: /root/projects/PassVault/audit-runtime-linux-android-compile03/gradle-home/caches/modules-2/files-2.1/org.jetbrains.compose.hot-reload/hot-reload-gradle-plugin/1.1.1/6d3c8fc18f34ab5ebce4fc736bcf301bf01f43d/hot-reload-gradle-plugin-1.1.1.jar because:
  Build cache is disabled
  Caching not enabled.
Caching disabled for ExternalDependencyInstrumentingArtifactTransform: /root/projects/PassVault/audit-runtime-linux-android-compile03/gradle-home/caches/9.7.1/transforms/32cbcad76941fb6ec82120d060f356c7/transformed/merge/instrumentation-dependencies.bin because:
  Build cache is disabled
  Caching not enabled.
Caching disabled for ExternalDependencyInstrumentingArtifactTransform: /root/projects/PassVault/audit-runtime-linux-android-compile03/gradle-home/caches/modules-2/files-2.1/org.jetbrains.compose.hot-reload/hot-reload-gradle-plugin/1.1.1/6d3c8fc18f34ab5ebce4fc736bcf301bf01f43d/hot-reload-gradle-plugin-1.1.1.jar because:
  Build cache is disabled
  Caching not enabled.
Caching disabled for MergeInstrumentationAnalysisTransform: /root/projects/PassVault/audit-runtime-linux-android-compile03/gradle-home/caches/9.7.1/transforms/d38116a0e618c3b3a2e8fff7ea0d9604/transformed/analysis/instrumentation-hierarchy.bin because:
  Build cache is disabled
  Caching not enabled.
Caching disabled for MergeInstrumentationAnalysisTransform: /root/projects/PassVault/audit-runtime-linux-android-compile03/gradle-home/caches/9.7.1/transforms/d38116a0e618c3b3a2e8fff7ea0d9604/transformed/analysis/instrumentation-dependencies.bin because:
  Build cache is disabled
  Caching not enabled.
Caching disabled for MergeInstrumentationAnalysisTransform: /root/projects/PassVault/audit-runtime-linux-android-compile03/gradle-home/caches/modules-2/files-2.1/com.android.tools.build/bundletool/1.18.3/8d7bee8e57a4158a872ed99190a60a498c2adc8d/bundletool-1.18.3.jar because:
  Build cache is disabled
  Caching not enabled.
Caching disabled for ExternalDependencyInstrumentingArtifactTransform: /root/projects/PassVault/audit-runtime-linux-android-compile03/gradle-home/caches/9.7.1/transforms/1b3a7aa043e469b0b2641f295c117a12/transformed/merge/instrumentation-dependencies.bin because:
  Build cache is disabled
  Caching not enabled.
Caching disabled for ExternalDependencyInstrumentingArtifactTransform: /root/projects/PassVault/audit-runtime-linux-android-compile03/gradle-home/caches/modules-2/files-2.1/com.android.tools.build/bundletool/1.18.3/8d7bee8e57a4158a872ed99190a60a498c2adc8d/bundletool-1.18.3.jar because:
  Build cache is disabled
  Caching not enabled.
Caching disabled for MergeInstrumentationAnalysisTransform: /root/projects/PassVault/audit-runtime-linux-android-compile03/gradle-home/caches/9.7.1/transforms/f1bb5f8e8f75cef5aa5a875dcf29000e/transformed/analysis/instrumentation-hierarchy.bin because:
  Build cache is disabled
  Caching not enabled.
Caching disabled for MergeInstrumentationAnalysisTransform: /root/projects/PassVault/audit-runtime-linux-android-compile03/gradle-home/caches/9.7.1/transforms/f1bb5f8e8f75cef5aa5a875dcf29000e/transformed/analysis/instrumentation-dependencies.bin because:
  Build cache is disabled
  Caching not enabled.
Caching disabled for MergeInstrumentationAnalysisTransform: /root/projects/PassVault/audit-runtime-linux-android-compile03/gradle-home/caches/modules-2/files-2.1/com.android.tools.build/aapt2-proto/9.4.0-15978811/cbffec6e4effe25da0382f547eafab6d38847f9c/aapt2-proto-9.4.0-15978811.jar because:
  Build cache is disabled
  Caching not enabled.
Caching disabled for ExternalDependencyInstrumentingArtifactTransform: /root/projects/PassVault/audit-runtime-linux-android-compile03/gradle-home/caches/9.7.1/transforms/f2a762d3438fb3c5ccb3e82cbdc8a775/transformed/merge/instrumentation-dependencies.bin because:
  Build cache is disabled
  Caching not enabled.
Caching disabled for ExternalDependencyInstrumentingArtifactTransform: /root/projects/PassVault/audit-runtime-linux-android-compile03/gradle-home/caches/modules-2/files-2.1/com.android.tools.build/aapt2-proto/9.4.0-15978811/cbffec6e4effe25da0382f547eafab6d38847f9c/aapt2-proto-9.4.0-15978811.jar because:
  Build cache is disabled
  Caching not enabled.
Caching disabled for MergeInstrumentationAnalysisTransform: /root/projects/PassVault/audit-runtime-linux-android-compile03/gradle-home/caches/9.7.1/transforms/4d031d43122d5b860e95df66c9bdc266/transformed/analysis/instrumentation-hierarchy.bin because:
  Build cache is disabled
  Caching not enabled.
Caching disabled for MergeInstrumentationAnalysisTransform: /root/projects/PassVault/audit-runtime-linux-android-compile03/gradle-home/caches/9.7.1/transforms/4d031d43122d5b860e95df66c9bdc266/transformed/analysis/instrumentation-dependencies.bin because:
  Build cache is disabled
  Caching not enabled.
Caching disabled for MergeInstrumentationAnalysisTransform: /root/projects/PassVault/audit-runtime-linux-android-compile03/gradle-home/caches/modules-2/files-2.1/com.android.tools.analytics-library/crash/32.4.0/e7c2cc7bcc18c49f1eeb778f61be590cc32fbfdd/crash-32.4.0.jar because:
  Build cache is disabled
  Caching not enabled.
Caching disabled for ExternalDependencyInstrumentingArtifactTransform: /root/projects/PassVault/audit-runtime-linux-android-compile03/gradle-home/caches/9.7.1/transforms/c5fa26e7b18e682d06b785651392aeb6/transformed/merge/instrumentation-dependencies.bin because:
  Build cache is disabled
  Caching not enabled.
Caching disabled for ExternalDependencyInstrumentingArtifactTransform: /root/projects/PassVault/audit-runtime-linux-android-compile03/gradle-home/caches/modules-2/files-2.1/com.android.tools.analytics-library/crash/32.4.0/e7c2cc7bcc18c49f1eeb778f61be590cc32fbfdd/crash-32.4.0.jar because:
  Build cache is disabled
  Caching not enabled.
Caching disabled for MergeInstrumentationAnalysisTransform: /root/projects/PassVault/audit-runtime-linux-android-compile03/gradle-home/caches/9.7.1/transforms/3af58ef9d22a43055ba4941bf1a5be8c/transformed/analysis/instrumentation-hierarchy.bin because:
  Build cache is disabled
  Caching not enabled.
Caching disabled for MergeInstrumentationAnalysisTransform: /root/projects/PassVault/audit-runtime-linux-android-compile03/gradle-home/caches/9.7.1/transforms/3af58ef9d22a43055ba4941bf1a5be8c/transformed/analysis/instrumentation-dependencies.bin because:
  Build cache is disabled
  Caching not enabled.
Caching disabled for MergeInstrumentationAnalysisTransform: /root/projects/PassVault/audit-runtime-linux-android-compile03/gradle-home/caches/modules-2/files-2.1/com.android.tools.lint/lint-typedef-remover/32.4.0/b8665f5c42647d7d4088cd386d5d1d10e40fd9a2/lint-typedef-remover-32.4.0.jar because:
  Build cache is disabled
  Caching not enabled.
Caching disabled for ExternalDependencyInstrumentingArtifactTransform: /root/projects/PassVault/audit-runtime-linux-android-compile03/gradle-home/caches/9.7.1/transforms/d44f54d109eeb8560ab347b3785985d9/transformed/merge/instrumentation-dependencies.bin because:
  Build cache is disabled
  Caching not enabled.
Caching disabled for ExternalDependencyInstrumentingArtifactTransform: /root/projects/PassVault/audit-runtime-linux-android-compile03/gradle-home/caches/modules-2/files-2.1/com.android.tools.lint/lint-typedef-remover/32.4.0/b8665f5c42647d7d4088cd386d5d1d10e40fd9a2/lint-typedef-remover-32.4.0.jar because:
  Build cache is disabled
  Caching not enabled.
Caching disabled for MergeInstrumentationAnalysisTransform: /root/projects/PassVault/audit-runtime-linux-android-compile03/gradle-home/caches/9.7.1/transforms/f71160501322ea07b20651db54d292ea/transformed/analysis/instrumentation-hierarchy.bin because:
  Build cache is disabled
  Caching not enabled.
Caching disabled for MergeInstrumentationAnalysisTransform: /root/projects/PassVault/audit-runtime-linux-android-compile03/gradle-home/caches/9.7.1/transforms/f71160501322ea07b20651db54d292ea/transformed/analysis/instrumentation-dependencies.bin because:
  Build cache is disabled
  Caching not enabled.
Caching disabled for MergeInstrumentationAnalysisTransform: /root/projects/PassVault/audit-runtime-linux-android-compile03/gradle-home/caches/modules-2/files-2.1/androidx.databinding/databinding-common/9.4.0/6f14d56ba3258fd1e803e71bc6c589235141c317/databinding-common-9.4.0.jar because:
  Build cache is disabled
  Caching not enabled.
Caching disabled for ExternalDependencyInstrumentingArtifactTransform: /root/projects/PassVault/audit-runtime-linux-android-compile03/gradle-home/caches/9.7.1/transforms/c806cbc44a4d35df32cb88f088a8dd90/transformed/merge/instrumentation-dependencies.bin because:
  Build cache is disabled
  Caching not enabled.
Caching disabled for ExternalDependencyInstrumentingArtifactTransform: /root/projects/PassVault/audit-runtime-linux-android-compile03/gradle-home/caches/modules-2/files-2.1/androidx.databinding/databinding-common/9.4.0/6f14d56ba3258fd1e803e71bc6c589235141c317/databinding-common-9.4.0.jar because:
  Build cache is disabled
  Caching not enabled.
Caching disabled for MergeInstrumentationAnalysisTransform: /root/projects/PassVault/audit-runtime-linux-android-compile03/gradle-home/caches/9.7.1/transforms/60d1708d14d3c68d0864b9ba7e468b45/transformed/analysis/instrumentation-hierarchy.bin because:
  Build cache is disabled
  Caching not enabled.
Caching disabled for MergeInstrumentationAnalysisTransform: /root/projects/PassVault/audit-runtime-linux-android-compile03/gradle-home/caches/9.7.1/transforms/60d1708d14d3c68d0864b9ba7e468b45/transformed/analysis/instrumentation-dependencies.bin because:
  Build cache is disabled
  Caching not enabled.
Caching disabled for MergeInstrumentationAnalysisTransform: /root/projects/PassVault/audit-runtime-linux-android-compile03/gradle-home/caches/modules-2/files-2.1/com.android.databinding/baseLibrary/9.4.0/a3e410a22b3d7b2608151d2052d044cd3a35ae06/baseLibrary-9.4.0.jar because:
  Build cache is disabled
  Caching not enabled.
Caching disabled for ExternalDependencyInstrumentingArtifactTransform: /root/projects/PassVault/audit-runtime-linux-android-compile03/gradle-home/caches/9.7.1/transforms/5d0a5c9ce76cefd9beb5095c10896586/transformed/merge/instrumentation-dependencies.bin because:
  Build cache is disabled
  Caching not enabled.
Caching disabled for ExternalDependencyInstrumentingArtifactTransform: /root/projects/PassVault/audit-runtime-linux-android-compile03/gradle-home/caches/modules-2/files-2.1/com.android.databinding/baseLibrary/9.4.0/a3e410a22b3d7b2608151d2052d044cd3a35ae06/baseLibrary-9.4.0.jar because:
  Build cache is disabled
  Caching not enabled.
Caching disabled for MergeInstrumentationAnalysisTransform: /root/projects/PassVault/audit-runtime-linux-android-compile03/gradle-home/caches/9.7.1/transforms/3da17a1ebf87cf10b10b5c5a69baddc6/transformed/analysis/instrumentation-hierarchy.bin because:
  Build cache is disabled
  Caching not enabled.
Caching disabled for MergeInstrumentationAnalysisTransform: /root/projects/PassVault/audit-runtime-linux-android-compile03/gradle-home/caches/9.7.1/transforms/3da17a1ebf87cf10b10b5c5a69baddc6/transformed/analysis/instrumentation-dependencies.bin because:
  Build cache is disabled
  Caching not enabled.
Caching disabled for MergeInstrumentationAnalysisTransform: /root/projects/PassVault/audit-runtime-linux-android-compile03/gradle-home/caches/modules-2/files-2.1/org.apache.httpcomponents/httpmime/4.5.6/164343da11db817e81e24e0d9869527e069850c9/httpmime-4.5.6.jar because:
  Build cache is disabled
  Caching not enabled.
Caching disabled for ExternalDependencyInstrumentingArtifactTransform: /root/projects/PassVault/audit-runtime-linux-android-compile03/gradle-home/caches/9.7.1/transforms/6c3f314c84751f908e36394467cd8928/transformed/merge/instrumentation-dependencies.bin because:
  Build cache is disabled
  Caching not enabled.
Caching disabled for ExternalDependencyInstrumentingArtifactTransform: /root/projects/PassVault/audit-runtime-linux-android-compile03/gradle-home/caches/modules-2/files-2.1/org.apache.httpcomponents/httpmime/4.5.6/164343da11db817e81e24e0d9869527e069850c9/httpmime-4.5.6.jar because:
  Build cache is disabled
  Caching not enabled.
Caching disabled for MergeInstrumentationAnalysisTransform: /root/projects/PassVault/audit-runtime-linux-android-compile03/gradle-home/caches/9.7.1/transforms/65bf582757d0561aa00b3df16395620a/transformed/analysis/instrumentation-hierarchy.bin because:
  Build cache is disabled
  Caching not enabled.
Caching disabled for MergeInstrumentationAnalysisTransform: /root/projects/PassVault/audit-runtime-linux-android-compile03/gradle-home/caches/9.7.1/transforms/65bf582757d0561aa00b3df16395620a/transformed/analysis/instrumentation-dependencies.bin because:
  Build cache is disabled
  Caching not enabled.
Caching disabled for MergeInstrumentationAnalysisTransform: /root/projects/PassVault/audit-runtime-linux-android-compile03/gradle-home/caches/modules-2/files-2.1/org.apache.commons/commons-compress/1.27.1/a19151084758e2fbb6b41eddaa88e7b8ff4e6599/commons-compress-1.27.1.jar because:
  Build cache is disabled
  Caching not enabled.
Caching disabled for ExternalDependencyInstrumentingArtifactTransform: /root/projects/PassVault/audit-runtime-linux-android-compile03/gradle-home/caches/9.7.1/transforms/d0418743f7c52920ee5c733bdbcf61ff/transformed/merge/instrumentation-dependencies.bin because:
  Build cache is disabled
  Caching not enabled.
Caching disabled for ExternalDependencyInstrumentingArtifactTransform: /root/projects/PassVault/audit-runtime-linux-android-compile03/gradle-home/caches/modules-2/files-2.1/org.apache.commons/commons-compress/1.27.1/a19151084758e2fbb6b41eddaa88e7b8ff4e6599/commons-compress-1.27.1.jar because:
  Build cache is disabled
  Caching not enabled.
Caching disabled for MergeInstrumentationAnalysisTransform: /root/projects/PassVault/audit-runtime-linux-android-compile03/gradle-home/caches/9.7.1/transforms/8df1666bbd904587907c57fa07f3dd4c/transformed/analysis/instrumentation-hierarchy.bin because:
  Build cache is disabled
  Caching not enabled.
Caching disabled for MergeInstrumentationAnalysisTransform: /root/projects/PassVault/audit-runtime-linux-android-compile03/gradle-home/caches/9.7.1/transforms/8df1666bbd904587907c57fa07f3dd4c/transformed/analysis/instrumentation-dependencies.bin because:
  Build cache is disabled
  Caching not enabled.
Caching disabled for MergeInstrumentationAnalysisTransform: /root/projects/PassVault/audit-runtime-linux-android-compile03/gradle-home/caches/modules-2/files-2.1/commons-io/commons-io/2.16.1/377d592e740dc77124e0901291dbfaa6810a200e/commons-io-2.16.1.jar because:
  Build cache is disabled
  Caching not enabled.
Caching disabled for ExternalDependencyInstrumentingArtifactTransform: /root/projects/PassVault/audit-runtime-linux-android-compile03/gradle-home/caches/9.7.1/transforms/273a8ed42f8081c6e602bc0169620655/transformed/merge/instrumentation-dependencies.bin because:
  Build cache is disabled
  Caching not enabled.
Caching disabled for ExternalDependencyInstrumentingArtifactTransform: /root/projects/PassVault/audit-runtime-linux-android-compile03/gradle-home/caches/modules-2/files-2.1/commons-io/commons-io/2.16.1/377d592e740dc77124e0901291dbfaa6810a200e/commons-io-2.16.1.jar because:
  Build cache is disabled
  Caching not enabled.
Caching disabled for MergeInstrumentationAnalysisTransform: /root/projects/PassVault/audit-runtime-linux-android-compile03/gradle-home/caches/9.7.1/transforms/3626f01c02e9accd2941321f1dbacd40/transformed/analysis/instrumentation-hierarchy.bin because:
  Build cache is disabled
  Caching not enabled.
Caching disabled for MergeInstrumentationAnalysisTransform: /root/projects/PassVault/audit-runtime-linux-android-compile03/gradle-home/caches/9.7.1/transforms/3626f01c02e9accd2941321f1dbacd40/transformed/analysis/instrumentation-dependencies.bin because:
  Build cache is disabled
  Caching not enabled.
Caching disabled for MergeInstrumentationAnalysisTransform: /root/projects/PassVault/audit-runtime-linux-android-compile03/gradle-home/caches/modules-2/files-2.1/org.ow2.asm/asm-commons/9.9/db9165a3bf908ded6b08612d583a15d1d0c7bda0/asm-commons-9.9.jar because:
  Build cache is disabled
  Caching not enabled.
Caching disabled for ExternalDependencyInstrumentingArtifactTransform: /root/projects/PassVault/audit-runtime-linux-android-compile03/gradle-home/caches/9.7.1/transforms/d6181f0189f7e79694c199d42afdf7fd/transformed/merge/instrumentation-dependencies.bin because:
  Build cache is disabled
  Caching not enabled.
Caching disabled for ExternalDependencyInstrumentingArtifactTransform: /root/projects/PassVault/audit-runtime-linux-android-compile03/gradle-home/caches/modules-2/files-2.1/org.ow2.asm/asm-commons/9.9/db9165a3bf908ded6b08612d583a15d1d0c7bda0/asm-commons-9.9.jar because:
  Build cache is disabled
  Caching not enabled.
Caching disabled for MergeInstrumentationAnalysisTransform: /root/projects/PassVault/audit-runtime-linux-android-compile03/gradle-home/caches/9.7.1/transforms/f02a46af4b04fad15e6ac996470cbda5/transformed/analysis/instrumentation-hierarchy.bin because:
  Build cache is disabled
  Caching not enabled.
Caching disabled for MergeInstrumentationAnalysisTransform: /root/projects/PassVault/audit-runtime-linux-android-compile03/gradle-home/caches/9.7.1/transforms/f02a46af4b04fad15e6ac996470cbda5/transformed/analysis/instrumentation-dependencies.bin because:
  Build cache is disabled
  Caching not enabled.
Caching disabled for MergeInstrumentationAnalysisTransform: /root/projects/PassVault/audit-runtime-linux-android-compile03/gradle-home/caches/modules-2/files-2.1/org.ow2.asm/asm-util/9.9/42fdfc0508b43807c8078d6e82ecff2ce2112ae8/asm-util-9.9.jar because:
  Build cache is disabled
  Caching not enabled.
Caching disabled for ExternalDependencyInstrumentingArtifactTransform: /root/projects/PassVault/audit-runtime-linux-android-compile03/gradle-home/caches/9.7.1/transforms/f8da1e56c5ba206cfb4c89afcc56fec4/transformed/merge/instrumentation-dependencies.bin because:
  Build cache is disabled
  Caching not enabled.
Caching disabled for ExternalDependencyInstrumentingArtifactTransform: /root/projects/PassVault/audit-runtime-linux-android-compile03/gradle-home/caches/modules-2/files-2.1/org.ow2.asm/asm-util/9.9/42fdfc0508b43807c8078d6e82ecff2ce2112ae8/asm-util-9.9.jar because:
  Build cache is disabled
  Caching not enabled.
Caching disabled for MergeInstrumentationAnalysisTransform: /root/projects/PassVault/audit-runtime-linux-android-compile03/gradle-home/caches/9.7.1/transforms/a5b70382906a57a3892a566be03508ba/transformed/analysis/instrumentation-hierarchy.bin because:
  Build cache is disabled
  Caching not enabled.
Caching disabled for MergeInstrumentationAnalysisTransform: /root/projects/PassVault/audit-runtime-linux-android-compile03/gradle-home/caches/9.7.1/transforms/a5b70382906a57a3892a566be03508ba/transformed/analysis/instrumentation-dependencies.bin because:
  Build cache is disabled
  Caching not enabled.
Caching disabled for MergeInstrumentationAnalysisTransform: /root/projects/PassVault/audit-runtime-linux-android-compile03/gradle-home/caches/modules-2/files-2.1/org.ow2.asm/asm-analysis/9.9/bf4fa6e66638851c1cd22c2caea0c3ee5d5f437/asm-analysis-9.9.jar because:
  Build cache is disabled
  Caching not enabled.
Caching disabled for ExternalDependencyInstrumentingArtifactTransform: /root/projects/PassVault/audit-runtime-linux-android-compile03/gradle-home/caches/9.7.1/transforms/c656ceea8715255e1c854a23440cb191/transformed/merge/instrumentation-dependencies.bin because:
  Build cache is disabled
  Caching not enabled.
Caching disabled for ExternalDependencyInstrumentingArtifactTransform: /root/projects/PassVault/audit-runtime-linux-android-compile03/gradle-home/caches/modules-2/files-2.1/org.ow2.asm/asm-analysis/9.9/bf4fa6e66638851c1cd22c2caea0c3ee5d5f437/asm-analysis-9.9.jar because:
  Build cache is disabled
  Caching not enabled.
Caching disabled for MergeInstrumentationAnalysisTransform: /root/projects/PassVault/audit-runtime-linux-android-compile03/gradle-home/caches/9.7.1/transforms/3eb39da5ce6ba662d64ff6830eca21c9/transformed/analysis/instrumentation-hierarchy.bin because:
  Build cache is disabled
  Caching not enabled.
Caching disabled for MergeInstrumentationAnalysisTransform: /root/projects/PassVault/audit-runtime-linux-android-compile03/gradle-home/caches/9.7.1/transforms/3eb39da5ce6ba662d64ff6830eca21c9/transformed/analysis/instrumentation-dependencies.bin because:
  Build cache is disabled
  Caching not enabled.
Caching disabled for MergeInstrumentationAnalysisTransform: /root/projects/PassVault/audit-runtime-linux-android-compile03/gradle-home/caches/modules-2/files-2.1/org.ow2.asm/asm-tree/9.9/f8de6eead6d24dd0f45bd065bbe112b2cda6ea21/asm-tree-9.9.jar because:
  Build cache is disabled
  Caching not enabled.
Caching disabled for ExternalDependencyInstrumentingArtifactTransform: /root/projects/PassVault/audit-runtime-linux-android-compile03/gradle-home/caches/9.7.1/transforms/fc1d3fab3333558b7b160fb041d1184a/transformed/merge/instrumentation-dependencies.bin because:
  Build cache is disabled
  Caching not enabled.
Caching disabled for ExternalDependencyInstrumentingArtifactTransform: /root/projects/PassVault/audit-runtime-linux-android-compile03/gradle-home/caches/modules-2/files-2.1/org.ow2.asm/asm-tree/9.9/f8de6eead6d24dd0f45bd065bbe112b2cda6ea21/asm-tree-9.9.jar because:
  Build cache is disabled
  Caching not enabled.
Caching disabled for MergeInstrumentationAnalysisTransform: /root/projects/PassVault/audit-runtime-linux-android-compile03/gradle-home/caches/9.7.1/transforms/e778a32725cf7a751eb9232dfb9273f7/transformed/analysis/instrumentation-hierarchy.bin because:
  Build cache is disabled
  Caching not enabled.
Caching disabled for MergeInstrumentationAnalysisTransform: /root/projects/PassVault/audit-runtime-linux-android-compile03/gradle-home/caches/9.7.1/transforms/e778a32725cf7a751eb9232dfb9273f7/transformed/analysis/instrumentation-dependencies.bin because:
  Build cache is disabled
  Caching not enabled.
Caching disabled for MergeInstrumentationAnalysisTransform: /root/projects/PassVault/audit-runtime-linux-android-compile03/gradle-home/caches/modules-2/files-2.1/org.ow2.asm/asm/9.9/c29635c8a7afa03d74b33c1884df8abb2b3f3dcc/asm-9.9.jar because:
  Build cache is disabled
  Caching not enabled.
Caching disabled for ExternalDependencyInstrumentingArtifactTransform: /root/projects/PassVault/audit-runtime-linux-android-compile03/gradle-home/caches/9.7.1/transforms/5564523a2b10141be9cb452346e4f82c/transformed/merge/instrumentation-dependencies.bin because:
  Build cache is disabled
  Caching not enabled.
Caching disabled for ExternalDependencyInstrumentingArtifactTransform: /root/projects/PassVault/audit-runtime-linux-android-compile03/gradle-home/caches/modules-2/files-2.1/org.ow2.asm/asm/9.9/c29635c8a7afa03d74b33c1884df8abb2b3f3dcc/asm-9.9.jar because:
  Build cache is disabled
  Caching not enabled.
Caching disabled for MergeInstrumentationAnalysisTransform: /root/projects/PassVault/audit-runtime-linux-android-compile03/gradle-home/caches/9.7.1/transforms/d7fc341ce1d82c88e8cd91111d840f04/transformed/analysis/instrumentation-hierarchy.bin because:
  Build cache is disabled
  Caching not enabled.
Caching disabled for MergeInstrumentationAnalysisTransform: /root/projects/PassVault/audit-runtime-linux-android-compile03/gradle-home/caches/9.7.1/transforms/d7fc341ce1d82c88e8cd91111d840f04/transformed/analysis/instrumentation-dependencies.bin because:
  Build cache is disabled
  Caching not enabled.
Caching disabled for MergeInstrumentationAnalysisTransform: /root/projects/PassVault/audit-runtime-linux-android-compile03/gradle-home/caches/modules-2/files-2.1/org.glassfish.jaxb/jaxb-runtime/2.3.2/5528bc882ea499a09d720b42af11785c4fc6be2a/jaxb-runtime-2.3.2.jar because:
  Build cache is disabled
  Caching not enabled.
Caching disabled for ExternalDependencyInstrumentingArtifactTransform: /root/projects/PassVault/audit-runtime-linux-android-compile03/gradle-home/caches/9.7.1/transforms/f3b65d2dec35b131335963248dfc4ff4/transformed/merge/instrumentation-dependencies.bin because:
  Build cache is disabled
  Caching not enabled.
Caching disabled for ExternalDependencyInstrumentingArtifactTransform: /root/projects/PassVault/audit-runtime-linux-android-compile03/gradle-home/caches/modules-2/files-2.1/org.glassfish.jaxb/jaxb-runtime/2.3.2/5528bc882ea499a09d720b42af11785c4fc6be2a/jaxb-runtime-2.3.2.jar because:
  Build cache is disabled
  Caching not enabled.
Caching disabled for MergeInstrumentationAnalysisTransform: /root/projects/PassVault/audit-runtime-linux-android-compile03/gradle-home/caches/9.7.1/transforms/40478a03a919694946f924dbf88598f1/transformed/analysis/instrumentation-hierarchy.bin because:
  Build cache is disabled
  Caching not enabled.
Caching disabled for MergeInstrumentationAnalysisTransform: /root/projects/PassVault/audit-runtime-linux-android-compile03/gradle-home/caches/9.7.1/transforms/40478a03a919694946f924dbf88598f1/transformed/analysis/instrumentation-dependencies.bin because:
  Build cache is disabled
  Caching not enabled.
Caching disabled for MergeInstrumentationAnalysisTransform: /root/projects/PassVault/audit-runtime-linux-android-compile03/gradle-home/caches/modules-2/files-2.1/net.sf.jopt-simple/jopt-simple/4.9/ee9e9eaa0a35360dcfeac129ff4923215fd65904/jopt-simple-4.9.jar because:
  Build cache is disabled
  Caching not enabled.
Caching disabled for ExternalDependencyInstrumentingArtifactTransform: /root/projects/PassVault/audit-runtime-linux-android-compile03/gradle-home/caches/9.7.1/transforms/f64b7346c244d7ea3718d5e889f335d9/transformed/merge/instrumentation-dependencies.bin because:
  Build cache is disabled
  Caching not enabled.
Caching disabled for ExternalDependencyInstrumentingArtifactTransform: /root/projects/PassVault/audit-runtime-linux-android-compile03/gradle-home/caches/modules-2/files-2.1/net.sf.jopt-simple/jopt-simple/4.9/ee9e9eaa0a35360dcfeac129ff4923215fd65904/jopt-simple-4.9.jar because:
  Build cache is disabled
  Caching not enabled.
Caching disabled for MergeInstrumentationAnalysisTransform: /root/projects/PassVault/audit-runtime-linux-android-compile03/gradle-home/caches/9.7.1/transforms/31e3a9c7776bdc756603de7938fec007/transformed/analysis/instrumentation-hierarchy.bin because:
  Build cache is disabled
  Caching not enabled.
Caching disabled for MergeInstrumentationAnalysisTransform: /root/projects/PassVault/audit-runtime-linux-android-compile03/gradle-home/caches/9.7.1/transforms/31e3a9c7776bdc756603de7938fec007/transformed/analysis/instrumentation-dependencies.bin because:
  Build cache is disabled
  Caching not enabled.
Caching disabled for MergeInstrumentationAnalysisTransform: /root/projects/PassVault/audit-runtime-linux-android-compile03/gradle-home/caches/modules-2/files-2.1/com.squareup/javapoet/1.13.0/d6562d385049f35eb50403fa86bb11cce76b866a/javapoet-1.13.0.jar because:
  Build cache is disabled
  Caching not enabled.
Caching disabled for ExternalDependencyInstrumentingArtifactTransform: /root/projects/PassVault/audit-runtime-linux-android-compile03/gradle-home/caches/9.7.1/transforms/f43a807497d2b293de794d38e3c0c516/transformed/merge/instrumentation-dependencies.bin because:
  Build cache is disabled
  Caching not enabled.
Caching disabled for ExternalDependencyInstrumentingArtifactTransform: /root/projects/PassVault/audit-runtime-linux-android-compile03/gradle-home/caches/modules-2/files-2.1/com.squareup/javapoet/1.13.0/d6562d385049f35eb50403fa86bb11cce76b866a/javapoet-1.13.0.jar because:
  Build cache is disabled
  Caching not enabled.
Caching disabled for MergeInstrumentationAnalysisTransform: /root/projects/PassVault/audit-runtime-linux-android-compile03/gradle-home/caches/9.7.1/transforms/931fa2eac88d48be41f8d526eb435fda/transformed/analysis/instrumentation-hierarchy.bin because:
  Build cache is disabled
  Caching not enabled.
Caching disabled for MergeInstrumentationAnalysisTransform: /root/projects/PassVault/audit-runtime-linux-android-compile03/gradle-home/caches/9.7.1/transforms/931fa2eac88d48be41f8d526eb435fda/transformed/analysis/instrumentation-dependencies.bin because:
  Build cache is disabled
  Caching not enabled.
Caching disabled for MergeInstrumentationAnalysisTransform: /root/projects/PassVault/audit-runtime-linux-android-compile03/gradle-home/caches/modules-2/files-2.1/com.google.protobuf/protobuf-java-util/3.25.5/38cc5ce479603e36466feda2a9f1dfdb2210ef00/protobuf-java-util-3.25.5.jar because:
  Build cache is disabled
  Caching not enabled.
Caching disabled for ExternalDependencyInstrumentingArtifactTransform: /root/projects/PassVault/audit-runtime-linux-android-compile03/gradle-home/caches/9.7.1/transforms/d4c041554f1eb6df6af8789970193d73/transformed/merge/instrumentation-dependencies.bin because:
  Build cache is disabled
  Caching not enabled.
Caching disabled for ExternalDependencyInstrumentingArtifactTransform: /root/projects/PassVault/audit-runtime-linux-android-compile03/gradle-home/caches/modules-2/files-2.1/com.google.protobuf/protobuf-java-util/3.25.5/38cc5ce479603e36466feda2a9f1dfdb2210ef00/protobuf-java-util-3.25.5.jar because:
  Build cache is disabled
  Caching not enabled.
Caching disabled for MergeInstrumentationAnalysisTransform: /root/projects/PassVault/audit-runtime-linux-android-compile03/gradle-home/caches/9.7.1/transforms/1fe73ced6bcc0ee3ca8e3de0cece73ef/transformed/analysis/instrumentation-hierarchy.bin because:
  Build cache is disabled
  Caching not enabled.
Caching disabled for MergeInstrumentationAnalysisTransform: /root/projects/PassVault/audit-runtime-linux-android-compile03/gradle-home/caches/9.7.1/transforms/1fe73ced6bcc0ee3ca8e3de0cece73ef/transformed/analysis/instrumentation-dependencies.bin because:
  Build cache is disabled
  Caching not enabled.
Caching disabled for MergeInstrumentationAnalysisTransform: /root/projects/PassVault/audit-runtime-linux-android-compile03/gradle-home/caches/modules-2/files-2.1/com.google.crypto.tink/tink/1.7.0/668b57f109d32349b2870448f06ae6f202713edc/tink-1.7.0.jar because:
  Build cache is disabled
  Caching not enabled.
Caching disabled for ExternalDependencyInstrumentingArtifactTransform: /root/projects/PassVault/audit-runtime-linux-android-compile03/gradle-home/caches/9.7.1/transforms/cc68d08fd608edf0eeecfcc600955364/transformed/merge/instrumentation-dependencies.bin because:
  Build cache is disabled
  Caching not enabled.
Caching disabled for ExternalDependencyInstrumentingArtifactTransform: /root/projects/PassVault/audit-runtime-linux-android-compile03/gradle-home/caches/modules-2/files-2.1/com.google.crypto.tink/tink/1.7.0/668b57f109d32349b2870448f06ae6f202713edc/tink-1.7.0.jar because:
  Build cache is disabled
  Caching not enabled.
Caching disabled for MergeInstrumentationAnalysisTransform: /root/projects/PassVault/audit-runtime-linux-android-compile03/gradle-home/caches/9.7.1/transforms/445800d5f37d135a9daf17f23681f4b7/transformed/analysis/instrumentation-hierarchy.bin because:
  Build cache is disabled
  Caching not enabled.
Caching disabled for MergeInstrumentationAnalysisTransform: /root/projects/PassVault/audit-runtime-linux-android-compile03/gradle-home/caches/9.7.1/transforms/445800d5f37d135a9daf17f23681f4b7/transformed/analysis/instrumentation-dependencies.bin because:
  Build cache is disabled
  Caching not enabled.
Caching disabled for MergeInstrumentationAnalysisTransform: /root/projects/PassVault/audit-runtime-linux-android-compile03/gradle-home/caches/modules-2/files-2.1/com.android.tools.analytics-library/protos/32.4.0/72ce19690099b238b9214e35e08d0641bd4e726d/protos-32.4.0.jar because:
  Build cache is disabled
  Caching not enabled.
Caching disabled for ExternalDependencyInstrumentingArtifactTransform: /root/projects/PassVault/audit-runtime-linux-android-compile03/gradle-home/caches/9.7.1/transforms/f2bb65bdf199a4986c471064c88dfad1/transformed/merge/instrumentation-dependencies.bin because:
  Build cache is disabled
  Caching not enabled.
Caching disabled for ExternalDependencyInstrumentingArtifactTransform: /root/projects/PassVault/audit-runtime-linux-android-compile03/gradle-home/caches/modules-2/files-2.1/com.android.tools.analytics-library/protos/32.4.0/72ce19690099b238b9214e35e08d0641bd4e726d/protos-32.4.0.jar because:
  Build cache is disabled
  Caching not enabled.
Caching disabled for MergeInstrumentationAnalysisTransform: /root/projects/PassVault/audit-runtime-linux-android-compile03/gradle-home/caches/9.7.1/transforms/17b606efad8503ea91ad1e7a741ad1a8/transformed/analysis/instrumentation-hierarchy.bin because:
  Build cache is disabled
  Caching not enabled.
Caching disabled for MergeInstrumentationAnalysisTransform: /root/projects/PassVault/audit-runtime-linux-android-compile03/gradle-home/caches/9.7.1/transforms/17b606efad8503ea91ad1e7a741ad1a8/transformed/analysis/instrumentation-dependencies.bin because:
  Build cache is disabled
  Caching not enabled.
Caching disabled for MergeInstrumentationAnalysisTransform: /root/projects/PassVault/audit-runtime-linux-android-compile03/gradle-home/caches/modules-2/files-2.1/com.google.protobuf/protobuf-java/3.25.5/5ae5c9ec39930ae9b5a61b32b93288818ec05ec1/protobuf-java-3.25.5.jar because:
  Build cache is disabled
  Caching not enabled.
Caching disabled for ExternalDependencyInstrumentingArtifactTransform: /root/projects/PassVault/audit-runtime-linux-android-compile03/gradle-home/caches/9.7.1/transforms/550c39950c749462586c2a3fe669758f/transformed/merge/instrumentation-dependencies.bin because:
  Build cache is disabled
  Caching not enabled.
Caching disabled for ExternalDependencyInstrumentingArtifactTransform: /root/projects/PassVault/audit-runtime-linux-android-compile03/gradle-home/caches/modules-2/files-2.1/com.google.protobuf/protobuf-java/3.25.5/5ae5c9ec39930ae9b5a61b32b93288818ec05ec1/protobuf-java-3.25.5.jar because:
  Build cache is disabled
  Caching not enabled.
Caching disabled for MergeInstrumentationAnalysisTransform: /root/projects/PassVault/audit-runtime-linux-android-compile03/gradle-home/caches/9.7.1/transforms/7a08eb6d0b24ae46f004bed095a34e79/transformed/analysis/instrumentation-hierarchy.bin because:
  Build cache is disabled
  Caching not enabled.
Caching disabled for MergeInstrumentationAnalysisTransform: /root/projects/PassVault/audit-runtime-linux-android-compile03/gradle-home/caches/9.7.1/transforms/7a08eb6d0b24ae46f004bed095a34e79/transformed/analysis/instrumentation-dependencies.bin because:
  Build cache is disabled
  Caching not enabled.
Caching disabled for MergeInstrumentationAnalysisTransform: /root/projects/PassVault/audit-runtime-linux-android-compile03/gradle-home/caches/modules-2/files-2.1/com.google.code.gson/gson/2.11.0/527175ca6d81050b53bdd4c457a6d6e017626b0e/gson-2.11.0.jar because:
  Build cache is disabled
  Caching not enabled.
Caching disabled for ExternalDependencyInstrumentingArtifactTransform: /root/projects/PassVault/audit-runtime-linux-android-compile03/gradle-home/caches/9.7.1/transforms/9139fc90b458302ecfa928d1e5e1a4e2/transformed/merge/instrumentation-dependencies.bin because:
  Build cache is disabled
  Caching not enabled.
Caching disabled for ExternalDependencyInstrumentingArtifactTransform: /root/projects/PassVault/audit-runtime-linux-android-compile03/gradle-home/caches/modules-2/files-2.1/com.google.code.gson/gson/2.11.0/527175ca6d81050b53bdd4c457a6d6e017626b0e/gson-2.11.0.jar because:
  Build cache is disabled
  Caching not enabled.
Caching disabled for MergeInstrumentationAnalysisTransform: /root/projects/PassVault/audit-runtime-linux-android-compile03/gradle-home/caches/9.7.1/transforms/e1b4ed7ec6cd2a86696da966a26dbffc/transformed/analysis/instrumentation-hierarchy.bin because:
  Build cache is disabled
  Caching not enabled.
Caching disabled for MergeInstrumentationAnalysisTransform: /root/projects/PassVault/audit-runtime-linux-android-compile03/gradle-home/caches/9.7.1/transforms/e1b4ed7ec6cd2a86696da966a26dbffc/transformed/analysis/instrumentation-dependencies.bin because:
  Build cache is disabled
  Caching not enabled.
Caching disabled for MergeInstrumentationAnalysisTransform: /root/projects/PassVault/audit-runtime-linux-android-compile03/gradle-home/caches/modules-2/files-2.1/org.tensorflow/tensorflow-lite-metadata/0.2.0/7dbe8f75ae5c0ef7093c43c3ac8b560bbc7ea4b6/tensorflow-lite-metadata-0.2.0.jar because:
  Build cache is disabled
  Caching not enabled.
Caching disabled for ExternalDependencyInstrumentingArtifactTransform: /root/projects/PassVault/audit-runtime-linux-android-compile03/gradle-home/caches/9.7.1/transforms/082768b4fbaec179f3b538040de78002/transformed/merge/instrumentation-dependencies.bin because:
  Build cache is disabled
  Caching not enabled.
Caching disabled for ExternalDependencyInstrumentingArtifactTransform: /root/projects/PassVault/audit-runtime-linux-android-compile03/gradle-home/caches/modules-2/files-2.1/org.tensorflow/tensorflow-lite-metadata/0.2.0/7dbe8f75ae5c0ef7093c43c3ac8b560bbc7ea4b6/tensorflow-lite-metadata-0.2.0.jar because:
  Build cache is disabled
  Caching not enabled.
Caching disabled for MergeInstrumentationAnalysisTransform: /root/projects/PassVault/audit-runtime-linux-android-compile03/gradle-home/caches/9.7.1/transforms/0367b4a13f937f635a429a3a576947ac/transformed/analysis/instrumentation-dependencies.bin because:
  Build cache is disabled
  Caching not enabled.
Caching disabled for MergeInstrumentationAnalysisTransform: /root/projects/PassVault/audit-runtime-linux-android-compile03/gradle-home/caches/modules-2/files-2.1/org.jetbrains.kotlin/kotlin-gradle-plugin-annotations/2.4.10/d7e21334dd356764357f26dd1044975cb63e820f/kotlin-gradle-plugin-annotations-2.4.10.jar because:
  Build cache is disabled
  Caching not enabled.
Caching disabled for ExternalDependencyInstrumentingArtifactTransform: /root/projects/PassVault/audit-runtime-linux-android-compile03/gradle-home/caches/9.7.1/transforms/3976e289277675415d9362e67a82083a/transformed/merge/instrumentation-dependencies.bin because:
  Build cache is disabled
  Caching not enabled.
Caching disabled for ExternalDependencyInstrumentingArtifactTransform: /root/projects/PassVault/audit-runtime-linux-android-compile03/gradle-home/caches/modules-2/files-2.1/org.jetbrains.kotlin/kotlin-gradle-plugin-annotations/2.4.10/d7e21334dd356764357f26dd1044975cb63e820f/kotlin-gradle-plugin-annotations-2.4.10.jar because:
  Build cache is disabled
  Caching not enabled.
Caching disabled for MergeInstrumentationAnalysisTransform: /root/projects/PassVault/audit-runtime-linux-android-compile03/gradle-home/caches/9.7.1/transforms/28bdc1203607bed9432af1fd41940e29/transformed/analysis/instrumentation-hierarchy.bin because:
  Build cache is disabled
  Caching not enabled.
Caching disabled for MergeInstrumentationAnalysisTransform: /root/projects/PassVault/audit-runtime-linux-android-compile03/gradle-home/caches/9.7.1/transforms/28bdc1203607bed9432af1fd41940e29/transformed/analysis/instrumentation-dependencies.bin because:
  Build cache is disabled
  Caching not enabled.
Caching disabled for MergeInstrumentationAnalysisTransform: /root/projects/PassVault/audit-runtime-linux-android-compile03/gradle-home/caches/modules-2/files-2.1/org.jetbrains.kotlin/kotlin-native-utils/2.4.10/ffa1a46704f3172c99f23fd024965ebb24055ab6/kotlin-native-utils-2.4.10.jar because:
  Build cache is disabled
  Caching not enabled.
Caching disabled for ExternalDependencyInstrumentingArtifactTransform: /root/projects/PassVault/audit-runtime-linux-android-compile03/gradle-home/caches/9.7.1/transforms/b3ab5ac2fc01d2e289a98735199dafbd/transformed/merge/instrumentation-dependencies.bin because:
  Build cache is disabled
  Caching not enabled.
Caching disabled for ExternalDependencyInstrumentingArtifactTransform: /root/projects/PassVault/audit-runtime-linux-android-compile03/gradle-home/caches/modules-2/files-2.1/org.jetbrains.kotlin/kotlin-native-utils/2.4.10/ffa1a46704f3172c99f23fd024965ebb24055ab6/kotlin-native-utils-2.4.10.jar because:
  Build cache is disabled
  Caching not enabled.
Caching disabled for MergeInstrumentationAnalysisTransform: /root/projects/PassVault/audit-runtime-linux-android-compile03/gradle-home/caches/9.7.1/transforms/2204220f833f8a3cb5cbbc96bd04a4db/transformed/analysis/instrumentation-hierarchy.bin because:
  Build cache is disabled
  Caching not enabled.
Caching disabled for MergeInstrumentationAnalysisTransform: /root/projects/PassVault/audit-runtime-linux-android-compile03/gradle-home/caches/9.7.1/transforms/2204220f833f8a3cb5cbbc96bd04a4db/transformed/analysis/instrumentation-dependencies.bin because:
  Build cache is disabled
  Caching not enabled.
Caching disabled for MergeInstrumentationAnalysisTransform: /root/projects/PassVault/audit-runtime-linux-android-compile03/gradle-home/caches/modules-2/files-2.1/org.jetbrains.kotlin/kotlin-tooling-core/2.4.10/75970f5a2a9cb4d25557965bbec0a7ccd55bfbcf/kotlin-tooling-core-2.4.10.jar because:
  Build cache is disabled
  Caching not enabled.
Caching disabled for ExternalDependencyInstrumentingArtifactTransform: /root/projects/PassVault/audit-runtime-linux-android-compile03/gradle-home/caches/9.7.1/transforms/2613e430d5ba737db5a05e8577b9bbe9/transformed/merge/instrumentation-dependencies.bin because:
  Build cache is disabled
  Caching not enabled.
Caching disabled for ExternalDependencyInstrumentingArtifactTransform: /root/projects/PassVault/audit-runtime-linux-android-compile03/gradle-home/caches/modules-2/files-2.1/org.jetbrains.kotlin/kotlin-tooling-core/2.4.10/75970f5a2a9cb4d25557965bbec0a7ccd55bfbcf/kotlin-tooling-core-2.4.10.jar because:
  Build cache is disabled
  Caching not enabled.
Caching disabled for MergeInstrumentationAnalysisTransform: /root/projects/PassVault/audit-runtime-linux-android-compile03/gradle-home/caches/9.7.1/transforms/fa8785dff862722b0844292be840d6a6/transformed/analysis/instrumentation-hierarchy.bin because:
  Build cache is disabled
  Caching not enabled.
Caching disabled for MergeInstrumentationAnalysisTransform: /root/projects/PassVault/audit-runtime-linux-android-compile03/gradle-home/caches/9.7.1/transforms/fa8785dff862722b0844292be840d6a6/transformed/analysis/instrumentation-dependencies.bin because:
  Build cache is disabled
  Caching not enabled.
Caching disabled for MergeInstrumentationAnalysisTransform: /root/projects/PassVault/audit-runtime-linux-android-compile03/gradle-home/caches/modules-2/files-2.1/org.jetbrains.kotlin/kotlin-build-tools-api/2.4.10/c88fe54d8d8c568de500b26fd459853c7202de39/kotlin-build-tools-api-2.4.10.jar because:
  Build cache is disabled
  Caching not enabled.
Caching disabled for ExternalDependencyInstrumentingArtifactTransform: /root/projects/PassVault/audit-runtime-linux-android-compile03/gradle-home/caches/9.7.1/transforms/4825ec5fdd84f8265b7bc36f43995313/transformed/merge/instrumentation-dependencies.bin because:
  Build cache is disabled
  Caching not enabled.
Caching disabled for ExternalDependencyInstrumentingArtifactTransform: /root/projects/PassVault/audit-runtime-linux-android-compile03/gradle-home/caches/modules-2/files-2.1/org.jetbrains.kotlin/kotlin-build-tools-api/2.4.10/c88fe54d8d8c568de500b26fd459853c7202de39/kotlin-build-tools-api-2.4.10.jar because:
  Build cache is disabled
  Caching not enabled.
Caching disabled for MergeInstrumentationAnalysisTransform: /root/projects/PassVault/audit-runtime-linux-android-compile03/gradle-home/caches/9.7.1/transforms/d63b8fdf354364cb8e7019016e41e372/transformed/analysis/instrumentation-hierarchy.bin because:
  Build cache is disabled
  Caching not enabled.
Caching disabled for MergeInstrumentationAnalysisTransform: /root/projects/PassVault/audit-runtime-linux-android-compile03/gradle-home/caches/9.7.1/transforms/d63b8fdf354364cb8e7019016e41e372/transformed/analysis/instrumentation-dependencies.bin because:
  Build cache is disabled
  Caching not enabled.
Caching disabled for MergeInstrumentationAnalysisTransform: /root/projects/PassVault/audit-runtime-linux-android-compile03/gradle-home/caches/modules-2/files-2.1/org.jetbrains.kotlin/kotlin-util-klib/2.4.10/4c70cfc757d717d056b9cec24932506677bb0f52/kotlin-util-klib-2.4.10.jar because:
  Build cache is disabled
  Caching not enabled.
Caching disabled for ExternalDependencyInstrumentingArtifactTransform: /root/projects/PassVault/audit-runtime-linux-android-compile03/gradle-home/caches/9.7.1/transforms/6fe031cda8fb78bff21348cba3e0bec3/transformed/merge/instrumentation-dependencies.bin because:
  Build cache is disabled
  Caching not enabled.
Caching disabled for ExternalDependencyInstrumentingArtifactTransform: /root/projects/PassVault/audit-runtime-linux-android-compile03/gradle-home/caches/modules-2/files-2.1/org.jetbrains.kotlin/kotlin-util-klib/2.4.10/4c70cfc757d717d056b9cec24932506677bb0f52/kotlin-util-klib-2.4.10.jar because:
  Build cache is disabled
  Caching not enabled.
Caching disabled for MergeInstrumentationAnalysisTransform: /root/projects/PassVault/audit-runtime-linux-android-compile03/gradle-home/caches/9.7.1/transforms/eb613282374489dcbe96d9df48d07a0e/transformed/analysis/instrumentation-hierarchy.bin because:
  Build cache is disabled
  Caching not enabled.
Caching disabled for MergeInstrumentationAnalysisTransform: /root/projects/PassVault/audit-runtime-linux-android-compile03/gradle-home/caches/9.7.1/transforms/eb613282374489dcbe96d9df48d07a0e/transformed/analysis/instrumentation-dependencies.bin because:
  Build cache is disabled
  Caching not enabled.
Caching disabled for MergeInstrumentationAnalysisTransform: /root/projects/PassVault/audit-runtime-linux-android-compile03/gradle-home/caches/modules-2/files-2.1/org.jetbrains.kotlin/kotlin-util-io/2.4.10/22c395cc2a2833b5dd1aa368155c491b8a04be6d/kotlin-util-io-2.4.10.jar because:
  Build cache is disabled
  Caching not enabled.
Caching disabled for ExternalDependencyInstrumentingArtifactTransform: /root/projects/PassVault/audit-runtime-linux-android-compile03/gradle-home/caches/9.7.1/transforms/c41104bcc2388c1f181b231d22ec1403/transformed/merge/instrumentation-dependencies.bin because:
  Build cache is disabled
  Caching not enabled.
Caching disabled for ExternalDependencyInstrumentingArtifactTransform: /root/projects/PassVault/audit-runtime-linux-android-compile03/gradle-home/caches/modules-2/files-2.1/org.jetbrains.kotlin/kotlin-util-io/2.4.10/22c395cc2a2833b5dd1aa368155c491b8a04be6d/kotlin-util-io-2.4.10.jar because:
  Build cache is disabled
  Caching not enabled.
Caching disabled for MergeInstrumentationAnalysisTransform: /root/projects/PassVault/audit-runtime-linux-android-compile03/gradle-home/caches/9.7.1/transforms/fb4da546fe684629e47ee03cda883ea9/transformed/analysis/instrumentation-hierarchy.bin because:
  Build cache is disabled
  Caching not enabled.
Caching disabled for MergeInstrumentationAnalysisTransform: /root/projects/PassVault/audit-runtime-linux-android-compile03/gradle-home/caches/9.7.1/transforms/fb4da546fe684629e47ee03cda883ea9/transformed/analysis/instrumentation-dependencies.bin because:
  Build cache is disabled
  Caching not enabled.
Caching disabled for MergeInstrumentationAnalysisTransform: /root/projects/PassVault/audit-runtime-linux-android-compile03/gradle-home/caches/modules-2/files-2.1/org.jetbrains.kotlin/kotlin-daemon-client/2.4.10/8c3aa7a03a90240de365985d93bc8ed39163f852/kotlin-daemon-client-2.4.10.jar because:
  Build cache is disabled
  Caching not enabled.
Caching disabled for ExternalDependencyInstrumentingArtifactTransform: /root/projects/PassVault/audit-runtime-linux-android-compile03/gradle-home/caches/9.7.1/transforms/169c346de421d5f2fc6dd1c4b6ba2f94/transformed/merge/instrumentation-dependencies.bin because:
  Build cache is disabled
  Caching not enabled.
Caching disabled for ExternalDependencyInstrumentingArtifactTransform: /root/projects/PassVault/audit-runtime-linux-android-compile03/gradle-home/caches/modules-2/files-2.1/org.jetbrains.kotlin/kotlin-daemon-client/2.4.10/8c3aa7a03a90240de365985d93bc8ed39163f852/kotlin-daemon-client-2.4.10.jar because:
  Build cache is disabled
  Caching not enabled.
Caching disabled for MergeInstrumentationAnalysisTransform: /root/projects/PassVault/audit-runtime-linux-android-compile03/gradle-home/caches/9.7.1/transforms/845bb3c4f75e9675c51e90670c81034d/transformed/analysis/instrumentation-hierarchy.bin because:
  Build cache is disabled
  Caching not enabled.
Caching disabled for MergeInstrumentationAnalysisTransform: /root/projects/PassVault/audit-runtime-linux-android-compile03/gradle-home/caches/9.7.1/transforms/845bb3c4f75e9675c51e90670c81034d/transformed/analysis/instrumentation-dependencies.bin because:
  Build cache is disabled
  Caching not enabled.
Caching disabled for MergeInstrumentationAnalysisTransform: /root/projects/PassVault/audit-runtime-linux-android-compile03/gradle-home/caches/modules-2/files-2.1/com.google.jimfs/jimfs/1.1/8fbd0579dc68aba6186935cc1bee21d2f3e7ec1c/jimfs-1.1.jar because:
  Build cache is disabled
  Caching not enabled.
Caching disabled for ExternalDependencyInstrumentingArtifactTransform: /root/projects/PassVault/audit-runtime-linux-android-compile03/gradle-home/caches/9.7.1/transforms/5e42c8b56b1d2f81a55bd036d98da98f/transformed/merge/instrumentation-dependencies.bin because:
  Build cache is disabled
  Caching not enabled.
Caching disabled for ExternalDependencyInstrumentingArtifactTransform: /root/projects/PassVault/audit-runtime-linux-android-compile03/gradle-home/caches/modules-2/files-2.1/com.google.jimfs/jimfs/1.1/8fbd0579dc68aba6186935cc1bee21d2f3e7ec1c/jimfs-1.1.jar because:
  Build cache is disabled
  Caching not enabled.
Caching disabled for MergeInstrumentationAnalysisTransform: /root/projects/PassVault/audit-runtime-linux-android-compile03/gradle-home/caches/9.7.1/transforms/aca89e3e4b19a40e795b5f0f4e4c53a5/transformed/analysis/instrumentation-hierarchy.bin because:
  Build cache is disabled
  Caching not enabled.
Caching disabled for MergeInstrumentationAnalysisTransform: /root/projects/PassVault/audit-runtime-linux-android-compile03/gradle-home/caches/9.7.1/transforms/aca89e3e4b19a40e795b5f0f4e4c53a5/transformed/analysis/instrumentation-dependencies.bin because:
  Build cache is disabled
  Caching not enabled.
Caching disabled for MergeInstrumentationAnalysisTransform: /root/projects/PassVault/audit-runtime-linux-android-compile03/gradle-home/caches/modules-2/files-2.1/com.android.tools.build/apkzlib/9.4.0/81e69e9fd7e45be473e784f6220d09bea36115cc/apkzlib-9.4.0.jar because:
  Build cache is disabled
  Caching not enabled.
Caching disabled for ExternalDependencyInstrumentingArtifactTransform: /root/projects/PassVault/audit-runtime-linux-android-compile03/gradle-home/caches/9.7.1/transforms/ee7da3b891a38f181d17cb0bdc74ab8e/transformed/merge/instrumentation-dependencies.bin because:
  Build cache is disabled
  Caching not enabled.
Caching disabled for ExternalDependencyInstrumentingArtifactTransform: /root/projects/PassVault/audit-runtime-linux-android-compile03/gradle-home/caches/modules-2/files-2.1/com.android.tools.build/apkzlib/9.4.0/81e69e9fd7e45be473e784f6220d09bea36115cc/apkzlib-9.4.0.jar because:
  Build cache is disabled
  Caching not enabled.
Caching disabled for MergeInstrumentationAnalysisTransform: /root/projects/PassVault/audit-runtime-linux-android-compile03/gradle-home/caches/9.7.1/transforms/f5cc598891b10bb36aca1a800912fa1e/transformed/analysis/instrumentation-hierarchy.bin because:
  Build cache is disabled
  Caching not enabled.
Caching disabled for MergeInstrumentationAnalysisTransform: /root/projects/PassVault/audit-runtime-linux-android-compile03/gradle-home/caches/9.7.1/transforms/f5cc598891b10bb36aca1a800912fa1e/transformed/analysis/instrumentation-dependencies.bin because:
  Build cache is disabled
  Caching not enabled.
Caching disabled for MergeInstrumentationAnalysisTransform: /root/projects/PassVault/audit-runtime-linux-android-compile03/gradle-home/caches/modules-2/files-2.1/com.google.guava/guava/33.4.0-jre/3fcc0a259f724c7de54a6a55ea7e26d3d5c0cac/guava-33.4.0-jre.jar because:
  Build cache is disabled
  Caching not enabled.
Caching disabled for ExternalDependencyInstrumentingArtifactTransform: /root/projects/PassVault/audit-runtime-linux-android-compile03/gradle-home/caches/9.7.1/transforms/de3cfc8b787a228bcba79772a8f4fe4d/transformed/merge/instrumentation-dependencies.bin because:
  Build cache is disabled
  Caching not enabled.
Caching disabled for ExternalDependencyInstrumentingArtifactTransform: /root/projects/PassVault/audit-runtime-linux-android-compile03/gradle-home/caches/modules-2/files-2.1/com.google.guava/guava/33.4.0-jre/3fcc0a259f724c7de54a6a55ea7e26d3d5c0cac/guava-33.4.0-jre.jar because:
  Build cache is disabled
  Caching not enabled.
Caching disabled for MergeInstrumentationAnalysisTransform: /root/projects/PassVault/audit-runtime-linux-android-compile03/gradle-home/caches/9.7.1/transforms/c08061cc85075eb440aa9c2baf06236a/transformed/analysis/instrumentation-hierarchy.bin because:
  Build cache is disabled
  Caching not enabled.
Caching disabled for MergeInstrumentationAnalysisTransform: /root/projects/PassVault/audit-runtime-linux-android-compile03/gradle-home/caches/9.7.1/transforms/c08061cc85075eb440aa9c2baf06236a/transformed/analysis/instrumentation-dependencies.bin because:
  Build cache is disabled
  Caching not enabled.
Caching disabled for MergeInstrumentationAnalysisTransform: /root/projects/PassVault/audit-runtime-linux-android-compile03/gradle-home/caches/modules-2/files-2.1/com.google.dagger/dagger/2.28.3/10d83810ef9e19714116ed518896c90c6606d633/dagger-2.28.3.jar because:
  Build cache is disabled
  Caching not enabled.
Caching disabled for ExternalDependencyInstrumentingArtifactTransform: /root/projects/PassVault/audit-runtime-linux-android-compile03/gradle-home/caches/9.7.1/transforms/d609e9daaaeafb529fd8b6e4c542b6ff/transformed/merge/instrumentation-dependencies.bin because:
  Build cache is disabled
  Caching not enabled.
Caching disabled for ExternalDependencyInstrumentingArtifactTransform: /root/projects/PassVault/audit-runtime-linux-android-compile03/gradle-home/caches/modules-2/files-2.1/com.google.dagger/dagger/2.28.3/10d83810ef9e19714116ed518896c90c6606d633/dagger-2.28.3.jar because:
  Build cache is disabled
  Caching not enabled.
Caching disabled for MergeInstrumentationAnalysisTransform: /root/projects/PassVault/audit-runtime-linux-android-compile03/gradle-home/caches/9.7.1/transforms/60674c83291875d44bda9f6eb6496792/transformed/analysis/instrumentation-dependencies.bin because:
  Build cache is disabled
  Caching not enabled.
Caching disabled for MergeInstrumentationAnalysisTransform: /root/projects/PassVault/audit-runtime-linux-android-compile03/gradle-home/caches/modules-2/files-2.1/javax.inject/javax.inject/1/6975da39a7040257bd51d21a231b76c915872d38/javax.inject-1.jar because:
  Build cache is disabled
  Caching not enabled.
Caching disabled for ExternalDependencyInstrumentingArtifactTransform: /root/projects/PassVault/audit-runtime-linux-android-compile03/gradle-home/caches/9.7.1/transforms/6ffad1652eb1bc749fdfb8ae61774cfb/transformed/merge/instrumentation-dependencies.bin because:
  Build cache is disabled
  Caching not enabled.
Caching disabled for ExternalDependencyInstrumentingArtifactTransform: /root/projects/PassVault/audit-runtime-linux-android-compile03/gradle-home/caches/modules-2/files-2.1/javax.inject/javax.inject/1/6975da39a7040257bd51d21a231b76c915872d38/javax.inject-1.jar because:
  Build cache is disabled
  Caching not enabled.
Caching disabled for MergeInstrumentationAnalysisTransform: /root/projects/PassVault/audit-runtime-linux-android-compile03/gradle-home/caches/9.7.1/transforms/c2b1ea5b67d2782bb5e2dcb4c02f1a84/transformed/analysis/instrumentation-hierarchy.bin because:
  Build cache is disabled
  Caching not enabled.
Caching disabled for MergeInstrumentationAnalysisTransform: /root/projects/PassVault/audit-runtime-linux-android-compile03/gradle-home/caches/9.7.1/transforms/c2b1ea5b67d2782bb5e2dcb4c02f1a84/transformed/analysis/instrumentation-dependencies.bin because:
  Build cache is disabled
  Caching not enabled.
Caching disabled for MergeInstrumentationAnalysisTransform: /root/projects/PassVault/audit-runtime-linux-android-compile03/gradle-home/caches/modules-2/files-2.1/net.sf.kxml/kxml2/2.3.0/ccbc77a5fd907ef863c29f3596c6f54ffa4e9442/kxml2-2.3.0.jar because:
  Build cache is disabled
  Caching not enabled.
Caching disabled for ExternalDependencyInstrumentingArtifactTransform: /root/projects/PassVault/audit-runtime-linux-android-compile03/gradle-home/caches/9.7.1/transforms/126b80274fc658356e527ee1459ff1f5/transformed/merge/instrumentation-dependencies.bin because:
  Build cache is disabled
  Caching not enabled.
Caching disabled for ExternalDependencyInstrumentingArtifactTransform: /root/projects/PassVault/audit-runtime-linux-android-compile03/gradle-home/caches/modules-2/files-2.1/net.sf.kxml/kxml2/2.3.0/ccbc77a5fd907ef863c29f3596c6f54ffa4e9442/kxml2-2.3.0.jar because:
  Build cache is disabled
  Caching not enabled.
Caching disabled for MergeInstrumentationAnalysisTransform: /root/projects/PassVault/audit-runtime-linux-android-compile03/gradle-home/caches/9.7.1/transforms/3ab15090e92fc75794c91edfa1cf89fa/transformed/analysis/instrumentation-hierarchy.bin because:
  Build cache is disabled
  Caching not enabled.
Caching disabled for MergeInstrumentationAnalysisTransform: /root/projects/PassVault/audit-runtime-linux-android-compile03/gradle-home/caches/9.7.1/transforms/3ab15090e92fc75794c91edfa1cf89fa/transformed/analysis/instrumentation-dependencies.bin because:
  Build cache is disabled
  Caching not enabled.
Caching disabled for MergeInstrumentationAnalysisTransform: /root/projects/PassVault/audit-runtime-linux-android-compile03/gradle-home/caches/modules-2/files-2.1/org.bouncycastle/bcpkix-jdk18on/1.80.2/cc97199b13ed4166079aec30e020bd684ead274c/bcpkix-jdk18on-1.80.2.jar because:
  Build cache is disabled
  Caching not enabled.
Caching disabled for ExternalDependencyInstrumentingArtifactTransform: /root/projects/PassVault/audit-runtime-linux-android-compile03/gradle-home/caches/9.7.1/transforms/bd5d7c0790a4adcfe507671ef0cfe4a3/transformed/merge/instrumentation-dependencies.bin because:
  Build cache is disabled
  Caching not enabled.
Caching disabled for ExternalDependencyInstrumentingArtifactTransform: /root/projects/PassVault/audit-runtime-linux-android-compile03/gradle-home/caches/modules-2/files-2.1/org.bouncycastle/bcpkix-jdk18on/1.80.2/cc97199b13ed4166079aec30e020bd684ead274c/bcpkix-jdk18on-1.80.2.jar because:
  Build cache is disabled
  Caching not enabled.
Caching disabled for MergeInstrumentationAnalysisTransform: /root/projects/PassVault/audit-runtime-linux-android-compile03/gradle-home/caches/9.7.1/transforms/dd28feafbbbb990afe97722b8a128881/transformed/analysis/instrumentation-hierarchy.bin because:
  Build cache is disabled
  Caching not enabled.
Caching disabled for MergeInstrumentationAnalysisTransform: /root/projects/PassVault/audit-runtime-linux-android-compile03/gradle-home/caches/9.7.1/transforms/dd28feafbbbb990afe97722b8a128881/transformed/analysis/instrumentation-dependencies.bin because:
  Build cache is disabled
  Caching not enabled.
Caching disabled for MergeInstrumentationAnalysisTransform: /root/projects/PassVault/audit-runtime-linux-android-compile03/gradle-home/caches/modules-2/files-2.1/org.bouncycastle/bcutil-jdk18on/1.80.2/5aa52bcc7b7d5dc8975a3df9e657abdb5cea62be/bcutil-jdk18on-1.80.2.jar because:
  Build cache is disabled
  Caching not enabled.
Caching disabled for ExternalDependencyInstrumentingArtifactTransform: /root/projects/PassVault/audit-runtime-linux-android-compile03/gradle-home/caches/9.7.1/transforms/7588192300ff5d91dc850feef3c4da75/transformed/merge/instrumentation-dependencies.bin because:
  Build cache is disabled
  Caching not enabled.
Caching disabled for ExternalDependencyInstrumentingArtifactTransform: /root/projects/PassVault/audit-runtime-linux-android-compile03/gradle-home/caches/modules-2/files-2.1/org.bouncycastle/bcutil-jdk18on/1.80.2/5aa52bcc7b7d5dc8975a3df9e657abdb5cea62be/bcutil-jdk18on-1.80.2.jar because:
  Build cache is disabled
  Caching not enabled.
Caching disabled for MergeInstrumentationAnalysisTransform: /root/projects/PassVault/audit-runtime-linux-android-compile03/gradle-home/caches/9.7.1/transforms/3cc98381e209f2b86496b9726414c295/transformed/analysis/instrumentation-hierarchy.bin because:
  Build cache is disabled
  Caching not enabled.
Caching disabled for MergeInstrumentationAnalysisTransform: /root/projects/PassVault/audit-runtime-linux-android-compile03/gradle-home/caches/9.7.1/transforms/3cc98381e209f2b86496b9726414c295/transformed/analysis/instrumentation-dependencies.bin because:
  Build cache is disabled
  Caching not enabled.
Caching disabled for MergeInstrumentationAnalysisTransform: /root/projects/PassVault/audit-runtime-linux-android-compile03/gradle-home/caches/modules-2/files-2.1/org.bouncycastle/bcprov-jdk18on/1.80.2/698ebb5539a939849576a6854bd52e191cbe1c5c/bcprov-jdk18on-1.80.2.jar because:
  Build cache is disabled
  Caching not enabled.
Caching disabled for ExternalDependencyInstrumentingArtifactTransform: /root/projects/PassVault/audit-runtime-linux-android-compile03/gradle-home/caches/9.7.1/transforms/c3b91ce2e2682e393f7e83414752ba65/transformed/merge/instrumentation-dependencies.bin because:
  Build cache is disabled
  Caching not enabled.
Caching disabled for ExternalDependencyInstrumentingArtifactTransform: /root/projects/PassVault/audit-runtime-linux-android-compile03/gradle-home/caches/modules-2/files-2.1/org.bouncycastle/bcprov-jdk18on/1.80.2/698ebb5539a939849576a6854bd52e191cbe1c5c/bcprov-jdk18on-1.80.2.jar because:
  Build cache is disabled
  Caching not enabled.
Caching disabled for MergeInstrumentationAnalysisTransform: /root/projects/PassVault/audit-runtime-linux-android-compile03/gradle-home/caches/9.7.1/transforms/cc0f4a96529e4dd8cd282d8d922e8b31/transformed/analysis/instrumentation-hierarchy.bin because:
  Build cache is disabled
  Caching not enabled.
Caching disabled for MergeInstrumentationAnalysisTransform: /root/projects/PassVault/audit-runtime-linux-android-compile03/gradle-home/caches/9.7.1/transforms/cc0f4a96529e4dd8cd282d8d922e8b31/transformed/analysis/instrumentation-dependencies.bin because:
  Build cache is disabled
  Caching not enabled.
Caching disabled for MergeInstrumentationAnalysisTransform: /root/projects/PassVault/audit-runtime-linux-android-compile03/gradle-home/caches/modules-2/files-2.1/org.apache.httpcomponents/httpclient/4.5.14/1194890e6f56ec29177673f2f12d0b8e627dec98/httpclient-4.5.14.jar because:
  Build cache is disabled
  Caching not enabled.
Caching disabled for ExternalDependencyInstrumentingArtifactTransform: /root/projects/PassVault/audit-runtime-linux-android-compile03/gradle-home/caches/9.7.1/transforms/79758e47697340de6d8af8d5b4245c25/transformed/merge/instrumentation-dependencies.bin because:
  Build cache is disabled
  Caching not enabled.
Caching disabled for ExternalDependencyInstrumentingArtifactTransform: /root/projects/PassVault/audit-runtime-linux-android-compile03/gradle-home/caches/modules-2/files-2.1/org.apache.httpcomponents/httpclient/4.5.14/1194890e6f56ec29177673f2f12d0b8e627dec98/httpclient-4.5.14.jar because:
  Build cache is disabled
  Caching not enabled.
Caching disabled for MergeInstrumentationAnalysisTransform: /root/projects/PassVault/audit-runtime-linux-android-compile03/gradle-home/caches/9.7.1/transforms/31d9d8a638847bb4431a84f1799832b7/transformed/analysis/instrumentation-hierarchy.bin because:
  Build cache is disabled
  Caching not enabled.
Caching disabled for MergeInstrumentationAnalysisTransform: /root/projects/PassVault/audit-runtime-linux-android-compile03/gradle-home/caches/9.7.1/transforms/31d9d8a638847bb4431a84f1799832b7/transformed/analysis/instrumentation-dependencies.bin because:
  Build cache is disabled
  Caching not enabled.
Caching disabled for MergeInstrumentationAnalysisTransform: /root/projects/PassVault/audit-runtime-linux-android-compile03/gradle-home/caches/modules-2/files-2.1/org.apache.httpcomponents/httpcore/4.4.16/51cf043c87253c9f58b539c9f7e44c8894223850/httpcore-4.4.16.jar because:
  Build cache is disabled
  Caching not enabled.
Caching disabled for ExternalDependencyInstrumentingArtifactTransform: /root/projects/PassVault/audit-runtime-linux-android-compile03/gradle-home/caches/9.7.1/transforms/07822c53f1cb7dd8ef46f6e3b9387c02/transformed/merge/instrumentation-dependencies.bin because:
  Build cache is disabled
  Caching not enabled.
Caching disabled for ExternalDependencyInstrumentingArtifactTransform: /root/projects/PassVault/audit-runtime-linux-android-compile03/gradle-home/caches/modules-2/files-2.1/org.apache.httpcomponents/httpcore/4.4.16/51cf043c87253c9f58b539c9f7e44c8894223850/httpcore-4.4.16.jar because:
  Build cache is disabled
  Caching not enabled.
Caching disabled for MergeInstrumentationAnalysisTransform: /root/projects/PassVault/audit-runtime-linux-android-compile03/gradle-home/caches/9.7.1/transforms/f91bb7f1ebe7a21a548c13ed242a01b9/transformed/analysis/instrumentation-hierarchy.bin because:
  Build cache is disabled
  Caching not enabled.
Caching disabled for MergeInstrumentationAnalysisTransform: /root/projects/PassVault/audit-runtime-linux-android-compile03/gradle-home/caches/9.7.1/transforms/f91bb7f1ebe7a21a548c13ed242a01b9/transformed/analysis/instrumentation-dependencies.bin because:
  Build cache is disabled
  Caching not enabled.
Caching disabled for MergeInstrumentationAnalysisTransform: /root/projects/PassVault/audit-runtime-linux-android-compile03/gradle-home/caches/modules-2/files-2.1/com.android/signflinger/9.4.0/931575c0547261e249124c8749ece3b1664763a5/signflinger-9.4.0.jar because:
  Build cache is disabled
  Caching not enabled.
Caching disabled for ExternalDependencyInstrumentingArtifactTransform: /root/projects/PassVault/audit-runtime-linux-android-compile03/gradle-home/caches/9.7.1/transforms/decb7ead719c4d014e64e9a237ec2e8e/transformed/merge/instrumentation-dependencies.bin because:
  Build cache is disabled
  Caching not enabled.
Caching disabled for ExternalDependencyInstrumentingArtifactTransform: /root/projects/PassVault/audit-runtime-linux-android-compile03/gradle-home/caches/modules-2/files-2.1/com.android/signflinger/9.4.0/931575c0547261e249124c8749ece3b1664763a5/signflinger-9.4.0.jar because:
  Build cache is disabled
  Caching not enabled.
Caching disabled for MergeInstrumentationAnalysisTransform: /root/projects/PassVault/audit-runtime-linux-android-compile03/gradle-home/caches/9.7.1/transforms/295a6db3665573f8bbba40fb079de830/transformed/analysis/instrumentation-hierarchy.bin because:
  Build cache is disabled
  Caching not enabled.
Caching disabled for MergeInstrumentationAnalysisTransform: /root/projects/PassVault/audit-runtime-linux-android-compile03/gradle-home/caches/9.7.1/transforms/295a6db3665573f8bbba40fb079de830/transformed/analysis/instrumentation-dependencies.bin because:
  Build cache is disabled
  Caching not enabled.
Caching disabled for MergeInstrumentationAnalysisTransform: /root/projects/PassVault/audit-runtime-linux-android-compile03/gradle-home/caches/modules-2/files-2.1/com.android/zipflinger/9.4.0/468d84015634e21c1607b7cb298fff3017dbe19/zipflinger-9.4.0.jar because:
  Build cache is disabled
  Caching not enabled.
Caching disabled for ExternalDependencyInstrumentingArtifactTransform: /root/projects/PassVault/audit-runtime-linux-android-compile03/gradle-home/caches/9.7.1/transforms/011134460310e7099da3bdb482379058/transformed/merge/instrumentation-dependencies.bin because:
  Build cache is disabled
  Caching not enabled.
Caching disabled for ExternalDependencyInstrumentingArtifactTransform: /root/projects/PassVault/audit-runtime-linux-android-compile03/gradle-home/caches/modules-2/files-2.1/com.android/zipflinger/9.4.0/468d84015634e21c1607b7cb298fff3017dbe19/zipflinger-9.4.0.jar because:
  Build cache is disabled
  Caching not enabled.
Caching disabled for MergeInstrumentationAnalysisTransform: /root/projects/PassVault/audit-runtime-linux-android-compile03/gradle-home/caches/9.7.1/transforms/489e58f98c40bce34654df51d3313672/transformed/analysis/instrumentation-dependencies.bin because:
  Build cache is disabled
  Caching not enabled.
Caching disabled for MergeInstrumentationAnalysisTransform: /root/projects/PassVault/audit-runtime-linux-android-compile03/gradle-home/caches/modules-2/files-2.1/com.android.tools/annotations/32.4.0/755aa98f446d71a443d30a732b42f906cce94a44/annotations-32.4.0.jar because:
  Build cache is disabled
  Caching not enabled.
Caching disabled for ExternalDependencyInstrumentingArtifactTransform: /root/projects/PassVault/audit-runtime-linux-android-compile03/gradle-home/caches/9.7.1/transforms/341fefe2feefe32e6ceb9e8fe63121d7/transformed/merge/instrumentation-dependencies.bin because:
  Build cache is disabled
  Caching not enabled.
Caching disabled for ExternalDependencyInstrumentingArtifactTransform: /root/projects/PassVault/audit-runtime-linux-android-compile03/gradle-home/caches/modules-2/files-2.1/com.android.tools/annotations/32.4.0/755aa98f446d71a443d30a732b42f906cce94a44/annotations-32.4.0.jar because:
  Build cache is disabled
  Caching not enabled.
Caching disabled for MergeInstrumentationAnalysisTransform: /root/projects/PassVault/audit-runtime-linux-android-compile03/gradle-home/caches/9.7.1/transforms/418acdc60d36c8825b7a81b7140a2368/transformed/analysis/instrumentation-hierarchy.bin because:
  Build cache is disabled
  Caching not enabled.
Caching disabled for MergeInstrumentationAnalysisTransform: /root/projects/PassVault/audit-runtime-linux-android-compile03/gradle-home/caches/9.7.1/transforms/418acdc60d36c8825b7a81b7140a2368/transformed/analysis/instrumentation-dependencies.bin because:
  Build cache is disabled
  Caching not enabled.
Caching disabled for MergeInstrumentationAnalysisTransform: /root/projects/PassVault/audit-runtime-linux-android-compile03/gradle-home/caches/modules-2/files-2.1/net.java.dev.jna/jna-platform/5.6.0/d18424ffb8bbfd036d71bcaab9b546858f2ef986/jna-platform-5.6.0.jar because:
  Build cache is disabled
  Caching not enabled.
Caching disabled for ExternalDependencyInstrumentingArtifactTransform: /root/projects/PassVault/audit-runtime-linux-android-compile03/gradle-home/caches/9.7.1/transforms/f7bfd7cda920754866bb4d79a171dd8b/transformed/merge/instrumentation-dependencies.bin because:
  Build cache is disabled
  Caching not enabled.
Caching disabled for ExternalDependencyInstrumentingArtifactTransform: /root/projects/PassVault/audit-runtime-linux-android-compile03/gradle-home/caches/modules-2/files-2.1/net.java.dev.jna/jna-platform/5.6.0/d18424ffb8bbfd036d71bcaab9b546858f2ef986/jna-platform-5.6.0.jar because:
  Build cache is disabled
  Caching not enabled.
Caching disabled for MergeInstrumentationAnalysisTransform: /root/projects/PassVault/audit-runtime-linux-android-compile03/gradle-home/caches/9.7.1/transforms/52a672ea120bec7fc8d540098b4936a6/transformed/analysis/instrumentation-hierarchy.bin because:
  Build cache is disabled
  Caching not enabled.
Caching disabled for MergeInstrumentationAnalysisTransform: /root/projects/PassVault/audit-runtime-linux-android-compile03/gradle-home/caches/9.7.1/transforms/52a672ea120bec7fc8d540098b4936a6/transformed/analysis/instrumentation-dependencies.bin because:
  Build cache is disabled
  Caching not enabled.
Caching disabled for MergeInstrumentationAnalysisTransform: /root/projects/PassVault/audit-runtime-linux-android-compile03/gradle-home/caches/modules-2/files-2.1/com.googlecode.juniversalchardet/juniversalchardet/1.0.3/cd49678784c46aa8789c060538e0154013bb421b/juniversalchardet-1.0.3.jar because:
  Build cache is disabled
  Caching not enabled.
Caching disabled for ExternalDependencyInstrumentingArtifactTransform: /root/projects/PassVault/audit-runtime-linux-android-compile03/gradle-home/caches/9.7.1/transforms/81eff2f31cac98c60e80f818230959e5/transformed/merge/instrumentation-dependencies.bin because:
  Build cache is disabled
  Caching not enabled.
Caching disabled for ExternalDependencyInstrumentingArtifactTransform: /root/projects/PassVault/audit-runtime-linux-android-compile03/gradle-home/caches/modules-2/files-2.1/com.googlecode.juniversalchardet/juniversalchardet/1.0.3/cd49678784c46aa8789c060538e0154013bb421b/juniversalchardet-1.0.3.jar because:
  Build cache is disabled
  Caching not enabled.
Caching disabled for MergeInstrumentationAnalysisTransform: /root/projects/PassVault/audit-runtime-linux-android-compile03/gradle-home/caches/9.7.1/transforms/519355526de068562868b8fefab36674/transformed/analysis/instrumentation-hierarchy.bin because:
  Build cache is disabled
  Caching not enabled.
Caching disabled for MergeInstrumentationAnalysisTransform: /root/projects/PassVault/audit-runtime-linux-android-compile03/gradle-home/caches/9.7.1/transforms/519355526de068562868b8fefab36674/transformed/analysis/instrumentation-dependencies.bin because:
  Build cache is disabled
  Caching not enabled.
Caching disabled for MergeInstrumentationAnalysisTransform: /root/projects/PassVault/audit-runtime-linux-android-compile03/gradle-home/caches/modules-2/files-2.1/org.jvnet.staxex/stax-ex/1.8.1/78011e483a21102fb4858f3e8f269a677e50aa23/stax-ex-1.8.1.jar because:
  Build cache is disabled
  Caching not enabled.
Caching disabled for ExternalDependencyInstrumentingArtifactTransform: /root/projects/PassVault/audit-runtime-linux-android-compile03/gradle-home/caches/9.7.1/transforms/4a52e2982a53a1ecb56dc81f066e698d/transformed/merge/instrumentation-dependencies.bin because:
  Build cache is disabled
  Caching not enabled.
Caching disabled for ExternalDependencyInstrumentingArtifactTransform: /root/projects/PassVault/audit-runtime-linux-android-compile03/gradle-home/caches/modules-2/files-2.1/org.jvnet.staxex/stax-ex/1.8.1/78011e483a21102fb4858f3e8f269a677e50aa23/stax-ex-1.8.1.jar because:
  Build cache is disabled
  Caching not enabled.
Caching disabled for MergeInstrumentationAnalysisTransform: /root/projects/PassVault/audit-runtime-linux-android-compile03/gradle-home/caches/9.7.1/transforms/02101700b2b96c2a474a89a2a8272f27/transformed/analysis/instrumentation-hierarchy.bin because:
  Build cache is disabled
  Caching not enabled.
Caching disabled for MergeInstrumentationAnalysisTransform: /root/projects/PassVault/audit-runtime-linux-android-compile03/gradle-home/caches/9.7.1/transforms/02101700b2b96c2a474a89a2a8272f27/transformed/analysis/instrumentation-dependencies.bin because:
  Build cache is disabled
  Caching not enabled.
Caching disabled for MergeInstrumentationAnalysisTransform: /root/projects/PassVault/audit-runtime-linux-android-compile03/gradle-home/caches/modules-2/files-2.1/jakarta.xml.bind/jakarta.xml.bind-api/2.3.2/8d49996a4338670764d7ca4b85a1c4ccf7fe665d/jakarta.xml.bind-api-2.3.2.jar because:
  Build cache is disabled
  Caching not enabled.
Caching disabled for ExternalDependencyInstrumentingArtifactTransform: /root/projects/PassVault/audit-runtime-linux-android-compile03/gradle-home/caches/9.7.1/transforms/e68c9f766525a108a913814cb8189a62/transformed/merge/instrumentation-dependencies.bin because:
  Build cache is disabled
  Caching not enabled.
Caching disabled for ExternalDependencyInstrumentingArtifactTransform: /root/projects/PassVault/audit-runtime-linux-android-compile03/gradle-home/caches/modules-2/files-2.1/jakarta.xml.bind/jakarta.xml.bind-api/2.3.2/8d49996a4338670764d7ca4b85a1c4ccf7fe665d/jakarta.xml.bind-api-2.3.2.jar because:
  Build cache is disabled
  Caching not enabled.
Caching disabled for MergeInstrumentationAnalysisTransform: /root/projects/PassVault/audit-runtime-linux-android-compile03/gradle-home/caches/9.7.1/transforms/fa1b3367dd0eb7e9c57f7d8a99039563/transformed/analysis/instrumentation-hierarchy.bin because:
  Build cache is disabled
  Caching not enabled.
Caching disabled for MergeInstrumentationAnalysisTransform: /root/projects/PassVault/audit-runtime-linux-android-compile03/gradle-home/caches/9.7.1/transforms/fa1b3367dd0eb7e9c57f7d8a99039563/transformed/analysis/instrumentation-dependencies.bin because:
  Build cache is disabled
  Caching not enabled.
Caching disabled for MergeInstrumentationAnalysisTransform: /root/projects/PassVault/audit-runtime-linux-android-compile03/gradle-home/caches/modules-2/files-2.1/org.glassfish.jaxb/txw2/2.3.2/ce5be7da2e442c25ec14c766cb60cb802741727b/txw2-2.3.2.jar because:
  Build cache is disabled
  Caching not enabled.
Caching disabled for ExternalDependencyInstrumentingArtifactTransform: /root/projects/PassVault/audit-runtime-linux-android-compile03/gradle-home/caches/9.7.1/transforms/a2d10a403ca8d50fca935c6bc4da535f/transformed/merge/instrumentation-dependencies.bin because:
  Build cache is disabled
  Caching not enabled.
Caching disabled for ExternalDependencyInstrumentingArtifactTransform: /root/projects/PassVault/audit-runtime-linux-android-compile03/gradle-home/caches/modules-2/files-2.1/org.glassfish.jaxb/txw2/2.3.2/ce5be7da2e442c25ec14c766cb60cb802741727b/txw2-2.3.2.jar because:
  Build cache is disabled
  Caching not enabled.
Caching disabled for MergeInstrumentationAnalysisTransform: /root/projects/PassVault/audit-runtime-linux-android-compile03/gradle-home/caches/9.7.1/transforms/ae037bd8b281be6b380af6fb2373809b/transformed/analysis/instrumentation-hierarchy.bin because:
  Build cache is disabled
  Caching not enabled.
Caching disabled for MergeInstrumentationAnalysisTransform: /root/projects/PassVault/audit-runtime-linux-android-compile03/gradle-home/caches/9.7.1/transforms/ae037bd8b281be6b380af6fb2373809b/transformed/analysis/instrumentation-dependencies.bin because:
  Build cache is disabled
  Caching not enabled.
Caching disabled for MergeInstrumentationAnalysisTransform: /root/projects/PassVault/audit-runtime-linux-android-compile03/gradle-home/caches/modules-2/files-2.1/com.sun.istack/istack-commons-runtime/3.0.8/d6a97364045aa6b99bf2d3c566a3f98599c2d296/istack-commons-runtime-3.0.8.jar because:
  Build cache is disabled
  Caching not enabled.
Caching disabled for ExternalDependencyInstrumentingArtifactTransform: /root/projects/PassVault/audit-runtime-linux-android-compile03/gradle-home/caches/9.7.1/transforms/e9c758f377bd09300ab0a14c2873998c/transformed/merge/instrumentation-dependencies.bin because:
  Build cache is disabled
  Caching not enabled.
Caching disabled for ExternalDependencyInstrumentingArtifactTransform: /root/projects/PassVault/audit-runtime-linux-android-compile03/gradle-home/caches/modules-2/files-2.1/com.sun.istack/istack-commons-runtime/3.0.8/d6a97364045aa6b99bf2d3c566a3f98599c2d296/istack-commons-runtime-3.0.8.jar because:
  Build cache is disabled
  Caching not enabled.
Caching disabled for MergeInstrumentationAnalysisTransform: /root/projects/PassVault/audit-runtime-linux-android-compile03/gradle-home/caches/9.7.1/transforms/7ce254947106a21a3381087443bbad9c/transformed/analysis/instrumentation-hierarchy.bin because:
  Build cache is disabled
  Caching not enabled.
Caching disabled for MergeInstrumentationAnalysisTransform: /root/projects/PassVault/audit-runtime-linux-android-compile03/gradle-home/caches/9.7.1/transforms/7ce254947106a21a3381087443bbad9c/transformed/analysis/instrumentation-dependencies.bin because:
  Build cache is disabled
  Caching not enabled.
Caching disabled for MergeInstrumentationAnalysisTransform: /root/projects/PassVault/audit-runtime-linux-android-compile03/gradle-home/caches/modules-2/files-2.1/com.sun.xml.fastinfoset/FastInfoset/1.2.16/4eb6a0adad553bf759ffe86927df6f3b848c8bea/FastInfoset-1.2.16.jar because:
  Build cache is disabled
  Caching not enabled.
Caching disabled for ExternalDependencyInstrumentingArtifactTransform: /root/projects/PassVault/audit-runtime-linux-android-compile03/gradle-home/caches/9.7.1/transforms/8e02ad396870aedcd503c66f8416ca75/transformed/merge/instrumentation-dependencies.bin because:
  Build cache is disabled
  Caching not enabled.
Caching disabled for ExternalDependencyInstrumentingArtifactTransform: /root/projects/PassVault/audit-runtime-linux-android-compile03/gradle-home/caches/modules-2/files-2.1/com.sun.xml.fastinfoset/FastInfoset/1.2.16/4eb6a0adad553bf759ffe86927df6f3b848c8bea/FastInfoset-1.2.16.jar because:
  Build cache is disabled
  Caching not enabled.
Caching disabled for MergeInstrumentationAnalysisTransform: /root/projects/PassVault/audit-runtime-linux-android-compile03/gradle-home/caches/9.7.1/transforms/0e5245cedaf833c4b7197430d3a4e62f/transformed/analysis/instrumentation-hierarchy.bin because:
  Build cache is disabled
  Caching not enabled.
Caching disabled for MergeInstrumentationAnalysisTransform: /root/projects/PassVault/audit-runtime-linux-android-compile03/gradle-home/caches/9.7.1/transforms/0e5245cedaf833c4b7197430d3a4e62f/transformed/analysis/instrumentation-dependencies.bin because:
  Build cache is disabled
  Caching not enabled.
Caching disabled for MergeInstrumentationAnalysisTransform: /root/projects/PassVault/audit-runtime-linux-android-compile03/gradle-home/caches/modules-2/files-2.1/jakarta.activation/jakarta.activation-api/1.2.1/562a587face36ec7eff2db7f2fc95425c6602bc1/jakarta.activation-api-1.2.1.jar because:
  Build cache is disabled
  Caching not enabled.
Caching disabled for ExternalDependencyInstrumentingArtifactTransform: /root/projects/PassVault/audit-runtime-linux-android-compile03/gradle-home/caches/9.7.1/transforms/beed509e8990915a2b68bbbdfdbc875f/transformed/merge/instrumentation-dependencies.bin because:
  Build cache is disabled
  Caching not enabled.
Caching disabled for ExternalDependencyInstrumentingArtifactTransform: /root/projects/PassVault/audit-runtime-linux-android-compile03/gradle-home/caches/modules-2/files-2.1/jakarta.activation/jakarta.activation-api/1.2.1/562a587face36ec7eff2db7f2fc95425c6602bc1/jakarta.activation-api-1.2.1.jar because:
  Build cache is disabled
  Caching not enabled.
Caching disabled for MergeInstrumentationAnalysisTransform: /root/projects/PassVault/audit-runtime-linux-android-compile03/gradle-home/caches/9.7.1/transforms/a750bdb5bbc4eb48e7b24e35c2354d15/transformed/analysis/instrumentation-dependencies.bin because:
  Build cache is disabled
  Caching not enabled.
Caching disabled for MergeInstrumentationAnalysisTransform: /root/projects/PassVault/audit-runtime-linux-android-compile03/gradle-home/caches/modules-2/files-2.1/com.google.auto.value/auto-value-annotations/1.6.2/ed193d86e0af90cc2342aedbe73c5d86b03fa09b/auto-value-annotations-1.6.2.jar because:
  Build cache is disabled
  Caching not enabled.
Caching disabled for ExternalDependencyInstrumentingArtifactTransform: /root/projects/PassVault/audit-runtime-linux-android-compile03/gradle-home/caches/9.7.1/transforms/8b7961da3a711d0e98172b2175bb82c3/transformed/merge/instrumentation-dependencies.bin because:
  Build cache is disabled
  Caching not enabled.
Caching disabled for ExternalDependencyInstrumentingArtifactTransform: /root/projects/PassVault/audit-runtime-linux-android-compile03/gradle-home/caches/modules-2/files-2.1/com.google.auto.value/auto-value-annotations/1.6.2/ed193d86e0af90cc2342aedbe73c5d86b03fa09b/auto-value-annotations-1.6.2.jar because:
  Build cache is disabled
  Caching not enabled.
Caching disabled for MergeInstrumentationAnalysisTransform: /root/projects/PassVault/audit-runtime-linux-android-compile03/gradle-home/caches/9.7.1/transforms/fda10334247ba28c692fe205cda12b2e/transformed/analysis/instrumentation-dependencies.bin because:
  Build cache is disabled
  Caching not enabled.
Caching disabled for MergeInstrumentationAnalysisTransform: /root/projects/PassVault/audit-runtime-linux-android-compile03/gradle-home/caches/modules-2/files-2.1/com.google.errorprone/error_prone_annotations/2.36.0/227d4d4957ccc3dc5761bd897e3a0ee587e750a7/error_prone_annotations-2.36.0.jar because:
  Build cache is disabled
  Caching not enabled.
Caching disabled for ExternalDependencyInstrumentingArtifactTransform: /root/projects/PassVault/audit-runtime-linux-android-compile03/gradle-home/caches/9.7.1/transforms/e6c8c9681f469a6867b03e0114f959ff/transformed/merge/instrumentation-dependencies.bin because:
  Build cache is disabled
  Caching not enabled.
Caching disabled for ExternalDependencyInstrumentingArtifactTransform: /root/projects/PassVault/audit-runtime-linux-android-compile03/gradle-home/caches/modules-2/files-2.1/com.google.errorprone/error_prone_annotations/2.36.0/227d4d4957ccc3dc5761bd897e3a0ee587e750a7/error_prone_annotations-2.36.0.jar because:
  Build cache is disabled
  Caching not enabled.
Caching disabled for MergeInstrumentationAnalysisTransform: /root/projects/PassVault/audit-runtime-linux-android-compile03/gradle-home/caches/9.7.1/transforms/d3f84dfac77982d0c3189c9678c95bf5/transformed/analysis/instrumentation-hierarchy.bin because:
  Build cache is disabled
  Caching not enabled.
Caching disabled for MergeInstrumentationAnalysisTransform: /root/projects/PassVault/audit-runtime-linux-android-compile03/gradle-home/caches/9.7.1/transforms/d3f84dfac77982d0c3189c9678c95bf5/transformed/analysis/instrumentation-dependencies.bin because:
  Build cache is disabled
  Caching not enabled.
Caching disabled for MergeInstrumentationAnalysisTransform: /root/projects/PassVault/audit-runtime-linux-android-compile03/gradle-home/caches/modules-2/files-2.1/org.bitbucket.b_c/jose4j/0.9.5/e4ca26802488e6f16e24558d74ac8775a955fdd3/jose4j-0.9.5.jar because:
  Build cache is disabled
  Caching not enabled.
Caching disabled for ExternalDependencyInstrumentingArtifactTransform: /root/projects/PassVault/audit-runtime-linux-android-compile03/gradle-home/caches/9.7.1/transforms/d95680cd6a570c1c54eedfacded8d880/transformed/merge/instrumentation-dependencies.bin because:
  Build cache is disabled
  Caching not enabled.
Caching disabled for ExternalDependencyInstrumentingArtifactTransform: /root/projects/PassVault/audit-runtime-linux-android-compile03/gradle-home/caches/modules-2/files-2.1/org.bitbucket.b_c/jose4j/0.9.5/e4ca26802488e6f16e24558d74ac8775a955fdd3/jose4j-0.9.5.jar because:
  Build cache is disabled
  Caching not enabled.
Caching disabled for MergeInstrumentationAnalysisTransform: /root/projects/PassVault/audit-runtime-linux-android-compile03/gradle-home/caches/9.7.1/transforms/ed64cb312e97f8982bdd177cd5a1c91c/transformed/analysis/instrumentation-hierarchy.bin because:
  Build cache is disabled
  Caching not enabled.
Caching disabled for MergeInstrumentationAnalysisTransform: /root/projects/PassVault/audit-runtime-linux-android-compile03/gradle-home/caches/9.7.1/transforms/ed64cb312e97f8982bdd177cd5a1c91c/transformed/analysis/instrumentation-dependencies.bin because:
  Build cache is disabled
  Caching not enabled.
Caching disabled for MergeInstrumentationAnalysisTransform: /root/projects/PassVault/audit-runtime-linux-android-compile03/gradle-home/caches/modules-2/files-2.1/org.slf4j/slf4j-api/1.7.30/b5a4b6d16ab13e34a88fae84c35cd5d68cac922c/slf4j-api-1.7.30.jar because:
  Build cache is disabled
  Caching not enabled.
Caching disabled for ExternalDependencyInstrumentingArtifactTransform: /root/projects/PassVault/audit-runtime-linux-android-compile03/gradle-home/caches/9.7.1/transforms/51d88b711ba4f3c13d2e5426b591608f/transformed/merge/instrumentation-dependencies.bin because:
  Build cache is disabled
  Caching not enabled.
Caching disabled for ExternalDependencyInstrumentingArtifactTransform: /root/projects/PassVault/audit-runtime-linux-android-compile03/gradle-home/caches/modules-2/files-2.1/org.slf4j/slf4j-api/1.7.30/b5a4b6d16ab13e34a88fae84c35cd5d68cac922c/slf4j-api-1.7.30.jar because:
  Build cache is disabled
  Caching not enabled.
Caching disabled for MergeInstrumentationAnalysisTransform: /root/projects/PassVault/audit-runtime-linux-android-compile03/gradle-home/caches/9.7.1/transforms/f4685bcdb7d9e4f703ad739725c03aa0/transformed/analysis/instrumentation-hierarchy.bin because:
  Build cache is disabled
  Caching not enabled.
Caching disabled for MergeInstrumentationAnalysisTransform: /root/projects/PassVault/audit-runtime-linux-android-compile03/gradle-home/caches/9.7.1/transforms/f4685bcdb7d9e4f703ad739725c03aa0/transformed/analysis/instrumentation-dependencies.bin because:
  Build cache is disabled
  Caching not enabled.
Caching disabled for MergeInstrumentationAnalysisTransform: /root/projects/PassVault/audit-runtime-linux-android-compile03/gradle-home/caches/modules-2/files-2.1/org.jdom/jdom2/2.0.6/6f14738ec2e9dd0011e343717fa624a10f8aab64/jdom2-2.0.6.jar because:
  Build cache is disabled
  Caching not enabled.
Caching disabled for ExternalDependencyInstrumentingArtifactTransform: /root/projects/PassVault/audit-runtime-linux-android-compile03/gradle-home/caches/9.7.1/transforms/5e077f057919b67278d333758ed2fe78/transformed/merge/instrumentation-dependencies.bin because:
  Build cache is disabled
  Caching not enabled.
Caching disabled for ExternalDependencyInstrumentingArtifactTransform: /root/projects/PassVault/audit-runtime-linux-android-compile03/gradle-home/caches/modules-2/files-2.1/org.jdom/jdom2/2.0.6/6f14738ec2e9dd0011e343717fa624a10f8aab64/jdom2-2.0.6.jar because:
  Build cache is disabled
  Caching not enabled.
Caching disabled for MergeInstrumentationAnalysisTransform: /root/projects/PassVault/audit-runtime-linux-android-compile03/gradle-home/caches/9.7.1/transforms/9357dd5df4ffad234426bcec56e5a7e2/transformed/analysis/instrumentation-hierarchy.bin because:
  Build cache is disabled
  Caching not enabled.
Caching disabled for MergeInstrumentationAnalysisTransform: /root/projects/PassVault/audit-runtime-linux-android-compile03/gradle-home/caches/9.7.1/transforms/9357dd5df4ffad234426bcec56e5a7e2/transformed/analysis/instrumentation-dependencies.bin because:
  Build cache is disabled
  Caching not enabled.
Caching disabled for MergeInstrumentationAnalysisTransform: /root/projects/PassVault/audit-runtime-linux-android-compile03/gradle-home/caches/modules-2/files-2.1/com.google.code.findbugs/jsr305/3.0.2/25ea2e8b0c338a877313bd4672d3fe056ea78f0d/jsr305-3.0.2.jar because:
  Build cache is disabled
  Caching not enabled.
Caching disabled for ExternalDependencyInstrumentingArtifactTransform: /root/projects/PassVault/audit-runtime-linux-android-compile03/gradle-home/caches/9.7.1/transforms/37369a77849638a8e0bed449a6703e38/transformed/merge/instrumentation-dependencies.bin because:
  Build cache is disabled
  Caching not enabled.
Caching disabled for ExternalDependencyInstrumentingArtifactTransform: /root/projects/PassVault/audit-runtime-linux-android-compile03/gradle-home/caches/modules-2/files-2.1/com.google.code.findbugs/jsr305/3.0.2/25ea2e8b0c338a877313bd4672d3fe056ea78f0d/jsr305-3.0.2.jar because:
  Build cache is disabled
  Caching not enabled.
Caching disabled for MergeInstrumentationAnalysisTransform: /root/projects/PassVault/audit-runtime-linux-android-compile03/gradle-home/caches/9.7.1/transforms/d42e2e1fc04df266a817a81badaf06aa/transformed/analysis/instrumentation-dependencies.bin because:
  Build cache is disabled
  Caching not enabled.
Caching disabled for MergeInstrumentationAnalysisTransform: /root/projects/PassVault/audit-runtime-linux-android-compile03/gradle-home/caches/modules-2/files-2.1/com.google.j2objc/j2objc-annotations/3.0.0/7399e65dd7e9ff3404f4535b2f017093bdb134c7/j2objc-annotations-3.0.0.jar because:
  Build cache is disabled
  Caching not enabled.
Caching disabled for ExternalDependencyInstrumentingArtifactTransform: /root/projects/PassVault/audit-runtime-linux-android-compile03/gradle-home/caches/9.7.1/transforms/5ac7b0284f2ee8e5af3999221284dc6e/transformed/merge/instrumentation-dependencies.bin because:
  Build cache is disabled
  Caching not enabled.
Caching disabled for ExternalDependencyInstrumentingArtifactTransform: /root/projects/PassVault/audit-runtime-linux-android-compile03/gradle-home/caches/modules-2/files-2.1/com.google.j2objc/j2objc-annotations/3.0.0/7399e65dd7e9ff3404f4535b2f017093bdb134c7/j2objc-annotations-3.0.0.jar because:
  Build cache is disabled
  Caching not enabled.
Caching disabled for MergeInstrumentationAnalysisTransform: /root/projects/PassVault/audit-runtime-linux-android-compile03/gradle-home/caches/9.7.1/transforms/fbb08e0a53a0a2bfc3d4d9d0b0f868d3/transformed/analysis/instrumentation-dependencies.bin because:
  Build cache is disabled
  Caching not enabled.
Caching disabled for MergeInstrumentationAnalysisTransform: /root/projects/PassVault/audit-runtime-linux-android-compile03/gradle-home/caches/modules-2/files-2.1/org.checkerframework/checker-qual/3.43.0/9425eee39e56b116d2b998b7c2cebcbd11a3c98b/checker-qual-3.43.0.jar because:
  Build cache is disabled
  Caching not enabled.
Caching disabled for ExternalDependencyInstrumentingArtifactTransform: /root/projects/PassVault/audit-runtime-linux-android-compile03/gradle-home/caches/9.7.1/transforms/e3270d33851941cceb6e93b3d56f6eaf/transformed/merge/instrumentation-dependencies.bin because:
  Build cache is disabled
  Caching not enabled.
Caching disabled for ExternalDependencyInstrumentingArtifactTransform: /root/projects/PassVault/audit-runtime-linux-android-compile03/gradle-home/caches/modules-2/files-2.1/org.checkerframework/checker-qual/3.43.0/9425eee39e56b116d2b998b7c2cebcbd11a3c98b/checker-qual-3.43.0.jar because:
  Build cache is disabled
  Caching not enabled.
Caching disabled for MergeInstrumentationAnalysisTransform: /root/projects/PassVault/audit-runtime-linux-android-compile03/gradle-home/caches/9.7.1/transforms/aacde1b5d23c6d549fe95d949804ac15/transformed/analysis/instrumentation-hierarchy.bin because:
  Build cache is disabled
  Caching not enabled.
Caching disabled for MergeInstrumentationAnalysisTransform: /root/projects/PassVault/audit-runtime-linux-android-compile03/gradle-home/caches/9.7.1/transforms/aacde1b5d23c6d549fe95d949804ac15/transformed/analysis/instrumentation-dependencies.bin because:
  Build cache is disabled
  Caching not enabled.
Caching disabled for MergeInstrumentationAnalysisTransform: /root/projects/PassVault/audit-runtime-linux-android-compile03/gradle-home/caches/modules-2/files-2.1/com.google.flatbuffers/flatbuffers-java/1.12.0/8201cc7b511177a37071249e891f2f2fea4b32e9/flatbuffers-java-1.12.0.jar because:
  Build cache is disabled
  Caching not enabled.
Caching disabled for ExternalDependencyInstrumentingArtifactTransform: /root/projects/PassVault/audit-runtime-linux-android-compile03/gradle-home/caches/9.7.1/transforms/acaed3bdc5d534de7d516efbf9fa998d/transformed/merge/instrumentation-dependencies.bin because:
  Build cache is disabled
  Caching not enabled.
Caching disabled for ExternalDependencyInstrumentingArtifactTransform: /root/projects/PassVault/audit-runtime-linux-android-compile03/gradle-home/caches/modules-2/files-2.1/com.google.flatbuffers/flatbuffers-java/1.12.0/8201cc7b511177a37071249e891f2f2fea4b32e9/flatbuffers-java-1.12.0.jar because:
  Build cache is disabled
  Caching not enabled.
Caching disabled for MergeInstrumentationAnalysisTransform: /root/projects/PassVault/audit-runtime-linux-android-compile03/gradle-home/caches/9.7.1/transforms/517123a72d2ceab0c1b4cb80ddc3b76c/transformed/analysis/instrumentation-hierarchy.bin because:
  Build cache is disabled
  Caching not enabled.
Caching disabled for MergeInstrumentationAnalysisTransform: /root/projects/PassVault/audit-runtime-linux-android-compile03/gradle-home/caches/9.7.1/transforms/517123a72d2ceab0c1b4cb80ddc3b76c/transformed/analysis/instrumentation-dependencies.bin because:
  Build cache is disabled
  Caching not enabled.
Caching disabled for MergeInstrumentationAnalysisTransform: /root/projects/PassVault/audit-runtime-linux-android-compile03/gradle-home/caches/modules-2/files-2.1/com.android.tools.build/apksig/9.4.0/4b5fb2950c949258167c18b868e66d7a6f49ec3a/apksig-9.4.0.jar because:
  Build cache is disabled
  Caching not enabled.
Caching disabled for ExternalDependencyInstrumentingArtifactTransform: /root/projects/PassVault/audit-runtime-linux-android-compile03/gradle-home/caches/9.7.1/transforms/df3da54f9cec1c8a342b449ca30a736a/transformed/merge/instrumentation-dependencies.bin because:
  Build cache is disabled
  Caching not enabled.
Caching disabled for ExternalDependencyInstrumentingArtifactTransform: /root/projects/PassVault/audit-runtime-linux-android-compile03/gradle-home/caches/modules-2/files-2.1/com.android.tools.build/apksig/9.4.0/4b5fb2950c949258167c18b868e66d7a6f49ec3a/apksig-9.4.0.jar because:
  Build cache is disabled
  Caching not enabled.
Caching disabled for MergeInstrumentationAnalysisTransform: /root/projects/PassVault/audit-runtime-linux-android-compile03/gradle-home/caches/9.7.1/transforms/3e5df928086fe09743bcaaa1177e9ef4/transformed/analysis/instrumentation-hierarchy.bin because:
  Build cache is disabled
  Caching not enabled.
Caching disabled for MergeInstrumentationAnalysisTransform: /root/projects/PassVault/audit-runtime-linux-android-compile03/gradle-home/caches/9.7.1/transforms/3e5df928086fe09743bcaaa1177e9ef4/transformed/analysis/instrumentation-dependencies.bin because:
  Build cache is disabled
  Caching not enabled.
Caching disabled for MergeInstrumentationAnalysisTransform: /root/projects/PassVault/audit-runtime-linux-android-compile03/gradle-home/caches/modules-2/files-2.1/com.squareup/javawriter/2.5.0/81241ff7078ef14f42ea2a8995fa09c096256e6b/javawriter-2.5.0.jar because:
  Build cache is disabled
  Caching not enabled.
Caching disabled for ExternalDependencyInstrumentingArtifactTransform: /root/projects/PassVault/audit-runtime-linux-android-compile03/gradle-home/caches/9.7.1/transforms/771ec1c8f98cf3f59ba61cf3db1b82d6/transformed/merge/instrumentation-dependencies.bin because:
  Build cache is disabled
  Caching not enabled.
Caching disabled for ExternalDependencyInstrumentingArtifactTransform: /root/projects/PassVault/audit-runtime-linux-android-compile03/gradle-home/caches/modules-2/files-2.1/com.squareup/javawriter/2.5.0/81241ff7078ef14f42ea2a8995fa09c096256e6b/javawriter-2.5.0.jar because:
  Build cache is disabled
  Caching not enabled.
Caching disabled for MergeInstrumentationAnalysisTransform: /root/projects/PassVault/audit-runtime-linux-android-compile03/gradle-home/caches/9.7.1/transforms/3291fd13fbf197eb24008368798b5b3b/transformed/analysis/instrumentation-dependencies.bin because:
  Build cache is disabled
  Caching not enabled.
Caching disabled for MergeInstrumentationAnalysisTransform: /root/projects/PassVault/audit-runtime-linux-android-compile03/gradle-home/caches/modules-2/files-2.1/com.google.guava/failureaccess/1.0.2/c4a06a64e650562f30b7bf9aaec1bfed43aca12b/failureaccess-1.0.2.jar because:
  Build cache is disabled
  Caching not enabled.
Caching disabled for ExternalDependencyInstrumentingArtifactTransform: /root/projects/PassVault/audit-runtime-linux-android-compile03/gradle-home/caches/9.7.1/transforms/f79df8df205458ab4ae00e237bfe1db5/transformed/merge/instrumentation-dependencies.bin because:
  Build cache is disabled
  Caching not enabled.
Caching disabled for ExternalDependencyInstrumentingArtifactTransform: /root/projects/PassVault/audit-runtime-linux-android-compile03/gradle-home/caches/modules-2/files-2.1/com.google.guava/failureaccess/1.0.2/c4a06a64e650562f30b7bf9aaec1bfed43aca12b/failureaccess-1.0.2.jar because:
  Build cache is disabled
  Caching not enabled.
Caching disabled for MergeInstrumentationAnalysisTransform: /root/projects/PassVault/audit-runtime-linux-android-compile03/gradle-home/caches/9.7.1/transforms/a426ee8af50d95148e204101d0590264/transformed/analysis/instrumentation-dependencies.bin because:
  Build cache is disabled
  Caching not enabled.
Caching disabled for MergeInstrumentationAnalysisTransform: /root/projects/PassVault/audit-runtime-linux-android-compile03/gradle-home/caches/modules-2/files-2.1/com.google.guava/listenablefuture/9999.0-empty-to-avoid-conflict-with-guava/b421526c5f297295adef1c886e5246c39d4ac629/listenablefuture-9999.0-empty-to-avoid-conflict-with-guava.jar because:
  Build cache is disabled
  Caching not enabled.
Caching disabled for ExternalDependencyInstrumentingArtifactTransform: /root/projects/PassVault/audit-runtime-linux-android-compile03/gradle-home/caches/9.7.1/transforms/81d6d371d8d1e4d19e65ab6927e45575/transformed/merge/instrumentation-dependencies.bin because:
  Build cache is disabled
  Caching not enabled.
Caching disabled for ExternalDependencyInstrumentingArtifactTransform: /root/projects/PassVault/audit-runtime-linux-android-compile03/gradle-home/caches/modules-2/files-2.1/com.google.guava/listenablefuture/9999.0-empty-to-avoid-conflict-with-guava/b421526c5f297295adef1c886e5246c39d4ac629/listenablefuture-9999.0-empty-to-avoid-conflict-with-guava.jar because:
  Build cache is disabled
  Caching not enabled.
Caching disabled for MergeInstrumentationAnalysisTransform: /root/projects/PassVault/audit-runtime-linux-android-compile03/gradle-home/caches/9.7.1/transforms/39b1542f181b86eba995bb7763f1524f/transformed/analysis/instrumentation-hierarchy.bin because:
  Build cache is disabled
  Caching not enabled.
Caching disabled for MergeInstrumentationAnalysisTransform: /root/projects/PassVault/audit-runtime-linux-android-compile03/gradle-home/caches/9.7.1/transforms/39b1542f181b86eba995bb7763f1524f/transformed/analysis/instrumentation-dependencies.bin because:
  Build cache is disabled
  Caching not enabled.
Caching disabled for MergeInstrumentationAnalysisTransform: /root/projects/PassVault/audit-runtime-linux-android-compile03/gradle-home/caches/modules-2/files-2.1/commons-codec/commons-codec/1.17.1/973638b7149d333563584137ebf13a691bb60579/commons-codec-1.17.1.jar because:
  Build cache is disabled
  Caching not enabled.
Caching disabled for ExternalDependencyInstrumentingArtifactTransform: /root/projects/PassVault/audit-runtime-linux-android-compile03/gradle-home/caches/9.7.1/transforms/2ae78a9bc06e55d94d6cdfef23e9d267/transformed/merge/instrumentation-dependencies.bin because:
  Build cache is disabled
  Caching not enabled.
Caching disabled for ExternalDependencyInstrumentingArtifactTransform: /root/projects/PassVault/audit-runtime-linux-android-compile03/gradle-home/caches/modules-2/files-2.1/commons-codec/commons-codec/1.17.1/973638b7149d333563584137ebf13a691bb60579/commons-codec-1.17.1.jar because:
  Build cache is disabled
  Caching not enabled.
Caching disabled for MergeInstrumentationAnalysisTransform: /root/projects/PassVault/audit-runtime-linux-android-compile03/gradle-home/caches/9.7.1/transforms/09b11410174e4f99f582724a2bbeb2a7/transformed/analysis/instrumentation-hierarchy.bin because:
  Build cache is disabled
  Caching not enabled.
Caching disabled for MergeInstrumentationAnalysisTransform: /root/projects/PassVault/audit-runtime-linux-android-compile03/gradle-home/caches/9.7.1/transforms/09b11410174e4f99f582724a2bbeb2a7/transformed/analysis/instrumentation-dependencies.bin because:
  Build cache is disabled
  Caching not enabled.
Caching disabled for MergeInstrumentationAnalysisTransform: /root/projects/PassVault/audit-runtime-linux-android-compile03/gradle-home/caches/modules-2/files-2.1/org.apache.commons/commons-lang3/3.16.0/3eb54effe40946dfb06dc5cd6c7ce4116cd51ea4/commons-lang3-3.16.0.jar because:
  Build cache is disabled
  Caching not enabled.
Caching disabled for ExternalDependencyInstrumentingArtifactTransform: /root/projects/PassVault/audit-runtime-linux-android-compile03/gradle-home/caches/9.7.1/transforms/de59a6f490f8abaf58c5ff6b7f8d71a4/transformed/merge/instrumentation-dependencies.bin because:
  Build cache is disabled
  Caching not enabled.
Caching disabled for ExternalDependencyInstrumentingArtifactTransform: /root/projects/PassVault/audit-runtime-linux-android-compile03/gradle-home/caches/modules-2/files-2.1/org.apache.commons/commons-lang3/3.16.0/3eb54effe40946dfb06dc5cd6c7ce4116cd51ea4/commons-lang3-3.16.0.jar because:
  Build cache is disabled
  Caching not enabled.
Caching disabled for MergeInstrumentationAnalysisTransform: /root/projects/PassVault/audit-runtime-linux-android-compile03/gradle-home/caches/9.7.1/transforms/723be355e9161e2e88be628f9ad8b527/transformed/analysis/instrumentation-hierarchy.bin because:
  Build cache is disabled
  Caching not enabled.
Caching disabled for MergeInstrumentationAnalysisTransform: /root/projects/PassVault/audit-runtime-linux-android-compile03/gradle-home/caches/9.7.1/transforms/723be355e9161e2e88be628f9ad8b527/transformed/analysis/instrumentation-dependencies.bin because:
  Build cache is disabled
  Caching not enabled.
Caching disabled for MergeInstrumentationAnalysisTransform: /root/projects/PassVault/audit-runtime-linux-android-compile03/gradle-home/caches/modules-2/files-2.1/commons-logging/commons-logging/1.2/4bfc12adfe4842bf07b657f0369c4cb522955686/commons-logging-1.2.jar because:
  Build cache is disabled
  Caching not enabled.
Caching disabled for ExternalDependencyInstrumentingArtifactTransform: /root/projects/PassVault/audit-runtime-linux-android-compile03/gradle-home/caches/9.7.1/transforms/c1dcfa8e55df364a31d95445d036f816/transformed/merge/instrumentation-dependencies.bin because:
  Build cache is disabled
  Caching not enabled.
Caching disabled for ExternalDependencyInstrumentingArtifactTransform: /root/projects/PassVault/audit-runtime-linux-android-compile03/gradle-home/caches/modules-2/files-2.1/commons-logging/commons-logging/1.2/4bfc12adfe4842bf07b657f0369c4cb522955686/commons-logging-1.2.jar because:
  Build cache is disabled
  Caching not enabled.
Caching disabled for MergeInstrumentationAnalysisTransform: /root/projects/PassVault/audit-runtime-linux-android-compile03/gradle-home/caches/9.7.1/transforms/107a90d5038e7ca46c15e2d3de0f57a5/transformed/analysis/instrumentation-hierarchy.bin because:
  Build cache is disabled
  Caching not enabled.
Caching disabled for MergeInstrumentationAnalysisTransform: /root/projects/PassVault/audit-runtime-linux-android-compile03/gradle-home/caches/9.7.1/transforms/107a90d5038e7ca46c15e2d3de0f57a5/transformed/analysis/instrumentation-dependencies.bin because:
  Build cache is disabled
  Caching not enabled.
Caching disabled for MergeInstrumentationAnalysisTransform: /root/projects/PassVault/audit-runtime-linux-android-compile03/gradle-home/caches/modules-2/files-2.1/net.java.dev.jna/jna/5.6.0/330f2244e9030119ab3030fc3fededc86713d9cc/jna-5.6.0.jar because:
  Build cache is disabled
  Caching not enabled.
Caching disabled for ExternalDependencyInstrumentingArtifactTransform: /root/projects/PassVault/audit-runtime-linux-android-compile03/gradle-home/caches/9.7.1/transforms/0b498f95e00a76157023db6ab9f07cc9/transformed/merge/instrumentation-dependencies.bin because:
  Build cache is disabled
  Caching not enabled.
Caching disabled for ExternalDependencyInstrumentingArtifactTransform: /root/projects/PassVault/audit-runtime-linux-android-compile03/gradle-home/caches/modules-2/files-2.1/net.java.dev.jna/jna/5.6.0/330f2244e9030119ab3030fc3fededc86713d9cc/jna-5.6.0.jar because:
  Build cache is disabled
  Caching not enabled.
Caching disabled for Kotlin DSL accessors for root project 'passvault' because:
  Build cache is disabled
  Build caching of Kotlin script accessor generation disabled by property
Caching disabled for Kotlin DSL script compilation (Project/TopLevel/stage2) because:
  Build cache is disabled

> Configure project :app-android
Evaluating project ':app-android' using build file '/root/projects/PassVault/audit-runtime-linux-android-compile03/checkout/app-android/build.gradle.kts'.
Caching disabled for Kotlin DSL script compilation (Project/TopLevel/stage1) because:
  Build cache is disabled
Resolved plugin [id: 'com.android.application', version: '9.4.0']
Resolved plugin [id: 'org.jetbrains.compose', version: '1.11.1']
Resolved plugin [id: 'org.jetbrains.kotlin.plugin.compose', version: '2.4.10']
Build 5873e36c-fb46-4d2a-af6b-c29d2f940c4b is started
Using default execution profile
Caching disabled for Kotlin DSL accessors for project ':app-android' because:
  Build cache is disabled
  Build caching of Kotlin script accessor generation disabled by property
Caching disabled for Kotlin DSL script compilation (Project/TopLevel/stage2) because:
  Build cache is disabled
Detected Android Gradle Plugin compose compiler configuration
Detected Android Gradle Plugin compose compiler configuration
Detected Android Gradle Plugin compose compiler configuration
Detected Android Gradle Plugin compose compiler configuration
Detected Android Gradle Plugin compose compiler configuration

> Configure project :app-desktop
Evaluating project ':app-desktop' using build file '/root/projects/PassVault/audit-runtime-linux-android-compile03/checkout/app-desktop/build.gradle.kts'.
Caching disabled for Kotlin DSL script compilation (Project/TopLevel/stage1) because:
  Build cache is disabled
Resolved plugin [id: 'org.jetbrains.kotlin.multiplatform', version: '2.4.10']
Resolved plugin [id: 'org.jetbrains.compose', version: '1.11.1']
Resolved plugin [id: 'org.jetbrains.kotlin.plugin.compose', version: '2.4.10']
Using Kotlin Gradle Plugin gradle813 variant
Configure multi-module compose resources
Configure compose resources generation
Configure Res object generation for commonMain
Configure resource accessors generation for commonMain
Configure resource accessors generation for commonTest
Configure expect resource collectors generation for commonMain
Caching disabled for Kotlin DSL accessors for project ':app-desktop' because:
  Build cache is disabled
  Build caching of Kotlin script accessor generation disabled by property
Caching disabled for Kotlin DSL script compilation (Project/TopLevel/stage2) because:
  Build cache is disabled
Configure resource accessors generation for desktopMain
kotlin scripting plugin: created the scripting discovery configuration: kotlinScriptDef
Configure resource accessors generation for desktopTest
kotlin scripting plugin: created the scripting discovery configuration: testKotlinScriptDef
Configure actual resource collectors generation for desktopMain
Configure main resources for 'desktop' target
Configure test resources for 'desktop' target
Check that new 'org.jetbrains.kotlin.plugin.compose' was applied
Configure resource accessors generation for desktopDev
kotlin scripting plugin: created the scripting discovery configuration: devKotlinScriptDef
Configure dev resources for 'desktop' target

> Configure project :core
Evaluating project ':core' using build file '/root/projects/PassVault/audit-runtime-linux-android-compile03/checkout/core/build.gradle'.

> Configure project :feature
Evaluating project ':feature' using build file '/root/projects/PassVault/audit-runtime-linux-android-compile03/checkout/feature/build.gradle'.

> Configure project :shared
Evaluating project ':shared' using build file '/root/projects/PassVault/audit-runtime-linux-android-compile03/checkout/shared/build.gradle.kts'.
Caching disabled for Kotlin DSL script compilation (Project/TopLevel/stage1) because:
  Build cache is disabled
Resolved plugin [id: 'org.jetbrains.kotlin.multiplatform', version: '2.4.10']
Resolved plugin [id: 'com.android.kotlin.multiplatform.library', version: '9.4.0']
Resolved plugin [id: 'org.jetbrains.compose', version: '1.11.1']
Resolved plugin [id: 'org.jetbrains.kotlin.plugin.compose', version: '2.4.10']
Using Kotlin Gradle Plugin gradle813 variant
Created androidJvm target
kotlin scripting plugin: created the scripting discovery configuration: kotlinScriptDef
Created compile task: compileAndroidMain
Using default execution profile
Configure multi-module compose resources
Configure compose resources generation
Configure resource accessors generation for androidMain
Configure Res object generation for commonMain
Configure resource accessors generation for commonMain
Configure resource accessors generation for commonTest
Configure expect resource collectors generation for commonMain
Configure actual resource collectors generation for androidMain
Configure compose resources with KotlinMultiplatformAndroidComponentsExtension
Caching disabled for Kotlin DSL accessors for project ':shared' because:
  Build cache is disabled
  Build caching of Kotlin script accessor generation disabled by property
Caching disabled for Kotlin DSL script compilation (Project/TopLevel/stage2) because:
  Build cache is disabled
Configure resource accessors generation for androidHostTest
kotlin scripting plugin: created the scripting discovery configuration: hostTestKotlinScriptDef
Created compile task: compileAndroidHostTest
Configure resource accessors generation for desktopMain
kotlin scripting plugin: created the scripting discovery configuration: kotlinScriptDef
Configure resource accessors generation for desktopTest
kotlin scripting plugin: created the scripting discovery configuration: testKotlinScriptDef
Configure actual resource collectors generation for desktopMain
Configure main resources for 'desktop' target
Configure test resources for 'desktop' target
Configure resource accessors generation for iosArm64Main
Configure resource accessors generation for iosArm64Test
Configure actual resource collectors generation for iosArm64Main
Configure main resources for 'iosArm64' target
Configure KMP component publication for 'iosArm64'
Collect resolved main resources for 'iosArm64'
Configure test resources for 'iosArm64' target
Configure resource accessors generation for iosSimulatorArm64Main
Configure resource accessors generation for iosSimulatorArm64Test
Configure actual resource collectors generation for iosSimulatorArm64Main
Configure main resources for 'iosSimulatorArm64' target
Configure KMP component publication for 'iosSimulatorArm64'
Collect resolved main resources for 'iosSimulatorArm64'
Configure test resources for 'iosSimulatorArm64' target
compileSdkVersion=android-37.0
Configure androidMain resources for 'android' target
Check that new 'org.jetbrains.kotlin.plugin.compose' was applied
Configure resource accessors generation for desktopDev
kotlin scripting plugin: created the scripting discovery configuration: devKotlinScriptDef
Configure dev resources for 'desktop' target
Configure resource accessors generation for nativeMain
Configure resource accessors generation for appleMain
Configure resource accessors generation for iosMain
Configure resource accessors generation for nativeTest
Configure resource accessors generation for appleTest
Configure resource accessors generation for iosTest
w: ⚠️ Native task 'iosSimulatorArm64Test' is disabled
Task 'iosSimulatorArm64Test' for target 'ios_simulator_arm64' cannot run on the current host (linux-x86_64).
Reason: simulator tests require macOS
Solution: To suppress this warning, add 'kotlin.native.ignoreDisabledTargets=true' to gradle.properties.


> Configure project :core:crypto
Evaluating project ':core:crypto' using build file '/root/projects/PassVault/audit-runtime-linux-android-compile03/checkout/core/crypto/build.gradle.kts'.
Caching disabled for Kotlin DSL script compilation (Project/TopLevel/stage1) because:
  Build cache is disabled
Resolved plugin [id: 'org.jetbrains.kotlin.multiplatform', version: '2.4.10']
Resolved plugin [id: 'com.android.kotlin.multiplatform.library', version: '9.4.0']
Using Kotlin Gradle Plugin gradle813 variant
Created androidJvm target
kotlin scripting plugin: created the scripting discovery configuration: kotlinScriptDef
Created compile task: compileAndroidMain
Using default execution profile
Caching disabled for Kotlin DSL accessors for project ':core:crypto' because:
  Build cache is disabled
  Build caching of Kotlin script accessor generation disabled by property
Caching disabled for Kotlin DSL script compilation (Project/TopLevel/stage2) because:
  Build cache is disabled
kotlin scripting plugin: created the scripting discovery configuration: hostTestKotlinScriptDef
Created compile task: compileAndroidHostTest
kotlin scripting plugin: created the scripting discovery configuration: deviceTestKotlinScriptDef
Created compile task: compileAndroidDeviceTest
kotlin scripting plugin: created the scripting discovery configuration: kotlinScriptDef
kotlin scripting plugin: created the scripting discovery configuration: testKotlinScriptDef
compileSdkVersion=android-37.0
w: ⚠️ Cross Compilation with Cinterop Not Supported in Project 'crypto'
In project 'crypto', cross compilation to target 'iosArm64' has been disabled because it contains cinterops: 'rawSodium' which cannot be processed on host 'linux_x64'.
Cinterop libraries require platform-specific native toolchains that aren't available on the current host system.
Solutions:
 * Remove the cinterop dependencies 'rawSodium' from target 'iosArm64'
 * Build on a compatible host platform for this target/cinterop combination
 * To disable klib cross compilation entirely, add 'kotlin.native.enableKlibsCrossCompilation=false' to your Gradle properties

w: ⚠️ Cross Compilation with Cinterop Not Supported in Project 'crypto'
In project 'crypto', cross compilation to target 'iosSimulatorArm64' has been disabled because it contains cinterops: 'rawSodium' which cannot be processed on host 'linux_x64'.
Cinterop libraries require platform-specific native toolchains that aren't available on the current host system.
Solutions:
 * Remove the cinterop dependencies 'rawSodium' from target 'iosSimulatorArm64'
 * Build on a compatible host platform for this target/cinterop combination
 * To disable klib cross compilation entirely, add 'kotlin.native.enableKlibsCrossCompilation=false' to your Gradle properties

w: ⚠️ Disabled Kotlin/Native Targets
The following Kotlin/Native targets cannot be built on this machine and are disabled:
iosArm64, iosSimulatorArm64
Solution: To hide this message, add 'kotlin.native.ignoreDisabledTargets=true' to the Gradle properties.


> Configure project :core:database
Evaluating project ':core:database' using build file '/root/projects/PassVault/audit-runtime-linux-android-compile03/checkout/core/database/build.gradle.kts'.
Caching disabled for Kotlin DSL script compilation (Project/TopLevel/stage1) because:
  Build cache is disabled
Resolved plugin [id: 'org.jetbrains.kotlin.multiplatform', version: '2.4.10']
Resolved plugin [id: 'com.android.kotlin.multiplatform.library', version: '9.4.0']
Resolved plugin [id: 'org.jetbrains.kotlin.plugin.serialization', version: '2.4.10']
Resolved plugin [id: 'com.google.devtools.ksp', version: '2.3.10']
Resolved plugin [id: 'androidx.room', version: '2.8.4']
Using Kotlin Gradle Plugin gradle813 variant
Created androidJvm target
kotlin scripting plugin: created the scripting discovery configuration: kotlinScriptDef
Created compile task: compileAndroidMain
Using default execution profile
Caching disabled for Kotlin DSL accessors for project ':core:database' because:
  Build cache is disabled
  Build caching of Kotlin script accessor generation disabled by property
Caching disabled for Kotlin DSL script compilation (Project/TopLevel/stage2) because:
  Build cache is disabled
kotlin scripting plugin: created the scripting discovery configuration: hostTestKotlinScriptDef
Created compile task: compileAndroidHostTest
kotlin scripting plugin: created the scripting discovery configuration: kotlinScriptDef
kotlin scripting plugin: created the scripting discovery configuration: testKotlinScriptDef
compileSdkVersion=android-37.0

> Configure project :core:designsystem
Evaluating project ':core:designsystem' using build file '/root/projects/PassVault/audit-runtime-linux-android-compile03/checkout/core/designsystem/build.gradle.kts'.
Caching disabled for Kotlin DSL script compilation (Project/TopLevel/stage1) because:
  Build cache is disabled
Resolved plugin [id: 'org.jetbrains.kotlin.multiplatform', version: '2.4.10']
Resolved plugin [id: 'com.android.kotlin.multiplatform.library', version: '9.4.0']
Resolved plugin [id: 'org.jetbrains.compose', version: '1.11.1']
Resolved plugin [id: 'org.jetbrains.kotlin.plugin.compose', version: '2.4.10']
Using Kotlin Gradle Plugin gradle813 variant
Created androidJvm target
kotlin scripting plugin: created the scripting discovery configuration: kotlinScriptDef
Created compile task: compileAndroidMain
Using default execution profile
Configure multi-module compose resources
Configure compose resources generation
Configure resource accessors generation for androidMain
Configure Res object generation for commonMain
Configure resource accessors generation for commonMain
Configure resource accessors generation for commonTest
Configure expect resource collectors generation for commonMain
Configure actual resource collectors generation for androidMain
Configure compose resources with KotlinMultiplatformAndroidComponentsExtension
Caching disabled for Kotlin DSL script compilation (Project/TopLevel/stage2) because:
  Build cache is disabled
Configure resource accessors generation for androidHostTest
kotlin scripting plugin: created the scripting discovery configuration: hostTestKotlinScriptDef
Created compile task: compileAndroidHostTest
Configure resource accessors generation for desktopMain
kotlin scripting plugin: created the scripting discovery configuration: kotlinScriptDef
Configure resource accessors generation for desktopTest
kotlin scripting plugin: created the scripting discovery configuration: testKotlinScriptDef
Configure actual resource collectors generation for desktopMain
Configure main resources for 'desktop' target
Configure test resources for 'desktop' target
Configure resource accessors generation for iosArm64Main
Configure resource accessors generation for iosArm64Test
Configure actual resource collectors generation for iosArm64Main
Configure main resources for 'iosArm64' target
Configure KMP component publication for 'iosArm64'
Collect resolved main resources for 'iosArm64'
Configure test resources for 'iosArm64' target
Configure resource accessors generation for iosSimulatorArm64Main
Configure resource accessors generation for iosSimulatorArm64Test
Configure actual resource collectors generation for iosSimulatorArm64Main
Configure main resources for 'iosSimulatorArm64' target
Configure KMP component publication for 'iosSimulatorArm64'
Collect resolved main resources for 'iosSimulatorArm64'
Configure test resources for 'iosSimulatorArm64' target
compileSdkVersion=android-37.0
Configure androidMain resources for 'android' target
Check that new 'org.jetbrains.kotlin.plugin.compose' was applied
Configure resource accessors generation for desktopDev
kotlin scripting plugin: created the scripting discovery configuration: devKotlinScriptDef
Configure dev resources for 'desktop' target
Configure resource accessors generation for nativeMain
Configure resource accessors generation for appleMain
Configure resource accessors generation for iosMain
Configure resource accessors generation for nativeTest
Configure resource accessors generation for appleTest
Configure resource accessors generation for iosTest

> Configure project :core:domain
Evaluating project ':core:domain' using build file '/root/projects/PassVault/audit-runtime-linux-android-compile03/checkout/core/domain/build.gradle.kts'.
Caching disabled for Kotlin DSL script compilation (Project/TopLevel/stage1) because:
  Build cache is disabled
Resolved plugin [id: 'org.jetbrains.kotlin.multiplatform', version: '2.4.10']
Resolved plugin [id: 'com.android.kotlin.multiplatform.library', version: '9.4.0']
Resolved plugin [id: 'org.jetbrains.kotlin.plugin.serialization', version: '2.4.10']
Using Kotlin Gradle Plugin gradle813 variant
Created androidJvm target
kotlin scripting plugin: created the scripting discovery configuration: kotlinScriptDef
Created compile task: compileAndroidMain
Using default execution profile
Caching disabled for Kotlin DSL script compilation (Project/TopLevel/stage2) because:
  Build cache is disabled
kotlin scripting plugin: created the scripting discovery configuration: hostTestKotlinScriptDef
Created compile task: compileAndroidHostTest
kotlin scripting plugin: created the scripting discovery configuration: kotlinScriptDef
kotlin scripting plugin: created the scripting discovery configuration: testKotlinScriptDef
compileSdkVersion=android-37.0

> Configure project :core:navigation
Evaluating project ':core:navigation' using build file '/root/projects/PassVault/audit-runtime-linux-android-compile03/checkout/core/navigation/build.gradle.kts'.
Caching disabled for Kotlin DSL script compilation (Project/TopLevel/stage1) because:
  Build cache is disabled
Resolved plugin [id: 'org.jetbrains.kotlin.multiplatform', version: '2.4.10']
Resolved plugin [id: 'com.android.kotlin.multiplatform.library', version: '9.4.0']
Resolved plugin [id: 'org.jetbrains.kotlin.plugin.serialization', version: '2.4.10']
Using Kotlin Gradle Plugin gradle813 variant
Created androidJvm target
kotlin scripting plugin: created the scripting discovery configuration: kotlinScriptDef
Created compile task: compileAndroidMain
Using default execution profile
Caching disabled for Kotlin DSL script compilation (Project/TopLevel/stage2) because:
  Build cache is disabled
kotlin scripting plugin: created the scripting discovery configuration: hostTestKotlinScriptDef
Created compile task: compileAndroidHostTest
kotlin scripting plugin: created the scripting discovery configuration: kotlinScriptDef
kotlin scripting plugin: created the scripting discovery configuration: testKotlinScriptDef
compileSdkVersion=android-37.0

> Configure project :core:otp
Evaluating project ':core:otp' using build file '/root/projects/PassVault/audit-runtime-linux-android-compile03/checkout/core/otp/build.gradle.kts'.
Caching disabled for Kotlin DSL script compilation (Project/TopLevel/stage1) because:
  Build cache is disabled
Resolved plugin [id: 'org.jetbrains.kotlin.multiplatform', version: '2.4.10']
Resolved plugin [id: 'com.android.kotlin.multiplatform.library', version: '9.4.0']
Using Kotlin Gradle Plugin gradle813 variant
Created androidJvm target
kotlin scripting plugin: created the scripting discovery configuration: kotlinScriptDef
Created compile task: compileAndroidMain
Using default execution profile
Caching disabled for Kotlin DSL script compilation (Project/TopLevel/stage2) because:
  Build cache is disabled
kotlin scripting plugin: created the scripting discovery configuration: hostTestKotlinScriptDef
Created compile task: compileAndroidHostTest
kotlin scripting plugin: created the scripting discovery configuration: kotlinScriptDef
kotlin scripting plugin: created the scripting discovery configuration: testKotlinScriptDef
compileSdkVersion=android-37.0

> Configure project :core:security
Evaluating project ':core:security' using build file '/root/projects/PassVault/audit-runtime-linux-android-compile03/checkout/core/security/build.gradle.kts'.
Caching disabled for Kotlin DSL script compilation (Project/TopLevel/stage1) because:
  Build cache is disabled
Resolved plugin [id: 'org.jetbrains.kotlin.multiplatform', version: '2.4.10']
Resolved plugin [id: 'com.android.kotlin.multiplatform.library', version: '9.4.0']
Using Kotlin Gradle Plugin gradle813 variant
Created androidJvm target
kotlin scripting plugin: created the scripting discovery configuration: kotlinScriptDef
Created compile task: compileAndroidMain
Using default execution profile
Caching disabled for Kotlin DSL script compilation (Project/TopLevel/stage2) because:
  Build cache is disabled
kotlin scripting plugin: created the scripting discovery configuration: hostTestKotlinScriptDef
Created compile task: compileAndroidHostTest
kotlin scripting plugin: created the scripting discovery configuration: kotlinScriptDef
kotlin scripting plugin: created the scripting discovery configuration: testKotlinScriptDef
compileSdkVersion=android-37.0

> Configure project :core:testing
Evaluating project ':core:testing' using build file '/root/projects/PassVault/audit-runtime-linux-android-compile03/checkout/core/testing/build.gradle.kts'.
Caching disabled for Kotlin DSL script compilation (Project/TopLevel/stage1) because:
  Build cache is disabled
Resolved plugin [id: 'org.jetbrains.kotlin.multiplatform', version: '2.4.10']
Resolved plugin [id: 'com.android.kotlin.multiplatform.library', version: '9.4.0']
Using Kotlin Gradle Plugin gradle813 variant
Created androidJvm target
kotlin scripting plugin: created the scripting discovery configuration: kotlinScriptDef
Created compile task: compileAndroidMain
Using default execution profile
Caching disabled for Kotlin DSL script compilation (Project/TopLevel/stage2) because:
  Build cache is disabled
kotlin scripting plugin: created the scripting discovery configuration: hostTestKotlinScriptDef
Created compile task: compileAndroidHostTest
kotlin scripting plugin: created the scripting discovery configuration: kotlinScriptDef
kotlin scripting plugin: created the scripting discovery configuration: testKotlinScriptDef
compileSdkVersion=android-37.0

> Configure project :feature:backup
Evaluating project ':feature:backup' using build file '/root/projects/PassVault/audit-runtime-linux-android-compile03/checkout/feature/backup/build.gradle.kts'.
Caching disabled for Kotlin DSL script compilation (Project/TopLevel/stage1) because:
  Build cache is disabled
Resolved plugin [id: 'org.jetbrains.kotlin.multiplatform', version: '2.4.10']
Resolved plugin [id: 'com.android.kotlin.multiplatform.library', version: '9.4.0']
Resolved plugin [id: 'org.jetbrains.compose', version: '1.11.1']
Resolved plugin [id: 'org.jetbrains.kotlin.plugin.compose', version: '2.4.10']
Using Kotlin Gradle Plugin gradle813 variant
Created androidJvm target
kotlin scripting plugin: created the scripting discovery configuration: kotlinScriptDef
Created compile task: compileAndroidMain
Using default execution profile
Configure multi-module compose resources
Configure compose resources generation
Configure resource accessors generation for androidMain
Configure Res object generation for commonMain
Configure resource accessors generation for commonMain
Configure resource accessors generation for commonTest
Configure expect resource collectors generation for commonMain
Configure actual resource collectors generation for androidMain
Configure compose resources with KotlinMultiplatformAndroidComponentsExtension
Caching disabled for Kotlin DSL script compilation (Project/TopLevel/stage2) because:
  Build cache is disabled
Configure resource accessors generation for androidHostTest
kotlin scripting plugin: created the scripting discovery configuration: hostTestKotlinScriptDef
Created compile task: compileAndroidHostTest
Configure resource accessors generation for desktopMain
kotlin scripting plugin: created the scripting discovery configuration: kotlinScriptDef
Configure resource accessors generation for desktopTest
kotlin scripting plugin: created the scripting discovery configuration: testKotlinScriptDef
Configure actual resource collectors generation for desktopMain
Configure main resources for 'desktop' target
Configure test resources for 'desktop' target
Configure resource accessors generation for iosArm64Main
Configure resource accessors generation for iosArm64Test
Configure actual resource collectors generation for iosArm64Main
Configure main resources for 'iosArm64' target
Configure KMP component publication for 'iosArm64'
Collect resolved main resources for 'iosArm64'
Configure test resources for 'iosArm64' target
Configure resource accessors generation for iosSimulatorArm64Main
Configure resource accessors generation for iosSimulatorArm64Test
Configure actual resource collectors generation for iosSimulatorArm64Main
Configure main resources for 'iosSimulatorArm64' target
Configure KMP component publication for 'iosSimulatorArm64'
Collect resolved main resources for 'iosSimulatorArm64'
Configure test resources for 'iosSimulatorArm64' target
compileSdkVersion=android-37.0
Configure androidMain resources for 'android' target
Check that new 'org.jetbrains.kotlin.plugin.compose' was applied
Configure resource accessors generation for desktopDev
kotlin scripting plugin: created the scripting discovery configuration: devKotlinScriptDef
Configure dev resources for 'desktop' target
Configure resource accessors generation for nativeMain
Configure resource accessors generation for appleMain
Configure resource accessors generation for iosMain
Configure resource accessors generation for nativeTest
Configure resource accessors generation for appleTest
Configure resource accessors generation for iosTest

> Configure project :feature:credential
Evaluating project ':feature:credential' using build file '/root/projects/PassVault/audit-runtime-linux-android-compile03/checkout/feature/credential/build.gradle.kts'.
Caching disabled for Kotlin DSL script compilation (Project/TopLevel/stage1) because:
  Build cache is disabled
Resolved plugin [id: 'org.jetbrains.kotlin.multiplatform', version: '2.4.10']
Resolved plugin [id: 'com.android.kotlin.multiplatform.library', version: '9.4.0']
Resolved plugin [id: 'org.jetbrains.compose', version: '1.11.1']
Resolved plugin [id: 'org.jetbrains.kotlin.plugin.compose', version: '2.4.10']
Using Kotlin Gradle Plugin gradle813 variant
Created androidJvm target
kotlin scripting plugin: created the scripting discovery configuration: kotlinScriptDef
Created compile task: compileAndroidMain
Using default execution profile
Configure multi-module compose resources
Configure compose resources generation
Configure resource accessors generation for androidMain
Configure Res object generation for commonMain
Configure resource accessors generation for commonMain
Configure resource accessors generation for commonTest
Configure expect resource collectors generation for commonMain
Configure actual resource collectors generation for androidMain
Configure compose resources with KotlinMultiplatformAndroidComponentsExtension
Caching disabled for Kotlin DSL script compilation (Project/TopLevel/stage2) because:
  Build cache is disabled
Configure resource accessors generation for androidHostTest
kotlin scripting plugin: created the scripting discovery configuration: hostTestKotlinScriptDef
Created compile task: compileAndroidHostTest
Configure resource accessors generation for desktopMain
kotlin scripting plugin: created the scripting discovery configuration: kotlinScriptDef
Configure resource accessors generation for desktopTest
kotlin scripting plugin: created the scripting discovery configuration: testKotlinScriptDef
Configure actual resource collectors generation for desktopMain
Configure main resources for 'desktop' target
Configure test resources for 'desktop' target
Configure resource accessors generation for iosArm64Main
Configure resource accessors generation for iosArm64Test
Configure actual resource collectors generation for iosArm64Main
Configure main resources for 'iosArm64' target
Configure KMP component publication for 'iosArm64'
Collect resolved main resources for 'iosArm64'
Configure test resources for 'iosArm64' target
Configure resource accessors generation for iosSimulatorArm64Main
Configure resource accessors generation for iosSimulatorArm64Test
Configure actual resource collectors generation for iosSimulatorArm64Main
Configure main resources for 'iosSimulatorArm64' target
Configure KMP component publication for 'iosSimulatorArm64'
Collect resolved main resources for 'iosSimulatorArm64'
Configure test resources for 'iosSimulatorArm64' target
compileSdkVersion=android-37.0
Configure androidMain resources for 'android' target
Check that new 'org.jetbrains.kotlin.plugin.compose' was applied
Configure resource accessors generation for desktopDev
kotlin scripting plugin: created the scripting discovery configuration: devKotlinScriptDef
Configure dev resources for 'desktop' target
Configure resource accessors generation for nativeMain
Configure resource accessors generation for appleMain
Configure resource accessors generation for iosMain
Configure resource accessors generation for nativeTest
Configure resource accessors generation for appleTest
Configure resource accessors generation for iosTest

> Configure project :feature:generator
Evaluating project ':feature:generator' using build file '/root/projects/PassVault/audit-runtime-linux-android-compile03/checkout/feature/generator/build.gradle.kts'.
Caching disabled for Kotlin DSL script compilation (Project/TopLevel/stage1) because:
  Build cache is disabled
Resolved plugin [id: 'org.jetbrains.kotlin.multiplatform', version: '2.4.10']
Resolved plugin [id: 'com.android.kotlin.multiplatform.library', version: '9.4.0']
Resolved plugin [id: 'org.jetbrains.compose', version: '1.11.1']
Resolved plugin [id: 'org.jetbrains.kotlin.plugin.compose', version: '2.4.10']
Using Kotlin Gradle Plugin gradle813 variant
Created androidJvm target
kotlin scripting plugin: created the scripting discovery configuration: kotlinScriptDef
Created compile task: compileAndroidMain
Using default execution profile
Configure multi-module compose resources
Configure compose resources generation
Configure resource accessors generation for androidMain
Configure Res object generation for commonMain
Configure resource accessors generation for commonMain
Configure resource accessors generation for commonTest
Configure expect resource collectors generation for commonMain
Configure actual resource collectors generation for androidMain
Configure compose resources with KotlinMultiplatformAndroidComponentsExtension
Caching disabled for Kotlin DSL script compilation (Project/TopLevel/stage2) because:
  Build cache is disabled
Configure resource accessors generation for androidHostTest
kotlin scripting plugin: created the scripting discovery configuration: hostTestKotlinScriptDef
Created compile task: compileAndroidHostTest
Configure resource accessors generation for desktopMain
kotlin scripting plugin: created the scripting discovery configuration: kotlinScriptDef
Configure resource accessors generation for desktopTest
kotlin scripting plugin: created the scripting discovery configuration: testKotlinScriptDef
Configure actual resource collectors generation for desktopMain
Configure main resources for 'desktop' target
Configure test resources for 'desktop' target
Configure resource accessors generation for iosArm64Main
Configure resource accessors generation for iosArm64Test
Configure actual resource collectors generation for iosArm64Main
Configure main resources for 'iosArm64' target
Configure KMP component publication for 'iosArm64'
Collect resolved main resources for 'iosArm64'
Configure test resources for 'iosArm64' target
Configure resource accessors generation for iosSimulatorArm64Main
Configure resource accessors generation for iosSimulatorArm64Test
Configure actual resource collectors generation for iosSimulatorArm64Main
Configure main resources for 'iosSimulatorArm64' target
Configure KMP component publication for 'iosSimulatorArm64'
Collect resolved main resources for 'iosSimulatorArm64'
Configure test resources for 'iosSimulatorArm64' target
compileSdkVersion=android-37.0
Configure androidMain resources for 'android' target
Check that new 'org.jetbrains.kotlin.plugin.compose' was applied
Configure resource accessors generation for desktopDev
kotlin scripting plugin: created the scripting discovery configuration: devKotlinScriptDef
Configure dev resources for 'desktop' target
Configure resource accessors generation for nativeMain
Configure resource accessors generation for appleMain
Configure resource accessors generation for iosMain
Configure resource accessors generation for nativeTest
Configure resource accessors generation for appleTest
Configure resource accessors generation for iosTest

> Configure project :feature:health
Evaluating project ':feature:health' using build file '/root/projects/PassVault/audit-runtime-linux-android-compile03/checkout/feature/health/build.gradle.kts'.
Caching disabled for Kotlin DSL script compilation (Project/TopLevel/stage1) because:
  Build cache is disabled
Resolved plugin [id: 'org.jetbrains.kotlin.multiplatform', version: '2.4.10']
Resolved plugin [id: 'com.android.kotlin.multiplatform.library', version: '9.4.0']
Resolved plugin [id: 'org.jetbrains.compose', version: '1.11.1']
Resolved plugin [id: 'org.jetbrains.kotlin.plugin.compose', version: '2.4.10']
Using Kotlin Gradle Plugin gradle813 variant
Created androidJvm target
kotlin scripting plugin: created the scripting discovery configuration: kotlinScriptDef
Created compile task: compileAndroidMain
Using default execution profile
Configure multi-module compose resources
Configure compose resources generation
Configure resource accessors generation for androidMain
Configure Res object generation for commonMain
Configure resource accessors generation for commonMain
Configure resource accessors generation for commonTest
Configure expect resource collectors generation for commonMain
Configure actual resource collectors generation for androidMain
Configure compose resources with KotlinMultiplatformAndroidComponentsExtension
Caching disabled for Kotlin DSL script compilation (Project/TopLevel/stage2) because:
  Build cache is disabled
Configure resource accessors generation for androidHostTest
kotlin scripting plugin: created the scripting discovery configuration: hostTestKotlinScriptDef
Created compile task: compileAndroidHostTest
Configure resource accessors generation for desktopMain
kotlin scripting plugin: created the scripting discovery configuration: kotlinScriptDef
Configure resource accessors generation for desktopTest
kotlin scripting plugin: created the scripting discovery configuration: testKotlinScriptDef
Configure actual resource collectors generation for desktopMain
Configure main resources for 'desktop' target
Configure test resources for 'desktop' target
Configure resource accessors generation for iosArm64Main
Configure resource accessors generation for iosArm64Test
Configure actual resource collectors generation for iosArm64Main
Configure main resources for 'iosArm64' target
Configure KMP component publication for 'iosArm64'
Collect resolved main resources for 'iosArm64'
Configure test resources for 'iosArm64' target
Configure resource accessors generation for iosSimulatorArm64Main
Configure resource accessors generation for iosSimulatorArm64Test
Configure actual resource collectors generation for iosSimulatorArm64Main
Configure main resources for 'iosSimulatorArm64' target
Configure KMP component publication for 'iosSimulatorArm64'
Collect resolved main resources for 'iosSimulatorArm64'
Configure test resources for 'iosSimulatorArm64' target
compileSdkVersion=android-37.0
Configure androidMain resources for 'android' target
Check that new 'org.jetbrains.kotlin.plugin.compose' was applied
Configure resource accessors generation for desktopDev
kotlin scripting plugin: created the scripting discovery configuration: devKotlinScriptDef
Configure dev resources for 'desktop' target
Configure resource accessors generation for nativeMain
Configure resource accessors generation for appleMain
Configure resource accessors generation for iosMain
Configure resource accessors generation for nativeTest
Configure resource accessors generation for appleTest
Configure resource accessors generation for iosTest

> Configure project :feature:onboarding
Evaluating project ':feature:onboarding' using build file '/root/projects/PassVault/audit-runtime-linux-android-compile03/checkout/feature/onboarding/build.gradle.kts'.
Caching disabled for Kotlin DSL script compilation (Project/TopLevel/stage1) because:
  Build cache is disabled
Resolved plugin [id: 'org.jetbrains.kotlin.multiplatform', version: '2.4.10']
Resolved plugin [id: 'com.android.kotlin.multiplatform.library', version: '9.4.0']
Resolved plugin [id: 'org.jetbrains.compose', version: '1.11.1']
Resolved plugin [id: 'org.jetbrains.kotlin.plugin.compose', version: '2.4.10']
Using Kotlin Gradle Plugin gradle813 variant
Created androidJvm target
kotlin scripting plugin: created the scripting discovery configuration: kotlinScriptDef
Created compile task: compileAndroidMain
Using default execution profile
Configure multi-module compose resources
Configure compose resources generation
Configure resource accessors generation for androidMain
Configure Res object generation for commonMain
Configure resource accessors generation for commonMain
Configure resource accessors generation for commonTest
Configure expect resource collectors generation for commonMain
Configure actual resource collectors generation for androidMain
Configure compose resources with KotlinMultiplatformAndroidComponentsExtension
Caching disabled for Kotlin DSL script compilation (Project/TopLevel/stage2) because:
  Build cache is disabled
Configure resource accessors generation for androidHostTest
kotlin scripting plugin: created the scripting discovery configuration: hostTestKotlinScriptDef
Created compile task: compileAndroidHostTest
Configure resource accessors generation for desktopMain
kotlin scripting plugin: created the scripting discovery configuration: kotlinScriptDef
Configure resource accessors generation for desktopTest
kotlin scripting plugin: created the scripting discovery configuration: testKotlinScriptDef
Configure actual resource collectors generation for desktopMain
Configure main resources for 'desktop' target
Configure test resources for 'desktop' target
Configure resource accessors generation for iosArm64Main
Configure resource accessors generation for iosArm64Test
Configure actual resource collectors generation for iosArm64Main
Configure main resources for 'iosArm64' target
Configure KMP component publication for 'iosArm64'
Collect resolved main resources for 'iosArm64'
Configure test resources for 'iosArm64' target
Configure resource accessors generation for iosSimulatorArm64Main
Configure resource accessors generation for iosSimulatorArm64Test
Configure actual resource collectors generation for iosSimulatorArm64Main
Configure main resources for 'iosSimulatorArm64' target
Configure KMP component publication for 'iosSimulatorArm64'
Collect resolved main resources for 'iosSimulatorArm64'
Configure test resources for 'iosSimulatorArm64' target
compileSdkVersion=android-37.0
Configure androidMain resources for 'android' target
Check that new 'org.jetbrains.kotlin.plugin.compose' was applied
Configure resource accessors generation for desktopDev
kotlin scripting plugin: created the scripting discovery configuration: devKotlinScriptDef
Configure dev resources for 'desktop' target
Configure resource accessors generation for nativeMain
Configure resource accessors generation for appleMain
Configure resource accessors generation for iosMain
Configure resource accessors generation for nativeTest
Configure resource accessors generation for appleTest
Configure resource accessors generation for iosTest

> Configure project :feature:settings
Evaluating project ':feature:settings' using build file '/root/projects/PassVault/audit-runtime-linux-android-compile03/checkout/feature/settings/build.gradle.kts'.
Caching disabled for Kotlin DSL script compilation (Project/TopLevel/stage1) because:
  Build cache is disabled
Resolved plugin [id: 'org.jetbrains.kotlin.multiplatform', version: '2.4.10']
Resolved plugin [id: 'com.android.kotlin.multiplatform.library', version: '9.4.0']
Resolved plugin [id: 'org.jetbrains.compose', version: '1.11.1']
Resolved plugin [id: 'org.jetbrains.kotlin.plugin.compose', version: '2.4.10']
Using Kotlin Gradle Plugin gradle813 variant
Created androidJvm target
kotlin scripting plugin: created the scripting discovery configuration: kotlinScriptDef
Created compile task: compileAndroidMain
Using default execution profile
Configure multi-module compose resources
Configure compose resources generation
Configure resource accessors generation for androidMain
Configure Res object generation for commonMain
Configure resource accessors generation for commonMain
Configure resource accessors generation for commonTest
Configure expect resource collectors generation for commonMain
Configure actual resource collectors generation for androidMain
Configure compose resources with KotlinMultiplatformAndroidComponentsExtension
Caching disabled for Kotlin DSL script compilation (Project/TopLevel/stage2) because:
  Build cache is disabled
Configure resource accessors generation for androidHostTest
kotlin scripting plugin: created the scripting discovery configuration: hostTestKotlinScriptDef
Created compile task: compileAndroidHostTest
Configure resource accessors generation for desktopMain
kotlin scripting plugin: created the scripting discovery configuration: kotlinScriptDef
Configure resource accessors generation for desktopTest
kotlin scripting plugin: created the scripting discovery configuration: testKotlinScriptDef
Configure actual resource collectors generation for desktopMain
Configure main resources for 'desktop' target
Configure test resources for 'desktop' target
Configure resource accessors generation for iosArm64Main
Configure resource accessors generation for iosArm64Test
Configure actual resource collectors generation for iosArm64Main
Configure main resources for 'iosArm64' target
Configure KMP component publication for 'iosArm64'
Collect resolved main resources for 'iosArm64'
Configure test resources for 'iosArm64' target
Configure resource accessors generation for iosSimulatorArm64Main
Configure resource accessors generation for iosSimulatorArm64Test
Configure actual resource collectors generation for iosSimulatorArm64Main
Configure main resources for 'iosSimulatorArm64' target
Configure KMP component publication for 'iosSimulatorArm64'
Collect resolved main resources for 'iosSimulatorArm64'
Configure test resources for 'iosSimulatorArm64' target
compileSdkVersion=android-37.0
Configure androidMain resources for 'android' target
Check that new 'org.jetbrains.kotlin.plugin.compose' was applied
Configure resource accessors generation for desktopDev
kotlin scripting plugin: created the scripting discovery configuration: devKotlinScriptDef
Configure dev resources for 'desktop' target
Configure resource accessors generation for nativeMain
Configure resource accessors generation for appleMain
Configure resource accessors generation for iosMain
Configure resource accessors generation for nativeTest
Configure resource accessors generation for appleTest
Configure resource accessors generation for iosTest

> Configure project :feature:unlock
Evaluating project ':feature:unlock' using build file '/root/projects/PassVault/audit-runtime-linux-android-compile03/checkout/feature/unlock/build.gradle.kts'.
Caching disabled for Kotlin DSL script compilation (Project/TopLevel/stage1) because:
  Build cache is disabled
Resolved plugin [id: 'org.jetbrains.kotlin.multiplatform', version: '2.4.10']
Resolved plugin [id: 'com.android.kotlin.multiplatform.library', version: '9.4.0']
Resolved plugin [id: 'org.jetbrains.compose', version: '1.11.1']
Resolved plugin [id: 'org.jetbrains.kotlin.plugin.compose', version: '2.4.10']
Using Kotlin Gradle Plugin gradle813 variant
Created androidJvm target
kotlin scripting plugin: created the scripting discovery configuration: kotlinScriptDef
Created compile task: compileAndroidMain
Using default execution profile
Configure multi-module compose resources
Configure compose resources generation
Configure resource accessors generation for androidMain
Configure Res object generation for commonMain
Configure resource accessors generation for commonMain
Configure resource accessors generation for commonTest
Configure expect resource collectors generation for commonMain
Configure actual resource collectors generation for androidMain
Configure compose resources with KotlinMultiplatformAndroidComponentsExtension
Caching disabled for Kotlin DSL script compilation (Project/TopLevel/stage2) because:
  Build cache is disabled
Configure resource accessors generation for androidHostTest
kotlin scripting plugin: created the scripting discovery configuration: hostTestKotlinScriptDef
Created compile task: compileAndroidHostTest
Configure resource accessors generation for desktopMain
kotlin scripting plugin: created the scripting discovery configuration: kotlinScriptDef
Configure resource accessors generation for desktopTest
kotlin scripting plugin: created the scripting discovery configuration: testKotlinScriptDef
Configure actual resource collectors generation for desktopMain
Configure main resources for 'desktop' target
Configure test resources for 'desktop' target
Configure resource accessors generation for iosArm64Main
Configure resource accessors generation for iosArm64Test
Configure actual resource collectors generation for iosArm64Main
Configure main resources for 'iosArm64' target
Configure KMP component publication for 'iosArm64'
Collect resolved main resources for 'iosArm64'
Configure test resources for 'iosArm64' target
Configure resource accessors generation for iosSimulatorArm64Main
Configure resource accessors generation for iosSimulatorArm64Test
Configure actual resource collectors generation for iosSimulatorArm64Main
Configure main resources for 'iosSimulatorArm64' target
Configure KMP component publication for 'iosSimulatorArm64'
Collect resolved main resources for 'iosSimulatorArm64'
Configure test resources for 'iosSimulatorArm64' target
compileSdkVersion=android-37.0
Configure androidMain resources for 'android' target
Check that new 'org.jetbrains.kotlin.plugin.compose' was applied
Configure resource accessors generation for desktopDev
kotlin scripting plugin: created the scripting discovery configuration: devKotlinScriptDef
Configure dev resources for 'desktop' target
Configure resource accessors generation for nativeMain
Configure resource accessors generation for appleMain
Configure resource accessors generation for iosMain
Configure resource accessors generation for nativeTest
Configure resource accessors generation for appleTest
Configure resource accessors generation for iosTest

> Configure project :feature:vault
Evaluating project ':feature:vault' using build file '/root/projects/PassVault/audit-runtime-linux-android-compile03/checkout/feature/vault/build.gradle.kts'.
Caching disabled for Kotlin DSL script compilation (Project/TopLevel/stage1) because:
  Build cache is disabled
Resolved plugin [id: 'org.jetbrains.kotlin.multiplatform', version: '2.4.10']
Resolved plugin [id: 'com.android.kotlin.multiplatform.library', version: '9.4.0']
Resolved plugin [id: 'org.jetbrains.compose', version: '1.11.1']
Resolved plugin [id: 'org.jetbrains.kotlin.plugin.compose', version: '2.4.10']
Using Kotlin Gradle Plugin gradle813 variant
Created androidJvm target
kotlin scripting plugin: created the scripting discovery configuration: kotlinScriptDef
Created compile task: compileAndroidMain
Using default execution profile
Configure multi-module compose resources
Configure compose resources generation
Configure resource accessors generation for androidMain
Configure Res object generation for commonMain
Configure resource accessors generation for commonMain
Configure resource accessors generation for commonTest
Configure expect resource collectors generation for commonMain
Configure actual resource collectors generation for androidMain
Configure compose resources with KotlinMultiplatformAndroidComponentsExtension
Caching disabled for Kotlin DSL script compilation (Project/TopLevel/stage2) because:
  Build cache is disabled
Configure resource accessors generation for androidHostTest
kotlin scripting plugin: created the scripting discovery configuration: hostTestKotlinScriptDef
Created compile task: compileAndroidHostTest
Configure resource accessors generation for desktopMain
kotlin scripting plugin: created the scripting discovery configuration: kotlinScriptDef
Configure resource accessors generation for desktopTest
kotlin scripting plugin: created the scripting discovery configuration: testKotlinScriptDef
Configure actual resource collectors generation for desktopMain
Configure main resources for 'desktop' target
Configure test resources for 'desktop' target
Configure resource accessors generation for iosArm64Main
Configure resource accessors generation for iosArm64Test
Configure actual resource collectors generation for iosArm64Main
Configure main resources for 'iosArm64' target
Configure KMP component publication for 'iosArm64'
Collect resolved main resources for 'iosArm64'
Configure test resources for 'iosArm64' target
Configure resource accessors generation for iosSimulatorArm64Main
Configure resource accessors generation for iosSimulatorArm64Test
Configure actual resource collectors generation for iosSimulatorArm64Main
Configure main resources for 'iosSimulatorArm64' target
Configure KMP component publication for 'iosSimulatorArm64'
Collect resolved main resources for 'iosSimulatorArm64'
Configure test resources for 'iosSimulatorArm64' target
compileSdkVersion=android-37.0
Configure androidMain resources for 'android' target
Check that new 'org.jetbrains.kotlin.plugin.compose' was applied
Configure resource accessors generation for desktopDev
kotlin scripting plugin: created the scripting discovery configuration: devKotlinScriptDef
Configure dev resources for 'desktop' target
Configure resource accessors generation for nativeMain
Configure resource accessors generation for appleMain
Configure resource accessors generation for iosMain
Configure resource accessors generation for nativeTest
Configure resource accessors generation for appleTest
Configure resource accessors generation for iosTest
All projects evaluated.
Task path ':core:crypto:compileAndroidDeviceTest' matched project ':core:crypto'
Task name matched 'compileAndroidDeviceTest'
Selected primary task 'compileAndroidDeviceTest' from project :core:crypto
compileSdkVersion=android-37.0
compileSdkVersion=android-37.0
compileSdkVersion=android-37.0
compileSdkVersion=android-37.0
compileSdkVersion=android-37.0
compileSdkVersion=android-37.0
compileSdkVersion=android-37.0
compileSdkVersion=android-37.0
compileSdkVersion=android-37.0
compileSdkVersion=android-37.0
Tasks to be executed: [task ':core:crypto:androidJar', task ':core:crypto:kmpPartiallyResolvedDependenciesChecker', task ':core:crypto:checkKotlinGradlePluginConfigurationErrors', task ':core:crypto:compileAndroidMain', task ':core:crypto:androidPreBuild', task ':core:crypto:preAndroidMainBuild', task ':core:crypto:bundleAndroidMainClassesToCompileJar', task ':core:crypto:preAndroidDeviceTestBuild', task ':core:crypto:generateAndroidDeviceTestResources', task ':core:crypto:packageAndroidDeviceTestResources', task ':core:crypto:processAndroidDeviceTestNavigationResources', task ':core:crypto:parseAndroidDeviceTestLocalResources', task ':core:crypto:generateAndroidDeviceTestRFile', task ':core:crypto:compileAndroidDeviceTest']
Tasks that were excluded: []
compileSdkVersion=android-37.0
compileSdkVersion=android-37.0
PASSVAULT_ANDROID_COMPILE03={"kind":"graph","selector":[":core:crypto:compileAndroidDeviceTest"],"tasks":[{"path":":core:crypto:androidJar","type":"org.gradle.jvm.tasks.Jar_Decorated","enabled":true,"dependencies":[],"finalizers":[],"mustRunAfter":[],"shouldRunAfter":[]},{"path":":core:crypto:kmpPartiallyResolvedDependenciesChecker","type":"org.jetbrains.kotlin.gradle.plugin.diagnostics.checkers.KmpPartiallyResolvedDependenciesCheckerProjectsEvaluated_Decorated","enabled":true,"dependencies":[],"finalizers":[],"mustRunAfter":[],"shouldRunAfter":[]},{"path":":core:crypto:checkKotlinGradlePluginConfigurationErrors","type":"org.jetbrains.kotlin.gradle.plugin.diagnostics.CheckKotlinGradlePluginConfigurationErrors_Decorated","enabled":true,"dependencies":[":core:crypto:kmpPartiallyResolvedDependenciesChecker"],"finalizers":[],"mustRunAfter":[],"shouldRunAfter":[]},{"path":":core:crypto:compileAndroidMain","type":"org.jetbrains.kotlin.gradle.tasks.KotlinCompile_Decorated","enabled":true,"dependencies":[":core:crypto:checkKotlinGradlePluginConfigurationErrors",":core:crypto:kmpPartiallyResolvedDependenciesChecker"],"finalizers":[],"mustRunAfter":[],"shouldRunAfter":[]},{"path":":core:crypto:androidPreBuild","type":"org.gradle.api.DefaultTask_Decorated","enabled":true,"dependencies":[],"finalizers":[],"mustRunAfter":[],"shouldRunAfter":[]},{"path":":core:crypto:preAndroidMainBuild","type":"com.android.build.gradle.internal.tasks.AndroidVariantTask_Decorated","enabled":true,"dependencies":[":core:crypto:androidPreBuild"],"finalizers":[],"mustRunAfter":[],"shouldRunAfter":[]},{"path":":core:crypto:bundleAndroidMainClassesToCompileJar","type":"com.android.build.gradle.internal.tasks.BundleLibraryClassesJar_Decorated","enabled":true,"dependencies":[":core:crypto:compileAndroidMain",":core:crypto:preAndroidMainBuild"],"finalizers":[],"mustRunAfter":[],"shouldRunAfter":[]},{"path":":core:crypto:preAndroidDeviceTestBuild","type":"com.android.build.gradle.internal.tasks.AndroidVariantTask_Decorated","enabled":true,"dependencies":[":core:crypto:androidPreBuild"],"finalizers":[],"mustRunAfter":[],"shouldRunAfter":[]},{"path":":core:crypto:generateAndroidDeviceTestResources","type":"com.android.build.gradle.internal.tasks.ValidateResourcesTask_Decorated","enabled":true,"dependencies":[":core:crypto:preAndroidDeviceTestBuild"],"finalizers":[],"mustRunAfter":[],"shouldRunAfter":[]},{"path":":core:crypto:packageAndroidDeviceTestResources","type":"com.android.build.gradle.tasks.MergeResources_Decorated","enabled":true,"dependencies":[":core:crypto:generateAndroidDeviceTestResources",":core:crypto:preAndroidDeviceTestBuild"],"finalizers":[],"mustRunAfter":[],"shouldRunAfter":[]},{"path":":core:crypto:processAndroidDeviceTestNavigationResources","type":"com.android.build.gradle.internal.tasks.ProcessNavigationXmlTask_Decorated","enabled":true,"dependencies":[":core:crypto:preAndroidDeviceTestBuild"],"finalizers":[],"mustRunAfter":[],"shouldRunAfter":[]},{"path":":core:crypto:parseAndroidDeviceTestLocalResources","type":"com.android.build.gradle.internal.res.ParseLibraryResourcesTask_Decorated","enabled":true,"dependencies":[":core:crypto:packageAndroidDeviceTestResources",":core:crypto:preAndroidDeviceTestBuild",":core:crypto:processAndroidDeviceTestNavigationResources"],"finalizers":[],"mustRunAfter":[],"shouldRunAfter":[]},{"path":":core:crypto:generateAndroidDeviceTestRFile","type":"com.android.build.gradle.internal.res.GenerateLibraryRFileTask_Decorated","enabled":true,"dependencies":[":core:crypto:parseAndroidDeviceTestLocalResources",":core:crypto:preAndroidDeviceTestBuild"],"finalizers":[],"mustRunAfter":[],"shouldRunAfter":[]},{"path":":core:crypto:compileAndroidDeviceTest","type":"org.jetbrains.kotlin.gradle.tasks.KotlinCompile_Decorated","enabled":true,"dependencies":[":core:crypto:androidJar",":core:crypto:bundleAndroidMainClassesToCompileJar",":core:crypto:checkKotlinGradlePluginConfigurationErrors",":core:crypto:compileAndroidMain",":core:crypto:generateAndroidDeviceTestRFile",":core:crypto:kmpPartiallyResolvedDependenciesChecker"],"finalizers":[],"mustRunAfter":[],"shouldRunAfter":[]}]}
PASSVAULT_ANDROID_COMPILE03={"kind":"declared-outputs-before","task":":core:crypto:compileAndroidMain","outputs":[{"root":"/root/projects/PassVault/audit-runtime-linux-android-compile03/checkout/core/crypto/build/kotlin/compileAndroidMain/classpath-snapshot","present":false,"files":[]},{"root":"/root/projects/PassVault/audit-runtime-linux-android-compile03/checkout/core/crypto/build/classes/kotlin/android/main","present":false,"files":[]},{"root":"/root/projects/PassVault/audit-runtime-linux-android-compile03/checkout/core/crypto/build/kotlin/compileAndroidMain/cacheable","present":false,"files":[]}]}
PASSVAULT_ANDROID_COMPILE03={"kind":"declared-outputs-before","task":":core:crypto:compileAndroidDeviceTest","outputs":[{"root":"/root/projects/PassVault/audit-runtime-linux-android-compile03/checkout/core/crypto/build/kotlin/compileAndroidDeviceTest/classpath-snapshot","present":false,"files":[]},{"root":"/root/projects/PassVault/audit-runtime-linux-android-compile03/checkout/core/crypto/build/classes/kotlin/android/deviceTest","present":false,"files":[]},{"root":"/root/projects/PassVault/audit-runtime-linux-android-compile03/checkout/core/crypto/build/kotlin/compileAndroidDeviceTest/cacheable","present":false,"files":[]}]}
Resolve mutations for :core:crypto:androidJar (Thread[included builds,5,main]) started.
:core:crypto:androidJar (Thread[included builds,5,main]) started.

> Task :core:crypto:androidJar
Caching disabled for task ':core:crypto:androidJar' because:
  Build cache is disabled
  Not worth caching
Task ':core:crypto:androidJar' is not up-to-date because:
  No history is available.
Resolve mutations for :core:crypto:kmpPartiallyResolvedDependenciesChecker (Thread[included builds,5,main]) started.
:core:crypto:kmpPartiallyResolvedDependenciesChecker (Thread[included builds,5,main]) started.

> Task :core:crypto:kmpPartiallyResolvedDependenciesChecker
Caching disabled for task ':core:crypto:kmpPartiallyResolvedDependenciesChecker' because:
  Build cache is disabled
Task ':core:crypto:kmpPartiallyResolvedDependenciesChecker' is not up-to-date because:
  Task has not declared any outputs despite executing actions.
Resource missing. [HTTP GET: https://dl.google.com/dl/android/maven2/org/jetbrains/kotlin/kotlin-stdlib/2.4.10/kotlin-stdlib-2.4.10.pom]
Resource missing. [HTTP GET: https://dl.google.com/dl/android/maven2/org/jetbrains/kotlinx/kotlinx-coroutines-core/1.11.0/kotlinx-coroutines-core-1.11.0.pom]
Resource missing. [HTTP GET: https://dl.google.com/dl/android/maven2/com/ionspin/kotlin/multiplatform-crypto-libsodium-bindings/0.9.5/multiplatform-crypto-libsodium-bindings-0.9.5.pom]
Resource missing. [HTTP GET: https://dl.google.com/dl/android/maven2/org/jetbrains/kotlin/kotlin-stdlib/2.4.10/kotlin-stdlib-2.4.10.pom]
Resource missing. [HTTP GET: https://dl.google.com/dl/android/maven2/org/jetbrains/kotlinx/kotlinx-coroutines-core/1.11.0/kotlinx-coroutines-core-1.11.0.pom]
Resource missing. [HTTP GET: https://dl.google.com/dl/android/maven2/com/ionspin/kotlin/multiplatform-crypto-libsodium-bindings/0.9.5/multiplatform-crypto-libsodium-bindings-0.9.5.pom]
Downloading https://repo.maven.apache.org/maven2/com/ionspin/kotlin/multiplatform-crypto-libsodium-bindings/0.9.5/multiplatform-crypto-libsodium-bindings-0.9.5.pom to /root/projects/PassVault/audit-runtime-linux-android-compile03/gradle-home/.tmp/gradle_download8566222521154011221bin
Downloading https://repo.maven.apache.org/maven2/org/jetbrains/kotlinx/kotlinx-coroutines-core/1.11.0/kotlinx-coroutines-core-1.11.0.pom to /root/projects/PassVault/audit-runtime-linux-android-compile03/gradle-home/.tmp/gradle_download8645357708130755893bin
Downloading https://repo.maven.apache.org/maven2/org/jetbrains/kotlin/kotlin-stdlib/2.4.10/kotlin-stdlib-2.4.10.pom to /root/projects/PassVault/audit-runtime-linux-android-compile03/gradle-home/.tmp/gradle_download15390002885151601600bin
Downloading https://repo.maven.apache.org/maven2/com/ionspin/kotlin/multiplatform-crypto-libsodium-bindings/0.9.5/multiplatform-crypto-libsodium-bindings-0.9.5.module to /root/projects/PassVault/audit-runtime-linux-android-compile03/gradle-home/.tmp/gradle_download6168938111481121359bin
Resource missing. [HTTP GET: https://dl.google.com/dl/android/maven2/org/jetbrains/kotlinx/kotlinx-coroutines-bom/1.11.0/kotlinx-coroutines-bom-1.11.0.pom]
Downloading https://repo.maven.apache.org/maven2/org/jetbrains/kotlin/kotlin-stdlib/2.4.10/kotlin-stdlib-2.4.10.module to /root/projects/PassVault/audit-runtime-linux-android-compile03/gradle-home/.tmp/gradle_download5833924363635433498bin
Resource missing. [HTTP GET: https://dl.google.com/dl/android/maven2/org/jetbrains/kotlinx/kotlinx-coroutines-bom/1.11.0/kotlinx-coroutines-bom-1.11.0.pom]
Downloading https://repo.maven.apache.org/maven2/org/jetbrains/kotlinx/kotlinx-coroutines-bom/1.11.0/kotlinx-coroutines-bom-1.11.0.pom to /root/projects/PassVault/audit-runtime-linux-android-compile03/gradle-home/.tmp/gradle_download11289275161641966986bin
Downloading https://repo.maven.apache.org/maven2/org/jetbrains/kotlinx/kotlinx-coroutines-core/1.11.0/kotlinx-coroutines-core-1.11.0.module to /root/projects/PassVault/audit-runtime-linux-android-compile03/gradle-home/.tmp/gradle_download13223392893292735837bin
Resource missing. [HTTP GET: https://dl.google.com/dl/android/maven2/org/jetbrains/kotlinx/kotlinx-coroutines-core-iosarm64/1.11.0/kotlinx-coroutines-core-iosarm64-1.11.0.pom]
Resource missing. [HTTP GET: https://dl.google.com/dl/android/maven2/org/jetbrains/kotlinx/kotlinx-coroutines-core-iosarm64/1.11.0/kotlinx-coroutines-core-iosarm64-1.11.0.pom]
Downloading https://repo.maven.apache.org/maven2/org/jetbrains/kotlinx/kotlinx-coroutines-core-iosarm64/1.11.0/kotlinx-coroutines-core-iosarm64-1.11.0.pom to /root/projects/PassVault/audit-runtime-linux-android-compile03/gradle-home/.tmp/gradle_download7966162863504481350bin
Downloading https://repo.maven.apache.org/maven2/org/jetbrains/kotlinx/kotlinx-coroutines-core-iosarm64/1.11.0/kotlinx-coroutines-core-iosarm64-1.11.0.module to /root/projects/PassVault/audit-runtime-linux-android-compile03/gradle-home/.tmp/gradle_download15980343438685936009bin
Resource missing. [HTTP GET: https://dl.google.com/dl/android/maven2/com/ionspin/kotlin/multiplatform-crypto-libsodium-bindings-iosarm64/0.9.5/multiplatform-crypto-libsodium-bindings-iosarm64-0.9.5.pom]
Resource missing. [HTTP GET: https://dl.google.com/dl/android/maven2/com/ionspin/kotlin/multiplatform-crypto-libsodium-bindings-iosarm64/0.9.5/multiplatform-crypto-libsodium-bindings-iosarm64-0.9.5.pom]
Downloading https://repo.maven.apache.org/maven2/com/ionspin/kotlin/multiplatform-crypto-libsodium-bindings-iosarm64/0.9.5/multiplatform-crypto-libsodium-bindings-iosarm64-0.9.5.pom to /root/projects/PassVault/audit-runtime-linux-android-compile03/gradle-home/.tmp/gradle_download4441697130259492747bin
Downloading https://repo.maven.apache.org/maven2/com/ionspin/kotlin/multiplatform-crypto-libsodium-bindings-iosarm64/0.9.5/multiplatform-crypto-libsodium-bindings-iosarm64-0.9.5.module to /root/projects/PassVault/audit-runtime-linux-android-compile03/gradle-home/.tmp/gradle_download7529717764563239118bin
Resource missing. [HTTP GET: https://dl.google.com/dl/android/maven2/org/jetbrains/kotlinx/atomicfu/0.32.1/atomicfu-0.32.1.pom]
Resource missing. [HTTP GET: https://dl.google.com/dl/android/maven2/org/jetbrains/kotlinx/atomicfu/0.32.1/atomicfu-0.32.1.pom]
Downloading https://repo.maven.apache.org/maven2/org/jetbrains/kotlinx/atomicfu/0.32.1/atomicfu-0.32.1.pom to /root/projects/PassVault/audit-runtime-linux-android-compile03/gradle-home/.tmp/gradle_download5125677862636282794bin
Downloading https://repo.maven.apache.org/maven2/org/jetbrains/kotlinx/atomicfu/0.32.1/atomicfu-0.32.1.module to /root/projects/PassVault/audit-runtime-linux-android-compile03/gradle-home/.tmp/gradle_download13307159413621214272bin
Resource missing. [HTTP GET: https://dl.google.com/dl/android/maven2/org/jetbrains/kotlinx/atomicfu-iosarm64/0.32.1/atomicfu-iosarm64-0.32.1.pom]
Resource missing. [HTTP GET: https://dl.google.com/dl/android/maven2/org/jetbrains/kotlinx/atomicfu-iosarm64/0.32.1/atomicfu-iosarm64-0.32.1.pom]
Downloading https://repo.maven.apache.org/maven2/org/jetbrains/kotlinx/atomicfu-iosarm64/0.32.1/atomicfu-iosarm64-0.32.1.pom to /root/projects/PassVault/audit-runtime-linux-android-compile03/gradle-home/.tmp/gradle_download12791485412823657487bin
Downloading https://repo.maven.apache.org/maven2/org/jetbrains/kotlinx/atomicfu-iosarm64/0.32.1/atomicfu-iosarm64-0.32.1.module to /root/projects/PassVault/audit-runtime-linux-android-compile03/gradle-home/.tmp/gradle_download17110746723504916332bin
Resource missing. [HTTP GET: https://dl.google.com/dl/android/maven2/org/jetbrains/kotlinx/kotlinx-coroutines-core-iossimulatorarm64/1.11.0/kotlinx-coroutines-core-iossimulatorarm64-1.11.0.pom]
Resource missing. [HTTP GET: https://dl.google.com/dl/android/maven2/org/jetbrains/kotlinx/kotlinx-coroutines-core-iossimulatorarm64/1.11.0/kotlinx-coroutines-core-iossimulatorarm64-1.11.0.pom]
Downloading https://repo.maven.apache.org/maven2/org/jetbrains/kotlinx/kotlinx-coroutines-core-iossimulatorarm64/1.11.0/kotlinx-coroutines-core-iossimulatorarm64-1.11.0.pom to /root/projects/PassVault/audit-runtime-linux-android-compile03/gradle-home/.tmp/gradle_download3178603135232223528bin
Downloading https://repo.maven.apache.org/maven2/org/jetbrains/kotlinx/kotlinx-coroutines-core-iossimulatorarm64/1.11.0/kotlinx-coroutines-core-iossimulatorarm64-1.11.0.module to /root/projects/PassVault/audit-runtime-linux-android-compile03/gradle-home/.tmp/gradle_download10525626498204626869bin
Resource missing. [HTTP GET: https://dl.google.com/dl/android/maven2/com/ionspin/kotlin/multiplatform-crypto-libsodium-bindings-iossimulatorarm64/0.9.5/multiplatform-crypto-libsodium-bindings-iossimulatorarm64-0.9.5.pom]
Resource missing. [HTTP GET: https://dl.google.com/dl/android/maven2/com/ionspin/kotlin/multiplatform-crypto-libsodium-bindings-iossimulatorarm64/0.9.5/multiplatform-crypto-libsodium-bindings-iossimulatorarm64-0.9.5.pom]
Downloading https://repo.maven.apache.org/maven2/com/ionspin/kotlin/multiplatform-crypto-libsodium-bindings-iossimulatorarm64/0.9.5/multiplatform-crypto-libsodium-bindings-iossimulatorarm64-0.9.5.pom to /root/projects/PassVault/audit-runtime-linux-android-compile03/gradle-home/.tmp/gradle_download10923004922157768560bin
Downloading https://repo.maven.apache.org/maven2/com/ionspin/kotlin/multiplatform-crypto-libsodium-bindings-iossimulatorarm64/0.9.5/multiplatform-crypto-libsodium-bindings-iossimulatorarm64-0.9.5.module to /root/projects/PassVault/audit-runtime-linux-android-compile03/gradle-home/.tmp/gradle_download1993040103519757237bin
Resource missing. [HTTP GET: https://dl.google.com/dl/android/maven2/org/jetbrains/kotlinx/atomicfu-iossimulatorarm64/0.32.1/atomicfu-iossimulatorarm64-0.32.1.pom]
Resource missing. [HTTP GET: https://dl.google.com/dl/android/maven2/org/jetbrains/kotlinx/atomicfu-iossimulatorarm64/0.32.1/atomicfu-iossimulatorarm64-0.32.1.pom]
Downloading https://repo.maven.apache.org/maven2/org/jetbrains/kotlinx/atomicfu-iossimulatorarm64/0.32.1/atomicfu-iossimulatorarm64-0.32.1.pom to /root/projects/PassVault/audit-runtime-linux-android-compile03/gradle-home/.tmp/gradle_download4184153194241445949bin
Downloading https://repo.maven.apache.org/maven2/org/jetbrains/kotlinx/atomicfu-iossimulatorarm64/0.32.1/atomicfu-iossimulatorarm64-0.32.1.module to /root/projects/PassVault/audit-runtime-linux-android-compile03/gradle-home/.tmp/gradle_download10941301287251940542bin
Resource missing. [HTTP GET: https://dl.google.com/dl/android/maven2/net/java/dev/jna/jna/5.19.1/jna-5.19.1.pom]
Resource missing. [HTTP GET: https://dl.google.com/dl/android/maven2/net/java/dev/jna/jna/5.19.1/jna-5.19.1.pom]
Downloading https://repo.maven.apache.org/maven2/net/java/dev/jna/jna/5.19.1/jna-5.19.1.pom to /root/projects/PassVault/audit-runtime-linux-android-compile03/gradle-home/.tmp/gradle_download8363991637157418165bin
Resource missing. [HTTP HEAD: https://dl.google.com/dl/android/maven2/org/jetbrains/annotations/13.0/annotations-13.0.pom]
Resource missing. [HTTP HEAD: https://dl.google.com/dl/android/maven2/org/jetbrains/annotations/13.0/annotations-13.0.pom]
Resource missing. [HTTP GET: https://dl.google.com/dl/android/maven2/org/jetbrains/kotlinx/kotlinx-coroutines-core-jvm/1.11.0/kotlinx-coroutines-core-jvm-1.11.0.pom]
Resource missing. [HTTP GET: https://dl.google.com/dl/android/maven2/org/jetbrains/kotlinx/kotlinx-coroutines-core-jvm/1.11.0/kotlinx-coroutines-core-jvm-1.11.0.pom]
Downloading https://repo.maven.apache.org/maven2/org/jetbrains/kotlinx/kotlinx-coroutines-core-jvm/1.11.0/kotlinx-coroutines-core-jvm-1.11.0.pom to /root/projects/PassVault/audit-runtime-linux-android-compile03/gradle-home/.tmp/gradle_download2881640487540867783bin
Downloading https://repo.maven.apache.org/maven2/org/jetbrains/kotlinx/kotlinx-coroutines-core-jvm/1.11.0/kotlinx-coroutines-core-jvm-1.11.0.module to /root/projects/PassVault/audit-runtime-linux-android-compile03/gradle-home/.tmp/gradle_download10971765431960168511bin
Resource missing. [HTTP GET: https://dl.google.com/dl/android/maven2/com/ionspin/kotlin/multiplatform-crypto-libsodium-bindings-android/0.9.5/multiplatform-crypto-libsodium-bindings-android-0.9.5.pom]
Resource missing. [HTTP GET: https://dl.google.com/dl/android/maven2/com/ionspin/kotlin/multiplatform-crypto-libsodium-bindings-android/0.9.5/multiplatform-crypto-libsodium-bindings-android-0.9.5.pom]
Downloading https://repo.maven.apache.org/maven2/com/ionspin/kotlin/multiplatform-crypto-libsodium-bindings-android/0.9.5/multiplatform-crypto-libsodium-bindings-android-0.9.5.pom to /root/projects/PassVault/audit-runtime-linux-android-compile03/gradle-home/.tmp/gradle_download2322912679086987428bin
Downloading https://repo.maven.apache.org/maven2/com/ionspin/kotlin/multiplatform-crypto-libsodium-bindings-android/0.9.5/multiplatform-crypto-libsodium-bindings-android-0.9.5.module to /root/projects/PassVault/audit-runtime-linux-android-compile03/gradle-home/.tmp/gradle_download2723255632522198482bin
Resource missing. [HTTP GET: https://dl.google.com/dl/android/maven2/org/jetbrains/annotations/23.0.0/annotations-23.0.0.pom]
Resource missing. [HTTP GET: https://dl.google.com/dl/android/maven2/org/jetbrains/annotations/23.0.0/annotations-23.0.0.pom]
Downloading https://repo.maven.apache.org/maven2/org/jetbrains/annotations/23.0.0/annotations-23.0.0.pom to /root/projects/PassVault/audit-runtime-linux-android-compile03/gradle-home/.tmp/gradle_download9609772501767725316bin
Resource missing. [HTTP GET: https://dl.google.com/dl/android/maven2/com/ionspin/kotlin/multiplatform-crypto-libsodium-bindings-jvm/0.9.5/multiplatform-crypto-libsodium-bindings-jvm-0.9.5.pom]
Resource missing. [HTTP GET: https://dl.google.com/dl/android/maven2/com/ionspin/kotlin/multiplatform-crypto-libsodium-bindings-jvm/0.9.5/multiplatform-crypto-libsodium-bindings-jvm-0.9.5.pom]
Downloading https://repo.maven.apache.org/maven2/com/ionspin/kotlin/multiplatform-crypto-libsodium-bindings-jvm/0.9.5/multiplatform-crypto-libsodium-bindings-jvm-0.9.5.pom to /root/projects/PassVault/audit-runtime-linux-android-compile03/gradle-home/.tmp/gradle_download6143473483132155907bin
Downloading https://repo.maven.apache.org/maven2/com/ionspin/kotlin/multiplatform-crypto-libsodium-bindings-jvm/0.9.5/multiplatform-crypto-libsodium-bindings-jvm-0.9.5.module to /root/projects/PassVault/audit-runtime-linux-android-compile03/gradle-home/.tmp/gradle_download7538578354666447031bin
Execution stopped by some action with message: null
Resolve mutations for :core:crypto:checkKotlinGradlePluginConfigurationErrors (Thread[included builds,5,main]) started.
:core:crypto:checkKotlinGradlePluginConfigurationErrors (Thread[included builds,5,main]) started.

> Task :core:crypto:checkKotlinGradlePluginConfigurationErrors SKIPPED
Skipping task ':core:crypto:checkKotlinGradlePluginConfigurationErrors' as task onlyIf 'errorDiagnostics are present' is false.
Resolve mutations for :core:crypto:compileAndroidMain (Thread[included builds,5,main]) started.
:core:crypto:compileAndroidMain (Thread[included builds,5,main]) started.

> Task :core:crypto:compileAndroidMain
Downloading https://repo.maven.apache.org/maven2/net/java/dev/jna/jna/5.19.1/jna-5.19.1.jar to /root/projects/PassVault/audit-runtime-linux-android-compile03/gradle-home/.tmp/gradle_download1101603715354844868bin
Caching disabled for IdentityTransform: /root/projects/PassVault/audit-runtime-linux-android-compile03/gradle-home/caches/modules-2/files-2.1/net.java.dev.jna/jna/5.19.1/ca303052cd617c1af2e2c8d344c98a706fb63143/jna-5.19.1.jar because:
  Build cache is disabled
  Caching not enabled.
Downloading https://repo.maven.apache.org/maven2/org/jetbrains/kotlinx/kotlinx-coroutines-core-jvm/1.11.0/kotlinx-coroutines-core-jvm-1.11.0.jar to /root/projects/PassVault/audit-runtime-linux-android-compile03/gradle-home/.tmp/gradle_download7256157331824484512bin
Caching disabled for IdentityTransform: /root/projects/PassVault/audit-runtime-linux-android-compile03/gradle-home/caches/modules-2/files-2.1/org.jetbrains.kotlinx/kotlinx-coroutines-core-jvm/1.11.0/3d57dc678bd8d72a60e7adf0eca5c54e3f4f4b79/kotlinx-coroutines-core-jvm-1.11.0.jar because:
  Build cache is disabled
  Caching not enabled.
Downloading https://repo.maven.apache.org/maven2/com/ionspin/kotlin/multiplatform-crypto-libsodium-bindings-android/0.9.5/multiplatform-crypto-libsodium-bindings-android-0.9.5.aar to /root/projects/PassVault/audit-runtime-linux-android-compile03/gradle-home/.tmp/gradle_download14705985256589893043bin
Caching disabled for AarToClassTransform: /root/projects/PassVault/audit-runtime-linux-android-compile03/gradle-home/caches/modules-2/files-2.1/com.ionspin.kotlin/multiplatform-crypto-libsodium-bindings-android/0.9.5/2bee05445ae898058d704e3ee1298cacc28d20c9/multiplatform-crypto-libsodium-bindings-release.aar because:
  Build cache is disabled
  Caching not enabled.
Downloading https://repo.maven.apache.org/maven2/org/jetbrains/kotlin/kotlin-stdlib/2.4.10/kotlin-stdlib-2.4.10.jar to /root/projects/PassVault/audit-runtime-linux-android-compile03/gradle-home/.tmp/gradle_download9753780046924957259bin
Caching disabled for IdentityTransform: /root/projects/PassVault/audit-runtime-linux-android-compile03/gradle-home/caches/modules-2/files-2.1/org.jetbrains.kotlin/kotlin-stdlib/2.4.10/8943c84ddc6d5cc00a10dbc3736c397066eeaab5/kotlin-stdlib-2.4.10.jar because:
  Build cache is disabled
  Caching not enabled.
Downloading https://repo.maven.apache.org/maven2/org/jetbrains/annotations/23.0.0/annotations-23.0.0.jar to /root/projects/PassVault/audit-runtime-linux-android-compile03/gradle-home/.tmp/gradle_download4501689785732271101bin
Caching disabled for IdentityTransform: /root/projects/PassVault/audit-runtime-linux-android-compile03/gradle-home/caches/modules-2/files-2.1/org.jetbrains/annotations/23.0.0/8cc20c07506ec18e0834947b84a864bfc094484e/annotations-23.0.0.jar because:
  Build cache is disabled
  Caching not enabled.
Resource missing. [HTTP GET: https://dl.google.com/dl/android/maven2/org/jetbrains/kotlin/kotlin-build-tools-compat/2.4.10/kotlin-build-tools-compat-2.4.10.pom]
Resource missing. [HTTP GET: https://dl.google.com/dl/android/maven2/org/jetbrains/kotlin/kotlin-build-tools-impl/2.4.10/kotlin-build-tools-impl-2.4.10.pom]
Resource missing. [HTTP GET: https://dl.google.com/dl/android/maven2/org/jetbrains/kotlin/kotlin-build-tools-compat/2.4.10/kotlin-build-tools-compat-2.4.10.pom]
Resource missing. [HTTP GET: https://dl.google.com/dl/android/maven2/org/jetbrains/kotlin/kotlin-build-tools-impl/2.4.10/kotlin-build-tools-impl-2.4.10.pom]
Downloading https://repo.maven.apache.org/maven2/org/jetbrains/kotlin/kotlin-build-tools-compat/2.4.10/kotlin-build-tools-compat-2.4.10.pom to /root/projects/PassVault/audit-runtime-linux-android-compile03/gradle-home/.tmp/gradle_download12249902899959768639bin
Downloading https://repo.maven.apache.org/maven2/org/jetbrains/kotlin/kotlin-build-tools-impl/2.4.10/kotlin-build-tools-impl-2.4.10.pom to /root/projects/PassVault/audit-runtime-linux-android-compile03/gradle-home/.tmp/gradle_download11469027868581854758bin
Resource missing. [HTTP HEAD: https://dl.google.com/dl/android/maven2/org/jetbrains/kotlin/kotlin-tooling-core/2.4.10/kotlin-tooling-core-2.4.10.pom]
Resource missing. [HTTP HEAD: https://dl.google.com/dl/android/maven2/org/jetbrains/kotlin/kotlin-tooling-core/2.4.10/kotlin-tooling-core-2.4.10.pom]
Resource missing. [HTTP HEAD: https://dl.google.com/dl/android/maven2/org/jetbrains/kotlin/kotlin-build-tools-api/2.4.10/kotlin-build-tools-api-2.4.10.pom]
Resource missing. [HTTP GET: https://dl.google.com/dl/android/maven2/org/jetbrains/kotlin/kotlin-build-tools-cri-impl/2.4.10/kotlin-build-tools-cri-impl-2.4.10.pom]
Resource missing. [HTTP HEAD: https://dl.google.com/dl/android/maven2/org/jetbrains/kotlin/kotlin-build-tools-api/2.4.10/kotlin-build-tools-api-2.4.10.pom]
Resource missing. [HTTP GET: https://dl.google.com/dl/android/maven2/org/jetbrains/kotlin/kotlin-build-tools-cri-impl/2.4.10/kotlin-build-tools-cri-impl-2.4.10.pom]
Downloading https://repo.maven.apache.org/maven2/org/jetbrains/kotlin/kotlin-build-tools-cri-impl/2.4.10/kotlin-build-tools-cri-impl-2.4.10.pom to /root/projects/PassVault/audit-runtime-linux-android-compile03/gradle-home/.tmp/gradle_download1651897261599556515bin
Resource missing. [HTTP GET: https://dl.google.com/dl/android/maven2/org/jetbrains/kotlin/kotlin-compiler-embeddable/2.4.10/kotlin-compiler-embeddable-2.4.10.pom]
Resource missing. [HTTP HEAD: https://dl.google.com/dl/android/maven2/org/jetbrains/kotlin/kotlin-compiler-runner/2.4.10/kotlin-compiler-runner-2.4.10.pom]
Resource missing. [HTTP GET: https://dl.google.com/dl/android/maven2/org/jetbrains/kotlin/kotlin-compiler-embeddable/2.4.10/kotlin-compiler-embeddable-2.4.10.pom]
Resource missing. [HTTP HEAD: https://dl.google.com/dl/android/maven2/org/jetbrains/kotlin/kotlin-compiler-runner/2.4.10/kotlin-compiler-runner-2.4.10.pom]
Downloading https://repo.maven.apache.org/maven2/org/jetbrains/kotlin/kotlin-compiler-embeddable/2.4.10/kotlin-compiler-embeddable-2.4.10.pom to /root/projects/PassVault/audit-runtime-linux-android-compile03/gradle-home/.tmp/gradle_download16992499791182154142bin
Resource missing. [HTTP HEAD: https://dl.google.com/dl/android/maven2/org/jetbrains/kotlinx/kotlinx-coroutines-core-jvm/1.8.0/kotlinx-coroutines-core-jvm-1.8.0.pom]
Resource missing. [HTTP GET: https://dl.google.com/dl/android/maven2/org/jetbrains/kotlin/kotlin-daemon-embeddable/2.4.10/kotlin-daemon-embeddable-2.4.10.pom]
Resource missing. [HTTP GET: https://dl.google.com/dl/android/maven2/org/jetbrains/kotlin/kotlin-script-runtime/2.4.10/kotlin-script-runtime-2.4.10.pom]
Resource missing. [HTTP GET: https://dl.google.com/dl/android/maven2/org/jetbrains/kotlin/kotlin-reflect/1.6.10/kotlin-reflect-1.6.10.pom]
Resource missing. [HTTP HEAD: https://dl.google.com/dl/android/maven2/org/jetbrains/kotlinx/kotlinx-coroutines-core-jvm/1.8.0/kotlinx-coroutines-core-jvm-1.8.0.pom]
Resource missing. [HTTP GET: https://dl.google.com/dl/android/maven2/org/jetbrains/kotlin/kotlin-daemon-embeddable/2.4.10/kotlin-daemon-embeddable-2.4.10.pom]
Resource missing. [HTTP GET: https://dl.google.com/dl/android/maven2/org/jetbrains/kotlin/kotlin-script-runtime/2.4.10/kotlin-script-runtime-2.4.10.pom]
Resource missing. [HTTP GET: https://dl.google.com/dl/android/maven2/org/jetbrains/kotlin/kotlin-reflect/1.6.10/kotlin-reflect-1.6.10.pom]
Downloading https://repo.maven.apache.org/maven2/org/jetbrains/kotlin/kotlin-daemon-embeddable/2.4.10/kotlin-daemon-embeddable-2.4.10.pom to /root/projects/PassVault/audit-runtime-linux-android-compile03/gradle-home/.tmp/gradle_download11167982488855924273bin
Downloading https://repo.maven.apache.org/maven2/org/jetbrains/kotlin/kotlin-script-runtime/2.4.10/kotlin-script-runtime-2.4.10.pom to /root/projects/PassVault/audit-runtime-linux-android-compile03/gradle-home/.tmp/gradle_download17632322425588410423bin
Downloading https://repo.maven.apache.org/maven2/org/jetbrains/kotlin/kotlin-reflect/1.6.10/kotlin-reflect-1.6.10.pom to /root/projects/PassVault/audit-runtime-linux-android-compile03/gradle-home/.tmp/gradle_download15849837058257800200bin
Resource missing. [HTTP HEAD: https://dl.google.com/dl/android/maven2/org/jetbrains/kotlin/kotlin-daemon-client/2.4.10/kotlin-daemon-client-2.4.10.pom]
Resource missing. [HTTP HEAD: https://dl.google.com/dl/android/maven2/org/jetbrains/kotlin/kotlin-daemon-client/2.4.10/kotlin-daemon-client-2.4.10.pom]
Downloading https://repo.maven.apache.org/maven2/org/jetbrains/kotlin/kotlin-build-tools-compat/2.4.10/kotlin-build-tools-compat-2.4.10.jar to /root/projects/PassVault/audit-runtime-linux-android-compile03/gradle-home/.tmp/gradle_download13463390516272389988bin
Downloading https://repo.maven.apache.org/maven2/org/jetbrains/kotlin/kotlin-build-tools-impl/2.4.10/kotlin-build-tools-impl-2.4.10.jar to /root/projects/PassVault/audit-runtime-linux-android-compile03/gradle-home/.tmp/gradle_download12400226053122749529bin
Downloading https://repo.maven.apache.org/maven2/org/jetbrains/kotlin/kotlin-build-tools-cri-impl/2.4.10/kotlin-build-tools-cri-impl-2.4.10.jar to /root/projects/PassVault/audit-runtime-linux-android-compile03/gradle-home/.tmp/gradle_download3909245755490863706bin
Downloading https://repo.maven.apache.org/maven2/org/jetbrains/kotlin/kotlin-compiler-embeddable/2.4.10/kotlin-compiler-embeddable-2.4.10.jar to /root/projects/PassVault/audit-runtime-linux-android-compile03/gradle-home/.tmp/gradle_download10900176734438196984bin
Downloading https://repo.maven.apache.org/maven2/org/jetbrains/kotlin/kotlin-script-runtime/2.4.10/kotlin-script-runtime-2.4.10.jar to /root/projects/PassVault/audit-runtime-linux-android-compile03/gradle-home/.tmp/gradle_download5405929049268206533bin
Downloading https://repo.maven.apache.org/maven2/org/jetbrains/kotlin/kotlin-reflect/1.6.10/kotlin-reflect-1.6.10.jar to /root/projects/PassVault/audit-runtime-linux-android-compile03/gradle-home/.tmp/gradle_download12520789901854034710bin
Downloading https://repo.maven.apache.org/maven2/org/jetbrains/kotlin/kotlin-daemon-embeddable/2.4.10/kotlin-daemon-embeddable-2.4.10.jar to /root/projects/PassVault/audit-runtime-linux-android-compile03/gradle-home/.tmp/gradle_download4363145816402091368bin
Downloading https://repo.maven.apache.org/maven2/org/jetbrains/kotlinx/kotlinx-coroutines-core-jvm/1.8.0/kotlinx-coroutines-core-jvm-1.8.0.jar to /root/projects/PassVault/audit-runtime-linux-android-compile03/gradle-home/.tmp/gradle_download4726928385264958509bin
Caching disabled for ClasspathEntrySnapshotTransform: /root/projects/PassVault/audit-runtime-linux-android-compile03/sdk-readonly/platforms/android-37.0/android.jar because:
  Build cache is disabled
Caching disabled for ClasspathEntrySnapshotTransform: /root/projects/PassVault/audit-runtime-linux-android-compile03/sdk-readonly/build-tools/36.0.0/core-lambda-stubs.jar because:
  Build cache is disabled
Caching disabled for ClasspathEntrySnapshotTransform: /root/projects/PassVault/audit-runtime-linux-android-compile03/gradle-home/caches/modules-2/files-2.1/net.java.dev.jna/jna/5.19.1/ca303052cd617c1af2e2c8d344c98a706fb63143/jna-5.19.1.jar because:
  Build cache is disabled
Caching disabled for ClasspathEntrySnapshotTransform: /root/projects/PassVault/audit-runtime-linux-android-compile03/gradle-home/caches/modules-2/files-2.1/org.jetbrains.kotlinx/kotlinx-coroutines-core-jvm/1.11.0/3d57dc678bd8d72a60e7adf0eca5c54e3f4f4b79/kotlinx-coroutines-core-jvm-1.11.0.jar because:
  Build cache is disabled
Caching disabled for ClasspathEntrySnapshotTransform: /root/projects/PassVault/audit-runtime-linux-android-compile03/gradle-home/caches/9.7.1/transforms/bdff1261eb6e5ceccd48306362e3b4ed/transformed/multiplatform-crypto-libsodium-bindings-release-api.jar because:
  Build cache is disabled
Caching disabled for ClasspathEntrySnapshotTransform: /root/projects/PassVault/audit-runtime-linux-android-compile03/gradle-home/caches/modules-2/files-2.1/org.jetbrains.kotlin/kotlin-stdlib/2.4.10/8943c84ddc6d5cc00a10dbc3736c397066eeaab5/kotlin-stdlib-2.4.10.jar because:
  Build cache is disabled
Caching disabled for ClasspathEntrySnapshotTransform: /root/projects/PassVault/audit-runtime-linux-android-compile03/gradle-home/caches/modules-2/files-2.1/org.jetbrains/annotations/23.0.0/8cc20c07506ec18e0834947b84a864bfc094484e/annotations-23.0.0.jar because:
  Build cache is disabled
Resource missing. [HTTP GET: https://dl.google.com/dl/android/maven2/org/jetbrains/kotlin/kotlin-scripting-compiler-embeddable/2.4.10/kotlin-scripting-compiler-embeddable-2.4.10.pom]
Resource missing. [HTTP GET: https://dl.google.com/dl/android/maven2/org/jetbrains/kotlin/kotlin-scripting-compiler-embeddable/2.4.10/kotlin-scripting-compiler-embeddable-2.4.10.pom]
Downloading https://repo.maven.apache.org/maven2/org/jetbrains/kotlin/kotlin-scripting-compiler-embeddable/2.4.10/kotlin-scripting-compiler-embeddable-2.4.10.pom to /root/projects/PassVault/audit-runtime-linux-android-compile03/gradle-home/.tmp/gradle_download10301182776489613840bin
Resource missing. [HTTP GET: https://dl.google.com/dl/android/maven2/org/jetbrains/kotlin/kotlin-scripting-common/2.4.10/kotlin-scripting-common-2.4.10.pom]
Resource missing. [HTTP GET: https://dl.google.com/dl/android/maven2/org/jetbrains/kotlin/kotlin-scripting-common/2.4.10/kotlin-scripting-common-2.4.10.pom]
Resource missing. [HTTP GET: https://dl.google.com/dl/android/maven2/org/jetbrains/kotlin/kotlin-scripting-jvm/2.4.10/kotlin-scripting-jvm-2.4.10.pom]
Downloading https://repo.maven.apache.org/maven2/org/jetbrains/kotlin/kotlin-scripting-common/2.4.10/kotlin-scripting-common-2.4.10.pom to /root/projects/PassVault/audit-runtime-linux-android-compile03/gradle-home/.tmp/gradle_download3035401072572276747bin
Resource missing. [HTTP GET: https://dl.google.com/dl/android/maven2/org/jetbrains/kotlin/kotlin-scripting-compiler-impl-embeddable/2.4.10/kotlin-scripting-compiler-impl-embeddable-2.4.10.pom]
Resource missing. [HTTP GET: https://dl.google.com/dl/android/maven2/org/jetbrains/kotlin/kotlin-scripting-compiler-impl-embeddable/2.4.10/kotlin-scripting-compiler-impl-embeddable-2.4.10.pom]
Resource missing. [HTTP GET: https://dl.google.com/dl/android/maven2/org/jetbrains/kotlin/kotlin-scripting-jvm/2.4.10/kotlin-scripting-jvm-2.4.10.pom]
Downloading https://repo.maven.apache.org/maven2/org/jetbrains/kotlin/kotlin-scripting-compiler-impl-embeddable/2.4.10/kotlin-scripting-compiler-impl-embeddable-2.4.10.pom to /root/projects/PassVault/audit-runtime-linux-android-compile03/gradle-home/.tmp/gradle_download18036992202444550795bin
Downloading https://repo.maven.apache.org/maven2/org/jetbrains/kotlin/kotlin-scripting-jvm/2.4.10/kotlin-scripting-jvm-2.4.10.pom to /root/projects/PassVault/audit-runtime-linux-android-compile03/gradle-home/.tmp/gradle_download11332522272671003005bin
Downloading https://repo.maven.apache.org/maven2/org/jetbrains/kotlin/kotlin-scripting-compiler-embeddable/2.4.10/kotlin-scripting-compiler-embeddable-2.4.10.jar to /root/projects/PassVault/audit-runtime-linux-android-compile03/gradle-home/.tmp/gradle_download342342413759497434bin
Downloading https://repo.maven.apache.org/maven2/org/jetbrains/kotlin/kotlin-scripting-compiler-impl-embeddable/2.4.10/kotlin-scripting-compiler-impl-embeddable-2.4.10.jar to /root/projects/PassVault/audit-runtime-linux-android-compile03/gradle-home/.tmp/gradle_download18190796294559489090bin
Downloading https://repo.maven.apache.org/maven2/org/jetbrains/kotlin/kotlin-scripting-jvm/2.4.10/kotlin-scripting-jvm-2.4.10.jar to /root/projects/PassVault/audit-runtime-linux-android-compile03/gradle-home/.tmp/gradle_download2006667853207725968bin
Downloading https://repo.maven.apache.org/maven2/org/jetbrains/kotlin/kotlin-scripting-common/2.4.10/kotlin-scripting-common-2.4.10.jar to /root/projects/PassVault/audit-runtime-linux-android-compile03/gradle-home/.tmp/gradle_download2754534328376141091bin
Custom actions are attached to task ':core:crypto:compileAndroidMain'.
Caching disabled for task ':core:crypto:compileAndroidMain' because:
  Build cache is disabled
Task ':core:crypto:compileAndroidMain' is not up-to-date because:
  No history is available.
The input changes require a full rebuild for incremental task ':core:crypto:compileAndroidMain'.
PASSVAULT_ANDROID_COMPILE03={"kind":"generic-task-inputs","task":":core:crypto:compileAndroidMain","api":"Task.inputs.files; NOT compiler classpath or visitation","inputs":[{"root":"/root/projects/PassVault/audit-runtime-linux-android-compile03/gradle-home/caches/9.7.1/transforms/d417929b2523cac2c981db0f7a2029cc/transformed/android_jar-snapshot.bin","present":true,"files":[{"path":"/root/projects/PassVault/audit-runtime-linux-android-compile03/gradle-home/caches/9.7.1/transforms/d417929b2523cac2c981db0f7a2029cc/transformed/android_jar-snapshot.bin","bytes":1656614,"sha256":"87f6edf1bd610a24c38e86c417056addffc73521bb3356a7f059c46403d7ec28","classHeader":null}]},{"root":"/root/projects/PassVault/audit-runtime-linux-android-compile03/gradle-home/caches/9.7.1/transforms/04863f9176af6f6e9a45a46e6685f9de/transformed/core-lambda-stubs_jar-snapshot.bin","present":true,"files":[{"path":"/root/projects/PassVault/audit-runtime-linux-android-compile03/gradle-home/caches/9.7.1/transforms/04863f9176af6f6e9a45a46e6685f9de/transformed/core-lambda-stubs_jar-snapshot.bin","bytes":7838,"sha256":"53c412589dc74aa056e3f38fa8d5602faf222e468ff2abd55e81900b0bc096c4","classHeader":null}]},{"root":"/root/projects/PassVault/audit-runtime-linux-android-compile03/gradle-home/caches/9.7.1/transforms/63906cd5bb594abe34452f5608058172/transformed/jna-5_19_1_jar-snapshot.bin","present":true,"files":[{"path":"/root/projects/PassVault/audit-runtime-linux-android-compile03/gradle-home/caches/9.7.1/transforms/63906cd5bb594abe34452f5608058172/transformed/jna-5_19_1_jar-snapshot.bin","bytes":25103,"sha256":"f0b9719db94f403286b48ddd86404cd2c0d9a8f7fcbeb0a88f9bb8621073bc3f","classHeader":null}]},{"root":"/root/projects/PassVault/audit-runtime-linux-android-compile03/gradle-home/caches/9.7.1/transforms/f40400852523be7a06e8be7bd56763cf/transformed/kotlinx-coroutines-core-jvm-1_11_0_jar-snapshot.bin","present":true,"files":[{"path":"/root/projects/PassVault/audit-runtime-linux-android-compile03/gradle-home/caches/9.7.1/transforms/f40400852523be7a06e8be7bd56763cf/transformed/kotlinx-coroutines-core-jvm-1_11_0_jar-snapshot.bin","bytes":198066,"sha256":"225fa4eb951dad724180154fe599ed8baee9d505c81e1ada5f2829b1ccfec31f","classHeader":null}]},{"root":"/root/projects/PassVault/audit-runtime-linux-android-compile03/gradle-home/caches/9.7.1/transforms/b78cfa0ed3e0c0f0724decc84915e6b3/transformed/multiplatform-crypto-libsodium-bindings-release-api_jar-snapshot.bin","present":true,"files":[{"path":"/root/projects/PassVault/audit-runtime-linux-android-compile03/gradle-home/caches/9.7.1/transforms/b78cfa0ed3e0c0f0724decc84915e6b3/transformed/multiplatform-crypto-libsodium-bindings-release-api_jar-snapshot.bin","bytes":30130,"sha256":"1219c267bcd53e39edc51df791a2d49c5703f5111cc0ea8409215efaf175abd0","classHeader":null}]},{"root":"/root/projects/PassVault/audit-runtime-linux-android-compile03/gradle-home/caches/9.7.1/transforms/f06a8140cf4d843a1d4fbb1f11222a8e/transformed/kotlin-stdlib-2_4_10_jar-snapshot.bin","present":true,"files":[{"path":"/root/projects/PassVault/audit-runtime-linux-android-compile03/gradle-home/caches/9.7.1/transforms/f06a8140cf4d843a1d4fbb1f11222a8e/transformed/kotlin-stdlib-2_4_10_jar-snapshot.bin","bytes":271262,"sha256":"a7a79c4f216752b6a7c5125d503ab77cdae67a526f97ad944916fd277222787a","classHeader":null}]},{"root":"/root/projects/PassVault/audit-runtime-linux-android-compile03/gradle-home/caches/9.7.1/transforms/7999cfeb842fd5a9b3993a8ba1aa3dd8/transformed/annotations-23_0_0_jar-snapshot.bin","present":true,"files":[{"path":"/root/projects/PassVault/audit-runtime-linux-android-compile03/gradle-home/caches/9.7.1/transforms/7999cfeb842fd5a9b3993a8ba1aa3dd8/transformed/annotations-23_0_0_jar-snapshot.bin","bytes":18016,"sha256":"bbc54bcf630ac77061a81b9a38f5eae2ce4569e110635a0c971f923705a561ee","classHeader":null}]},{"root":"/root/projects/PassVault/audit-runtime-linux-android-compile03/checkout/core/crypto/src/commonMain/kotlin/com/passvault/core/crypto/SecurePasswordGenerator.kt","present":true,"files":[{"path":"/root/projects/PassVault/audit-runtime-linux-android-compile03/checkout/core/crypto/src/commonMain/kotlin/com/passvault/core/crypto/SecurePasswordGenerator.kt","bytes":4072,"sha256":"41cf16aa02feaccdc575afc8e93adc3978bd28f118ea3b489bea0e7ff503b79c","classHeader":null}]},{"root":"/root/projects/PassVault/audit-runtime-linux-android-compile03/checkout/core/crypto/src/commonMain/kotlin/com/passvault/core/crypto/RawPasswordHash.kt","present":true,"files":[{"path":"/root/projects/PassVault/audit-runtime-linux-android-compile03/checkout/core/crypto/src/commonMain/kotlin/com/passvault/core/crypto/RawPasswordHash.kt","bytes":2519,"sha256":"3fb16abe001752bf44b5a56039c58738ebed0e6ced5972e3ca0985d5a40586eb","classHeader":null}]},{"root":"/root/projects/PassVault/audit-runtime-linux-android-compile03/checkout/core/crypto/src/commonMain/kotlin/com/passvault/core/crypto/PaddedPayload.kt","present":true,"files":[{"path":"/root/projects/PassVault/audit-runtime-linux-android-compile03/checkout/core/crypto/src/commonMain/kotlin/com/passvault/core/crypto/PaddedPayload.kt","bytes":7423,"sha256":"4558bc0b7e0c280fe2ec6b541d604569031e6558ef3e8dcc40008ec18db58903","classHeader":null}]},{"root":"/root/projects/PassVault/audit-runtime-linux-android-compile03/checkout/core/crypto/src/commonMain/kotlin/com/passvault/core/crypto/CryptoEngine.kt","present":true,"files":[{"path":"/root/projects/PassVault/audit-runtime-linux-android-compile03/checkout/core/crypto/src/commonMain/kotlin/com/passvault/core/crypto/CryptoEngine.kt","bytes":12041,"sha256":"571ff97bf0758e788e8ad405ab0c147b52e040fcc291c28080329d44ba8516b9","classHeader":null}]},{"root":"/root/projects/PassVault/audit-runtime-linux-android-compile03/checkout/core/crypto/src/commonMain/kotlin/com/passvault/core/crypto/LibsodiumCryptoEngine.kt","present":true,"files":[{"path":"/root/projects/PassVault/audit-runtime-linux-android-compile03/checkout/core/crypto/src/commonMain/kotlin/com/passvault/core/crypto/LibsodiumCryptoEngine.kt","bytes":13666,"sha256":"2b8dd21fe476735f16f1ab35543417a70202e7923dfac328f9064e31f5923b57","classHeader":null}]},{"root":"/root/projects/PassVault/audit-runtime-linux-android-compile03/gradle-home/caches/modules-2/files-2.1/org.jetbrains.kotlin/kotlin-build-tools-compat/2.4.10/a6a145a14d4fdec0cccc964e99d84f4c7cd13169/kotlin-build-tools-compat-2.4.10.jar","present":true,"files":[{"path":"/root/projects/PassVault/audit-runtime-linux-android-compile03/gradle-home/caches/modules-2/files-2.1/org.jetbrains.kotlin/kotlin-build-tools-compat/2.4.10/a6a145a14d4fdec0cccc964e99d84f4c7cd13169/kotlin-build-tools-compat-2.4.10.jar","bytes":135624,"sha256":"cdcc50d8016f4250e7dc61822f28f227ba9a9b7d3f9eb5503c315eb12188d952","classHeader":null}]},{"root":"/root/projects/PassVault/audit-runtime-linux-android-compile03/gradle-home/caches/modules-2/files-2.1/org.jetbrains.kotlin/kotlin-build-tools-impl/2.4.10/6b385725aca7eff63c3f0f213ddb3d57c45ded79/kotlin-build-tools-impl-2.4.10.jar","present":true,"files":[{"path":"/root/projects/PassVault/audit-runtime-linux-android-compile03/gradle-home/caches/modules-2/files-2.1/org.jetbrains.kotlin/kotlin-build-tools-impl/2.4.10/6b385725aca7eff63c3f0f213ddb3d57c45ded79/kotlin-build-tools-impl-2.4.10.jar","bytes":3157700,"sha256":"4a32f63522ef4726afbdee1783f05698499abc7a5ecade3a6cafa3e4074562ee","classHeader":null}]},{"root":"/root/projects/PassVault/audit-runtime-linux-android-compile03/gradle-home/caches/modules-2/files-2.1/org.jetbrains.kotlin/kotlin-tooling-core/2.4.10/75970f5a2a9cb4d25557965bbec0a7ccd55bfbcf/kotlin-tooling-core-2.4.10.jar","present":true,"files":[{"path":"/root/projects/PassVault/audit-runtime-linux-android-compile03/gradle-home/caches/modules-2/files-2.1/org.jetbrains.kotlin/kotlin-tooling-core/2.4.10/75970f5a2a9cb4d25557965bbec0a7ccd55bfbcf/kotlin-tooling-core-2.4.10.jar","bytes":89051,"sha256":"59ea305372e3a2b7417764dcfecf645066a0d9b1792ab40afd15c1cc8535b58a","classHeader":null}]},{"root":"/root/projects/PassVault/audit-runtime-linux-android-compile03/gradle-home/caches/modules-2/files-2.1/org.jetbrains.kotlin/kotlin-build-tools-cri-impl/2.4.10/a9d3db4f750188c1f0afa5b8f1c60d5ac99cb2dc/kotlin-build-tools-cri-impl-2.4.10.jar","present":true,"files":[{"path":"/root/projects/PassVault/audit-runtime-linux-android-compile03/gradle-home/caches/modules-2/files-2.1/org.jetbrains.kotlin/kotlin-build-tools-cri-impl/2.4.10/a9d3db4f750188c1f0afa5b8f1c60d5ac99cb2dc/kotlin-build-tools-cri-impl-2.4.10.jar","bytes":569003,"sha256":"781c95a28f053ded2d183b818bdae98db3d6d15ebc0555cecf64800fea003b3b","classHeader":null}]},{"root":"/root/projects/PassVault/audit-runtime-linux-android-compile03/gradle-home/caches/modules-2/files-2.1/org.jetbrains.kotlin/kotlin-compiler-runner/2.4.10/db761b9c5e0a67bcea290bc7e0700a7075af97de/kotlin-compiler-runner-2.4.10.jar","present":true,"files":[{"path":"/root/projects/PassVault/audit-runtime-linux-android-compile03/gradle-home/caches/modules-2/files-2.1/org.jetbrains.kotlin/kotlin-compiler-runner/2.4.10/db761b9c5e0a67bcea290bc7e0700a7075af97de/kotlin-compiler-runner-2.4.10.jar","bytes":20377,"sha256":"9e869d66504572852f421bcb1625c0d564c2b3c8cecbf6cd5fef7e7f33e0013e","classHeader":null}]},{"root":"/root/projects/PassVault/audit-runtime-linux-android-compile03/gradle-home/caches/modules-2/files-2.1/org.jetbrains.kotlin/kotlin-compiler-embeddable/2.4.10/cac44a5a360313427c693a9de295017bc76d6e4e/kotlin-compiler-embeddable-2.4.10.jar","present":true,"files":[{"path":"/root/projects/PassVault/audit-runtime-linux-android-compile03/gradle-home/caches/modules-2/files-2.1/org.jetbrains.kotlin/kotlin-compiler-embeddable/2.4.10/cac44a5a360313427c693a9de295017bc76d6e4e/kotlin-compiler-embeddable-2.4.10.jar","bytes":60352373,"sha256":"9309638a2ee03e6bde9ef4b7444055a94b84ab906563675d71ff9aecb64da913","classHeader":null}]},{"root":"/root/projects/PassVault/audit-runtime-linux-android-compile03/gradle-home/caches/modules-2/files-2.1/org.jetbrains.kotlin/kotlin-build-tools-api/2.4.10/c88fe54d8d8c568de500b26fd459853c7202de39/kotlin-build-tools-api-2.4.10.jar","present":true,"files":[{"path":"/root/projects/PassVault/audit-runtime-linux-android-compile03/gradle-home/caches/modules-2/files-2.1/org.jetbrains.kotlin/kotlin-build-tools-api/2.4.10/c88fe54d8d8c568de500b26fd459853c7202de39/kotlin-build-tools-api-2.4.10.jar","bytes":310932,"sha256":"3953d283e7710c990672e403a87df393d9726a9bf3e172194ebb5c33e062fcb0","classHeader":null}]},{"root":"/root/projects/PassVault/audit-runtime-linux-android-compile03/gradle-home/caches/modules-2/files-2.1/org.jetbrains.kotlin/kotlin-daemon-client/2.4.10/8c3aa7a03a90240de365985d93bc8ed39163f852/kotlin-daemon-client-2.4.10.jar","present":true,"files":[{"path":"/root/projects/PassVault/audit-runtime-linux-android-compile03/gradle-home/caches/modules-2/files-2.1/org.jetbrains.kotlin/kotlin-daemon-client/2.4.10/8c3aa7a03a90240de365985d93bc8ed39163f852/kotlin-daemon-client-2.4.10.jar","bytes":251407,"sha256":"a3d1a5854fd92766de1ca37ff003a822d3da2039902008384dd1f7375f3d5cf9","classHeader":null}]},{"root":"/root/projects/PassVault/audit-runtime-linux-android-compile03/gradle-home/caches/modules-2/files-2.1/org.jetbrains.kotlin/kotlin-stdlib/2.4.10/8943c84ddc6d5cc00a10dbc3736c397066eeaab5/kotlin-stdlib-2.4.10.jar","present":true,"files":[{"path":"/root/projects/PassVault/audit-runtime-linux-android-compile03/gradle-home/caches/modules-2/files-2.1/org.jetbrains.kotlin/kotlin-stdlib/2.4.10/8943c84ddc6d5cc00a10dbc3736c397066eeaab5/kotlin-stdlib-2.4.10.jar","bytes":1841933,"sha256":"4ec0293bc3751423b203f1d8493251c57c42e73eb6377a6b8560d0974ff0a6df","classHeader":null}]},{"root":"/root/projects/PassVault/audit-runtime-linux-android-compile03/gradle-home/caches/modules-2/files-2.1/org.jetbrains/annotations/13.0/919f0dfe192fb4e063e7dacadee7f8bb9a2672a9/annotations-13.0.jar","present":true,"files":[{"path":"/root/projects/PassVault/audit-runtime-linux-android-compile03/gradle-home/caches/modules-2/files-2.1/org.jetbrains/annotations/13.0/919f0dfe192fb4e063e7dacadee7f8bb9a2672a9/annotations-13.0.jar","bytes":17536,"sha256":"ace2a10dc8e2d5fd34925ecac03e4988b2c0f851650c94b8cef49ba1bd111478","classHeader":null}]},{"root":"/root/projects/PassVault/audit-runtime-linux-android-compile03/gradle-home/caches/modules-2/files-2.1/org.jetbrains.kotlin/kotlin-script-runtime/2.4.10/8365e84d1043a759f868135e8146ed949698804a/kotlin-script-runtime-2.4.10.jar","present":true,"files":[{"path":"/root/projects/PassVault/audit-runtime-linux-android-compile03/gradle-home/caches/modules-2/files-2.1/org.jetbrains.kotlin/kotlin-script-runtime/2.4.10/8365e84d1043a759f868135e8146ed949698804a/kotlin-script-runtime-2.4.10.jar","bytes":46565,"sha256":"f4a5b30c2fdfbe386b097101b7989dbeea3743c06396136664784e08e15c6899","classHeader":null}]},{"root":"/root/projects/PassVault/audit-runtime-linux-android-compile03/gradle-home/caches/modules-2/files-2.1/org.jetbrains.kotlin/kotlin-reflect/1.6.10/1cbe9c92c12a94eea200d23c2bbaedaf3daf5132/kotlin-reflect-1.6.10.jar","present":true,"files":[{"path":"/root/projects/PassVault/audit-runtime-linux-android-compile03/gradle-home/caches/modules-2/files-2.1/org.jetbrains.kotlin/kotlin-reflect/1.6.10/1cbe9c92c12a94eea200d23c2bbaedaf3daf5132/kotlin-reflect-1.6.10.jar","bytes":3038560,"sha256":"3277ac102ae17aad10a55abec75ff5696c8d109790396434b496e75087854203","classHeader":null}]},{"root":"/root/projects/PassVault/audit-runtime-linux-android-compile03/gradle-home/caches/modules-2/files-2.1/org.jetbrains.kotlin/kotlin-daemon-embeddable/2.4.10/266ea1db63e2a3d5f471a4d5e72cc40c2ff23c29/kotlin-daemon-embeddable-2.4.10.jar","present":true,"files":[{"path":"/root/projects/PassVault/audit-runtime-linux-android-compile03/gradle-home/caches/modules-2/files-2.1/org.jetbrains.kotlin/kotlin-daemon-embeddable/2.4.10/266ea1db63e2a3d5f471a4d5e72cc40c2ff23c29/kotlin-daemon-embeddable-2.4.10.jar","bytes":381839,"sha256":"547d969a2eab602fe0bdfd9fcb1b563a5c6d30099d3351394d6427eba8288467","classHeader":null}]},{"root":"/root/projects/PassVault/audit-runtime-linux-android-compile03/gradle-home/caches/modules-2/files-2.1/org.jetbrains.kotlinx/kotlinx-coroutines-core-jvm/1.8.0/ac1dc37a30a93150b704022f8d895ee1bd3a36b3/kotlinx-coroutines-core-jvm-1.8.0.jar","present":true,"files":[{"path":"/root/projects/PassVault/audit-runtime-linux-android-compile03/gradle-home/caches/modules-2/files-2.1/org.jetbrains.kotlinx/kotlinx-coroutines-core-jvm/1.8.0/ac1dc37a30a93150b704022f8d895ee1bd3a36b3/kotlinx-coroutines-core-jvm-1.8.0.jar","bytes":1548360,"sha256":"9860906a1937490bf5f3b06d2f0e10ef451e65b95b269f22daf68a3d1f5065c5","classHeader":null}]},{"root":"/root/projects/PassVault/audit-runtime-linux-android-compile03/checkout/core/crypto/src/androidMain/kotlin/com/passvault/core/crypto/RawPasswordHash.android.kt","present":true,"files":[{"path":"/root/projects/PassVault/audit-runtime-linux-android-compile03/checkout/core/crypto/src/androidMain/kotlin/com/passvault/core/crypto/RawPasswordHash.android.kt","bytes":2837,"sha256":"d2c4bcd22df2cb89a97e10a4b591d651f224f0b1c5224bc6b5de10f407d0df1c","classHeader":null}]},{"root":"/root/projects/PassVault/audit-runtime-linux-android-compile03/checkout/core/crypto/src/androidMain/kotlin/com/passvault/core/crypto/AndroidCryptoEngine.kt","present":true,"files":[{"path":"/root/projects/PassVault/audit-runtime-linux-android-compile03/checkout/core/crypto/src/androidMain/kotlin/com/passvault/core/crypto/AndroidCryptoEngine.kt","bytes":361,"sha256":"729a9e49d731ff72125b5c155ef95c898411cc1672c625e9e49b7f74d7746e27","classHeader":null}]},{"root":"/root/projects/PassVault/audit-runtime-linux-android-compile03/gradle-home/caches/modules-2/files-2.1/org.jetbrains.kotlin/kotlin-scripting-compiler-embeddable/2.4.10/6c59d47caf98d7926d8353b1b50ed15594986ce0/kotlin-scripting-compiler-embeddable-2.4.10.jar","present":true,"files":[{"path":"/root/projects/PassVault/audit-runtime-linux-android-compile03/gradle-home/caches/modules-2/files-2.1/org.jetbrains.kotlin/kotlin-scripting-compiler-embeddable/2.4.10/6c59d47caf98d7926d8353b1b50ed15594986ce0/kotlin-scripting-compiler-embeddable-2.4.10.jar","bytes":711204,"sha256":"156c68ff816251c9d297c90d77e7e8e513eaad594277cee50a36faeddbe88935","classHeader":null}]},{"root":"/root/projects/PassVault/audit-runtime-linux-android-compile03/gradle-home/caches/modules-2/files-2.1/org.jetbrains.kotlin/kotlin-scripting-compiler-impl-embeddable/2.4.10/5d8424dd663175fde6cbe4ae6d673f929f3cd20d/kotlin-scripting-compiler-impl-embeddable-2.4.10.jar","present":true,"files":[{"path":"/root/projects/PassVault/audit-runtime-linux-android-compile03/gradle-home/caches/modules-2/files-2.1/org.jetbrains.kotlin/kotlin-scripting-compiler-impl-embeddable/2.4.10/5d8424dd663175fde6cbe4ae6d673f929f3cd20d/kotlin-scripting-compiler-impl-embeddable-2.4.10.jar","bytes":197774,"sha256":"1dcfc5495d8c74966fcbbd39240a9c0f8ab36bb4faad2ea5ffc000c5d7785171","classHeader":null}]},{"root":"/root/projects/PassVault/audit-runtime-linux-android-compile03/gradle-home/caches/modules-2/files-2.1/org.jetbrains.kotlin/kotlin-scripting-jvm/2.4.10/eb92c8d3f0216114cd21ac287acdf67b8a846cb7/kotlin-scripting-jvm-2.4.10.jar","present":true,"files":[{"path":"/root/projects/PassVault/audit-runtime-linux-android-compile03/gradle-home/caches/modules-2/files-2.1/org.jetbrains.kotlin/kotlin-scripting-jvm/2.4.10/eb92c8d3f0216114cd21ac287acdf67b8a846cb7/kotlin-scripting-jvm-2.4.10.jar","bytes":136266,"sha256":"0b7518219da69b427e0b3f840f13e280db9e61a839c7d3ff094de4630ddbc9f5","classHeader":null}]},{"root":"/root/projects/PassVault/audit-runtime-linux-android-compile03/gradle-home/caches/modules-2/files-2.1/org.jetbrains.kotlin/kotlin-scripting-common/2.4.10/45b7f0594bc5173c5120ce5cc452129e13666141/kotlin-scripting-common-2.4.10.jar","present":true,"files":[{"path":"/root/projects/PassVault/audit-runtime-linux-android-compile03/gradle-home/caches/modules-2/files-2.1/org.jetbrains.kotlin/kotlin-scripting-common/2.4.10/45b7f0594bc5173c5120ce5cc452129e13666141/kotlin-scripting-common-2.4.10.jar","bytes":203069,"sha256":"d5399982cdbf5994f7f3a731afacfbc5c21b797d97ffd7328b62cea670103076","classHeader":null}]}]}
Kotlin source files: /root/projects/PassVault/audit-runtime-linux-android-compile03/checkout/core/crypto/src/androidMain/kotlin/com/passvault/core/crypto/RawPasswordHash.android.kt, /root/projects/PassVault/audit-runtime-linux-android-compile03/checkout/core/crypto/src/androidMain/kotlin/com/passvault/core/crypto/AndroidCryptoEngine.kt, /root/projects/PassVault/audit-runtime-linux-android-compile03/checkout/core/crypto/src/commonMain/kotlin/com/passvault/core/crypto/SecurePasswordGenerator.kt, /root/projects/PassVault/audit-runtime-linux-android-compile03/checkout/core/crypto/src/commonMain/kotlin/com/passvault/core/crypto/RawPasswordHash.kt, /root/projects/PassVault/audit-runtime-linux-android-compile03/checkout/core/crypto/src/commonMain/kotlin/com/passvault/core/crypto/PaddedPayload.kt, /root/projects/PassVault/audit-runtime-linux-android-compile03/checkout/core/crypto/src/commonMain/kotlin/com/passvault/core/crypto/CryptoEngine.kt, /root/projects/PassVault/audit-runtime-linux-android-compile03/checkout/core/crypto/src/commonMain/kotlin/com/passvault/core/crypto/LibsodiumCryptoEngine.kt
Java source files: 
Script source files: 
Script file extensions: 
Using Kotlin/JVM incremental compilation
[KOTLIN] Kotlin compilation 'jdkHome' argument: /usr/lib/jvm/java-17-openjdk-amd64
i: Non-incremental compilation will be performed: Unknown inputs changes
i: Finished executing kotlin compiler using IN_PROCESS strategy
PASSVAULT_ANDROID_COMPILE03={"kind":"task-state","task":":core:crypto:compileAndroidMain","executed":true,"skipped":false,"upToDate":false,"noSource":false,"skipMessage":null,"didWork":true,"failureType":null}
PASSVAULT_ANDROID_COMPILE03={"kind":"emitted-classes","task":":core:crypto:compileAndroidMain","declaredRoots":["/root/projects/PassVault/audit-runtime-linux-android-compile03/checkout/core/crypto/build/kotlin/compileAndroidMain/classpath-snapshot","/root/projects/PassVault/audit-runtime-linux-android-compile03/checkout/core/crypto/build/classes/kotlin/android/main","/root/projects/PassVault/audit-runtime-linux-android-compile03/checkout/core/crypto/build/kotlin/compileAndroidMain/cacheable"],"classes":[{"path":"/root/projects/PassVault/audit-runtime-linux-android-compile03/checkout/core/crypto/build/classes/kotlin/android/main/com/passvault/core/crypto/LibsodiumCryptoEngine$benchmarkArgon2$$inlined$cryptoOperation-0E7RQCE$1.class","bytes":7023,"sha256":"3ed1e1d18731fe48006bb021ecffb0941eb6b8b25f0b78f34f3c5b8850d96303","classHeader":"cafebabe0000003d"},{"path":"/root/projects/PassVault/audit-runtime-linux-android-compile03/checkout/core/crypto/build/classes/kotlin/android/main/com/passvault/core/crypto/LibsodiumCryptoEngine$benchmarkArgon2$1.class","bytes":1861,"sha256":"bc0329c6df58449b06db2fb1513bb17b8eaaa47be035715b9f07f2854346b01b","classHeader":"cafebabe0000003d"},{"path":"/root/projects/PassVault/audit-runtime-linux-android-compile03/checkout/core/crypto/build/classes/kotlin/android/main/com/passvault/core/crypto/LibsodiumCryptoEngine$cryptoOperation$2.class","bytes":5367,"sha256":"1869011cc6e08e5c9db7818b713d26b8a0a44f43ea6bbc2866f52d099dc2f429","classHeader":"cafebabe0000003d"},{"path":"/root/projects/PassVault/audit-runtime-linux-android-compile03/checkout/core/crypto/build/classes/kotlin/android/main/com/passvault/core/crypto/LibsodiumCryptoEngine$decrypt$1.class","bytes":2229,"sha256":"d71f59ab9a3bb6247a7bd5c670abb17a3cfe35a5821a3e2d0230d4652d381dd1","classHeader":"cafebabe0000003d"},{"path":"/root/projects/PassVault/audit-runtime-linux-android-compile03/checkout/core/crypto/build/classes/kotlin/android/main/com/passvault/core/crypto/LibsodiumCryptoEngine$decrypt-yxL6bBk$$inlined$cryptoOperation-0E7RQCE$1.class","bytes":8429,"sha256":"1acc483bb7f80e0ebca79146bb17a96a3bc60154055a46b554123c8207c66c1f","classHeader":"cafebabe0000003d"},{"path":"/root/projects/PassVault/audit-runtime-linux-android-compile03/checkout/core/crypto/build/classes/kotlin/android/main/com/passvault/core/crypto/LibsodiumCryptoEngine$deriveKey$1.class","bytes":2231,"sha256":"06d59b6c3e2800b8438030ef280c4eb1431e5269ddacdca37a0727da2cdf5013","classHeader":"cafebabe0000003d"},{"path":"/root/projects/PassVault/audit-runtime-linux-android-compile03/checkout/core/crypto/build/classes/kotlin/android/main/com/passvault/core/crypto/LibsodiumCryptoEngine$deriveKey-yxL6bBk$$inlined$cryptoOperation-0E7RQCE$1.class","bytes":9032,"sha256":"c23b6534d57051a2ce4a18100adf0589cb280f8ac571eb3d12c8d390e51212ca","classHeader":"cafebabe0000003d"},{"path":"/root/projects/PassVault/audit-runtime-linux-android-compile03/checkout/core/crypto/build/classes/kotlin/android/main/com/passvault/core/crypto/LibsodiumCryptoEngine$deriveSubkey$1.class","bytes":2223,"sha256":"9080657d93a4eeaba445f9196248724f57322331a596a301d39e6d21835b93db","classHeader":"cafebabe0000003d"},{"path":"/root/projects/PassVault/audit-runtime-linux-android-compile03/checkout/core/crypto/build/classes/kotlin/android/main/com/passvault/core/crypto/LibsodiumCryptoEngine$deriveSubkey-BWLJW6A$$inlined$cryptoOperation-0E7RQCE$1.class","bytes":8760,"sha256":"d45b5e5eac8a93f60483e8a5c12f6898168f322b83784eb0a093a04eef2d5e5c","classHeader":"cafebabe0000003d"},{"path":"/root/projects/PassVault/audit-runtime-linux-android-compile03/checkout/core/crypto/build/classes/kotlin/android/main/com/passvault/core/crypto/LibsodiumCryptoEngine$encrypt$1.class","bytes":2194,"sha256":"79b4700650b09c944d0893a79df4b9a87a8f3f4856df82a14c572a1955a47e03","classHeader":"cafebabe0000003d"},{"path":"/root/projects/PassVault/audit-runtime-linux-android-compile03/checkout/core/crypto/build/classes/kotlin/android/main/com/passvault/core/crypto/LibsodiumCryptoEngine$encrypt-BWLJW6A$$inlined$cryptoOperation-0E7RQCE$1.class","bytes":8318,"sha256":"872fc3dd5d6c9943a9e3be25b2588d3144959e74e486ef73da24a6caf119bdf3","classHeader":"cafebabe0000003d"},{"path":"/root/projects/PassVault/audit-runtime-linux-android-compile03/checkout/core/crypto/build/classes/kotlin/android/main/com/passvault/core/crypto/LibsodiumCryptoEngine$ensureInitialized$1.class","bytes":2011,"sha256":"0ad9bfd42f3f78f03f7c2c0dd0580bd39ece40c18a86741212be9a0b59882956","classHeader":"cafebabe0000003d"},{"path":"/root/projects/PassVault/audit-runtime-linux-android-compile03/checkout/core/crypto/build/classes/kotlin/android/main/com/passvault/core/crypto/LibsodiumCryptoEngine$generateMasterKey$1.class","bytes":2043,"sha256":"4307d0de700d3b58c29d7f11356fb543884123756037b56fd5bc666375e90dbc","classHeader":"cafebabe0000003d"},{"path":"/root/projects/PassVault/audit-runtime-linux-android-compile03/checkout/core/crypto/build/classes/kotlin/android/main/com/passvault/core/crypto/LibsodiumCryptoEngine$generateRandom$1.class","bytes":2141,"sha256":"1b126a9e627f387d49363cb5a34b860be2a2cfea8e1be494e3b23cd08bb937d3","classHeader":"cafebabe0000003d"},{"path":"/root/projects/PassVault/audit-runtime-linux-android-compile03/checkout/core/crypto/build/classes/kotlin/android/main/com/passvault/core/crypto/LibsodiumCryptoEngine$generateRandom-gIAlu-s$$inlined$cryptoOperation-0E7RQCE$1.class","bytes":6426,"sha256":"352aef9cd03902cb6a45dfe6e30dbfefc0cf27ba0e2d66dd094d70f4bdcc8c91","classHeader":"cafebabe0000003d"},{"path":"/root/projects/PassVault/audit-runtime-linux-android-compile03/checkout/core/crypto/build/classes/kotlin/android/main/com/passvault/core/crypto/LibsodiumCryptoEngine.class","bytes":19832,"sha256":"ccbfa3958c278d837e5aff72f66d639575c8edd635878e145d19df87d9aaed87","classHeader":"cafebabe0000003d"}],"generatedFileCount":170,"attribution":"declared outputs; not APK/DEX/runtime evidence"}
Resolve mutations for :core:crypto:androidPreBuild (Thread[included builds,5,main]) started.
:core:crypto:androidPreBuild (Thread[included builds,5,main]) started.

> Task :core:crypto:androidPreBuild UP-TO-DATE
Skipping task ':core:crypto:androidPreBuild' as it has no actions.
Resolve mutations for :core:crypto:preAndroidMainBuild (Thread[included builds,5,main]) started.
:core:crypto:preAndroidMainBuild (Thread[included builds,5,main]) started.

> Task :core:crypto:preAndroidMainBuild UP-TO-DATE
Skipping task ':core:crypto:preAndroidMainBuild' as it has no actions.
Resolve mutations for :core:crypto:bundleAndroidMainClassesToCompileJar (Thread[included builds,5,main]) started.
:core:crypto:bundleAndroidMainClassesToCompileJar (Thread[included builds,5,main]) started.

> Task :core:crypto:bundleAndroidMainClassesToCompileJar
Caching disabled for task ':core:crypto:bundleAndroidMainClassesToCompileJar' because:
  Build cache is disabled
  Simple merging task
Task ':core:crypto:bundleAndroidMainClassesToCompileJar' is not up-to-date because:
  No history is available.
work action resolve classes.jar (project ':core:crypto') (Thread[included builds,5,main]) started.
Resolve mutations for :core:crypto:preAndroidDeviceTestBuild (Thread[included builds,5,main]) started.
:core:crypto:preAndroidDeviceTestBuild (Thread[included builds,5,main]) started.

> Task :core:crypto:preAndroidDeviceTestBuild UP-TO-DATE
Skipping task ':core:crypto:preAndroidDeviceTestBuild' as it has no actions.
Resolve mutations for :core:crypto:generateAndroidDeviceTestResources (Thread[included builds,5,main]) started.
:core:crypto:generateAndroidDeviceTestResources (Thread[included builds,5,main]) started.

> Task :core:crypto:generateAndroidDeviceTestResources
Caching disabled for task ':core:crypto:generateAndroidDeviceTestResources' because:
  Build cache is disabled
Task ':core:crypto:generateAndroidDeviceTestResources' is not up-to-date because:
  No history is available.
Resolve mutations for :core:crypto:packageAndroidDeviceTestResources (Thread[included builds,5,main]) started.
:core:crypto:packageAndroidDeviceTestResources (Thread[included builds,5,main]) started.

> Task :core:crypto:packageAndroidDeviceTestResources
Caching disabled for task ':core:crypto:packageAndroidDeviceTestResources' because:
  Build cache is disabled
Task ':core:crypto:packageAndroidDeviceTestResources' is not up-to-date because:
  No history is available.
The input changes require a full rebuild for incremental task ':core:crypto:packageAndroidDeviceTestResources'.
[MergeResources] Inputs are non-incremental full task action.
Resolve mutations for :core:crypto:processAndroidDeviceTestNavigationResources (Thread[included builds,5,main]) started.
:core:crypto:processAndroidDeviceTestNavigationResources (Thread[included builds,5,main]) started.

> Task :core:crypto:processAndroidDeviceTestNavigationResources
Caching disabled for task ':core:crypto:processAndroidDeviceTestNavigationResources' because:
  Build cache is disabled
Task ':core:crypto:processAndroidDeviceTestNavigationResources' is not up-to-date because:
  No history is available.
Resolve mutations for :core:crypto:parseAndroidDeviceTestLocalResources (Thread[included builds,5,main]) started.
:core:crypto:parseAndroidDeviceTestLocalResources (Thread[included builds,5,main]) started.

> Task :core:crypto:parseAndroidDeviceTestLocalResources
compileSdkVersion=android-37.0
Caching disabled for PlatformAttrTransform: /root/projects/PassVault/audit-runtime-linux-android-compile03/sdk-readonly/platforms/android-37.0/android.jar because:
  Build cache is disabled
Caching disabled for task ':core:crypto:parseAndroidDeviceTestLocalResources' because:
  Build cache is disabled
Task ':core:crypto:parseAndroidDeviceTestLocalResources' is not up-to-date because:
  No history is available.
The input changes require a full rebuild for incremental task ':core:crypto:parseAndroidDeviceTestLocalResources'.
compileSdkVersion=android-37.0
Resolve mutations for :core:crypto:generateAndroidDeviceTestRFile (Thread[included builds,5,main]) started.
:core:crypto:generateAndroidDeviceTestRFile (Thread[included builds,5,main]) started.

> Task :core:crypto:generateAndroidDeviceTestRFile
compileSdkVersion=android-37.0
Caching disabled for task ':core:crypto:generateAndroidDeviceTestRFile' because:
  Build cache is disabled
Task ':core:crypto:generateAndroidDeviceTestRFile' is not up-to-date because:
  No history is available.
The input changes require a full rebuild for incremental task ':core:crypto:generateAndroidDeviceTestRFile'.
Resolve mutations for :core:crypto:compileAndroidDeviceTest (Thread[included builds,5,main]) started.
:core:crypto:compileAndroidDeviceTest (Thread[included builds,5,main]) started.

> Task :core:crypto:compileAndroidDeviceTest
Caching disabled for ClasspathEntrySnapshotTransform: /root/projects/PassVault/audit-runtime-linux-android-compile03/checkout/core/crypto/build/intermediates/compile_r_class_jar/androidDeviceTest/generateAndroidDeviceTestRFile/R.jar because:
  Build cache is disabled
Caching disabled for ClasspathEntrySnapshotTransform: /root/projects/PassVault/audit-runtime-linux-android-compile03/checkout/core/crypto/build/intermediates/compile_library_classes_jar/androidMain/bundleAndroidMainClassesToCompileJar/classes.jar because:
  Build cache is disabled
Custom actions are attached to task ':core:crypto:compileAndroidDeviceTest'.
Caching disabled for task ':core:crypto:compileAndroidDeviceTest' because:
  Build cache is disabled
Task ':core:crypto:compileAndroidDeviceTest' is not up-to-date because:
  No history is available.
The input changes require a full rebuild for incremental task ':core:crypto:compileAndroidDeviceTest'.
PASSVAULT_ANDROID_COMPILE03={"kind":"generic-task-inputs","task":":core:crypto:compileAndroidDeviceTest","api":"Task.inputs.files; NOT compiler classpath or visitation","inputs":[{"root":"/root/projects/PassVault/audit-runtime-linux-android-compile03/gradle-home/caches/9.7.1/transforms/d417929b2523cac2c981db0f7a2029cc/transformed/android_jar-snapshot.bin","present":true,"files":[{"path":"/root/projects/PassVault/audit-runtime-linux-android-compile03/gradle-home/caches/9.7.1/transforms/d417929b2523cac2c981db0f7a2029cc/transformed/android_jar-snapshot.bin","bytes":1656614,"sha256":"87f6edf1bd610a24c38e86c417056addffc73521bb3356a7f059c46403d7ec28","classHeader":null}]},{"root":"/root/projects/PassVault/audit-runtime-linux-android-compile03/gradle-home/caches/9.7.1/transforms/04863f9176af6f6e9a45a46e6685f9de/transformed/core-lambda-stubs_jar-snapshot.bin","present":true,"files":[{"path":"/root/projects/PassVault/audit-runtime-linux-android-compile03/gradle-home/caches/9.7.1/transforms/04863f9176af6f6e9a45a46e6685f9de/transformed/core-lambda-stubs_jar-snapshot.bin","bytes":7838,"sha256":"53c412589dc74aa056e3f38fa8d5602faf222e468ff2abd55e81900b0bc096c4","classHeader":null}]},{"root":"/root/projects/PassVault/audit-runtime-linux-android-compile03/gradle-home/caches/9.7.1/transforms/34be948e13e60e9938582aa693fdf902/transformed/R_jar-snapshot.bin","present":true,"files":[{"path":"/root/projects/PassVault/audit-runtime-linux-android-compile03/gradle-home/caches/9.7.1/transforms/34be948e13e60e9938582aa693fdf902/transformed/R_jar-snapshot.bin","bytes":290,"sha256":"612c557c659f9485e53f8b4c1556ce08f6b5e860ee10b6d7c233d1150a17c463","classHeader":null}]},{"root":"/root/projects/PassVault/audit-runtime-linux-android-compile03/gradle-home/caches/9.7.1/transforms/f5866d7288e067c0933a45de1af5a323/transformed/classes_jar-snapshot.bin","present":true,"files":[{"path":"/root/projects/PassVault/audit-runtime-linux-android-compile03/gradle-home/caches/9.7.1/transforms/f5866d7288e067c0933a45de1af5a323/transformed/classes_jar-snapshot.bin","bytes":44056,"sha256":"0f1bd70d03a770df762162cfec201f8e1902e2611d45392a20cb8d7bf87a54c3","classHeader":null}]},{"root":"/root/projects/PassVault/audit-runtime-linux-android-compile03/gradle-home/caches/9.7.1/transforms/f40400852523be7a06e8be7bd56763cf/transformed/kotlinx-coroutines-core-jvm-1_11_0_jar-snapshot.bin","present":true,"files":[{"path":"/root/projects/PassVault/audit-runtime-linux-android-compile03/gradle-home/caches/9.7.1/transforms/f40400852523be7a06e8be7bd56763cf/transformed/kotlinx-coroutines-core-jvm-1_11_0_jar-snapshot.bin","bytes":198066,"sha256":"225fa4eb951dad724180154fe599ed8baee9d505c81e1ada5f2829b1ccfec31f","classHeader":null}]},{"root":"/root/projects/PassVault/audit-runtime-linux-android-compile03/gradle-home/caches/9.7.1/transforms/63906cd5bb594abe34452f5608058172/transformed/jna-5_19_1_jar-snapshot.bin","present":true,"files":[{"path":"/root/projects/PassVault/audit-runtime-linux-android-compile03/gradle-home/caches/9.7.1/transforms/63906cd5bb594abe34452f5608058172/transformed/jna-5_19_1_jar-snapshot.bin","bytes":25103,"sha256":"f0b9719db94f403286b48ddd86404cd2c0d9a8f7fcbeb0a88f9bb8621073bc3f","classHeader":null}]},{"root":"/root/projects/PassVault/audit-runtime-linux-android-compile03/gradle-home/caches/9.7.1/transforms/b78cfa0ed3e0c0f0724decc84915e6b3/transformed/multiplatform-crypto-libsodium-bindings-release-api_jar-snapshot.bin","present":true,"files":[{"path":"/root/projects/PassVault/audit-runtime-linux-android-compile03/gradle-home/caches/9.7.1/transforms/b78cfa0ed3e0c0f0724decc84915e6b3/transformed/multiplatform-crypto-libsodium-bindings-release-api_jar-snapshot.bin","bytes":30130,"sha256":"1219c267bcd53e39edc51df791a2d49c5703f5111cc0ea8409215efaf175abd0","classHeader":null}]},{"root":"/root/projects/PassVault/audit-runtime-linux-android-compile03/gradle-home/caches/9.7.1/transforms/f06a8140cf4d843a1d4fbb1f11222a8e/transformed/kotlin-stdlib-2_4_10_jar-snapshot.bin","present":true,"files":[{"path":"/root/projects/PassVault/audit-runtime-linux-android-compile03/gradle-home/caches/9.7.1/transforms/f06a8140cf4d843a1d4fbb1f11222a8e/transformed/kotlin-stdlib-2_4_10_jar-snapshot.bin","bytes":271262,"sha256":"a7a79c4f216752b6a7c5125d503ab77cdae67a526f97ad944916fd277222787a","classHeader":null}]},{"root":"/root/projects/PassVault/audit-runtime-linux-android-compile03/gradle-home/caches/9.7.1/transforms/7999cfeb842fd5a9b3993a8ba1aa3dd8/transformed/annotations-23_0_0_jar-snapshot.bin","present":true,"files":[{"path":"/root/projects/PassVault/audit-runtime-linux-android-compile03/gradle-home/caches/9.7.1/transforms/7999cfeb842fd5a9b3993a8ba1aa3dd8/transformed/annotations-23_0_0_jar-snapshot.bin","bytes":18016,"sha256":"bbc54bcf630ac77061a81b9a38f5eae2ce4569e110635a0c971f923705a561ee","classHeader":null}]},{"root":"/root/projects/PassVault/audit-runtime-linux-android-compile03/gradle-home/caches/modules-2/files-2.1/org.jetbrains.kotlin/kotlin-build-tools-compat/2.4.10/a6a145a14d4fdec0cccc964e99d84f4c7cd13169/kotlin-build-tools-compat-2.4.10.jar","present":true,"files":[{"path":"/root/projects/PassVault/audit-runtime-linux-android-compile03/gradle-home/caches/modules-2/files-2.1/org.jetbrains.kotlin/kotlin-build-tools-compat/2.4.10/a6a145a14d4fdec0cccc964e99d84f4c7cd13169/kotlin-build-tools-compat-2.4.10.jar","bytes":135624,"sha256":"cdcc50d8016f4250e7dc61822f28f227ba9a9b7d3f9eb5503c315eb12188d952","classHeader":null}]},{"root":"/root/projects/PassVault/audit-runtime-linux-android-compile03/gradle-home/caches/modules-2/files-2.1/org.jetbrains.kotlin/kotlin-build-tools-impl/2.4.10/6b385725aca7eff63c3f0f213ddb3d57c45ded79/kotlin-build-tools-impl-2.4.10.jar","present":true,"files":[{"path":"/root/projects/PassVault/audit-runtime-linux-android-compile03/gradle-home/caches/modules-2/files-2.1/org.jetbrains.kotlin/kotlin-build-tools-impl/2.4.10/6b385725aca7eff63c3f0f213ddb3d57c45ded79/kotlin-build-tools-impl-2.4.10.jar","bytes":3157700,"sha256":"4a32f63522ef4726afbdee1783f05698499abc7a5ecade3a6cafa3e4074562ee","classHeader":null}]},{"root":"/root/projects/PassVault/audit-runtime-linux-android-compile03/gradle-home/caches/modules-2/files-2.1/org.jetbrains.kotlin/kotlin-tooling-core/2.4.10/75970f5a2a9cb4d25557965bbec0a7ccd55bfbcf/kotlin-tooling-core-2.4.10.jar","present":true,"files":[{"path":"/root/projects/PassVault/audit-runtime-linux-android-compile03/gradle-home/caches/modules-2/files-2.1/org.jetbrains.kotlin/kotlin-tooling-core/2.4.10/75970f5a2a9cb4d25557965bbec0a7ccd55bfbcf/kotlin-tooling-core-2.4.10.jar","bytes":89051,"sha256":"59ea305372e3a2b7417764dcfecf645066a0d9b1792ab40afd15c1cc8535b58a","classHeader":null}]},{"root":"/root/projects/PassVault/audit-runtime-linux-android-compile03/gradle-home/caches/modules-2/files-2.1/org.jetbrains.kotlin/kotlin-build-tools-cri-impl/2.4.10/a9d3db4f750188c1f0afa5b8f1c60d5ac99cb2dc/kotlin-build-tools-cri-impl-2.4.10.jar","present":true,"files":[{"path":"/root/projects/PassVault/audit-runtime-linux-android-compile03/gradle-home/caches/modules-2/files-2.1/org.jetbrains.kotlin/kotlin-build-tools-cri-impl/2.4.10/a9d3db4f750188c1f0afa5b8f1c60d5ac99cb2dc/kotlin-build-tools-cri-impl-2.4.10.jar","bytes":569003,"sha256":"781c95a28f053ded2d183b818bdae98db3d6d15ebc0555cecf64800fea003b3b","classHeader":null}]},{"root":"/root/projects/PassVault/audit-runtime-linux-android-compile03/gradle-home/caches/modules-2/files-2.1/org.jetbrains.kotlin/kotlin-compiler-runner/2.4.10/db761b9c5e0a67bcea290bc7e0700a7075af97de/kotlin-compiler-runner-2.4.10.jar","present":true,"files":[{"path":"/root/projects/PassVault/audit-runtime-linux-android-compile03/gradle-home/caches/modules-2/files-2.1/org.jetbrains.kotlin/kotlin-compiler-runner/2.4.10/db761b9c5e0a67bcea290bc7e0700a7075af97de/kotlin-compiler-runner-2.4.10.jar","bytes":20377,"sha256":"9e869d66504572852f421bcb1625c0d564c2b3c8cecbf6cd5fef7e7f33e0013e","classHeader":null}]},{"root":"/root/projects/PassVault/audit-runtime-linux-android-compile03/gradle-home/caches/modules-2/files-2.1/org.jetbrains.kotlin/kotlin-compiler-embeddable/2.4.10/cac44a5a360313427c693a9de295017bc76d6e4e/kotlin-compiler-embeddable-2.4.10.jar","present":true,"files":[{"path":"/root/projects/PassVault/audit-runtime-linux-android-compile03/gradle-home/caches/modules-2/files-2.1/org.jetbrains.kotlin/kotlin-compiler-embeddable/2.4.10/cac44a5a360313427c693a9de295017bc76d6e4e/kotlin-compiler-embeddable-2.4.10.jar","bytes":60352373,"sha256":"9309638a2ee03e6bde9ef4b7444055a94b84ab906563675d71ff9aecb64da913","classHeader":null}]},{"root":"/root/projects/PassVault/audit-runtime-linux-android-compile03/gradle-home/caches/modules-2/files-2.1/org.jetbrains.kotlin/kotlin-build-tools-api/2.4.10/c88fe54d8d8c568de500b26fd459853c7202de39/kotlin-build-tools-api-2.4.10.jar","present":true,"files":[{"path":"/root/projects/PassVault/audit-runtime-linux-android-compile03/gradle-home/caches/modules-2/files-2.1/org.jetbrains.kotlin/kotlin-build-tools-api/2.4.10/c88fe54d8d8c568de500b26fd459853c7202de39/kotlin-build-tools-api-2.4.10.jar","bytes":310932,"sha256":"3953d283e7710c990672e403a87df393d9726a9bf3e172194ebb5c33e062fcb0","classHeader":null}]},{"root":"/root/projects/PassVault/audit-runtime-linux-android-compile03/gradle-home/caches/modules-2/files-2.1/org.jetbrains.kotlin/kotlin-daemon-client/2.4.10/8c3aa7a03a90240de365985d93bc8ed39163f852/kotlin-daemon-client-2.4.10.jar","present":true,"files":[{"path":"/root/projects/PassVault/audit-runtime-linux-android-compile03/gradle-home/caches/modules-2/files-2.1/org.jetbrains.kotlin/kotlin-daemon-client/2.4.10/8c3aa7a03a90240de365985d93bc8ed39163f852/kotlin-daemon-client-2.4.10.jar","bytes":251407,"sha256":"a3d1a5854fd92766de1ca37ff003a822d3da2039902008384dd1f7375f3d5cf9","classHeader":null}]},{"root":"/root/projects/PassVault/audit-runtime-linux-android-compile03/gradle-home/caches/modules-2/files-2.1/org.jetbrains.kotlin/kotlin-stdlib/2.4.10/8943c84ddc6d5cc00a10dbc3736c397066eeaab5/kotlin-stdlib-2.4.10.jar","present":true,"files":[{"path":"/root/projects/PassVault/audit-runtime-linux-android-compile03/gradle-home/caches/modules-2/files-2.1/org.jetbrains.kotlin/kotlin-stdlib/2.4.10/8943c84ddc6d5cc00a10dbc3736c397066eeaab5/kotlin-stdlib-2.4.10.jar","bytes":1841933,"sha256":"4ec0293bc3751423b203f1d8493251c57c42e73eb6377a6b8560d0974ff0a6df","classHeader":null}]},{"root":"/root/projects/PassVault/audit-runtime-linux-android-compile03/gradle-home/caches/modules-2/files-2.1/org.jetbrains/annotations/13.0/919f0dfe192fb4e063e7dacadee7f8bb9a2672a9/annotations-13.0.jar","present":true,"files":[{"path":"/root/projects/PassVault/audit-runtime-linux-android-compile03/gradle-home/caches/modules-2/files-2.1/org.jetbrains/annotations/13.0/919f0dfe192fb4e063e7dacadee7f8bb9a2672a9/annotations-13.0.jar","bytes":17536,"sha256":"ace2a10dc8e2d5fd34925ecac03e4988b2c0f851650c94b8cef49ba1bd111478","classHeader":null}]},{"root":"/root/projects/PassVault/audit-runtime-linux-android-compile03/gradle-home/caches/modules-2/files-2.1/org.jetbrains.kotlin/kotlin-script-runtime/2.4.10/8365e84d1043a759f868135e8146ed949698804a/kotlin-script-runtime-2.4.10.jar","present":true,"files":[{"path":"/root/projects/PassVault/audit-runtime-linux-android-compile03/gradle-home/caches/modules-2/files-2.1/org.jetbrains.kotlin/kotlin-script-runtime/2.4.10/8365e84d1043a759f868135e8146ed949698804a/kotlin-script-runtime-2.4.10.jar","bytes":46565,"sha256":"f4a5b30c2fdfbe386b097101b7989dbeea3743c06396136664784e08e15c6899","classHeader":null}]},{"root":"/root/projects/PassVault/audit-runtime-linux-android-compile03/gradle-home/caches/modules-2/files-2.1/org.jetbrains.kotlin/kotlin-reflect/1.6.10/1cbe9c92c12a94eea200d23c2bbaedaf3daf5132/kotlin-reflect-1.6.10.jar","present":true,"files":[{"path":"/root/projects/PassVault/audit-runtime-linux-android-compile03/gradle-home/caches/modules-2/files-2.1/org.jetbrains.kotlin/kotlin-reflect/1.6.10/1cbe9c92c12a94eea200d23c2bbaedaf3daf5132/kotlin-reflect-1.6.10.jar","bytes":3038560,"sha256":"3277ac102ae17aad10a55abec75ff5696c8d109790396434b496e75087854203","classHeader":null}]},{"root":"/root/projects/PassVault/audit-runtime-linux-android-compile03/gradle-home/caches/modules-2/files-2.1/org.jetbrains.kotlin/kotlin-daemon-embeddable/2.4.10/266ea1db63e2a3d5f471a4d5e72cc40c2ff23c29/kotlin-daemon-embeddable-2.4.10.jar","present":true,"files":[{"path":"/root/projects/PassVault/audit-runtime-linux-android-compile03/gradle-home/caches/modules-2/files-2.1/org.jetbrains.kotlin/kotlin-daemon-embeddable/2.4.10/266ea1db63e2a3d5f471a4d5e72cc40c2ff23c29/kotlin-daemon-embeddable-2.4.10.jar","bytes":381839,"sha256":"547d969a2eab602fe0bdfd9fcb1b563a5c6d30099d3351394d6427eba8288467","classHeader":null}]},{"root":"/root/projects/PassVault/audit-runtime-linux-android-compile03/gradle-home/caches/modules-2/files-2.1/org.jetbrains.kotlinx/kotlinx-coroutines-core-jvm/1.8.0/ac1dc37a30a93150b704022f8d895ee1bd3a36b3/kotlinx-coroutines-core-jvm-1.8.0.jar","present":true,"files":[{"path":"/root/projects/PassVault/audit-runtime-linux-android-compile03/gradle-home/caches/modules-2/files-2.1/org.jetbrains.kotlinx/kotlinx-coroutines-core-jvm/1.8.0/ac1dc37a30a93150b704022f8d895ee1bd3a36b3/kotlinx-coroutines-core-jvm-1.8.0.jar","bytes":1548360,"sha256":"9860906a1937490bf5f3b06d2f0e10ef451e65b95b269f22daf68a3d1f5065c5","classHeader":null}]},{"root":"/root/projects/PassVault/audit-runtime-linux-android-compile03/checkout/core/crypto/src/androidDeviceTest/kotlin/com/passvault/core/crypto/Android32KdfInstrumentation.kt","present":true,"files":[{"path":"/root/projects/PassVault/audit-runtime-linux-android-compile03/checkout/core/crypto/src/androidDeviceTest/kotlin/com/passvault/core/crypto/Android32KdfInstrumentation.kt","bytes":14600,"sha256":"9c4567e4a9cd1f6023534d3b5a40dfb21981cd49cc8eff0b4d1e453429246ca8","classHeader":null}]},{"root":"/root/projects/PassVault/audit-runtime-linux-android-compile03/gradle-home/caches/modules-2/files-2.1/org.jetbrains.kotlin/kotlin-scripting-compiler-embeddable/2.4.10/6c59d47caf98d7926d8353b1b50ed15594986ce0/kotlin-scripting-compiler-embeddable-2.4.10.jar","present":true,"files":[{"path":"/root/projects/PassVault/audit-runtime-linux-android-compile03/gradle-home/caches/modules-2/files-2.1/org.jetbrains.kotlin/kotlin-scripting-compiler-embeddable/2.4.10/6c59d47caf98d7926d8353b1b50ed15594986ce0/kotlin-scripting-compiler-embeddable-2.4.10.jar","bytes":711204,"sha256":"156c68ff816251c9d297c90d77e7e8e513eaad594277cee50a36faeddbe88935","classHeader":null}]},{"root":"/root/projects/PassVault/audit-runtime-linux-android-compile03/gradle-home/caches/modules-2/files-2.1/org.jetbrains.kotlin/kotlin-scripting-compiler-impl-embeddable/2.4.10/5d8424dd663175fde6cbe4ae6d673f929f3cd20d/kotlin-scripting-compiler-impl-embeddable-2.4.10.jar","present":true,"files":[{"path":"/root/projects/PassVault/audit-runtime-linux-android-compile03/gradle-home/caches/modules-2/files-2.1/org.jetbrains.kotlin/kotlin-scripting-compiler-impl-embeddable/2.4.10/5d8424dd663175fde6cbe4ae6d673f929f3cd20d/kotlin-scripting-compiler-impl-embeddable-2.4.10.jar","bytes":197774,"sha256":"1dcfc5495d8c74966fcbbd39240a9c0f8ab36bb4faad2ea5ffc000c5d7785171","classHeader":null}]},{"root":"/root/projects/PassVault/audit-runtime-linux-android-compile03/gradle-home/caches/modules-2/files-2.1/org.jetbrains.kotlin/kotlin-scripting-jvm/2.4.10/eb92c8d3f0216114cd21ac287acdf67b8a846cb7/kotlin-scripting-jvm-2.4.10.jar","present":true,"files":[{"path":"/root/projects/PassVault/audit-runtime-linux-android-compile03/gradle-home/caches/modules-2/files-2.1/org.jetbrains.kotlin/kotlin-scripting-jvm/2.4.10/eb92c8d3f0216114cd21ac287acdf67b8a846cb7/kotlin-scripting-jvm-2.4.10.jar","bytes":136266,"sha256":"0b7518219da69b427e0b3f840f13e280db9e61a839c7d3ff094de4630ddbc9f5","classHeader":null}]},{"root":"/root/projects/PassVault/audit-runtime-linux-android-compile03/gradle-home/caches/modules-2/files-2.1/org.jetbrains.kotlin/kotlin-scripting-common/2.4.10/45b7f0594bc5173c5120ce5cc452129e13666141/kotlin-scripting-common-2.4.10.jar","present":true,"files":[{"path":"/root/projects/PassVault/audit-runtime-linux-android-compile03/gradle-home/caches/modules-2/files-2.1/org.jetbrains.kotlin/kotlin-scripting-common/2.4.10/45b7f0594bc5173c5120ce5cc452129e13666141/kotlin-scripting-common-2.4.10.jar","bytes":203069,"sha256":"d5399982cdbf5994f7f3a731afacfbc5c21b797d97ffd7328b62cea670103076","classHeader":null}]}]}
Kotlin source files: /root/projects/PassVault/audit-runtime-linux-android-compile03/checkout/core/crypto/src/androidDeviceTest/kotlin/com/passvault/core/crypto/Android32KdfInstrumentation.kt
Java source files: 
Script source files: 
Script file extensions: 
Using Kotlin/JVM incremental compilation
[KOTLIN] Kotlin compilation 'jdkHome' argument: /usr/lib/jvm/java-17-openjdk-amd64
i: Non-incremental compilation will be performed: Unknown inputs changes
w: file:///root/projects/PassVault/audit-runtime-linux-android-compile03/checkout/core/crypto/src/androidDeviceTest/kotlin/com/passvault/core/crypto/Android32KdfInstrumentation.kt:149:50 Java type mismatch: inferred type is 'Any?', but 'Any' was expected.
i: Finished executing kotlin compiler using IN_PROCESS strategy
PASSVAULT_ANDROID_COMPILE03={"kind":"task-state","task":":core:crypto:compileAndroidDeviceTest","executed":true,"skipped":false,"upToDate":false,"noSource":false,"skipMessage":null,"didWork":true,"failureType":null}
PASSVAULT_ANDROID_COMPILE03={"kind":"emitted-classes","task":":core:crypto:compileAndroidDeviceTest","declaredRoots":["/root/projects/PassVault/audit-runtime-linux-android-compile03/checkout/core/crypto/build/kotlin/compileAndroidDeviceTest/classpath-snapshot","/root/projects/PassVault/audit-runtime-linux-android-compile03/checkout/core/crypto/build/classes/kotlin/android/deviceTest","/root/projects/PassVault/audit-runtime-linux-android-compile03/checkout/core/crypto/build/kotlin/compileAndroidDeviceTest/cacheable"],"classes":[{"path":"/root/projects/PassVault/audit-runtime-linux-android-compile03/checkout/core/crypto/build/classes/kotlin/android/deviceTest/com/passvault/core/crypto/Android32KdfInstrumentation$AuditCase.class","bytes":4044,"sha256":"def5bd8b7318364aac08d8db9697500f9a930d118d2963294a1c6d975cae870a","classHeader":"cafebabe0000003d"},{"path":"/root/projects/PassVault/audit-runtime-linux-android-compile03/checkout/core/crypto/build/classes/kotlin/android/deviceTest/com/passvault/core/crypto/Android32KdfInstrumentation$Companion.class","bytes":1713,"sha256":"00b0d4ed79562d93c17dee168ca9837c96be32a39f1d8ba2daa1c9f640772286","classHeader":"cafebabe0000003d"},{"path":"/root/projects/PassVault/audit-runtime-linux-android-compile03/checkout/core/crypto/build/classes/kotlin/android/deviceTest/com/passvault/core/crypto/Android32KdfInstrumentation$cases$1.class","bytes":1841,"sha256":"e2d7856aeb1764a251966097b8bdbe078e3073b2ee08026cc74ba003f634a2ee","classHeader":"cafebabe0000003d"},{"path":"/root/projects/PassVault/audit-runtime-linux-android-compile03/checkout/core/crypto/build/classes/kotlin/android/deviceTest/com/passvault/core/crypto/Android32KdfInstrumentation$cases$2.class","bytes":1829,"sha256":"ed3cf06295434ea2ab043664f3f0ce2a278343fc43bb4c51299400a94aacaa72","classHeader":"cafebabe0000003d"},{"path":"/root/projects/PassVault/audit-runtime-linux-android-compile03/checkout/core/crypto/build/classes/kotlin/android/deviceTest/com/passvault/core/crypto/Android32KdfInstrumentation$cases$3.class","bytes":1823,"sha256":"724c1be366caf650395ea44fff997b2d4b933582380520e02c3e04792a54cae4","classHeader":"cafebabe0000003d"},{"path":"/root/projects/PassVault/audit-runtime-linux-android-compile03/checkout/core/crypto/build/classes/kotlin/android/deviceTest/com/passvault/core/crypto/Android32KdfInstrumentation$cases$4.class","bytes":1856,"sha256":"ddf8ad61ed2b31a980b312d3511d6348f9a21dd05189f22e3fb84b6f9c02937b","classHeader":"cafebabe0000003d"},{"path":"/root/projects/PassVault/audit-runtime-linux-android-compile03/checkout/core/crypto/build/classes/kotlin/android/deviceTest/com/passvault/core/crypto/Android32KdfInstrumentation$deriveAndCheck$1.class","bytes":2421,"sha256":"88fc2e04d4d580ee54e652b89e62940d9eca1b861a9a1254dd1098f9e706bfe4","classHeader":"cafebabe0000003d"},{"path":"/root/projects/PassVault/audit-runtime-linux-android-compile03/checkout/core/crypto/build/classes/kotlin/android/deviceTest/com/passvault/core/crypto/Android32KdfInstrumentation$nativeRuntimeIs32BitAndLoadsSodium$1.class","bytes":2288,"sha256":"0e5abed6fd887349beb13b8eb6f19f3f94057bcf0e9fd412fb6a184486e93029","classHeader":"cafebabe0000003d"},{"path":"/root/projects/PassVault/audit-runtime-linux-android-compile03/checkout/core/crypto/build/classes/kotlin/android/deviceTest/com/passvault/core/crypto/Android32KdfInstrumentation$onStart$2.class","bytes":3452,"sha256":"193920286fc6ead6314297807aa8415b3bde27dbdeceba1b16f53d9b5d335735","classHeader":"cafebabe0000003d"},{"path":"/root/projects/PassVault/audit-runtime-linux-android-compile03/checkout/core/crypto/build/classes/kotlin/android/deviceTest/com/passvault/core/crypto/Android32KdfInstrumentation$productionProfilesMatchReferenceVectors$1.class","bytes":2215,"sha256":"8f645586a753a3113a3f3f0fd104986fd839f78aef634af1b10b9d069b955e01","classHeader":"cafebabe0000003d"},{"path":"/root/projects/PassVault/audit-runtime-linux-android-compile03/checkout/core/crypto/build/classes/kotlin/android/deviceTest/com/passvault/core/crypto/Android32KdfInstrumentation.class","bytes":27123,"sha256":"4d31a49bbb7ca1fdfffd340c10c9f306a803ca4c090da8eb1cb8f2619791c568","classHeader":"cafebabe0000003d"}],"generatedFileCount":110,"attribution":"declared outputs; not APK/DEX/runtime evidence"}
Build 5873e36c-fb46-4d2a-af6b-c29d2f940c4b is closed
PASSVAULT_ANDROID_COMPILE03={"kind":"finished","phase":"compiled-2","completed":[":core:crypto:compileAndroidMain",":core:crypto:compileAndroidDeviceTest"],"evidenceComplete":true,"failureType":null,"cases":0,"classpathAttribution":"NOT_ESTABLISHED","runtimeEvidence":false}

[Incubating] Problems report is available at: file:///root/projects/PassVault/audit-runtime-linux-android-compile03/checkout/build/reports/problems/problems-report.html

BUILD SUCCESSFUL in 2m 37s
10 actionable tasks: 10 executed
Some of the file system contents retained in the virtual file system are on file systems that Gradle doesn't support watching. The relevant state was discarded to ensure changes to these locations are properly detected. You can override this by explicitly enabling file system watching.
