Picked up JAVA_TOOL_OPTIONS: -Xmx512m -XX:-UsePerfData -Dfile.encoding=UTF-8 -Duser.home=/root/projects/PassVault/audit-runtime-linux-android-compile01/home -Djava.io.tmpdir=/root/projects/PassVault/audit-runtime-linux-android-compile01/tmp -Djna.tmpdir=/root/projects/PassVault/audit-runtime-linux-android-compile01/jna -Dorg.sqlite.tmpdir=/root/projects/PassVault/audit-runtime-linux-android-compile01/sqlite
Fetching distribution.
Downloading https://services.gradle.org/distributions/gradle-9.7.1-bin.zip
..............10%..............20%...............30%..............40%...............50%..............60%...............70%..............80%..............90%...............100%
Initialized native services in: /root/projects/PassVault/audit-runtime-linux-android-compile01/gradle-home/native
Initialized jansi services in: /root/projects/PassVault/audit-runtime-linux-android-compile01/gradle-home/native

Welcome to Gradle 9.7.1!

Here are the highlights of this release:
 - Isolated Projects graduates to incubating
 - Broader Configuration Cache compatibility
 - Resilient Sync helps you fix broken builds
 - More source locations in problem reports

For more details see https://docs.gradle.org/9.7.1/release-notes.html

The current JVM process isn't compatible with build requirement. The maximum heap size is insufficient.

To honour the JVM settings for this build a single-use Daemon process will be forked. For more on this, please refer to https://docs.gradle.org/9.7.1/userguide/gradle_daemon.html#sec:disabling_the_daemon in the Gradle documentation.
Starting process 'Gradle build daemon'. Working directory: /root/projects/PassVault/audit-runtime-linux-android-compile01/gradle-home/daemon/9.7.1 Command: /usr/lib/jvm/java-17-openjdk-amd64/bin/java --add-opens=java.base/java.lang=ALL-UNNAMED --add-opens=java.base/java.lang.invoke=ALL-UNNAMED --add-opens=java.base/java.util=ALL-UNNAMED --add-opens=java.prefs/java.util.prefs=ALL-UNNAMED --add-exports=jdk.compiler/com.sun.tools.javac.api=ALL-UNNAMED --add-exports=jdk.compiler/com.sun.tools.javac.util=ALL-UNNAMED --add-opens=java.base/java.nio.charset=ALL-UNNAMED --add-opens=java.base/java.net=ALL-UNNAMED --add-opens=java.base/java.util.concurrent=ALL-UNNAMED --add-opens=java.base/java.util.concurrent.atomic=ALL-UNNAMED --add-opens=java.xml/javax.xml.namespace=ALL-UNNAMED --add-opens=java.base/java.time=ALL-UNNAMED -Xmx2g -Dfile.encoding=UTF-8 -Djava.io.tmpdir=/root/projects/PassVault/audit-runtime-linux-android-compile01/tmp -Duser.country -Duser.language=en -Duser.variant -cp /root/projects/PassVault/audit-runtime-linux-android-compile01/gradle-home/wrapper/dists/gradle-9.7.1-bin/1w1c7tv4s851m17nbqdsro2tv/gradle-9.7.1/lib/gradle-daemon-main-9.7.1.jar -javaagent:/root/projects/PassVault/audit-runtime-linux-android-compile01/gradle-home/wrapper/dists/gradle-9.7.1-bin/1w1c7tv4s851m17nbqdsro2tv/gradle-9.7.1/lib/agents/gradle-instrumentation-agent-9.7.1.jar org.gradle.launcher.daemon.bootstrap.GradleDaemon 9.7.1
Successfully started process 'Gradle build daemon'
An attempt to start the daemon took 1.054 secs.
The client will now receive all logging from the daemon (pid: 68). The daemon log file: /root/projects/PassVault/audit-runtime-linux-android-compile01/gradle-home/daemon/9.7.1/daemon-68.out.log
Daemon will be stopped at the end of the build 
Using 1 worker leases.
Operational build model parameters: {cachingModelBuilding=false, configurationCache=false, configurationCacheDisabledReason=null, configurationCacheParallelLoad=false, configurationCacheParallelStore=false, configureOnDemand=false, invalidateCoupledProjects=false, isolatedProjects=false, isolatedProjectsDiagnostics=false, isolatedProjectsDangerouslyIgnoreProblems=false, modelAsProjectDependency=false, modelBuilding=false, parallelModelBuilding=false, parallelProjectConfiguration=false, parallelProjectExecution=false, vintage=true}
Received JVM installation metadata from '/usr/lib/jvm/java-17-openjdk-amd64': {JAVA_HOME=/usr/lib/jvm/java-17-openjdk-amd64, JAVA_VERSION=17.0.20, JAVA_VENDOR=Ubuntu, RUNTIME_NAME=OpenJDK Runtime Environment, RUNTIME_VERSION=17.0.20+8-1-24.04-Ubuntu, VM_NAME=OpenJDK 64-Bit Server VM, VM_VERSION=17.0.20+8-1-24.04-Ubuntu, VM_VENDOR=Ubuntu, OS_ARCH=amd64}
Watching the file system is configured to be enabled if available
Not watching /root/projects/PassVault/audit-runtime-linux-android-compile01/checkout since the file system is not supported
File system watching is active
Caching disabled for Groovy DSL script compilation (cp_init) because:
  Build cache is disabled
  Not worth caching.
Compiling initialization script '/root/projects/PassVault/passvault-linux/scripts/audit/android_compile_01.init.gradle' using SubsetScriptTransformer.
Caching disabled for Groovy DSL script compilation (init) because:
  Build cache is disabled
  Not worth caching.
Compiling initialization script '/root/projects/PassVault/passvault-linux/scripts/audit/android_compile_01.init.gradle' using BuildScriptTransformer.
Starting Build
Caching disabled for Kotlin DSL script compilation (Settings/TopLevel/stage1) because:
  Build cache is disabled
Resource missing. [HTTP GET: https://repo.maven.apache.org/maven2/org/gradle/toolchains/foojay-resolver-convention/org.gradle.toolchains.foojay-resolver-convention.gradle.plugin/1.0.0/org.gradle.toolchains.foojay-resolver-convention.gradle.plugin-1.0.0.pom]
Resource missing. [HTTP GET: https://repo.maven.apache.org/maven2/org/gradle/toolchains/foojay-resolver-convention/org.gradle.toolchains.foojay-resolver-convention.gradle.plugin/1.0.0/org.gradle.toolchains.foojay-resolver-convention.gradle.plugin-1.0.0.pom]
Downloading https://plugins.gradle.org/m2/org/gradle/toolchains/foojay-resolver-convention/org.gradle.toolchains.foojay-resolver-convention.gradle.plugin/1.0.0/org.gradle.toolchains.foojay-resolver-convention.gradle.plugin-1.0.0.pom to /root/projects/PassVault/audit-runtime-linux-android-compile01/gradle-home/.tmp/gradle_download1313316372089668183bin
Resource missing. [HTTP HEAD: https://plugins.gradle.org/m2/org/gradle/toolchains/foojay-resolver-convention/org.gradle.toolchains.foojay-resolver-convention.gradle.plugin/1.0.0/org.gradle.toolchains.foojay-resolver-convention.gradle.plugin-1.0.0.jar]
Resolved plugin [id: 'org.gradle.toolchains.foojay-resolver-convention', version: '1.0.0']
Resource missing. [HTTP GET: https://repo.maven.apache.org/maven2/org/gradle/toolchains/foojay-resolver/1.0.0/foojay-resolver-1.0.0.pom]
Resource missing. [HTTP GET: https://repo.maven.apache.org/maven2/org/gradle/toolchains/foojay-resolver/1.0.0/foojay-resolver-1.0.0.pom]
Downloading https://plugins.gradle.org/m2/org/gradle/toolchains/foojay-resolver/1.0.0/foojay-resolver-1.0.0.pom to /root/projects/PassVault/audit-runtime-linux-android-compile01/gradle-home/.tmp/gradle_download16818496721699021964bin
Downloading https://plugins.gradle.org/m2/org/gradle/toolchains/foojay-resolver/1.0.0/foojay-resolver-1.0.0.module to /root/projects/PassVault/audit-runtime-linux-android-compile01/gradle-home/.tmp/gradle_download8589104882512323103bin
Downloading https://plugins.gradle.org/m2/org/gradle/toolchains/foojay-resolver/1.0.0/foojay-resolver-1.0.0.jar to /root/projects/PassVault/audit-runtime-linux-android-compile01/gradle-home/.tmp/gradle_download10375023384941459309bin
Caching disabled for InstrumentationAnalysisTransform: /root/projects/PassVault/audit-runtime-linux-android-compile01/gradle-home/caches/modules-2/files-2.1/org.gradle.toolchains/foojay-resolver/1.0.0/72c0af50bc9156fb2a9429ed152abb4417bb6eaf/foojay-resolver-1.0.0.jar because:
  Build cache is disabled
  Caching not enabled.
Caching disabled for MergeInstrumentationAnalysisTransform: /root/projects/PassVault/audit-runtime-linux-android-compile01/gradle-home/caches/9.7.1/transforms/84417b225f0c99ef0caadbc3e2d6dd2a/transformed/.gradle-instrumented-classpath.marker because:
  Build cache is disabled
  Caching not enabled.
Caching disabled for MergeInstrumentationAnalysisTransform: /root/projects/PassVault/audit-runtime-linux-android-compile01/gradle-home/caches/9.7.1/transforms/84417b225f0c99ef0caadbc3e2d6dd2a/transformed/analysis/instrumentation-hierarchy.bin because:
  Build cache is disabled
  Caching not enabled.
Caching disabled for MergeInstrumentationAnalysisTransform: /root/projects/PassVault/audit-runtime-linux-android-compile01/gradle-home/caches/9.7.1/transforms/84417b225f0c99ef0caadbc3e2d6dd2a/transformed/analysis/instrumentation-dependencies.bin because:
  Build cache is disabled
  Caching not enabled.
Caching disabled for MergeInstrumentationAnalysisTransform: /root/projects/PassVault/audit-runtime-linux-android-compile01/gradle-home/caches/modules-2/files-2.1/org.gradle.toolchains/foojay-resolver/1.0.0/72c0af50bc9156fb2a9429ed152abb4417bb6eaf/foojay-resolver-1.0.0.jar because:
  Build cache is disabled
  Caching not enabled.
Caching disabled for ExternalDependencyInstrumentingArtifactTransform: /root/projects/PassVault/audit-runtime-linux-android-compile01/gradle-home/caches/9.7.1/transforms/388302fc005543901afb8b124fd998e2/transformed/.gradle-instrumented-classpath.marker because:
  Build cache is disabled
  Caching not enabled.
Caching disabled for ExternalDependencyInstrumentingArtifactTransform: /root/projects/PassVault/audit-runtime-linux-android-compile01/gradle-home/caches/9.7.1/transforms/388302fc005543901afb8b124fd998e2/transformed/merge/instrumentation-dependencies.bin because:
  Build cache is disabled
  Caching not enabled.
Caching disabled for ExternalDependencyInstrumentingArtifactTransform: /root/projects/PassVault/audit-runtime-linux-android-compile01/gradle-home/caches/modules-2/files-2.1/org.gradle.toolchains/foojay-resolver/1.0.0/72c0af50bc9156fb2a9429ed152abb4417bb6eaf/foojay-resolver-1.0.0.jar because:
  Build cache is disabled
  Caching not enabled.
Caching disabled for Kotlin DSL accessors for settings 'checkout' because:
  Build cache is disabled
  Build caching of Kotlin script accessor generation disabled by property
Caching disabled for Kotlin DSL script compilation (Settings/TopLevel/stage2) because:
  Build cache is disabled
Settings evaluated using settings file '/root/projects/PassVault/audit-runtime-linux-android-compile01/checkout/settings.gradle.kts'.
Caching disabled for generation of dependency accessors for libs because:
  Build cache is disabled
  Not worth caching.
Projects loaded. Root project using build file '/root/projects/PassVault/audit-runtime-linux-android-compile01/checkout/build.gradle.kts'.
Included projects: [root project 'passvault', project ':app-android', project ':app-desktop', project ':core', project ':feature', project ':shared', project ':core:crypto', project ':core:database', project ':core:designsystem', project ':core:domain', project ':core:navigation', project ':core:otp', project ':core:security', project ':core:testing', project ':feature:backup', project ':feature:credential', project ':feature:generator', project ':feature:health', project ':feature:onboarding', project ':feature:settings', project ':feature:unlock', project ':feature:vault']

> Configure project :
Evaluating root project 'passvault' using build file '/root/projects/PassVault/audit-runtime-linux-android-compile01/checkout/build.gradle.kts'.
Caching disabled for Kotlin DSL version catalog plugin accessors for classpath '7120ae87f8d059d178e7db7d84920ce1' because:
  Build cache is disabled
  Build caching of Kotlin script accessor generation disabled by property
Caching disabled for Kotlin DSL plugin specs accessors for classpath '7120ae87f8d059d178e7db7d84920ce1' because:
  Build cache is disabled
  Build caching of Kotlin script accessor generation disabled by property
Caching disabled for Kotlin DSL script compilation (Project/TopLevel/stage1) because:
  Build cache is disabled
Downloading https://repo.maven.apache.org/maven2/org/jetbrains/kotlin/multiplatform/org.jetbrains.kotlin.multiplatform.gradle.plugin/2.4.10/org.jetbrains.kotlin.multiplatform.gradle.plugin-2.4.10.pom to /root/projects/PassVault/audit-runtime-linux-android-compile01/gradle-home/.tmp/gradle_download14441342577961992138bin
Resource missing. [HTTP HEAD: https://repo.maven.apache.org/maven2/org/jetbrains/kotlin/multiplatform/org.jetbrains.kotlin.multiplatform.gradle.plugin/2.4.10/org.jetbrains.kotlin.multiplatform.gradle.plugin-2.4.10.jar]
Resolved plugin [id: 'org.jetbrains.kotlin.multiplatform', version: '2.4.10', apply: false]
Downloading https://repo.maven.apache.org/maven2/org/jetbrains/kotlin/plugin/serialization/org.jetbrains.kotlin.plugin.serialization.gradle.plugin/2.4.10/org.jetbrains.kotlin.plugin.serialization.gradle.plugin-2.4.10.pom to /root/projects/PassVault/audit-runtime-linux-android-compile01/gradle-home/.tmp/gradle_download5616911767970000892bin
Resource missing. [HTTP HEAD: https://repo.maven.apache.org/maven2/org/jetbrains/kotlin/plugin/serialization/org.jetbrains.kotlin.plugin.serialization.gradle.plugin/2.4.10/org.jetbrains.kotlin.plugin.serialization.gradle.plugin-2.4.10.jar]
Resolved plugin [id: 'org.jetbrains.kotlin.plugin.serialization', version: '2.4.10', apply: false]
Downloading https://repo.maven.apache.org/maven2/org/jetbrains/compose/org.jetbrains.compose.gradle.plugin/1.11.1/org.jetbrains.compose.gradle.plugin-1.11.1.pom to /root/projects/PassVault/audit-runtime-linux-android-compile01/gradle-home/.tmp/gradle_download9222060052061931769bin
Resource missing. [HTTP HEAD: https://repo.maven.apache.org/maven2/org/jetbrains/compose/org.jetbrains.compose.gradle.plugin/1.11.1/org.jetbrains.compose.gradle.plugin-1.11.1.jar]
Resolved plugin [id: 'org.jetbrains.compose', version: '1.11.1', apply: false]
Downloading https://repo.maven.apache.org/maven2/org/jetbrains/kotlin/plugin/compose/org.jetbrains.kotlin.plugin.compose.gradle.plugin/2.4.10/org.jetbrains.kotlin.plugin.compose.gradle.plugin-2.4.10.pom to /root/projects/PassVault/audit-runtime-linux-android-compile01/gradle-home/.tmp/gradle_download3199934271543037471bin
Resource missing. [HTTP HEAD: https://repo.maven.apache.org/maven2/org/jetbrains/kotlin/plugin/compose/org.jetbrains.kotlin.plugin.compose.gradle.plugin/2.4.10/org.jetbrains.kotlin.plugin.compose.gradle.plugin-2.4.10.jar]
Resolved plugin [id: 'org.jetbrains.kotlin.plugin.compose', version: '2.4.10', apply: false]
Resource missing. [HTTP GET: https://dl.google.com/dl/android/maven2/com/google/devtools/ksp/com.google.devtools.ksp.gradle.plugin/2.3.10/com.google.devtools.ksp.gradle.plugin-2.3.10.pom]
Resource missing. [HTTP GET: https://dl.google.com/dl/android/maven2/com/google/devtools/ksp/com.google.devtools.ksp.gradle.plugin/2.3.10/com.google.devtools.ksp.gradle.plugin-2.3.10.pom]
Downloading https://repo.maven.apache.org/maven2/com/google/devtools/ksp/com.google.devtools.ksp.gradle.plugin/2.3.10/com.google.devtools.ksp.gradle.plugin-2.3.10.pom to /root/projects/PassVault/audit-runtime-linux-android-compile01/gradle-home/.tmp/gradle_download17563105003002850127bin
Resource missing. [HTTP HEAD: https://repo.maven.apache.org/maven2/com/google/devtools/ksp/com.google.devtools.ksp.gradle.plugin/2.3.10/com.google.devtools.ksp.gradle.plugin-2.3.10.jar]
Resolved plugin [id: 'com.google.devtools.ksp', version: '2.3.10', apply: false]
Downloading https://dl.google.com/dl/android/maven2/androidx/room/androidx.room.gradle.plugin/2.8.4/androidx.room.gradle.plugin-2.8.4.pom to /root/projects/PassVault/audit-runtime-linux-android-compile01/gradle-home/.tmp/gradle_download16027833765092232740bin
Resource missing. [HTTP HEAD: https://dl.google.com/dl/android/maven2/androidx/room/androidx.room.gradle.plugin/2.8.4/androidx.room.gradle.plugin-2.8.4.jar]
Resolved plugin [id: 'androidx.room', version: '2.8.4', apply: false]
Downloading https://dl.google.com/dl/android/maven2/com/android/application/com.android.application.gradle.plugin/9.4.0/com.android.application.gradle.plugin-9.4.0.pom to /root/projects/PassVault/audit-runtime-linux-android-compile01/gradle-home/.tmp/gradle_download13488883058914878164bin
Resource missing. [HTTP HEAD: https://dl.google.com/dl/android/maven2/com/android/application/com.android.application.gradle.plugin/9.4.0/com.android.application.gradle.plugin-9.4.0.jar]
Resolved plugin [id: 'com.android.application', version: '9.4.0', apply: false]
Downloading https://dl.google.com/dl/android/maven2/com/android/kotlin/multiplatform/library/com.android.kotlin.multiplatform.library.gradle.plugin/9.4.0/com.android.kotlin.multiplatform.library.gradle.plugin-9.4.0.pom to /root/projects/PassVault/audit-runtime-linux-android-compile01/gradle-home/.tmp/gradle_download11275580397818286464bin
Resource missing. [HTTP HEAD: https://dl.google.com/dl/android/maven2/com/android/kotlin/multiplatform/library/com.android.kotlin.multiplatform.library.gradle.plugin/9.4.0/com.android.kotlin.multiplatform.library.gradle.plugin-9.4.0.jar]
Resolved plugin [id: 'com.android.kotlin.multiplatform.library', version: '9.4.0', apply: false]
Downloading https://repo.maven.apache.org/maven2/dev/detekt/dev.detekt.gradle.plugin/2.0.0-alpha.6/dev.detekt.gradle.plugin-2.0.0-alpha.6.pom to /root/projects/PassVault/audit-runtime-linux-android-compile01/gradle-home/.tmp/gradle_download3565849042964332188bin
Resource missing. [HTTP HEAD: https://repo.maven.apache.org/maven2/dev/detekt/dev.detekt.gradle.plugin/2.0.0-alpha.6/dev.detekt.gradle.plugin-2.0.0-alpha.6.jar]
Resolved plugin [id: 'dev.detekt', version: '2.0.0-alpha.6']
Downloading https://repo.maven.apache.org/maven2/org/jetbrains/kotlin/kotlin-gradle-plugin/2.4.10/kotlin-gradle-plugin-2.4.10.pom to /root/projects/PassVault/audit-runtime-linux-android-compile01/gradle-home/.tmp/gradle_download17506946185064267549bin
Downloading https://repo.maven.apache.org/maven2/org/jetbrains/kotlin/kotlin-gradle-plugins-bom/2.4.10/kotlin-gradle-plugins-bom-2.4.10.pom to /root/projects/PassVault/audit-runtime-linux-android-compile01/gradle-home/.tmp/gradle_download4722339561936380682bin
Downloading https://repo.maven.apache.org/maven2/org/jetbrains/kotlin/kotlin-gradle-plugins-bom/2.4.10/kotlin-gradle-plugins-bom-2.4.10.module to /root/projects/PassVault/audit-runtime-linux-android-compile01/gradle-home/.tmp/gradle_download6530899499764727364bin
Downloading https://repo.maven.apache.org/maven2/org/jetbrains/kotlin/kotlin-gradle-plugin/2.4.10/kotlin-gradle-plugin-2.4.10.module to /root/projects/PassVault/audit-runtime-linux-android-compile01/gradle-home/.tmp/gradle_download6232975236518790583bin
Downloading https://repo.maven.apache.org/maven2/org/jetbrains/kotlin/kotlin-serialization/2.4.10/kotlin-serialization-2.4.10.pom to /root/projects/PassVault/audit-runtime-linux-android-compile01/gradle-home/.tmp/gradle_download15958439053158387824bin
Downloading https://repo.maven.apache.org/maven2/org/jetbrains/kotlin/kotlin-serialization/2.4.10/kotlin-serialization-2.4.10.module to /root/projects/PassVault/audit-runtime-linux-android-compile01/gradle-home/.tmp/gradle_download13020286989290482348bin
Downloading https://repo.maven.apache.org/maven2/org/jetbrains/compose/compose-gradle-plugin/1.11.1/compose-gradle-plugin-1.11.1.pom to /root/projects/PassVault/audit-runtime-linux-android-compile01/gradle-home/.tmp/gradle_download658431060032966988bin
Downloading https://repo.maven.apache.org/maven2/org/jetbrains/compose/compose-gradle-plugin/1.11.1/compose-gradle-plugin-1.11.1.module to /root/projects/PassVault/audit-runtime-linux-android-compile01/gradle-home/.tmp/gradle_download16036121145522737021bin
Downloading https://repo.maven.apache.org/maven2/org/jetbrains/kotlin/compose-compiler-gradle-plugin/2.4.10/compose-compiler-gradle-plugin-2.4.10.pom to /root/projects/PassVault/audit-runtime-linux-android-compile01/gradle-home/.tmp/gradle_download13531226248784499932bin
Downloading https://repo.maven.apache.org/maven2/org/jetbrains/kotlin/compose-compiler-gradle-plugin/2.4.10/compose-compiler-gradle-plugin-2.4.10.module to /root/projects/PassVault/audit-runtime-linux-android-compile01/gradle-home/.tmp/gradle_download9470025657777199386bin
Resource missing. [HTTP GET: https://dl.google.com/dl/android/maven2/com/google/devtools/ksp/symbol-processing-gradle-plugin/2.3.10/symbol-processing-gradle-plugin-2.3.10.pom]
Resource missing. [HTTP GET: https://dl.google.com/dl/android/maven2/com/google/devtools/ksp/symbol-processing-gradle-plugin/2.3.10/symbol-processing-gradle-plugin-2.3.10.pom]
Downloading https://repo.maven.apache.org/maven2/com/google/devtools/ksp/symbol-processing-gradle-plugin/2.3.10/symbol-processing-gradle-plugin-2.3.10.pom to /root/projects/PassVault/audit-runtime-linux-android-compile01/gradle-home/.tmp/gradle_download1785590371476526539bin
Downloading https://repo.maven.apache.org/maven2/com/google/devtools/ksp/symbol-processing-gradle-plugin/2.3.10/symbol-processing-gradle-plugin-2.3.10.module to /root/projects/PassVault/audit-runtime-linux-android-compile01/gradle-home/.tmp/gradle_download5931279643018944153bin
Downloading https://dl.google.com/dl/android/maven2/androidx/room/room-gradle-plugin/2.8.4/room-gradle-plugin-2.8.4.pom to /root/projects/PassVault/audit-runtime-linux-android-compile01/gradle-home/.tmp/gradle_download2832191300094209429bin
Downloading https://dl.google.com/dl/android/maven2/androidx/room/room-gradle-plugin/2.8.4/room-gradle-plugin-2.8.4.module to /root/projects/PassVault/audit-runtime-linux-android-compile01/gradle-home/.tmp/gradle_download9637002009833530814bin
Downloading https://dl.google.com/dl/android/maven2/com/android/tools/build/gradle/9.4.0/gradle-9.4.0.pom to /root/projects/PassVault/audit-runtime-linux-android-compile01/gradle-home/.tmp/gradle_download11162599195832511244bin
Downloading https://dl.google.com/dl/android/maven2/com/android/tools/build/gradle/9.4.0/gradle-9.4.0.module to /root/projects/PassVault/audit-runtime-linux-android-compile01/gradle-home/.tmp/gradle_download4808350846204452665bin
Downloading https://repo.maven.apache.org/maven2/dev/detekt/detekt-gradle-plugin/2.0.0-alpha.6/detekt-gradle-plugin-2.0.0-alpha.6.pom to /root/projects/PassVault/audit-runtime-linux-android-compile01/gradle-home/.tmp/gradle_download2474046964027415799bin
Downloading https://repo.maven.apache.org/maven2/dev/detekt/detekt-gradle-plugin/2.0.0-alpha.6/detekt-gradle-plugin-2.0.0-alpha.6.module to /root/projects/PassVault/audit-runtime-linux-android-compile01/gradle-home/.tmp/gradle_download11806424490937786829bin
Downloading https://repo.maven.apache.org/maven2/org/jetbrains/kotlin/kotlin-build-statistics/2.4.10/kotlin-build-statistics-2.4.10.pom to /root/projects/PassVault/audit-runtime-linux-android-compile01/gradle-home/.tmp/gradle_download9869943820597261024bin
Downloading https://repo.maven.apache.org/maven2/org/jetbrains/kotlin/fus-statistics-gradle-plugin/2.4.10/fus-statistics-gradle-plugin-2.4.10.pom to /root/projects/PassVault/audit-runtime-linux-android-compile01/gradle-home/.tmp/gradle_download9540797502898613095bin
Downloading https://repo.maven.apache.org/maven2/org/jetbrains/kotlin/kotlin-gradle-plugin-idea/2.4.10/kotlin-gradle-plugin-idea-2.4.10.pom to /root/projects/PassVault/audit-runtime-linux-android-compile01/gradle-home/.tmp/gradle_download13771498615024951649bin
Downloading https://repo.maven.apache.org/maven2/org/jetbrains/kotlin/kotlin-compiler-runner/2.4.10/kotlin-compiler-runner-2.4.10.pom to /root/projects/PassVault/audit-runtime-linux-android-compile01/gradle-home/.tmp/gradle_download10083589624528810379bin
Downloading https://repo.maven.apache.org/maven2/org/jetbrains/kotlin/kotlin-gradle-plugin-api/2.4.10/kotlin-gradle-plugin-api-2.4.10.pom to /root/projects/PassVault/audit-runtime-linux-android-compile01/gradle-home/.tmp/gradle_download9143443525448016120bin
Downloading https://repo.maven.apache.org/maven2/org/jetbrains/kotlin/kotlin-gradle-plugin-idea-proto/2.4.10/kotlin-gradle-plugin-idea-proto-2.4.10.pom to /root/projects/PassVault/audit-runtime-linux-android-compile01/gradle-home/.tmp/gradle_download10554447160877526399bin
Downloading https://repo.maven.apache.org/maven2/org/jetbrains/kotlin/kotlin-util-klib-metadata/2.4.10/kotlin-util-klib-metadata-2.4.10.pom to /root/projects/PassVault/audit-runtime-linux-android-compile01/gradle-home/.tmp/gradle_download4174858851518477088bin
Downloading https://repo.maven.apache.org/maven2/org/jetbrains/kotlin/kotlin-klib-commonizer-api/2.4.10/kotlin-klib-commonizer-api-2.4.10.pom to /root/projects/PassVault/audit-runtime-linux-android-compile01/gradle-home/.tmp/gradle_download8259856432580235647bin
Downloading https://repo.maven.apache.org/maven2/org/jetbrains/kotlin/fus-statistics-gradle-plugin/2.4.10/fus-statistics-gradle-plugin-2.4.10.module to /root/projects/PassVault/audit-runtime-linux-android-compile01/gradle-home/.tmp/gradle_download2306681478640742142bin
Downloading https://repo.maven.apache.org/maven2/org/jetbrains/kotlin/kotlin-gradle-plugin-api/2.4.10/kotlin-gradle-plugin-api-2.4.10.module to /root/projects/PassVault/audit-runtime-linux-android-compile01/gradle-home/.tmp/gradle_download3577975865685046273bin
Downloading https://repo.maven.apache.org/maven2/org/jetbrains/kotlin/kotlin-gradle-plugin-idea/2.4.10/kotlin-gradle-plugin-idea-2.4.10.module to /root/projects/PassVault/audit-runtime-linux-android-compile01/gradle-home/.tmp/gradle_download15855819949132308388bin
Downloading https://repo.maven.apache.org/maven2/org/jetbrains/compose/hot-reload/hot-reload-gradle-plugin/1.1.1/hot-reload-gradle-plugin-1.1.1.pom to /root/projects/PassVault/audit-runtime-linux-android-compile01/gradle-home/.tmp/gradle_download2669773213065654944bin
Downloading https://repo.maven.apache.org/maven2/org/jetbrains/compose/hot-reload/hot-reload-gradle-plugin/1.1.1/hot-reload-gradle-plugin-1.1.1.module to /root/projects/PassVault/audit-runtime-linux-android-compile01/gradle-home/.tmp/gradle_download2630351824604964510bin
Resource missing. [HTTP GET: https://dl.google.com/dl/android/maven2/com/google/devtools/ksp/symbol-processing-api/2.3.10/symbol-processing-api-2.3.10.pom]
Resource missing. [HTTP GET: https://dl.google.com/dl/android/maven2/com/google/devtools/ksp/symbol-processing-api/2.3.10/symbol-processing-api-2.3.10.pom]
Downloading https://repo.maven.apache.org/maven2/com/google/devtools/ksp/symbol-processing-api/2.3.10/symbol-processing-api-2.3.10.pom to /root/projects/PassVault/audit-runtime-linux-android-compile01/gradle-home/.tmp/gradle_download14809702872664636359bin
Resource missing. [HTTP GET: https://dl.google.com/dl/android/maven2/com/google/devtools/ksp/symbol-processing-common-deps/2.3.10/symbol-processing-common-deps-2.3.10.pom]
Downloading https://repo.maven.apache.org/maven2/com/google/devtools/ksp/symbol-processing-api/2.3.10/symbol-processing-api-2.3.10.module to /root/projects/PassVault/audit-runtime-linux-android-compile01/gradle-home/.tmp/gradle_download6025335245596164698bin
Resource missing. [HTTP GET: https://dl.google.com/dl/android/maven2/com/google/devtools/ksp/symbol-processing-common-deps/2.3.10/symbol-processing-common-deps-2.3.10.pom]
Downloading https://repo.maven.apache.org/maven2/com/google/devtools/ksp/symbol-processing-common-deps/2.3.10/symbol-processing-common-deps-2.3.10.pom to /root/projects/PassVault/audit-runtime-linux-android-compile01/gradle-home/.tmp/gradle_download778303921792958021bin
Downloading https://repo.maven.apache.org/maven2/com/google/devtools/ksp/symbol-processing-common-deps/2.3.10/symbol-processing-common-deps-2.3.10.module to /root/projects/PassVault/audit-runtime-linux-android-compile01/gradle-home/.tmp/gradle_download17064082463280671998bin
Downloading https://repo.maven.apache.org/maven2/org/jetbrains/kotlin/kotlin-stdlib/2.4.0/kotlin-stdlib-2.4.0.pom to /root/projects/PassVault/audit-runtime-linux-android-compile01/gradle-home/.tmp/gradle_download12494728888005787605bin
Downloading https://repo.maven.apache.org/maven2/org/jetbrains/kotlin/kotlin-stdlib/2.4.0/kotlin-stdlib-2.4.0.module to /root/projects/PassVault/audit-runtime-linux-android-compile01/gradle-home/.tmp/gradle_download11611569566579499287bin
Downloading https://repo.maven.apache.org/maven2/org/apache/httpcomponents/httpmime/4.5.6/httpmime-4.5.6.pom to /root/projects/PassVault/audit-runtime-linux-android-compile01/gradle-home/.tmp/gradle_download4192342813944296883bin
Downloading https://repo.maven.apache.org/maven2/commons-io/commons-io/2.16.1/commons-io-2.16.1.pom to /root/projects/PassVault/audit-runtime-linux-android-compile01/gradle-home/.tmp/gradle_download641456395123650046bin
Downloading https://repo.maven.apache.org/maven2/org/ow2/asm/asm/9.9/asm-9.9.pom to /root/projects/PassVault/audit-runtime-linux-android-compile01/gradle-home/.tmp/gradle_download9827209059694225432bin
Downloading https://repo.maven.apache.org/maven2/org/ow2/asm/asm-commons/9.9/asm-commons-9.9.pom to /root/projects/PassVault/audit-runtime-linux-android-compile01/gradle-home/.tmp/gradle_download13482281601041560340bin
Downloading https://repo.maven.apache.org/maven2/org/glassfish/jaxb/jaxb-runtime/2.3.2/jaxb-runtime-2.3.2.pom to /root/projects/PassVault/audit-runtime-linux-android-compile01/gradle-home/.tmp/gradle_download5615774129740545403bin
Downloading https://repo.maven.apache.org/maven2/net/sf/jopt-simple/jopt-simple/4.9/jopt-simple-4.9.pom to /root/projects/PassVault/audit-runtime-linux-android-compile01/gradle-home/.tmp/gradle_download2584835360347037384bin
Downloading https://repo.maven.apache.org/maven2/org/ow2/asm/asm-util/9.9/asm-util-9.9.pom to /root/projects/PassVault/audit-runtime-linux-android-compile01/gradle-home/.tmp/gradle_download1583846530682964586bin
Downloading https://repo.maven.apache.org/maven2/com/squareup/javapoet/1.13.0/javapoet-1.13.0.pom to /root/projects/PassVault/audit-runtime-linux-android-compile01/gradle-home/.tmp/gradle_download17645617267083133032bin
Downloading https://dl.google.com/dl/android/maven2/com/android/tools/repository/32.4.0/repository-32.4.0.pom to /root/projects/PassVault/audit-runtime-linux-android-compile01/gradle-home/.tmp/gradle_download9824007926420517161bin
Downloading https://dl.google.com/dl/android/maven2/com/android/tools/build/gradle-settings-api/9.4.0/gradle-settings-api-9.4.0.pom to /root/projects/PassVault/audit-runtime-linux-android-compile01/gradle-home/.tmp/gradle_download3329151392877621179bin
Downloading https://repo.maven.apache.org/maven2/org/ow2/ow2/1.5.1/ow2-1.5.1.pom to /root/projects/PassVault/audit-runtime-linux-android-compile01/gradle-home/.tmp/gradle_download2996484454244644363bin
Downloading https://repo.maven.apache.org/maven2/org/apache/commons/commons-parent/69/commons-parent-69.pom to /root/projects/PassVault/audit-runtime-linux-android-compile01/gradle-home/.tmp/gradle_download13646047898397069099bin
Downloading https://repo.maven.apache.org/maven2/com/sun/xml/bind/mvn/jaxb-runtime-parent/2.3.2/jaxb-runtime-parent-2.3.2.pom to /root/projects/PassVault/audit-runtime-linux-android-compile01/gradle-home/.tmp/gradle_download17003462842101918541bin
Downloading https://repo.maven.apache.org/maven2/org/apache/httpcomponents/httpcomponents-client/4.5.6/httpcomponents-client-4.5.6.pom to /root/projects/PassVault/audit-runtime-linux-android-compile01/gradle-home/.tmp/gradle_download13022422003576961068bin
Downloading https://repo.maven.apache.org/maven2/org/sonatype/oss/oss-parent/7/oss-parent-7.pom to /root/projects/PassVault/audit-runtime-linux-android-compile01/gradle-home/.tmp/gradle_download8594337887867842414bin
Downloading https://dl.google.com/dl/android/maven2/com/android/tools/analytics-library/shared/32.4.0/shared-32.4.0.pom to /root/projects/PassVault/audit-runtime-linux-android-compile01/gradle-home/.tmp/gradle_download4622877800477507593bin
Downloading https://dl.google.com/dl/android/maven2/com/android/tools/build/gradle-api/9.4.0/gradle-api-9.4.0.pom to /root/projects/PassVault/audit-runtime-linux-android-compile01/gradle-home/.tmp/gradle_download7707038614925924538bin
Downloading https://repo.maven.apache.org/maven2/org/tensorflow/tensorflow-lite-metadata/0.2.0/tensorflow-lite-metadata-0.2.0.pom to /root/projects/PassVault/audit-runtime-linux-android-compile01/gradle-home/.tmp/gradle_download15057783509581701108bin
Downloading https://repo.maven.apache.org/maven2/org/ow2/asm/asm-analysis/9.9/asm-analysis-9.9.pom to /root/projects/PassVault/audit-runtime-linux-android-compile01/gradle-home/.tmp/gradle_download10865290533246327678bin
Downloading https://repo.maven.apache.org/maven2/com/sun/xml/bind/mvn/jaxb-parent/2.3.2/jaxb-parent-2.3.2.pom to /root/projects/PassVault/audit-runtime-linux-android-compile01/gradle-home/.tmp/gradle_download12342454248155791161bin
Downloading https://repo.maven.apache.org/maven2/org/apache/httpcomponents/httpcomponents-parent/10/httpcomponents-parent-10.pom to /root/projects/PassVault/audit-runtime-linux-android-compile01/gradle-home/.tmp/gradle_download10247721735439745060bin
Downloading https://repo.maven.apache.org/maven2/org/apache/apache/31/apache-31.pom to /root/projects/PassVault/audit-runtime-linux-android-compile01/gradle-home/.tmp/gradle_download4970495518055258874bin
Resource missing. [HTTP GET: https://dl.google.com/dl/android/maven2/com/google/crypto/tink/tink/1.7.0/tink-1.7.0.pom]
Downloading https://dl.google.com/dl/android/maven2/com/android/tools/build/bundletool/1.18.3/bundletool-1.18.3.pom to /root/projects/PassVault/audit-runtime-linux-android-compile01/gradle-home/.tmp/gradle_download3830676065237063060bin
Downloading https://dl.google.com/dl/android/maven2/com/android/tools/sdk-common/32.4.0/sdk-common-32.4.0.pom to /root/projects/PassVault/audit-runtime-linux-android-compile01/gradle-home/.tmp/gradle_download11853039340531000642bin
Downloading https://dl.google.com/dl/android/maven2/com/android/tools/build/builder/9.4.0/builder-9.4.0.pom to /root/projects/PassVault/audit-runtime-linux-android-compile01/gradle-home/.tmp/gradle_download9984682380622031499bin
Downloading https://dl.google.com/dl/android/maven2/com/android/tools/lint/lint-typedef-remover/32.4.0/lint-typedef-remover-32.4.0.pom to /root/projects/PassVault/audit-runtime-linux-android-compile01/gradle-home/.tmp/gradle_download4056003313743180187bin
Downloading https://dl.google.com/dl/android/maven2/com/android/tools/build/aapt2-proto/9.4.0-15978811/aapt2-proto-9.4.0-15978811.pom to /root/projects/PassVault/audit-runtime-linux-android-compile01/gradle-home/.tmp/gradle_download9529993084393291568bin
Downloading https://dl.google.com/dl/android/maven2/com/android/tools/layoutlib/layoutlib-api/32.4.0/layoutlib-api-32.4.0.pom to /root/projects/PassVault/audit-runtime-linux-android-compile01/gradle-home/.tmp/gradle_download14182496236942528524bin
Downloading https://dl.google.com/dl/android/maven2/androidx/databinding/databinding-compiler-common/9.4.0/databinding-compiler-common-9.4.0.pom to /root/projects/PassVault/audit-runtime-linux-android-compile01/gradle-home/.tmp/gradle_download310945890164559467bin
Downloading https://dl.google.com/dl/android/maven2/com/android/tools/utp/gradle-work-action-api/32.4.0/gradle-work-action-api-32.4.0.pom to /root/projects/PassVault/audit-runtime-linux-android-compile01/gradle-home/.tmp/gradle_download12758608182776658195bin
Resource missing. [HTTP GET: https://dl.google.com/dl/android/maven2/com/google/protobuf/protobuf-java-util/3.25.5/protobuf-java-util-3.25.5.pom]
Downloading https://dl.google.com/dl/android/maven2/com/android/tools/analytics-library/crash/32.4.0/crash-32.4.0.pom to /root/projects/PassVault/audit-runtime-linux-android-compile01/gradle-home/.tmp/gradle_download7815042485429324106bin
Downloading https://dl.google.com/dl/android/maven2/com/android/tools/build/aaptcompiler/9.4.0/aaptcompiler-9.4.0.pom to /root/projects/PassVault/audit-runtime-linux-android-compile01/gradle-home/.tmp/gradle_download13989799872263158600bin
Downloading https://repo.maven.apache.org/maven2/com/sun/xml/bind/jaxb-bom-ext/2.3.2/jaxb-bom-ext-2.3.2.pom to /root/projects/PassVault/audit-runtime-linux-android-compile01/gradle-home/.tmp/gradle_download11470996695964587155bin
Downloading https://dl.google.com/dl/android/maven2/com/android/tools/build/jetifier/jetifier-core/1.0.0-beta10/jetifier-core-1.0.0-beta10.pom to /root/projects/PassVault/audit-runtime-linux-android-compile01/gradle-home/.tmp/gradle_download7592744387862620279bin
Downloading https://dl.google.com/dl/android/maven2/com/android/tools/sdklib/32.4.0/sdklib-32.4.0.pom to /root/projects/PassVault/audit-runtime-linux-android-compile01/gradle-home/.tmp/gradle_download10478261730055765689bin
Downloading https://dl.google.com/dl/android/maven2/androidx/databinding/databinding-common/9.4.0/databinding-common-9.4.0.pom to /root/projects/PassVault/audit-runtime-linux-android-compile01/gradle-home/.tmp/gradle_download5822479797570768046bin
Downloading https://dl.google.com/dl/android/maven2/com/android/tools/build/jetifier/jetifier-processor/1.0.0-beta10/jetifier-processor-1.0.0-beta10.pom to /root/projects/PassVault/audit-runtime-linux-android-compile01/gradle-home/.tmp/gradle_download6155057459431628076bin
Downloading https://dl.google.com/dl/android/maven2/com/android/tools/ddms/ddmlib/32.4.0/ddmlib-32.4.0.pom to /root/projects/PassVault/audit-runtime-linux-android-compile01/gradle-home/.tmp/gradle_download994379401878418418bin
Resource missing. [HTTP GET: https://dl.google.com/dl/android/maven2/com/google/protobuf/protobuf-java/3.25.5/protobuf-java-3.25.5.pom]
Downloading https://repo.maven.apache.org/maven2/org/apache/apache/18/apache-18.pom to /root/projects/PassVault/audit-runtime-linux-android-compile01/gradle-home/.tmp/gradle_download14258717832696321334bin
Downloading https://dl.google.com/dl/android/maven2/com/android/tools/lint/lint-model/32.4.0/lint-model-32.4.0.pom to /root/projects/PassVault/audit-runtime-linux-android-compile01/gradle-home/.tmp/gradle_download9334252049746485350bin
Downloading https://repo.maven.apache.org/maven2/org/junit/junit-bom/5.10.2/junit-bom-5.10.2.pom to /root/projects/PassVault/audit-runtime-linux-android-compile01/gradle-home/.tmp/gradle_download6660843557172331321bin
Downloading https://dl.google.com/dl/android/maven2/com/android/tools/build/builder-model/9.4.0/builder-model-9.4.0.pom to /root/projects/PassVault/audit-runtime-linux-android-compile01/gradle-home/.tmp/gradle_download6686719188725887627bin
Downloading https://dl.google.com/dl/android/maven2/com/android/tools/build/builder-test-api/9.4.0/builder-test-api-9.4.0.pom to /root/projects/PassVault/audit-runtime-linux-android-compile01/gradle-home/.tmp/gradle_download18273609802445057359bin
Resource missing. [HTTP GET: https://dl.google.com/dl/android/maven2/com/google/crypto/tink/tink/1.7.0/tink-1.7.0.pom]
Downloading https://dl.google.com/dl/android/maven2/com/android/tools/build/gradle-api/9.4.0/gradle-api-9.4.0.module to /root/projects/PassVault/audit-runtime-linux-android-compile01/gradle-home/.tmp/gradle_download8860117075779250446bin
Downloading https://dl.google.com/dl/android/maven2/com/android/tools/build/gradle-settings-api/9.4.0/gradle-settings-api-9.4.0.module to /root/projects/PassVault/audit-runtime-linux-android-compile01/gradle-home/.tmp/gradle_download5730563419675089446bin
Downloading https://repo.maven.apache.org/maven2/org/glassfish/jaxb/jaxb-bom/2.3.2/jaxb-bom-2.3.2.pom to /root/projects/PassVault/audit-runtime-linux-android-compile01/gradle-home/.tmp/gradle_download15352035994528185511bin
Downloading https://dl.google.com/dl/android/maven2/com/android/tools/build/builder/9.4.0/builder-9.4.0.module to /root/projects/PassVault/audit-runtime-linux-android-compile01/gradle-home/.tmp/gradle_download13186293164845608216bin
Resource missing. [HTTP GET: https://dl.google.com/dl/android/maven2/com/google/code/gson/gson/2.11.0/gson-2.11.0.pom]
Resource missing. [HTTP GET: https://dl.google.com/dl/android/maven2/com/google/protobuf/protobuf-java-util/3.25.5/protobuf-java-util-3.25.5.pom]
Downloading https://dl.google.com/dl/android/maven2/com/android/tools/build/jetifier/jetifier-processor/1.0.0-beta10/jetifier-processor-1.0.0-beta10.module to /root/projects/PassVault/audit-runtime-linux-android-compile01/gradle-home/.tmp/gradle_download5192087079520059116bin
Downloading https://dl.google.com/dl/android/maven2/com/android/tools/build/aaptcompiler/9.4.0/aaptcompiler-9.4.0.module to /root/projects/PassVault/audit-runtime-linux-android-compile01/gradle-home/.tmp/gradle_download5549271920291701355bin
Downloading https://dl.google.com/dl/android/maven2/com/android/tools/utp/gradle-work-action-api/32.4.0/gradle-work-action-api-32.4.0.module to /root/projects/PassVault/audit-runtime-linux-android-compile01/gradle-home/.tmp/gradle_download4485175441765017666bin
Downloading https://dl.google.com/dl/android/maven2/com/android/tools/build/jetifier/jetifier-core/1.0.0-beta10/jetifier-core-1.0.0-beta10.module to /root/projects/PassVault/audit-runtime-linux-android-compile01/gradle-home/.tmp/gradle_download8818431012094213738bin
Downloading https://repo.maven.apache.org/maven2/org/junit/junit-bom/5.10.2/junit-bom-5.10.2.module to /root/projects/PassVault/audit-runtime-linux-android-compile01/gradle-home/.tmp/gradle_download10830592611891113720bin
Resource missing. [HTTP GET: https://dl.google.com/dl/android/maven2/com/google/protobuf/protobuf-java/3.25.5/protobuf-java-3.25.5.pom]
Downloading https://dl.google.com/dl/android/maven2/com/android/tools/build/aapt2-proto/9.4.0-15978811/aapt2-proto-9.4.0-15978811.module to /root/projects/PassVault/audit-runtime-linux-android-compile01/gradle-home/.tmp/gradle_download13896358797304416648bin
Downloading https://dl.google.com/dl/android/maven2/com/android/tools/build/builder-model/9.4.0/builder-model-9.4.0.module to /root/projects/PassVault/audit-runtime-linux-android-compile01/gradle-home/.tmp/gradle_download6084592070047282389bin
Downloading https://dl.google.com/dl/android/maven2/com/android/tools/build/builder-test-api/9.4.0/builder-test-api-9.4.0.module to /root/projects/PassVault/audit-runtime-linux-android-compile01/gradle-home/.tmp/gradle_download12383817592910291967bin
Downloading https://repo.maven.apache.org/maven2/org/eclipse/ee4j/project/1.0.5/project-1.0.5.pom to /root/projects/PassVault/audit-runtime-linux-android-compile01/gradle-home/.tmp/gradle_download2425148862465472237bin
Downloading https://repo.maven.apache.org/maven2/com/google/crypto/tink/tink/1.7.0/tink-1.7.0.pom to /root/projects/PassVault/audit-runtime-linux-android-compile01/gradle-home/.tmp/gradle_download9617461894036716199bin
Downloading https://dl.google.com/dl/android/maven2/com/android/databinding/baseLibrary/9.4.0/baseLibrary-9.4.0.pom to /root/projects/PassVault/audit-runtime-linux-android-compile01/gradle-home/.tmp/gradle_download5020208798580391604bin
Downloading https://repo.maven.apache.org/maven2/com/google/protobuf/protobuf-java-util/3.25.5/protobuf-java-util-3.25.5.pom to /root/projects/PassVault/audit-runtime-linux-android-compile01/gradle-home/.tmp/gradle_download2884520510368796534bin
Resource missing. [HTTP GET: https://dl.google.com/dl/android/maven2/com/google/code/gson/gson/2.11.0/gson-2.11.0.pom]
Downloading https://repo.maven.apache.org/maven2/com/google/protobuf/protobuf-java/3.25.5/protobuf-java-3.25.5.pom to /root/projects/PassVault/audit-runtime-linux-android-compile01/gradle-home/.tmp/gradle_download1051381620001467667bin
Downloading https://repo.maven.apache.org/maven2/com/google/code/gson/gson/2.11.0/gson-2.11.0.pom to /root/projects/PassVault/audit-runtime-linux-android-compile01/gradle-home/.tmp/gradle_download5460097629578871788bin
Resource missing. [HTTP GET: https://dl.google.com/dl/android/maven2/com/google/protobuf/protobuf-parent/3.25.5/protobuf-parent-3.25.5.pom]
Resource missing. [HTTP GET: https://dl.google.com/dl/android/maven2/com/google/code/gson/gson-parent/2.11.0/gson-parent-2.11.0.pom]
Resource missing. [HTTP GET: https://dl.google.com/dl/android/maven2/com/google/protobuf/protobuf-parent/3.25.5/protobuf-parent-3.25.5.pom]
Downloading https://repo.maven.apache.org/maven2/com/google/protobuf/protobuf-parent/3.25.5/protobuf-parent-3.25.5.pom to /root/projects/PassVault/audit-runtime-linux-android-compile01/gradle-home/.tmp/gradle_download3275369185478508705bin
Resource missing. [HTTP GET: https://dl.google.com/dl/android/maven2/com/google/code/gson/gson-parent/2.11.0/gson-parent-2.11.0.pom]
Downloading https://repo.maven.apache.org/maven2/com/google/code/gson/gson-parent/2.11.0/gson-parent-2.11.0.pom to /root/projects/PassVault/audit-runtime-linux-android-compile01/gradle-home/.tmp/gradle_download15060329024502403641bin
Resource missing. [HTTP GET: https://dl.google.com/dl/android/maven2/com/google/protobuf/protobuf-bom/3.25.5/protobuf-bom-3.25.5.pom]
Resource missing. [HTTP GET: https://dl.google.com/dl/android/maven2/com/google/protobuf/protobuf-bom/3.25.5/protobuf-bom-3.25.5.pom]
Downloading https://repo.maven.apache.org/maven2/com/google/protobuf/protobuf-bom/3.25.5/protobuf-bom-3.25.5.pom to /root/projects/PassVault/audit-runtime-linux-android-compile01/gradle-home/.tmp/gradle_download12321614697527369960bin
Downloading https://repo.maven.apache.org/maven2/io/github/detekt/sarif4k/sarif4k/0.6.0/sarif4k-0.6.0.pom to /root/projects/PassVault/audit-runtime-linux-android-compile01/gradle-home/.tmp/gradle_download535951172636177149bin
Downloading https://repo.maven.apache.org/maven2/io/github/detekt/sarif4k/sarif4k/0.6.0/sarif4k-0.6.0.module to /root/projects/PassVault/audit-runtime-linux-android-compile01/gradle-home/.tmp/gradle_download15320911351429837211bin
Downloading https://repo.maven.apache.org/maven2/org/jetbrains/kotlin/kotlin-build-tools-api/2.4.10/kotlin-build-tools-api-2.4.10.pom to /root/projects/PassVault/audit-runtime-linux-android-compile01/gradle-home/.tmp/gradle_download1217948336502171401bin
Downloading https://repo.maven.apache.org/maven2/org/jetbrains/kotlin/kotlin-gradle-plugin-annotations/2.4.10/kotlin-gradle-plugin-annotations-2.4.10.pom to /root/projects/PassVault/audit-runtime-linux-android-compile01/gradle-home/.tmp/gradle_download17943058661877212561bin
Downloading https://repo.maven.apache.org/maven2/org/jetbrains/kotlin/kotlin-tooling-core/2.4.10/kotlin-tooling-core-2.4.10.pom to /root/projects/PassVault/audit-runtime-linux-android-compile01/gradle-home/.tmp/gradle_download6210530504672339112bin
Downloading https://repo.maven.apache.org/maven2/org/jetbrains/kotlin/kotlin-native-utils/2.4.10/kotlin-native-utils-2.4.10.pom to /root/projects/PassVault/audit-runtime-linux-android-compile01/gradle-home/.tmp/gradle_download1814548638371868336bin
Downloading https://repo.maven.apache.org/maven2/org/jetbrains/kotlin/kotlin-util-io/2.4.10/kotlin-util-io-2.4.10.pom to /root/projects/PassVault/audit-runtime-linux-android-compile01/gradle-home/.tmp/gradle_download8139519750260503501bin
Downloading https://repo.maven.apache.org/maven2/org/jetbrains/kotlin/kotlin-util-klib/2.4.10/kotlin-util-klib-2.4.10.pom to /root/projects/PassVault/audit-runtime-linux-android-compile01/gradle-home/.tmp/gradle_download13179759515931163852bin
Downloading https://repo.maven.apache.org/maven2/org/jetbrains/kotlin/kotlin-daemon-client/2.4.10/kotlin-daemon-client-2.4.10.pom to /root/projects/PassVault/audit-runtime-linux-android-compile01/gradle-home/.tmp/gradle_download9818707304645375043bin
Downloading https://repo.maven.apache.org/maven2/org/jetbrains/kotlinx/kotlinx-coroutines-core-jvm/1.8.0/kotlinx-coroutines-core-jvm-1.8.0.pom to /root/projects/PassVault/audit-runtime-linux-android-compile01/gradle-home/.tmp/gradle_download15406214434049218545bin
Downloading https://repo.maven.apache.org/maven2/org/jetbrains/kotlinx/kotlinx-coroutines-bom/1.8.0/kotlinx-coroutines-bom-1.8.0.pom to /root/projects/PassVault/audit-runtime-linux-android-compile01/gradle-home/.tmp/gradle_download13555121543720714082bin
Downloading https://repo.maven.apache.org/maven2/org/jetbrains/kotlinx/kotlinx-coroutines-core-jvm/1.8.0/kotlinx-coroutines-core-jvm-1.8.0.module to /root/projects/PassVault/audit-runtime-linux-android-compile01/gradle-home/.tmp/gradle_download9120511129720358913bin
Downloading https://repo.maven.apache.org/maven2/org/jetbrains/annotations/13.0/annotations-13.0.pom to /root/projects/PassVault/audit-runtime-linux-android-compile01/gradle-home/.tmp/gradle_download5578389157283968350bin
Downloading https://dl.google.com/dl/android/maven2/com/android/tools/build/gradle-common-api/9.4.0/gradle-common-api-9.4.0.pom to /root/projects/PassVault/audit-runtime-linux-android-compile01/gradle-home/.tmp/gradle_download10650933653261939008bin
Downloading https://dl.google.com/dl/android/maven2/com/android/tools/build/gradle-common-api/9.4.0/gradle-common-api-9.4.0.module to /root/projects/PassVault/audit-runtime-linux-android-compile01/gradle-home/.tmp/gradle_download13333920197177816827bin
Downloading https://repo.maven.apache.org/maven2/org/apache/commons/commons-compress/1.27.1/commons-compress-1.27.1.pom to /root/projects/PassVault/audit-runtime-linux-android-compile01/gradle-home/.tmp/gradle_download18160592350441350219bin
Downloading https://repo.maven.apache.org/maven2/org/bouncycastle/bcprov-jdk18on/1.80.2/bcprov-jdk18on-1.80.2.pom to /root/projects/PassVault/audit-runtime-linux-android-compile01/gradle-home/.tmp/gradle_download10969356896949289381bin
Downloading https://repo.maven.apache.org/maven2/net/sf/kxml/kxml2/2.3.0/kxml2-2.3.0.pom to /root/projects/PassVault/audit-runtime-linux-android-compile01/gradle-home/.tmp/gradle_download14155803744972924461bin
Downloading https://repo.maven.apache.org/maven2/org/bouncycastle/bcpkix-jdk18on/1.80.2/bcpkix-jdk18on-1.80.2.pom to /root/projects/PassVault/audit-runtime-linux-android-compile01/gradle-home/.tmp/gradle_download3207443933259114224bin
Downloading https://repo.maven.apache.org/maven2/javax/inject/javax.inject/1/javax.inject-1.pom to /root/projects/PassVault/audit-runtime-linux-android-compile01/gradle-home/.tmp/gradle_download1941173084197210893bin
Resource missing. [HTTP GET: https://dl.google.com/dl/android/maven2/com/google/guava/guava/33.4.0-jre/guava-33.4.0-jre.pom]
Downloading https://dl.google.com/dl/android/maven2/com/android/tools/common/32.4.0/common-32.4.0.pom to /root/projects/PassVault/audit-runtime-linux-android-compile01/gradle-home/.tmp/gradle_download4406509703956137915bin
Downloading https://repo.maven.apache.org/maven2/org/apache/commons/commons-parent/72/commons-parent-72.pom to /root/projects/PassVault/audit-runtime-linux-android-compile01/gradle-home/.tmp/gradle_download11401580976399757829bin
Resource missing. [HTTP GET: https://dl.google.com/dl/android/maven2/com/google/guava/guava/33.4.0-jre/guava-33.4.0-jre.pom]
Downloading https://repo.maven.apache.org/maven2/org/apache/apache/33/apache-33.pom to /root/projects/PassVault/audit-runtime-linux-android-compile01/gradle-home/.tmp/gradle_download3103179370320983717bin
Downloading https://repo.maven.apache.org/maven2/com/google/guava/guava/33.4.0-jre/guava-33.4.0-jre.pom to /root/projects/PassVault/audit-runtime-linux-android-compile01/gradle-home/.tmp/gradle_download14861654548217022693bin
Downloading https://repo.maven.apache.org/maven2/org/junit/junit-bom/5.11.0-M2/junit-bom-5.11.0-M2.pom to /root/projects/PassVault/audit-runtime-linux-android-compile01/gradle-home/.tmp/gradle_download2619433791168066734bin
Resource missing. [HTTP GET: https://dl.google.com/dl/android/maven2/com/google/guava/guava-parent/33.4.0-jre/guava-parent-33.4.0-jre.pom]
Downloading https://repo.maven.apache.org/maven2/org/junit/junit-bom/5.11.0-M2/junit-bom-5.11.0-M2.module to /root/projects/PassVault/audit-runtime-linux-android-compile01/gradle-home/.tmp/gradle_download10418670094992825929bin
Resource missing. [HTTP GET: https://dl.google.com/dl/android/maven2/com/google/guava/guava-parent/33.4.0-jre/guava-parent-33.4.0-jre.pom]
Downloading https://repo.maven.apache.org/maven2/com/google/guava/guava-parent/33.4.0-jre/guava-parent-33.4.0-jre.pom to /root/projects/PassVault/audit-runtime-linux-android-compile01/gradle-home/.tmp/gradle_download10443493554503444918bin
Downloading https://repo.maven.apache.org/maven2/com/google/guava/guava/33.4.0-jre/guava-33.4.0-jre.module to /root/projects/PassVault/audit-runtime-linux-android-compile01/gradle-home/.tmp/gradle_download5987019234393554236bin
Downloading https://repo.maven.apache.org/maven2/org/jetbrains/kotlin/kotlin-reflect/2.4.0/kotlin-reflect-2.4.0.pom to /root/projects/PassVault/audit-runtime-linux-android-compile01/gradle-home/.tmp/gradle_download16186147641708075296bin
Downloading https://repo.maven.apache.org/maven2/org/apache/httpcomponents/httpcore/4.4.16/httpcore-4.4.16.pom to /root/projects/PassVault/audit-runtime-linux-android-compile01/gradle-home/.tmp/gradle_download4389063824093697471bin
Downloading https://dl.google.com/dl/android/maven2/com/android/tools/dvlib/32.4.0/dvlib-32.4.0.pom to /root/projects/PassVault/audit-runtime-linux-android-compile01/gradle-home/.tmp/gradle_download13818296147085169912bin
Downloading https://repo.maven.apache.org/maven2/org/apache/httpcomponents/httpcomponents-core/4.4.16/httpcomponents-core-4.4.16.pom to /root/projects/PassVault/audit-runtime-linux-android-compile01/gradle-home/.tmp/gradle_download8491981722161234845bin
Downloading https://repo.maven.apache.org/maven2/org/apache/httpcomponents/httpcomponents-parent/11/httpcomponents-parent-11.pom to /root/projects/PassVault/audit-runtime-linux-android-compile01/gradle-home/.tmp/gradle_download15364322913849515599bin
Downloading https://repo.maven.apache.org/maven2/org/apache/apache/21/apache-21.pom to /root/projects/PassVault/audit-runtime-linux-android-compile01/gradle-home/.tmp/gradle_download213863944608742625bin
Downloading https://repo.maven.apache.org/maven2/org/jetbrains/kotlinx/kotlinx-coroutines-core/1.9.0/kotlinx-coroutines-core-1.9.0.pom to /root/projects/PassVault/audit-runtime-linux-android-compile01/gradle-home/.tmp/gradle_download17447198420423469647bin
Downloading https://repo.maven.apache.org/maven2/org/jetbrains/kotlin/kotlin-stdlib-jdk8/2.2.10/kotlin-stdlib-jdk8-2.2.10.pom to /root/projects/PassVault/audit-runtime-linux-android-compile01/gradle-home/.tmp/gradle_download16940772703055157649bin
Resource missing. [HTTP GET: https://dl.google.com/dl/android/maven2/com/google/jimfs/jimfs/1.1/jimfs-1.1.pom]
Downloading https://repo.maven.apache.org/maven2/org/jetbrains/kotlinx/kotlinx-coroutines-bom/1.9.0/kotlinx-coroutines-bom-1.9.0.pom to /root/projects/PassVault/audit-runtime-linux-android-compile01/gradle-home/.tmp/gradle_download15096564655419386176bin
Resource missing. [HTTP GET: https://dl.google.com/dl/android/maven2/com/google/jimfs/jimfs/1.1/jimfs-1.1.pom]
Downloading https://repo.maven.apache.org/maven2/org/jetbrains/kotlinx/kotlinx-coroutines-core/1.9.0/kotlinx-coroutines-core-1.9.0.module to /root/projects/PassVault/audit-runtime-linux-android-compile01/gradle-home/.tmp/gradle_download13895242009488848279bin
Downloading https://repo.maven.apache.org/maven2/com/google/jimfs/jimfs/1.1/jimfs-1.1.pom to /root/projects/PassVault/audit-runtime-linux-android-compile01/gradle-home/.tmp/gradle_download17630580515444796203bin
Resource missing. [HTTP GET: https://dl.google.com/dl/android/maven2/com/google/jimfs/jimfs-parent/1.1/jimfs-parent-1.1.pom]
Resource missing. [HTTP GET: https://dl.google.com/dl/android/maven2/com/google/jimfs/jimfs-parent/1.1/jimfs-parent-1.1.pom]
Downloading https://repo.maven.apache.org/maven2/com/google/jimfs/jimfs-parent/1.1/jimfs-parent-1.1.pom to /root/projects/PassVault/audit-runtime-linux-android-compile01/gradle-home/.tmp/gradle_download5470560653319111719bin
Downloading https://repo.maven.apache.org/maven2/org/apache/httpcomponents/httpclient/4.5.14/httpclient-4.5.14.pom to /root/projects/PassVault/audit-runtime-linux-android-compile01/gradle-home/.tmp/gradle_download12780235544619799087bin
Downloading https://dl.google.com/dl/android/maven2/com/android/tools/annotations/32.4.0/annotations-32.4.0.pom to /root/projects/PassVault/audit-runtime-linux-android-compile01/gradle-home/.tmp/gradle_download16252350442415842528bin
Downloading https://repo.maven.apache.org/maven2/org/apache/httpcomponents/httpcomponents-client/4.5.14/httpcomponents-client-4.5.14.pom to /root/projects/PassVault/audit-runtime-linux-android-compile01/gradle-home/.tmp/gradle_download17213043356723668269bin
Downloading https://repo.maven.apache.org/maven2/net/java/dev/jna/jna-platform/5.6.0/jna-platform-5.6.0.pom to /root/projects/PassVault/audit-runtime-linux-android-compile01/gradle-home/.tmp/gradle_download1886069337947045398bin
Downloading https://dl.google.com/dl/android/maven2/com/android/tools/analytics-library/protos/32.4.0/protos-32.4.0.pom to /root/projects/PassVault/audit-runtime-linux-android-compile01/gradle-home/.tmp/gradle_download405877365958959541bin
Resource missing. [HTTP GET: https://dl.google.com/dl/android/maven2/com/googlecode/juniversalchardet/juniversalchardet/1.0.3/juniversalchardet-1.0.3.pom]
Resource missing. [HTTP GET: https://dl.google.com/dl/android/maven2/com/googlecode/juniversalchardet/juniversalchardet/1.0.3/juniversalchardet-1.0.3.pom]
Downloading https://repo.maven.apache.org/maven2/com/googlecode/juniversalchardet/juniversalchardet/1.0.3/juniversalchardet-1.0.3.pom to /root/projects/PassVault/audit-runtime-linux-android-compile01/gradle-home/.tmp/gradle_download2728830530998731459bin
Downloading https://repo.maven.apache.org/maven2/org/ow2/asm/asm-tree/9.9/asm-tree-9.9.pom to /root/projects/PassVault/audit-runtime-linux-android-compile01/gradle-home/.tmp/gradle_download5102143119075462793bin
Downloading https://repo.maven.apache.org/maven2/org/jvnet/staxex/stax-ex/1.8.1/stax-ex-1.8.1.pom to /root/projects/PassVault/audit-runtime-linux-android-compile01/gradle-home/.tmp/gradle_download4914970943416758817bin
Downloading https://repo.maven.apache.org/maven2/com/sun/xml/fastinfoset/FastInfoset/1.2.16/FastInfoset-1.2.16.pom to /root/projects/PassVault/audit-runtime-linux-android-compile01/gradle-home/.tmp/gradle_download12965207941036502114bin
Downloading https://repo.maven.apache.org/maven2/jakarta/activation/jakarta.activation-api/1.2.1/jakarta.activation-api-1.2.1.pom to /root/projects/PassVault/audit-runtime-linux-android-compile01/gradle-home/.tmp/gradle_download1684657597856605645bin
Downloading https://repo.maven.apache.org/maven2/jakarta/xml/bind/jakarta.xml.bind-api/2.3.2/jakarta.xml.bind-api-2.3.2.pom to /root/projects/PassVault/audit-runtime-linux-android-compile01/gradle-home/.tmp/gradle_download8291107723741250546bin
Downloading https://repo.maven.apache.org/maven2/com/sun/istack/istack-commons-runtime/3.0.8/istack-commons-runtime-3.0.8.pom to /root/projects/PassVault/audit-runtime-linux-android-compile01/gradle-home/.tmp/gradle_download2335620125821939244bin
Downloading https://repo.maven.apache.org/maven2/org/glassfish/jaxb/txw2/2.3.2/txw2-2.3.2.pom to /root/projects/PassVault/audit-runtime-linux-android-compile01/gradle-home/.tmp/gradle_download16914705350220253571bin
Downloading https://repo.maven.apache.org/maven2/com/sun/xml/fastinfoset/fastinfoset-project/1.2.16/fastinfoset-project-1.2.16.pom to /root/projects/PassVault/audit-runtime-linux-android-compile01/gradle-home/.tmp/gradle_download14664836768940846973bin
Downloading https://repo.maven.apache.org/maven2/com/sun/istack/istack-commons/3.0.8/istack-commons-3.0.8.pom to /root/projects/PassVault/audit-runtime-linux-android-compile01/gradle-home/.tmp/gradle_download4657531971127621052bin
Downloading https://repo.maven.apache.org/maven2/com/sun/xml/bind/mvn/jaxb-txw-parent/2.3.2/jaxb-txw-parent-2.3.2.pom to /root/projects/PassVault/audit-runtime-linux-android-compile01/gradle-home/.tmp/gradle_download18148537224686577057bin
Downloading https://repo.maven.apache.org/maven2/com/sun/activation/all/1.2.1/all-1.2.1.pom to /root/projects/PassVault/audit-runtime-linux-android-compile01/gradle-home/.tmp/gradle_download2158482392155518919bin
Downloading https://repo.maven.apache.org/maven2/jakarta/xml/bind/jakarta.xml.bind-api-parent/2.3.2/jakarta.xml.bind-api-parent-2.3.2.pom to /root/projects/PassVault/audit-runtime-linux-android-compile01/gradle-home/.tmp/gradle_download3817269457813339777bin
Downloading https://repo.maven.apache.org/maven2/org/eclipse/ee4j/project/1.0.2/project-1.0.2.pom to /root/projects/PassVault/audit-runtime-linux-android-compile01/gradle-home/.tmp/gradle_download6368399177601872275bin
Downloading https://repo.maven.apache.org/maven2/org/bitbucket/b_c/jose4j/0.9.5/jose4j-0.9.5.pom to /root/projects/PassVault/audit-runtime-linux-android-compile01/gradle-home/.tmp/gradle_download8354408326115272799bin
Downloading https://repo.maven.apache.org/maven2/org/slf4j/slf4j-api/1.7.30/slf4j-api-1.7.30.pom to /root/projects/PassVault/audit-runtime-linux-android-compile01/gradle-home/.tmp/gradle_download10635869087507265696bin
Resource missing. [HTTP GET: https://dl.google.com/dl/android/maven2/com/google/dagger/dagger/2.28.3/dagger-2.28.3.pom]
Resource missing. [HTTP GET: https://dl.google.com/dl/android/maven2/com/google/auto/value/auto-value-annotations/1.6.2/auto-value-annotations-1.6.2.pom]
Resource missing. [HTTP GET: https://dl.google.com/dl/android/maven2/com/google/errorprone/error_prone_annotations/2.3.1/error_prone_annotations-2.3.1.pom]
Downloading https://repo.maven.apache.org/maven2/org/slf4j/slf4j-parent/1.7.30/slf4j-parent-1.7.30.pom to /root/projects/PassVault/audit-runtime-linux-android-compile01/gradle-home/.tmp/gradle_download1763951208967311291bin
Resource missing. [HTTP GET: https://dl.google.com/dl/android/maven2/com/google/errorprone/error_prone_annotations/2.3.1/error_prone_annotations-2.3.1.pom]
Resource missing. [HTTP GET: https://dl.google.com/dl/android/maven2/com/google/dagger/dagger/2.28.3/dagger-2.28.3.pom]
Resource missing. [HTTP GET: https://dl.google.com/dl/android/maven2/com/google/auto/value/auto-value-annotations/1.6.2/auto-value-annotations-1.6.2.pom]
Downloading https://repo.maven.apache.org/maven2/com/google/dagger/dagger/2.28.3/dagger-2.28.3.pom to /root/projects/PassVault/audit-runtime-linux-android-compile01/gradle-home/.tmp/gradle_download14799970210548475645bin
Downloading https://repo.maven.apache.org/maven2/com/google/errorprone/error_prone_annotations/2.3.1/error_prone_annotations-2.3.1.pom to /root/projects/PassVault/audit-runtime-linux-android-compile01/gradle-home/.tmp/gradle_download9541617300946078671bin
Downloading https://repo.maven.apache.org/maven2/com/google/auto/value/auto-value-annotations/1.6.2/auto-value-annotations-1.6.2.pom to /root/projects/PassVault/audit-runtime-linux-android-compile01/gradle-home/.tmp/gradle_download9261859996568815688bin
Resource missing. [HTTP GET: https://dl.google.com/dl/android/maven2/com/google/errorprone/error_prone_parent/2.3.1/error_prone_parent-2.3.1.pom]
Resource missing. [HTTP GET: https://dl.google.com/dl/android/maven2/com/google/auto/value/auto-value-parent/1.6.2/auto-value-parent-1.6.2.pom]
Resource missing. [HTTP GET: https://dl.google.com/dl/android/maven2/com/google/errorprone/error_prone_parent/2.3.1/error_prone_parent-2.3.1.pom]
Resource missing. [HTTP GET: https://dl.google.com/dl/android/maven2/com/google/auto/value/auto-value-parent/1.6.2/auto-value-parent-1.6.2.pom]
Downloading https://repo.maven.apache.org/maven2/com/google/errorprone/error_prone_parent/2.3.1/error_prone_parent-2.3.1.pom to /root/projects/PassVault/audit-runtime-linux-android-compile01/gradle-home/.tmp/gradle_download6431355836555356070bin
Downloading https://repo.maven.apache.org/maven2/com/google/auto/value/auto-value-parent/1.6.2/auto-value-parent-1.6.2.pom to /root/projects/PassVault/audit-runtime-linux-android-compile01/gradle-home/.tmp/gradle_download5821914848061430372bin
Resource missing. [HTTP GET: https://dl.google.com/dl/android/maven2/com/google/auto/auto-parent/6/auto-parent-6.pom]
Resource missing. [HTTP GET: https://dl.google.com/dl/android/maven2/com/google/auto/auto-parent/6/auto-parent-6.pom]
Downloading https://repo.maven.apache.org/maven2/com/google/auto/auto-parent/6/auto-parent-6.pom to /root/projects/PassVault/audit-runtime-linux-android-compile01/gradle-home/.tmp/gradle_download2377285854523950280bin
Downloading https://repo.maven.apache.org/maven2/org/jdom/jdom2/2.0.6/jdom2-2.0.6.pom to /root/projects/PassVault/audit-runtime-linux-android-compile01/gradle-home/.tmp/gradle_download9463810458852760291bin
Resource missing. [HTTP GET: https://dl.google.com/dl/android/maven2/com/google/errorprone/error_prone_annotations/2.18.0/error_prone_annotations-2.18.0.pom]
Resource missing. [HTTP GET: https://dl.google.com/dl/android/maven2/com/google/errorprone/error_prone_annotations/2.18.0/error_prone_annotations-2.18.0.pom]
Downloading https://repo.maven.apache.org/maven2/com/google/errorprone/error_prone_annotations/2.18.0/error_prone_annotations-2.18.0.pom to /root/projects/PassVault/audit-runtime-linux-android-compile01/gradle-home/.tmp/gradle_download5000437294788700930bin
Resource missing. [HTTP GET: https://dl.google.com/dl/android/maven2/com/google/errorprone/error_prone_parent/2.18.0/error_prone_parent-2.18.0.pom]
Resource missing. [HTTP GET: https://dl.google.com/dl/android/maven2/com/google/errorprone/error_prone_parent/2.18.0/error_prone_parent-2.18.0.pom]
Downloading https://repo.maven.apache.org/maven2/com/google/errorprone/error_prone_parent/2.18.0/error_prone_parent-2.18.0.pom to /root/projects/PassVault/audit-runtime-linux-android-compile01/gradle-home/.tmp/gradle_download11444998600955752197bin
Resource missing. [HTTP GET: https://dl.google.com/dl/android/maven2/com/google/j2objc/j2objc-annotations/2.8/j2objc-annotations-2.8.pom]
Resource missing. [HTTP GET: https://dl.google.com/dl/android/maven2/com/google/code/findbugs/jsr305/3.0.2/jsr305-3.0.2.pom]
Resource missing. [HTTP GET: https://dl.google.com/dl/android/maven2/com/google/j2objc/j2objc-annotations/2.8/j2objc-annotations-2.8.pom]
Resource missing. [HTTP GET: https://dl.google.com/dl/android/maven2/com/google/code/findbugs/jsr305/3.0.2/jsr305-3.0.2.pom]
Downloading https://repo.maven.apache.org/maven2/com/google/j2objc/j2objc-annotations/2.8/j2objc-annotations-2.8.pom to /root/projects/PassVault/audit-runtime-linux-android-compile01/gradle-home/.tmp/gradle_download10141642279999607726bin
Downloading https://repo.maven.apache.org/maven2/com/google/code/findbugs/jsr305/3.0.2/jsr305-3.0.2.pom to /root/projects/PassVault/audit-runtime-linux-android-compile01/gradle-home/.tmp/gradle_download15836166959026642456bin
Downloading https://repo.maven.apache.org/maven2/org/sonatype/oss/oss-parent/9/oss-parent-9.pom to /root/projects/PassVault/audit-runtime-linux-android-compile01/gradle-home/.tmp/gradle_download15874331257701728195bin
Resource missing. [HTTP GET: https://dl.google.com/dl/android/maven2/com/google/errorprone/error_prone_annotations/2.27.0/error_prone_annotations-2.27.0.pom]
Resource missing. [HTTP GET: https://dl.google.com/dl/android/maven2/com/google/errorprone/error_prone_annotations/2.27.0/error_prone_annotations-2.27.0.pom]
Downloading https://repo.maven.apache.org/maven2/com/google/errorprone/error_prone_annotations/2.27.0/error_prone_annotations-2.27.0.pom to /root/projects/PassVault/audit-runtime-linux-android-compile01/gradle-home/.tmp/gradle_download14392373504151924238bin
Resource missing. [HTTP GET: https://dl.google.com/dl/android/maven2/com/google/errorprone/error_prone_parent/2.27.0/error_prone_parent-2.27.0.pom]
Resource missing. [HTTP GET: https://dl.google.com/dl/android/maven2/com/google/errorprone/error_prone_parent/2.27.0/error_prone_parent-2.27.0.pom]
Downloading https://repo.maven.apache.org/maven2/com/google/errorprone/error_prone_parent/2.27.0/error_prone_parent-2.27.0.pom to /root/projects/PassVault/audit-runtime-linux-android-compile01/gradle-home/.tmp/gradle_download9956519829961297314bin
Downloading https://repo.maven.apache.org/maven2/org/checkerframework/checker-qual/2.5.8/checker-qual-2.5.8.pom to /root/projects/PassVault/audit-runtime-linux-android-compile01/gradle-home/.tmp/gradle_download8834341238555136674bin
Resource missing. [HTTP GET: https://dl.google.com/dl/android/maven2/com/google/flatbuffers/flatbuffers-java/1.12.0/flatbuffers-java-1.12.0.pom]
Resource missing. [HTTP GET: https://dl.google.com/dl/android/maven2/com/google/flatbuffers/flatbuffers-java/1.12.0/flatbuffers-java-1.12.0.pom]
Downloading https://repo.maven.apache.org/maven2/com/google/flatbuffers/flatbuffers-java/1.12.0/flatbuffers-java-1.12.0.pom to /root/projects/PassVault/audit-runtime-linux-android-compile01/gradle-home/.tmp/gradle_download14464315380077736931bin
Downloading https://repo.maven.apache.org/maven2/com/squareup/javawriter/2.5.0/javawriter-2.5.0.pom to /root/projects/PassVault/audit-runtime-linux-android-compile01/gradle-home/.tmp/gradle_download2359294833247718020bin
Downloading https://dl.google.com/dl/android/maven2/com/android/signflinger/9.4.0/signflinger-9.4.0.pom to /root/projects/PassVault/audit-runtime-linux-android-compile01/gradle-home/.tmp/gradle_download12845783748882363436bin
Downloading https://dl.google.com/dl/android/maven2/com/android/tools/build/apkzlib/9.4.0/apkzlib-9.4.0.pom to /root/projects/PassVault/audit-runtime-linux-android-compile01/gradle-home/.tmp/gradle_download2381935241917660184bin
Downloading https://dl.google.com/dl/android/maven2/com/android/zipflinger/9.4.0/zipflinger-9.4.0.pom to /root/projects/PassVault/audit-runtime-linux-android-compile01/gradle-home/.tmp/gradle_download15272465441009721815bin
Downloading https://dl.google.com/dl/android/maven2/com/android/tools/build/apksig/9.4.0/apksig-9.4.0.pom to /root/projects/PassVault/audit-runtime-linux-android-compile01/gradle-home/.tmp/gradle_download13792937003931294775bin
Downloading https://dl.google.com/dl/android/maven2/com/android/tools/analytics-library/tracker/32.4.0/tracker-32.4.0.pom to /root/projects/PassVault/audit-runtime-linux-android-compile01/gradle-home/.tmp/gradle_download4491778460078824807bin
Downloading https://dl.google.com/dl/android/maven2/com/android/tools/build/manifest-merger/32.4.0/manifest-merger-32.4.0.pom to /root/projects/PassVault/audit-runtime-linux-android-compile01/gradle-home/.tmp/gradle_download1854511947359069850bin
Downloading https://dl.google.com/dl/android/maven2/com/android/tools/build/manifest-merger/32.4.0/manifest-merger-32.4.0.module to /root/projects/PassVault/audit-runtime-linux-android-compile01/gradle-home/.tmp/gradle_download16267862327788016575bin
Downloading https://repo.maven.apache.org/maven2/io/github/detekt/sarif4k/sarif4k-jvm/0.6.0/sarif4k-jvm-0.6.0.pom to /root/projects/PassVault/audit-runtime-linux-android-compile01/gradle-home/.tmp/gradle_download7096136028556807342bin
Downloading https://repo.maven.apache.org/maven2/io/github/detekt/sarif4k/sarif4k-jvm/0.6.0/sarif4k-jvm-0.6.0.module to /root/projects/PassVault/audit-runtime-linux-android-compile01/gradle-home/.tmp/gradle_download8741292448375083789bin
Downloading https://repo.maven.apache.org/maven2/org/checkerframework/checker-qual/3.43.0/checker-qual-3.43.0.pom to /root/projects/PassVault/audit-runtime-linux-android-compile01/gradle-home/.tmp/gradle_download13779272215668775807bin
Downloading https://repo.maven.apache.org/maven2/org/checkerframework/checker-qual/3.43.0/checker-qual-3.43.0.module to /root/projects/PassVault/audit-runtime-linux-android-compile01/gradle-home/.tmp/gradle_download4454059461151529730bin
Resource missing. [HTTP GET: https://dl.google.com/dl/android/maven2/com/google/errorprone/error_prone_annotations/2.36.0/error_prone_annotations-2.36.0.pom]
Resource missing. [HTTP GET: https://dl.google.com/dl/android/maven2/com/google/errorprone/error_prone_annotations/2.36.0/error_prone_annotations-2.36.0.pom]
Downloading https://repo.maven.apache.org/maven2/com/google/errorprone/error_prone_annotations/2.36.0/error_prone_annotations-2.36.0.pom to /root/projects/PassVault/audit-runtime-linux-android-compile01/gradle-home/.tmp/gradle_download11900471193282024306bin
Resource missing. [HTTP GET: https://dl.google.com/dl/android/maven2/com/google/errorprone/error_prone_parent/2.36.0/error_prone_parent-2.36.0.pom]
Resource missing. [HTTP GET: https://dl.google.com/dl/android/maven2/com/google/errorprone/error_prone_parent/2.36.0/error_prone_parent-2.36.0.pom]
Downloading https://repo.maven.apache.org/maven2/com/google/errorprone/error_prone_parent/2.36.0/error_prone_parent-2.36.0.pom to /root/projects/PassVault/audit-runtime-linux-android-compile01/gradle-home/.tmp/gradle_download5202341898938326668bin
Resource missing. [HTTP GET: https://dl.google.com/dl/android/maven2/com/google/j2objc/j2objc-annotations/3.0.0/j2objc-annotations-3.0.0.pom]
Resource missing. [HTTP GET: https://dl.google.com/dl/android/maven2/com/google/j2objc/j2objc-annotations/3.0.0/j2objc-annotations-3.0.0.pom]
Downloading https://repo.maven.apache.org/maven2/com/google/j2objc/j2objc-annotations/3.0.0/j2objc-annotations-3.0.0.pom to /root/projects/PassVault/audit-runtime-linux-android-compile01/gradle-home/.tmp/gradle_download18011798263181159394bin
Resource missing. [HTTP GET: https://dl.google.com/dl/android/maven2/com/google/guava/failureaccess/1.0.2/failureaccess-1.0.2.pom]
Resource missing. [HTTP GET: https://dl.google.com/dl/android/maven2/com/google/guava/listenablefuture/9999.0-empty-to-avoid-conflict-with-guava/listenablefuture-9999.0-empty-to-avoid-conflict-with-guava.pom]
Resource missing. [HTTP GET: https://dl.google.com/dl/android/maven2/com/google/guava/failureaccess/1.0.2/failureaccess-1.0.2.pom]
Resource missing. [HTTP GET: https://dl.google.com/dl/android/maven2/com/google/guava/listenablefuture/9999.0-empty-to-avoid-conflict-with-guava/listenablefuture-9999.0-empty-to-avoid-conflict-with-guava.pom]
Downloading https://repo.maven.apache.org/maven2/com/google/guava/listenablefuture/9999.0-empty-to-avoid-conflict-with-guava/listenablefuture-9999.0-empty-to-avoid-conflict-with-guava.pom to /root/projects/PassVault/audit-runtime-linux-android-compile01/gradle-home/.tmp/gradle_download2304644889276077597bin
Downloading https://repo.maven.apache.org/maven2/com/google/guava/failureaccess/1.0.2/failureaccess-1.0.2.pom to /root/projects/PassVault/audit-runtime-linux-android-compile01/gradle-home/.tmp/gradle_download9713177234670922405bin
Resource missing. [HTTP GET: https://dl.google.com/dl/android/maven2/com/google/guava/guava-parent/26.0-android/guava-parent-26.0-android.pom]
Resource missing. [HTTP GET: https://dl.google.com/dl/android/maven2/com/google/guava/guava-parent/26.0-android/guava-parent-26.0-android.pom]
Downloading https://repo.maven.apache.org/maven2/com/google/guava/guava-parent/26.0-android/guava-parent-26.0-android.pom to /root/projects/PassVault/audit-runtime-linux-android-compile01/gradle-home/.tmp/gradle_download10400126953994048411bin
Downloading https://repo.maven.apache.org/maven2/commons-codec/commons-codec/1.17.1/commons-codec-1.17.1.pom to /root/projects/PassVault/audit-runtime-linux-android-compile01/gradle-home/.tmp/gradle_download11303756122373057788bin
Downloading https://repo.maven.apache.org/maven2/org/apache/commons/commons-lang3/3.16.0/commons-lang3-3.16.0.pom to /root/projects/PassVault/audit-runtime-linux-android-compile01/gradle-home/.tmp/gradle_download7279390456328924949bin
Downloading https://repo.maven.apache.org/maven2/org/apache/commons/commons-parent/71/commons-parent-71.pom to /root/projects/PassVault/audit-runtime-linux-android-compile01/gradle-home/.tmp/gradle_download12689874894353753989bin
Downloading https://repo.maven.apache.org/maven2/org/apache/apache/32/apache-32.pom to /root/projects/PassVault/audit-runtime-linux-android-compile01/gradle-home/.tmp/gradle_download11790118730232615422bin
Downloading https://repo.maven.apache.org/maven2/org/bouncycastle/bcutil-jdk18on/1.80.2/bcutil-jdk18on-1.80.2.pom to /root/projects/PassVault/audit-runtime-linux-android-compile01/gradle-home/.tmp/gradle_download16293249433527328162bin
Downloading https://repo.maven.apache.org/maven2/org/jetbrains/kotlinx/kotlinx-coroutines-core-jvm/1.9.0/kotlinx-coroutines-core-jvm-1.9.0.pom to /root/projects/PassVault/audit-runtime-linux-android-compile01/gradle-home/.tmp/gradle_download4807924334763256666bin
Downloading https://repo.maven.apache.org/maven2/org/jetbrains/kotlinx/kotlinx-coroutines-core-jvm/1.9.0/kotlinx-coroutines-core-jvm-1.9.0.module to /root/projects/PassVault/audit-runtime-linux-android-compile01/gradle-home/.tmp/gradle_download14357868521700864954bin
Downloading https://repo.maven.apache.org/maven2/commons-logging/commons-logging/1.2/commons-logging-1.2.pom to /root/projects/PassVault/audit-runtime-linux-android-compile01/gradle-home/.tmp/gradle_download8769926357913994873bin
Downloading https://repo.maven.apache.org/maven2/org/apache/commons/commons-parent/34/commons-parent-34.pom to /root/projects/PassVault/audit-runtime-linux-android-compile01/gradle-home/.tmp/gradle_download5556326657619751953bin
Downloading https://repo.maven.apache.org/maven2/org/apache/apache/13/apache-13.pom to /root/projects/PassVault/audit-runtime-linux-android-compile01/gradle-home/.tmp/gradle_download300220966917269040bin
Downloading https://repo.maven.apache.org/maven2/net/java/dev/jna/jna/5.6.0/jna-5.6.0.pom to /root/projects/PassVault/audit-runtime-linux-android-compile01/gradle-home/.tmp/gradle_download1244610390415990539bin
Downloading https://repo.maven.apache.org/maven2/org/jetbrains/kotlinx/kotlinx-serialization-json/1.4.1/kotlinx-serialization-json-1.4.1.pom to /root/projects/PassVault/audit-runtime-linux-android-compile01/gradle-home/.tmp/gradle_download2887792384179356057bin
Downloading https://repo.maven.apache.org/maven2/org/jetbrains/kotlinx/kotlinx-serialization-json/1.4.1/kotlinx-serialization-json-1.4.1.module to /root/projects/PassVault/audit-runtime-linux-android-compile01/gradle-home/.tmp/gradle_download6400324909058793534bin
Downloading https://repo.maven.apache.org/maven2/org/jetbrains/kotlin/kotlin-stdlib-jdk7/2.2.10/kotlin-stdlib-jdk7-2.2.10.pom to /root/projects/PassVault/audit-runtime-linux-android-compile01/gradle-home/.tmp/gradle_download16088984472212494066bin
Downloading https://repo.maven.apache.org/maven2/org/jetbrains/kotlinx/kotlinx-serialization-json-jvm/1.4.1/kotlinx-serialization-json-jvm-1.4.1.pom to /root/projects/PassVault/audit-runtime-linux-android-compile01/gradle-home/.tmp/gradle_download5923447923233735102bin
Downloading https://repo.maven.apache.org/maven2/org/jetbrains/kotlinx/kotlinx-serialization-json-jvm/1.4.1/kotlinx-serialization-json-jvm-1.4.1.module to /root/projects/PassVault/audit-runtime-linux-android-compile01/gradle-home/.tmp/gradle_download11420866886733392450bin
Downloading https://repo.maven.apache.org/maven2/org/jetbrains/kotlinx/kotlinx-serialization-core/1.4.1/kotlinx-serialization-core-1.4.1.pom to /root/projects/PassVault/audit-runtime-linux-android-compile01/gradle-home/.tmp/gradle_download11398225651097024800bin
Downloading https://repo.maven.apache.org/maven2/org/jetbrains/kotlinx/kotlinx-serialization-core/1.4.1/kotlinx-serialization-core-1.4.1.module to /root/projects/PassVault/audit-runtime-linux-android-compile01/gradle-home/.tmp/gradle_download4765560497855183475bin
Downloading https://repo.maven.apache.org/maven2/org/jetbrains/kotlin/kotlin-stdlib-common/2.4.0/kotlin-stdlib-common-2.4.0.pom to /root/projects/PassVault/audit-runtime-linux-android-compile01/gradle-home/.tmp/gradle_download7820808373230300693bin
Downloading https://repo.maven.apache.org/maven2/org/jetbrains/kotlin/kotlin-stdlib-common/2.4.0/kotlin-stdlib-common-2.4.0.module to /root/projects/PassVault/audit-runtime-linux-android-compile01/gradle-home/.tmp/gradle_download17331314686329300499bin
Downloading https://repo.maven.apache.org/maven2/org/jetbrains/kotlinx/kotlinx-serialization-core-jvm/1.4.1/kotlinx-serialization-core-jvm-1.4.1.pom to /root/projects/PassVault/audit-runtime-linux-android-compile01/gradle-home/.tmp/gradle_download9109645855288841627bin
Downloading https://repo.maven.apache.org/maven2/org/jetbrains/kotlinx/kotlinx-serialization-core-jvm/1.4.1/kotlinx-serialization-core-jvm-1.4.1.module to /root/projects/PassVault/audit-runtime-linux-android-compile01/gradle-home/.tmp/gradle_download18104572206476939858bin
Downloading https://dl.google.com/dl/android/maven2/androidx/room/room-gradle-plugin/2.8.4/room-gradle-plugin-2.8.4.jar to /root/projects/PassVault/audit-runtime-linux-android-compile01/gradle-home/.tmp/gradle_download10496754157677062364bin
Downloading https://dl.google.com/dl/android/maven2/com/android/tools/build/gradle-settings-api/9.4.0/gradle-settings-api-9.4.0.jar to /root/projects/PassVault/audit-runtime-linux-android-compile01/gradle-home/.tmp/gradle_download16325762153911614993bin
Downloading https://dl.google.com/dl/android/maven2/com/android/tools/build/gradle-common-api/9.4.0/gradle-common-api-9.4.0.jar to /root/projects/PassVault/audit-runtime-linux-android-compile01/gradle-home/.tmp/gradle_download10252647648460523407bin
Downloading https://dl.google.com/dl/android/maven2/com/android/tools/build/gradle-api/9.4.0/gradle-api-9.4.0.jar to /root/projects/PassVault/audit-runtime-linux-android-compile01/gradle-home/.tmp/gradle_download3960009006728137023bin
Downloading https://dl.google.com/dl/android/maven2/com/android/tools/build/gradle/9.4.0/gradle-9.4.0.jar to /root/projects/PassVault/audit-runtime-linux-android-compile01/gradle-home/.tmp/gradle_download6368096387425463644bin
Downloading https://repo.maven.apache.org/maven2/com/google/devtools/ksp/symbol-processing-gradle-plugin/2.3.10/symbol-processing-gradle-plugin-2.3.10.jar to /root/projects/PassVault/audit-runtime-linux-android-compile01/gradle-home/.tmp/gradle_download7064655182286053575bin
Downloading https://repo.maven.apache.org/maven2/com/google/devtools/ksp/symbol-processing-api/2.3.10/symbol-processing-api-2.3.10.jar to /root/projects/PassVault/audit-runtime-linux-android-compile01/gradle-home/.tmp/gradle_download13170876535211523321bin
Downloading https://repo.maven.apache.org/maven2/com/google/devtools/ksp/symbol-processing-common-deps/2.3.10/symbol-processing-common-deps-2.3.10.jar to /root/projects/PassVault/audit-runtime-linux-android-compile01/gradle-home/.tmp/gradle_download10669454591898631163bin
Downloading https://dl.google.com/dl/android/maven2/com/android/tools/build/aaptcompiler/9.4.0/aaptcompiler-9.4.0.jar to /root/projects/PassVault/audit-runtime-linux-android-compile01/gradle-home/.tmp/gradle_download15627087835269551438bin
Downloading https://dl.google.com/dl/android/maven2/com/android/tools/utp/gradle-work-action-api/32.4.0/gradle-work-action-api-32.4.0.jar to /root/projects/PassVault/audit-runtime-linux-android-compile01/gradle-home/.tmp/gradle_download10381290947750192564bin
Downloading https://dl.google.com/dl/android/maven2/androidx/databinding/databinding-compiler-common/9.4.0/databinding-compiler-common-9.4.0.jar to /root/projects/PassVault/audit-runtime-linux-android-compile01/gradle-home/.tmp/gradle_download12502364985937155230bin
Downloading https://dl.google.com/dl/android/maven2/com/android/tools/build/jetifier/jetifier-processor/1.0.0-beta10/jetifier-processor-1.0.0-beta10.jar to /root/projects/PassVault/audit-runtime-linux-android-compile01/gradle-home/.tmp/gradle_download2494507482981404278bin
Downloading https://dl.google.com/dl/android/maven2/com/android/tools/build/jetifier/jetifier-core/1.0.0-beta10/jetifier-core-1.0.0-beta10.jar to /root/projects/PassVault/audit-runtime-linux-android-compile01/gradle-home/.tmp/gradle_download13984015739990614527bin
Downloading https://dl.google.com/dl/android/maven2/com/android/tools/build/builder/9.4.0/builder-9.4.0.jar to /root/projects/PassVault/audit-runtime-linux-android-compile01/gradle-home/.tmp/gradle_download978683577186952170bin
Downloading https://dl.google.com/dl/android/maven2/com/android/tools/lint/lint-model/32.4.0/lint-model-32.4.0.jar to /root/projects/PassVault/audit-runtime-linux-android-compile01/gradle-home/.tmp/gradle_download1179053569195781192bin
Downloading https://dl.google.com/dl/android/maven2/com/android/tools/build/builder-model/9.4.0/builder-model-9.4.0.jar to /root/projects/PassVault/audit-runtime-linux-android-compile01/gradle-home/.tmp/gradle_download6774282486354684843bin
Downloading https://dl.google.com/dl/android/maven2/com/android/tools/build/manifest-merger/32.4.0/manifest-merger-32.4.0.jar to /root/projects/PassVault/audit-runtime-linux-android-compile01/gradle-home/.tmp/gradle_download17533041657000845227bin
Downloading https://dl.google.com/dl/android/maven2/com/android/tools/sdk-common/32.4.0/sdk-common-32.4.0.jar to /root/projects/PassVault/audit-runtime-linux-android-compile01/gradle-home/.tmp/gradle_download10684186518782518898bin
Downloading https://repo.maven.apache.org/maven2/org/jetbrains/kotlin/kotlin-reflect/2.4.0/kotlin-reflect-2.4.0.jar to /root/projects/PassVault/audit-runtime-linux-android-compile01/gradle-home/.tmp/gradle_download8507719860298918119bin
Downloading https://dl.google.com/dl/android/maven2/com/android/tools/sdklib/32.4.0/sdklib-32.4.0.jar to /root/projects/PassVault/audit-runtime-linux-android-compile01/gradle-home/.tmp/gradle_download2648098963283648325bin
Downloading https://dl.google.com/dl/android/maven2/com/android/tools/repository/32.4.0/repository-32.4.0.jar to /root/projects/PassVault/audit-runtime-linux-android-compile01/gradle-home/.tmp/gradle_download5250250188412514313bin
Downloading https://dl.google.com/dl/android/maven2/com/android/tools/analytics-library/tracker/32.4.0/tracker-32.4.0.jar to /root/projects/PassVault/audit-runtime-linux-android-compile01/gradle-home/.tmp/gradle_download2278313890785340256bin
Downloading https://dl.google.com/dl/android/maven2/com/android/tools/analytics-library/shared/32.4.0/shared-32.4.0.jar to /root/projects/PassVault/audit-runtime-linux-android-compile01/gradle-home/.tmp/gradle_download14082363503825772232bin
Downloading https://dl.google.com/dl/android/maven2/com/android/tools/build/builder-test-api/9.4.0/builder-test-api-9.4.0.jar to /root/projects/PassVault/audit-runtime-linux-android-compile01/gradle-home/.tmp/gradle_download13387615918945700600bin
Downloading https://dl.google.com/dl/android/maven2/com/android/tools/ddms/ddmlib/32.4.0/ddmlib-32.4.0.jar to /root/projects/PassVault/audit-runtime-linux-android-compile01/gradle-home/.tmp/gradle_download10537909896456448800bin
Downloading https://dl.google.com/dl/android/maven2/com/android/tools/layoutlib/layoutlib-api/32.4.0/layoutlib-api-32.4.0.jar to /root/projects/PassVault/audit-runtime-linux-android-compile01/gradle-home/.tmp/gradle_download17727458959522215787bin
Downloading https://dl.google.com/dl/android/maven2/com/android/tools/dvlib/32.4.0/dvlib-32.4.0.jar to /root/projects/PassVault/audit-runtime-linux-android-compile01/gradle-home/.tmp/gradle_download5531840487056102417bin
Downloading https://dl.google.com/dl/android/maven2/com/android/tools/common/32.4.0/common-32.4.0.jar to /root/projects/PassVault/audit-runtime-linux-android-compile01/gradle-home/.tmp/gradle_download10154145326866855374bin
Downloading https://repo.maven.apache.org/maven2/dev/detekt/detekt-gradle-plugin/2.0.0-alpha.6/detekt-gradle-plugin-2.0.0-alpha.6.jar to /root/projects/PassVault/audit-runtime-linux-android-compile01/gradle-home/.tmp/gradle_download11866587774370709969bin
Downloading https://repo.maven.apache.org/maven2/io/github/detekt/sarif4k/sarif4k-jvm/0.6.0/sarif4k-jvm-0.6.0.jar to /root/projects/PassVault/audit-runtime-linux-android-compile01/gradle-home/.tmp/gradle_download830600485040556062bin
Downloading https://repo.maven.apache.org/maven2/org/jetbrains/kotlinx/kotlinx-serialization-json-jvm/1.4.1/kotlinx-serialization-json-jvm-1.4.1.jar to /root/projects/PassVault/audit-runtime-linux-android-compile01/gradle-home/.tmp/gradle_download269552872677100882bin
Downloading https://repo.maven.apache.org/maven2/org/jetbrains/kotlinx/kotlinx-serialization-core-jvm/1.4.1/kotlinx-serialization-core-jvm-1.4.1.jar to /root/projects/PassVault/audit-runtime-linux-android-compile01/gradle-home/.tmp/gradle_download1510154469005014204bin
Downloading https://repo.maven.apache.org/maven2/org/jetbrains/kotlin/kotlin-stdlib-jdk8/2.2.10/kotlin-stdlib-jdk8-2.2.10.jar to /root/projects/PassVault/audit-runtime-linux-android-compile01/gradle-home/.tmp/gradle_download18279928423402015843bin
Downloading https://repo.maven.apache.org/maven2/org/jetbrains/kotlin/kotlin-serialization/2.4.10/kotlin-serialization-2.4.10-gradle813.jar to /root/projects/PassVault/audit-runtime-linux-android-compile01/gradle-home/.tmp/gradle_download15127292758258843012bin
Downloading https://repo.maven.apache.org/maven2/org/jetbrains/kotlin/fus-statistics-gradle-plugin/2.4.10/fus-statistics-gradle-plugin-2.4.10-gradle813.jar to /root/projects/PassVault/audit-runtime-linux-android-compile01/gradle-home/.tmp/gradle_download10959591659472971589bin
Downloading https://repo.maven.apache.org/maven2/org/jetbrains/kotlin/kotlin-gradle-plugin-api/2.4.10/kotlin-gradle-plugin-api-2.4.10-gradle813.jar to /root/projects/PassVault/audit-runtime-linux-android-compile01/gradle-home/.tmp/gradle_download4784214980238064771bin
Downloading https://repo.maven.apache.org/maven2/org/jetbrains/kotlin/compose-compiler-gradle-plugin/2.4.10/compose-compiler-gradle-plugin-2.4.10-gradle813.jar to /root/projects/PassVault/audit-runtime-linux-android-compile01/gradle-home/.tmp/gradle_download7915005591655316495bin
Downloading https://repo.maven.apache.org/maven2/org/jetbrains/kotlin/kotlin-gradle-plugin/2.4.10/kotlin-gradle-plugin-2.4.10-gradle813.jar to /root/projects/PassVault/audit-runtime-linux-android-compile01/gradle-home/.tmp/gradle_download7190496287779123832bin
Downloading https://repo.maven.apache.org/maven2/org/jetbrains/kotlin/kotlin-compiler-runner/2.4.10/kotlin-compiler-runner-2.4.10.jar to /root/projects/PassVault/audit-runtime-linux-android-compile01/gradle-home/.tmp/gradle_download7973926045545480652bin
Downloading https://repo.maven.apache.org/maven2/org/jetbrains/kotlinx/kotlinx-coroutines-core-jvm/1.9.0/kotlinx-coroutines-core-jvm-1.9.0.jar to /root/projects/PassVault/audit-runtime-linux-android-compile01/gradle-home/.tmp/gradle_download1578102968214277364bin
Downloading https://repo.maven.apache.org/maven2/org/jetbrains/kotlin/kotlin-stdlib-jdk7/2.2.10/kotlin-stdlib-jdk7-2.2.10.jar to /root/projects/PassVault/audit-runtime-linux-android-compile01/gradle-home/.tmp/gradle_download1212453594352339355bin
Downloading https://repo.maven.apache.org/maven2/org/jetbrains/kotlin/kotlin-stdlib/2.4.0/kotlin-stdlib-2.4.0.jar to /root/projects/PassVault/audit-runtime-linux-android-compile01/gradle-home/.tmp/gradle_download1333274406314892221bin
Downloading https://repo.maven.apache.org/maven2/org/jetbrains/annotations/13.0/annotations-13.0.jar to /root/projects/PassVault/audit-runtime-linux-android-compile01/gradle-home/.tmp/gradle_download16669940916435654513bin
Downloading https://repo.maven.apache.org/maven2/org/jetbrains/compose/compose-gradle-plugin/1.11.1/compose-gradle-plugin-1.11.1.jar to /root/projects/PassVault/audit-runtime-linux-android-compile01/gradle-home/.tmp/gradle_download15772801654590881818bin
Downloading https://repo.maven.apache.org/maven2/org/jetbrains/kotlin/kotlin-gradle-plugin-idea-proto/2.4.10/kotlin-gradle-plugin-idea-proto-2.4.10.jar to /root/projects/PassVault/audit-runtime-linux-android-compile01/gradle-home/.tmp/gradle_download112781960589052564bin
Downloading https://repo.maven.apache.org/maven2/org/jetbrains/kotlin/kotlin-gradle-plugin-idea/2.4.10/kotlin-gradle-plugin-idea-2.4.10.jar to /root/projects/PassVault/audit-runtime-linux-android-compile01/gradle-home/.tmp/gradle_download1863632333255641147bin
Downloading https://repo.maven.apache.org/maven2/org/jetbrains/kotlin/kotlin-klib-commonizer-api/2.4.10/kotlin-klib-commonizer-api-2.4.10.jar to /root/projects/PassVault/audit-runtime-linux-android-compile01/gradle-home/.tmp/gradle_download5805002304490043989bin
Downloading https://repo.maven.apache.org/maven2/org/jetbrains/kotlin/kotlin-build-statistics/2.4.10/kotlin-build-statistics-2.4.10.jar to /root/projects/PassVault/audit-runtime-linux-android-compile01/gradle-home/.tmp/gradle_download14897533192374059145bin
Downloading https://repo.maven.apache.org/maven2/org/jetbrains/kotlin/kotlin-util-klib-metadata/2.4.10/kotlin-util-klib-metadata-2.4.10.jar to /root/projects/PassVault/audit-runtime-linux-android-compile01/gradle-home/.tmp/gradle_download15237371874180598996bin
Downloading https://repo.maven.apache.org/maven2/org/jetbrains/compose/hot-reload/hot-reload-gradle-plugin/1.1.1/hot-reload-gradle-plugin-1.1.1.jar to /root/projects/PassVault/audit-runtime-linux-android-compile01/gradle-home/.tmp/gradle_download9877280919343141250bin
Downloading https://dl.google.com/dl/android/maven2/com/android/tools/build/bundletool/1.18.3/bundletool-1.18.3.jar to /root/projects/PassVault/audit-runtime-linux-android-compile01/gradle-home/.tmp/gradle_download7461198601269417940bin
Downloading https://dl.google.com/dl/android/maven2/com/android/tools/build/aapt2-proto/9.4.0-15978811/aapt2-proto-9.4.0-15978811.jar to /root/projects/PassVault/audit-runtime-linux-android-compile01/gradle-home/.tmp/gradle_download14813486970815666511bin
Downloading https://dl.google.com/dl/android/maven2/com/android/tools/analytics-library/crash/32.4.0/crash-32.4.0.jar to /root/projects/PassVault/audit-runtime-linux-android-compile01/gradle-home/.tmp/gradle_download8513248169091953885bin
Downloading https://dl.google.com/dl/android/maven2/com/android/tools/lint/lint-typedef-remover/32.4.0/lint-typedef-remover-32.4.0.jar to /root/projects/PassVault/audit-runtime-linux-android-compile01/gradle-home/.tmp/gradle_download15688677411894715573bin
Downloading https://dl.google.com/dl/android/maven2/androidx/databinding/databinding-common/9.4.0/databinding-common-9.4.0.jar to /root/projects/PassVault/audit-runtime-linux-android-compile01/gradle-home/.tmp/gradle_download4372503613494937172bin
Downloading https://dl.google.com/dl/android/maven2/com/android/databinding/baseLibrary/9.4.0/baseLibrary-9.4.0.jar to /root/projects/PassVault/audit-runtime-linux-android-compile01/gradle-home/.tmp/gradle_download15589384562278090569bin
Downloading https://repo.maven.apache.org/maven2/org/apache/httpcomponents/httpmime/4.5.6/httpmime-4.5.6.jar to /root/projects/PassVault/audit-runtime-linux-android-compile01/gradle-home/.tmp/gradle_download1859810872354709381bin
Downloading https://repo.maven.apache.org/maven2/org/apache/commons/commons-compress/1.27.1/commons-compress-1.27.1.jar to /root/projects/PassVault/audit-runtime-linux-android-compile01/gradle-home/.tmp/gradle_download805141269323745128bin
Downloading https://repo.maven.apache.org/maven2/commons-io/commons-io/2.16.1/commons-io-2.16.1.jar to /root/projects/PassVault/audit-runtime-linux-android-compile01/gradle-home/.tmp/gradle_download487480189102355203bin
Downloading https://repo.maven.apache.org/maven2/org/ow2/asm/asm-commons/9.9/asm-commons-9.9.jar to /root/projects/PassVault/audit-runtime-linux-android-compile01/gradle-home/.tmp/gradle_download18290721024200909726bin
Downloading https://repo.maven.apache.org/maven2/org/ow2/asm/asm-util/9.9/asm-util-9.9.jar to /root/projects/PassVault/audit-runtime-linux-android-compile01/gradle-home/.tmp/gradle_download9145114886204052340bin
Downloading https://repo.maven.apache.org/maven2/org/ow2/asm/asm-analysis/9.9/asm-analysis-9.9.jar to /root/projects/PassVault/audit-runtime-linux-android-compile01/gradle-home/.tmp/gradle_download14400068898532176720bin
Downloading https://repo.maven.apache.org/maven2/org/ow2/asm/asm-tree/9.9/asm-tree-9.9.jar to /root/projects/PassVault/audit-runtime-linux-android-compile01/gradle-home/.tmp/gradle_download10145445890322055959bin
Downloading https://repo.maven.apache.org/maven2/org/ow2/asm/asm/9.9/asm-9.9.jar to /root/projects/PassVault/audit-runtime-linux-android-compile01/gradle-home/.tmp/gradle_download11356200632044415241bin
Downloading https://repo.maven.apache.org/maven2/org/glassfish/jaxb/jaxb-runtime/2.3.2/jaxb-runtime-2.3.2.jar to /root/projects/PassVault/audit-runtime-linux-android-compile01/gradle-home/.tmp/gradle_download13097890737596714921bin
Downloading https://repo.maven.apache.org/maven2/net/sf/jopt-simple/jopt-simple/4.9/jopt-simple-4.9.jar to /root/projects/PassVault/audit-runtime-linux-android-compile01/gradle-home/.tmp/gradle_download8241493276799641929bin
Downloading https://repo.maven.apache.org/maven2/com/squareup/javapoet/1.13.0/javapoet-1.13.0.jar to /root/projects/PassVault/audit-runtime-linux-android-compile01/gradle-home/.tmp/gradle_download16090594980630188514bin
Downloading https://repo.maven.apache.org/maven2/com/google/protobuf/protobuf-java-util/3.25.5/protobuf-java-util-3.25.5.jar to /root/projects/PassVault/audit-runtime-linux-android-compile01/gradle-home/.tmp/gradle_download3867972790453418286bin
Downloading https://repo.maven.apache.org/maven2/com/google/crypto/tink/tink/1.7.0/tink-1.7.0.jar to /root/projects/PassVault/audit-runtime-linux-android-compile01/gradle-home/.tmp/gradle_download9980726690695916100bin
Downloading https://dl.google.com/dl/android/maven2/com/android/tools/analytics-library/protos/32.4.0/protos-32.4.0.jar to /root/projects/PassVault/audit-runtime-linux-android-compile01/gradle-home/.tmp/gradle_download16386265274489440288bin
Downloading https://repo.maven.apache.org/maven2/com/google/protobuf/protobuf-java/3.25.5/protobuf-java-3.25.5.jar to /root/projects/PassVault/audit-runtime-linux-android-compile01/gradle-home/.tmp/gradle_download16003334511789359875bin
Downloading https://repo.maven.apache.org/maven2/com/google/code/gson/gson/2.11.0/gson-2.11.0.jar to /root/projects/PassVault/audit-runtime-linux-android-compile01/gradle-home/.tmp/gradle_download8403144691759246094bin
Downloading https://repo.maven.apache.org/maven2/org/tensorflow/tensorflow-lite-metadata/0.2.0/tensorflow-lite-metadata-0.2.0.jar to /root/projects/PassVault/audit-runtime-linux-android-compile01/gradle-home/.tmp/gradle_download15529083559741702797bin
Downloading https://repo.maven.apache.org/maven2/org/jetbrains/kotlin/kotlin-gradle-plugin-annotations/2.4.10/kotlin-gradle-plugin-annotations-2.4.10.jar to /root/projects/PassVault/audit-runtime-linux-android-compile01/gradle-home/.tmp/gradle_download10582776137969953665bin
Downloading https://repo.maven.apache.org/maven2/org/jetbrains/kotlin/kotlin-native-utils/2.4.10/kotlin-native-utils-2.4.10.jar to /root/projects/PassVault/audit-runtime-linux-android-compile01/gradle-home/.tmp/gradle_download3881047200113210828bin
Downloading https://repo.maven.apache.org/maven2/org/jetbrains/kotlin/kotlin-tooling-core/2.4.10/kotlin-tooling-core-2.4.10.jar to /root/projects/PassVault/audit-runtime-linux-android-compile01/gradle-home/.tmp/gradle_download14784879548357204106bin
Downloading https://repo.maven.apache.org/maven2/org/jetbrains/kotlin/kotlin-build-tools-api/2.4.10/kotlin-build-tools-api-2.4.10.jar to /root/projects/PassVault/audit-runtime-linux-android-compile01/gradle-home/.tmp/gradle_download11622789802496140756bin
Downloading https://repo.maven.apache.org/maven2/org/jetbrains/kotlin/kotlin-util-klib/2.4.10/kotlin-util-klib-2.4.10.jar to /root/projects/PassVault/audit-runtime-linux-android-compile01/gradle-home/.tmp/gradle_download2570419945199551312bin
Downloading https://repo.maven.apache.org/maven2/org/jetbrains/kotlin/kotlin-util-io/2.4.10/kotlin-util-io-2.4.10.jar to /root/projects/PassVault/audit-runtime-linux-android-compile01/gradle-home/.tmp/gradle_download4259812118899797703bin
Downloading https://repo.maven.apache.org/maven2/org/jetbrains/kotlin/kotlin-daemon-client/2.4.10/kotlin-daemon-client-2.4.10.jar to /root/projects/PassVault/audit-runtime-linux-android-compile01/gradle-home/.tmp/gradle_download18444144229470777921bin
Downloading https://repo.maven.apache.org/maven2/com/google/jimfs/jimfs/1.1/jimfs-1.1.jar to /root/projects/PassVault/audit-runtime-linux-android-compile01/gradle-home/.tmp/gradle_download3268081885527170183bin
Downloading https://dl.google.com/dl/android/maven2/com/android/tools/build/apkzlib/9.4.0/apkzlib-9.4.0.jar to /root/projects/PassVault/audit-runtime-linux-android-compile01/gradle-home/.tmp/gradle_download3407449418281457006bin
Downloading https://repo.maven.apache.org/maven2/com/google/guava/guava/33.4.0-jre/guava-33.4.0-jre.jar to /root/projects/PassVault/audit-runtime-linux-android-compile01/gradle-home/.tmp/gradle_download10907673014367595560bin
Downloading https://repo.maven.apache.org/maven2/com/google/dagger/dagger/2.28.3/dagger-2.28.3.jar to /root/projects/PassVault/audit-runtime-linux-android-compile01/gradle-home/.tmp/gradle_download6000100222486019744bin
Downloading https://repo.maven.apache.org/maven2/javax/inject/javax.inject/1/javax.inject-1.jar to /root/projects/PassVault/audit-runtime-linux-android-compile01/gradle-home/.tmp/gradle_download2268112868372443716bin
Downloading https://repo.maven.apache.org/maven2/net/sf/kxml/kxml2/2.3.0/kxml2-2.3.0.jar to /root/projects/PassVault/audit-runtime-linux-android-compile01/gradle-home/.tmp/gradle_download2803060313882350096bin
Downloading https://repo.maven.apache.org/maven2/org/bouncycastle/bcpkix-jdk18on/1.80.2/bcpkix-jdk18on-1.80.2.jar to /root/projects/PassVault/audit-runtime-linux-android-compile01/gradle-home/.tmp/gradle_download4255752693431935294bin
Downloading https://repo.maven.apache.org/maven2/org/bouncycastle/bcutil-jdk18on/1.80.2/bcutil-jdk18on-1.80.2.jar to /root/projects/PassVault/audit-runtime-linux-android-compile01/gradle-home/.tmp/gradle_download1677831872964589126bin
Downloading https://repo.maven.apache.org/maven2/org/bouncycastle/bcprov-jdk18on/1.80.2/bcprov-jdk18on-1.80.2.jar to /root/projects/PassVault/audit-runtime-linux-android-compile01/gradle-home/.tmp/gradle_download6489658926579261291bin
Downloading https://repo.maven.apache.org/maven2/org/apache/httpcomponents/httpclient/4.5.14/httpclient-4.5.14.jar to /root/projects/PassVault/audit-runtime-linux-android-compile01/gradle-home/.tmp/gradle_download12194365277827425191bin
Downloading https://repo.maven.apache.org/maven2/org/apache/httpcomponents/httpcore/4.4.16/httpcore-4.4.16.jar to /root/projects/PassVault/audit-runtime-linux-android-compile01/gradle-home/.tmp/gradle_download16559715951526559533bin
Downloading https://dl.google.com/dl/android/maven2/com/android/signflinger/9.4.0/signflinger-9.4.0.jar to /root/projects/PassVault/audit-runtime-linux-android-compile01/gradle-home/.tmp/gradle_download12903883702557806071bin
Downloading https://dl.google.com/dl/android/maven2/com/android/zipflinger/9.4.0/zipflinger-9.4.0.jar to /root/projects/PassVault/audit-runtime-linux-android-compile01/gradle-home/.tmp/gradle_download3091578563951255432bin
Downloading https://dl.google.com/dl/android/maven2/com/android/tools/annotations/32.4.0/annotations-32.4.0.jar to /root/projects/PassVault/audit-runtime-linux-android-compile01/gradle-home/.tmp/gradle_download1192000835802811795bin
Downloading https://repo.maven.apache.org/maven2/net/java/dev/jna/jna-platform/5.6.0/jna-platform-5.6.0.jar to /root/projects/PassVault/audit-runtime-linux-android-compile01/gradle-home/.tmp/gradle_download11868979542981978814bin
Downloading https://repo.maven.apache.org/maven2/com/googlecode/juniversalchardet/juniversalchardet/1.0.3/juniversalchardet-1.0.3.jar to /root/projects/PassVault/audit-runtime-linux-android-compile01/gradle-home/.tmp/gradle_download13676454978392519557bin
Downloading https://repo.maven.apache.org/maven2/org/jvnet/staxex/stax-ex/1.8.1/stax-ex-1.8.1.jar to /root/projects/PassVault/audit-runtime-linux-android-compile01/gradle-home/.tmp/gradle_download8038129707207030280bin
Downloading https://repo.maven.apache.org/maven2/jakarta/xml/bind/jakarta.xml.bind-api/2.3.2/jakarta.xml.bind-api-2.3.2.jar to /root/projects/PassVault/audit-runtime-linux-android-compile01/gradle-home/.tmp/gradle_download3236058572026079328bin
Downloading https://repo.maven.apache.org/maven2/org/glassfish/jaxb/txw2/2.3.2/txw2-2.3.2.jar to /root/projects/PassVault/audit-runtime-linux-android-compile01/gradle-home/.tmp/gradle_download17906062538011035796bin
Downloading https://repo.maven.apache.org/maven2/com/sun/istack/istack-commons-runtime/3.0.8/istack-commons-runtime-3.0.8.jar to /root/projects/PassVault/audit-runtime-linux-android-compile01/gradle-home/.tmp/gradle_download14465075014613173209bin
Downloading https://repo.maven.apache.org/maven2/com/sun/xml/fastinfoset/FastInfoset/1.2.16/FastInfoset-1.2.16.jar to /root/projects/PassVault/audit-runtime-linux-android-compile01/gradle-home/.tmp/gradle_download11756585566086174930bin
Downloading https://repo.maven.apache.org/maven2/jakarta/activation/jakarta.activation-api/1.2.1/jakarta.activation-api-1.2.1.jar to /root/projects/PassVault/audit-runtime-linux-android-compile01/gradle-home/.tmp/gradle_download17381459202456837558bin
Downloading https://repo.maven.apache.org/maven2/com/google/auto/value/auto-value-annotations/1.6.2/auto-value-annotations-1.6.2.jar to /root/projects/PassVault/audit-runtime-linux-android-compile01/gradle-home/.tmp/gradle_download1305652816780587552bin
Downloading https://repo.maven.apache.org/maven2/com/google/errorprone/error_prone_annotations/2.36.0/error_prone_annotations-2.36.0.jar to /root/projects/PassVault/audit-runtime-linux-android-compile01/gradle-home/.tmp/gradle_download14361774957435561632bin
Downloading https://repo.maven.apache.org/maven2/org/bitbucket/b_c/jose4j/0.9.5/jose4j-0.9.5.jar to /root/projects/PassVault/audit-runtime-linux-android-compile01/gradle-home/.tmp/gradle_download1153824512890204409bin
Downloading https://repo.maven.apache.org/maven2/org/slf4j/slf4j-api/1.7.30/slf4j-api-1.7.30.jar to /root/projects/PassVault/audit-runtime-linux-android-compile01/gradle-home/.tmp/gradle_download12691329991365710751bin
Downloading https://repo.maven.apache.org/maven2/org/jdom/jdom2/2.0.6/jdom2-2.0.6.jar to /root/projects/PassVault/audit-runtime-linux-android-compile01/gradle-home/.tmp/gradle_download12332026924639790888bin
Downloading https://repo.maven.apache.org/maven2/com/google/code/findbugs/jsr305/3.0.2/jsr305-3.0.2.jar to /root/projects/PassVault/audit-runtime-linux-android-compile01/gradle-home/.tmp/gradle_download2124632793440950609bin
Downloading https://repo.maven.apache.org/maven2/com/google/j2objc/j2objc-annotations/3.0.0/j2objc-annotations-3.0.0.jar to /root/projects/PassVault/audit-runtime-linux-android-compile01/gradle-home/.tmp/gradle_download9650035829592578379bin
Downloading https://repo.maven.apache.org/maven2/org/checkerframework/checker-qual/3.43.0/checker-qual-3.43.0.jar to /root/projects/PassVault/audit-runtime-linux-android-compile01/gradle-home/.tmp/gradle_download1023991689378219830bin
Downloading https://repo.maven.apache.org/maven2/com/google/flatbuffers/flatbuffers-java/1.12.0/flatbuffers-java-1.12.0.jar to /root/projects/PassVault/audit-runtime-linux-android-compile01/gradle-home/.tmp/gradle_download2803490732782128713bin
Downloading https://dl.google.com/dl/android/maven2/com/android/tools/build/apksig/9.4.0/apksig-9.4.0.jar to /root/projects/PassVault/audit-runtime-linux-android-compile01/gradle-home/.tmp/gradle_download9608882112810610828bin
Downloading https://repo.maven.apache.org/maven2/com/squareup/javawriter/2.5.0/javawriter-2.5.0.jar to /root/projects/PassVault/audit-runtime-linux-android-compile01/gradle-home/.tmp/gradle_download14632484394864713023bin
Downloading https://repo.maven.apache.org/maven2/com/google/guava/failureaccess/1.0.2/failureaccess-1.0.2.jar to /root/projects/PassVault/audit-runtime-linux-android-compile01/gradle-home/.tmp/gradle_download15251248735375600821bin
Downloading https://repo.maven.apache.org/maven2/com/google/guava/listenablefuture/9999.0-empty-to-avoid-conflict-with-guava/listenablefuture-9999.0-empty-to-avoid-conflict-with-guava.jar to /root/projects/PassVault/audit-runtime-linux-android-compile01/gradle-home/.tmp/gradle_download12054152305828366114bin
Downloading https://repo.maven.apache.org/maven2/commons-codec/commons-codec/1.17.1/commons-codec-1.17.1.jar to /root/projects/PassVault/audit-runtime-linux-android-compile01/gradle-home/.tmp/gradle_download6207843948715747265bin
Downloading https://repo.maven.apache.org/maven2/org/apache/commons/commons-lang3/3.16.0/commons-lang3-3.16.0.jar to /root/projects/PassVault/audit-runtime-linux-android-compile01/gradle-home/.tmp/gradle_download6133239864559365301bin
Downloading https://repo.maven.apache.org/maven2/commons-logging/commons-logging/1.2/commons-logging-1.2.jar to /root/projects/PassVault/audit-runtime-linux-android-compile01/gradle-home/.tmp/gradle_download23164453496970850bin
Downloading https://repo.maven.apache.org/maven2/net/java/dev/jna/jna/5.6.0/jna-5.6.0.jar to /root/projects/PassVault/audit-runtime-linux-android-compile01/gradle-home/.tmp/gradle_download4444797533431474309bin
Caching disabled for InstrumentationAnalysisTransform: /root/projects/PassVault/audit-runtime-linux-android-compile01/gradle-home/caches/modules-2/files-2.1/androidx.room/room-gradle-plugin/2.8.4/3f28d654bf30e354803b2d89f15fc227a799b325/room-gradle-plugin-2.8.4.jar because:
  Build cache is disabled
  Caching not enabled.
Caching disabled for InstrumentationAnalysisTransform: /root/projects/PassVault/audit-runtime-linux-android-compile01/gradle-home/caches/modules-2/files-2.1/com.android.tools.build/gradle-settings-api/9.4.0/fcfedf9a56578511894c869f71eaecafbf5e49e6/gradle-settings-api-9.4.0.jar because:
  Build cache is disabled
  Caching not enabled.
Caching disabled for InstrumentationAnalysisTransform: /root/projects/PassVault/audit-runtime-linux-android-compile01/gradle-home/caches/modules-2/files-2.1/com.android.tools.build/gradle-common-api/9.4.0/188fc42710d4072ae7f02415b497fe311041b555/gradle-common-api-9.4.0.jar because:
  Build cache is disabled
  Caching not enabled.
Caching disabled for InstrumentationAnalysisTransform: /root/projects/PassVault/audit-runtime-linux-android-compile01/gradle-home/caches/modules-2/files-2.1/com.android.tools.build/gradle-api/9.4.0/4b8d719df49cceafe003db8277780acfab8b0d0d/gradle-api-9.4.0.jar because:
  Build cache is disabled
  Caching not enabled.
Caching disabled for InstrumentationAnalysisTransform: /root/projects/PassVault/audit-runtime-linux-android-compile01/gradle-home/caches/modules-2/files-2.1/com.android.tools.build/gradle/9.4.0/4bf388abd58d7a14e9571c2524b3c5c54083a5c7/gradle-9.4.0.jar because:
  Build cache is disabled
  Caching not enabled.
Caching disabled for InstrumentationAnalysisTransform: /root/projects/PassVault/audit-runtime-linux-android-compile01/gradle-home/caches/modules-2/files-2.1/com.google.devtools.ksp/symbol-processing-gradle-plugin/2.3.10/305dc21d624de19d002813606ff7251997ac90e4/symbol-processing-gradle-plugin-2.3.10.jar because:
  Build cache is disabled
  Caching not enabled.
Caching disabled for InstrumentationAnalysisTransform: /root/projects/PassVault/audit-runtime-linux-android-compile01/gradle-home/caches/modules-2/files-2.1/com.google.devtools.ksp/symbol-processing-api/2.3.10/a6f7d2f5cb6f63aed0e07eb53db1bf6ed07151d6/symbol-processing-api-2.3.10.jar because:
  Build cache is disabled
  Caching not enabled.
Caching disabled for InstrumentationAnalysisTransform: /root/projects/PassVault/audit-runtime-linux-android-compile01/gradle-home/caches/modules-2/files-2.1/com.google.devtools.ksp/symbol-processing-common-deps/2.3.10/f0bb28d7b911d8bd53e480c4678badbdede9507b/symbol-processing-common-deps-2.3.10.jar because:
  Build cache is disabled
  Caching not enabled.
Caching disabled for InstrumentationAnalysisTransform: /root/projects/PassVault/audit-runtime-linux-android-compile01/gradle-home/caches/modules-2/files-2.1/com.android.tools.build/aaptcompiler/9.4.0/618464e735fb0db6c4fad5906121ffd229a0afe9/aaptcompiler-9.4.0.jar because:
  Build cache is disabled
  Caching not enabled.
Caching disabled for InstrumentationAnalysisTransform: /root/projects/PassVault/audit-runtime-linux-android-compile01/gradle-home/caches/modules-2/files-2.1/com.android.tools.utp/gradle-work-action-api/32.4.0/a3b3019fa407b16a9b15e764f4b1ac5f2df9d11b/gradle-work-action-api-32.4.0.jar because:
  Build cache is disabled
  Caching not enabled.
Caching disabled for InstrumentationAnalysisTransform: /root/projects/PassVault/audit-runtime-linux-android-compile01/gradle-home/caches/modules-2/files-2.1/androidx.databinding/databinding-compiler-common/9.4.0/ee18738f9b4b0611aea6428eaad49fb9c168523e/databinding-compiler-common-9.4.0.jar because:
  Build cache is disabled
  Caching not enabled.
Caching disabled for InstrumentationAnalysisTransform: /root/projects/PassVault/audit-runtime-linux-android-compile01/gradle-home/caches/modules-2/files-2.1/com.android.tools.build.jetifier/jetifier-processor/1.0.0-beta10/946c39eb0c052ff4f60a8939648a8b99af20d604/jetifier-processor-1.0.0-beta10.jar because:
  Build cache is disabled
  Caching not enabled.
Caching disabled for InstrumentationAnalysisTransform: /root/projects/PassVault/audit-runtime-linux-android-compile01/gradle-home/caches/modules-2/files-2.1/com.android.tools.build.jetifier/jetifier-core/1.0.0-beta10/6e621022a9c95af12a7004d6b55805bbd1126837/jetifier-core-1.0.0-beta10.jar because:
  Build cache is disabled
  Caching not enabled.
Caching disabled for InstrumentationAnalysisTransform: /root/projects/PassVault/audit-runtime-linux-android-compile01/gradle-home/caches/modules-2/files-2.1/com.android.tools.build/builder/9.4.0/d1d5f9a479131e45d876213b674c9fd1a8a2d6ea/builder-9.4.0.jar because:
  Build cache is disabled
  Caching not enabled.
Caching disabled for InstrumentationAnalysisTransform: /root/projects/PassVault/audit-runtime-linux-android-compile01/gradle-home/caches/modules-2/files-2.1/com.android.tools.lint/lint-model/32.4.0/2a01476159d9ab4b0f12e84f41f5a3a142414c6/lint-model-32.4.0.jar because:
  Build cache is disabled
  Caching not enabled.
Caching disabled for InstrumentationAnalysisTransform: /root/projects/PassVault/audit-runtime-linux-android-compile01/gradle-home/caches/modules-2/files-2.1/com.android.tools.build/builder-model/9.4.0/2edee2cd225a6dc43276d3328a3ffac827694a9f/builder-model-9.4.0.jar because:
  Build cache is disabled
  Caching not enabled.
Caching disabled for InstrumentationAnalysisTransform: /root/projects/PassVault/audit-runtime-linux-android-compile01/gradle-home/caches/modules-2/files-2.1/com.android.tools.build/manifest-merger/32.4.0/69a65bba12474ac5a1cf407def4f118bcd94b8dc/manifest-merger-32.4.0.jar because:
  Build cache is disabled
  Caching not enabled.
Caching disabled for InstrumentationAnalysisTransform: /root/projects/PassVault/audit-runtime-linux-android-compile01/gradle-home/caches/modules-2/files-2.1/com.android.tools/sdk-common/32.4.0/aa7fdb85569977f294b4fba5b1451b5a14d6c422/sdk-common-32.4.0.jar because:
  Build cache is disabled
  Caching not enabled.
Caching disabled for InstrumentationAnalysisTransform: /root/projects/PassVault/audit-runtime-linux-android-compile01/gradle-home/caches/modules-2/files-2.1/org.jetbrains.kotlin/kotlin-reflect/2.4.0/532cc727c0960d12f4c9acb6a6c2c4a3e08187b/kotlin-reflect-2.4.0.jar because:
  Build cache is disabled
  Caching not enabled.
Caching disabled for InstrumentationAnalysisTransform: /root/projects/PassVault/audit-runtime-linux-android-compile01/gradle-home/caches/modules-2/files-2.1/com.android.tools/sdklib/32.4.0/16b34ddee0d33385dbce03577a83b1c1e09aff3a/sdklib-32.4.0.jar because:
  Build cache is disabled
  Caching not enabled.
Caching disabled for InstrumentationAnalysisTransform: /root/projects/PassVault/audit-runtime-linux-android-compile01/gradle-home/caches/modules-2/files-2.1/com.android.tools/repository/32.4.0/8b46d4a01e62b854aaad0f32b09b04576652d97b/repository-32.4.0.jar because:
  Build cache is disabled
  Caching not enabled.
Caching disabled for InstrumentationAnalysisTransform: /root/projects/PassVault/audit-runtime-linux-android-compile01/gradle-home/caches/modules-2/files-2.1/com.android.tools.analytics-library/tracker/32.4.0/e5b8d9ea7f4dc2354d302a76b8b1eedb23557e78/tracker-32.4.0.jar because:
  Build cache is disabled
  Caching not enabled.
Caching disabled for InstrumentationAnalysisTransform: /root/projects/PassVault/audit-runtime-linux-android-compile01/gradle-home/caches/modules-2/files-2.1/com.android.tools.analytics-library/shared/32.4.0/429c17cd9d8efce819180878b2375d4a5c4ff2aa/shared-32.4.0.jar because:
  Build cache is disabled
  Caching not enabled.
Caching disabled for InstrumentationAnalysisTransform: /root/projects/PassVault/audit-runtime-linux-android-compile01/gradle-home/caches/modules-2/files-2.1/com.android.tools.build/builder-test-api/9.4.0/a6e38343c3f6fd6ce1f833e569bce4b2d85b0182/builder-test-api-9.4.0.jar because:
  Build cache is disabled
  Caching not enabled.
Caching disabled for InstrumentationAnalysisTransform: /root/projects/PassVault/audit-runtime-linux-android-compile01/gradle-home/caches/modules-2/files-2.1/com.android.tools.ddms/ddmlib/32.4.0/47a5071917cd3269367f3a6b8e717abfe949db25/ddmlib-32.4.0.jar because:
  Build cache is disabled
  Caching not enabled.
Caching disabled for InstrumentationAnalysisTransform: /root/projects/PassVault/audit-runtime-linux-android-compile01/gradle-home/caches/modules-2/files-2.1/com.android.tools.layoutlib/layoutlib-api/32.4.0/8f655b3d30a60639f6ece73c9721caa86966e9ed/layoutlib-api-32.4.0.jar because:
  Build cache is disabled
  Caching not enabled.
Caching disabled for InstrumentationAnalysisTransform: /root/projects/PassVault/audit-runtime-linux-android-compile01/gradle-home/caches/modules-2/files-2.1/com.android.tools/dvlib/32.4.0/ddf23cd64ef10c248076fc4d7011c7d8250385cd/dvlib-32.4.0.jar because:
  Build cache is disabled
  Caching not enabled.
Caching disabled for InstrumentationAnalysisTransform: /root/projects/PassVault/audit-runtime-linux-android-compile01/gradle-home/caches/modules-2/files-2.1/com.android.tools/common/32.4.0/e726669a2e96bd6a0d68bb48d9a6bf09210f5c1a/common-32.4.0.jar because:
  Build cache is disabled
  Caching not enabled.
Caching disabled for InstrumentationAnalysisTransform: /root/projects/PassVault/audit-runtime-linux-android-compile01/gradle-home/caches/modules-2/files-2.1/dev.detekt/detekt-gradle-plugin/2.0.0-alpha.6/ae5ae80c78324d77ef1513d7cc63ab9b698bd335/detekt-gradle-plugin-2.0.0-alpha.6.jar because:
  Build cache is disabled
  Caching not enabled.
Caching disabled for InstrumentationAnalysisTransform: /root/projects/PassVault/audit-runtime-linux-android-compile01/gradle-home/caches/modules-2/files-2.1/io.github.detekt.sarif4k/sarif4k-jvm/0.6.0/a0f3805c3fdd35ff6619e8f057ce50ff1aac7145/sarif4k-jvm-0.6.0.jar because:
  Build cache is disabled
  Caching not enabled.
Caching disabled for InstrumentationAnalysisTransform: /root/projects/PassVault/audit-runtime-linux-android-compile01/gradle-home/caches/modules-2/files-2.1/org.jetbrains.kotlinx/kotlinx-serialization-json-jvm/1.4.1/e6430b33f06dcdff88998abfcb2e78bc3cd0a1f6/kotlinx-serialization-json-jvm-1.4.1.jar because:
  Build cache is disabled
  Caching not enabled.
Caching disabled for InstrumentationAnalysisTransform: /root/projects/PassVault/audit-runtime-linux-android-compile01/gradle-home/caches/modules-2/files-2.1/org.jetbrains.kotlinx/kotlinx-serialization-core-jvm/1.4.1/e0c2c11e5d0d541ca343c8f09602c0c2287d15a1/kotlinx-serialization-core-jvm-1.4.1.jar because:
  Build cache is disabled
  Caching not enabled.
Caching disabled for InstrumentationAnalysisTransform: /root/projects/PassVault/audit-runtime-linux-android-compile01/gradle-home/caches/modules-2/files-2.1/org.jetbrains.kotlin/kotlin-stdlib-jdk8/2.2.10/80cc9a776a058eeda7053731350bc41af8858a5a/kotlin-stdlib-jdk8-2.2.10.jar because:
  Build cache is disabled
  Caching not enabled.
Caching disabled for InstrumentationAnalysisTransform: /root/projects/PassVault/audit-runtime-linux-android-compile01/gradle-home/caches/modules-2/files-2.1/org.jetbrains.kotlin/kotlin-serialization/2.4.10/44ea603b799fe4b3900cfdb5fc2879638258ccf/kotlin-serialization-2.4.10-gradle813.jar because:
  Build cache is disabled
  Caching not enabled.
Caching disabled for InstrumentationAnalysisTransform: /root/projects/PassVault/audit-runtime-linux-android-compile01/gradle-home/caches/modules-2/files-2.1/org.jetbrains.kotlin/fus-statistics-gradle-plugin/2.4.10/9d2373587d4c591036e79e877b6b5f0a105a052d/fus-statistics-gradle-plugin-2.4.10-gradle813.jar because:
  Build cache is disabled
  Caching not enabled.
Caching disabled for InstrumentationAnalysisTransform: /root/projects/PassVault/audit-runtime-linux-android-compile01/gradle-home/caches/modules-2/files-2.1/org.jetbrains.kotlin/kotlin-gradle-plugin-api/2.4.10/57abfa0230a1ffc31556110bff4b946b55967ba3/kotlin-gradle-plugin-api-2.4.10-gradle813.jar because:
  Build cache is disabled
  Caching not enabled.
Caching disabled for InstrumentationAnalysisTransform: /root/projects/PassVault/audit-runtime-linux-android-compile01/gradle-home/caches/modules-2/files-2.1/org.jetbrains.kotlin/compose-compiler-gradle-plugin/2.4.10/380183bbebcd293bd84e8738d012bc3b0403408c/compose-compiler-gradle-plugin-2.4.10-gradle813.jar because:
  Build cache is disabled
  Caching not enabled.
Caching disabled for InstrumentationAnalysisTransform: /root/projects/PassVault/audit-runtime-linux-android-compile01/gradle-home/caches/modules-2/files-2.1/org.jetbrains.kotlin/kotlin-gradle-plugin/2.4.10/54e85b6639aa6819abc9985612e470576540e8ec/kotlin-gradle-plugin-2.4.10-gradle813.jar because:
  Build cache is disabled
  Caching not enabled.
Caching disabled for InstrumentationAnalysisTransform: /root/projects/PassVault/audit-runtime-linux-android-compile01/gradle-home/caches/modules-2/files-2.1/org.jetbrains.kotlin/kotlin-compiler-runner/2.4.10/db761b9c5e0a67bcea290bc7e0700a7075af97de/kotlin-compiler-runner-2.4.10.jar because:
  Build cache is disabled
  Caching not enabled.
Caching disabled for InstrumentationAnalysisTransform: /root/projects/PassVault/audit-runtime-linux-android-compile01/gradle-home/caches/modules-2/files-2.1/org.jetbrains.kotlinx/kotlinx-coroutines-core-jvm/1.9.0/9beade4c1c1569e4f36cbd2c37e02e3e41502601/kotlinx-coroutines-core-jvm-1.9.0.jar because:
  Build cache is disabled
  Caching not enabled.
Caching disabled for InstrumentationAnalysisTransform: /root/projects/PassVault/audit-runtime-linux-android-compile01/gradle-home/caches/modules-2/files-2.1/org.jetbrains.kotlin/kotlin-stdlib-jdk7/2.2.10/18cc96ae090a71726822631e1808c7d329faab5d/kotlin-stdlib-jdk7-2.2.10.jar because:
  Build cache is disabled
  Caching not enabled.
Caching disabled for InstrumentationAnalysisTransform: /root/projects/PassVault/audit-runtime-linux-android-compile01/gradle-home/caches/modules-2/files-2.1/org.jetbrains.kotlin/kotlin-stdlib/2.4.0/4e9f4b531dce5c7dee58ed2de9a8b9a763c8dc6c/kotlin-stdlib-2.4.0.jar because:
  Build cache is disabled
  Caching not enabled.
Caching disabled for InstrumentationAnalysisTransform: /root/projects/PassVault/audit-runtime-linux-android-compile01/gradle-home/caches/modules-2/files-2.1/org.jetbrains/annotations/13.0/919f0dfe192fb4e063e7dacadee7f8bb9a2672a9/annotations-13.0.jar because:
  Build cache is disabled
  Caching not enabled.
Caching disabled for InstrumentationAnalysisTransform: /root/projects/PassVault/audit-runtime-linux-android-compile01/gradle-home/caches/modules-2/files-2.1/org.jetbrains.compose/compose-gradle-plugin/1.11.1/84e978c779bd496be8b922e87559e88190521ce5/compose-gradle-plugin-1.11.1.jar because:
  Build cache is disabled
  Caching not enabled.
Caching disabled for InstrumentationAnalysisTransform: /root/projects/PassVault/audit-runtime-linux-android-compile01/gradle-home/caches/modules-2/files-2.1/org.jetbrains.kotlin/kotlin-gradle-plugin-idea-proto/2.4.10/e3b327b851ffdd00917458e4e4240f349e04c234/kotlin-gradle-plugin-idea-proto-2.4.10.jar because:
  Build cache is disabled
  Caching not enabled.
Caching disabled for InstrumentationAnalysisTransform: /root/projects/PassVault/audit-runtime-linux-android-compile01/gradle-home/caches/modules-2/files-2.1/org.jetbrains.kotlin/kotlin-gradle-plugin-idea/2.4.10/905431b905fbd7c516de862a1179d7ab5fae3955/kotlin-gradle-plugin-idea-2.4.10.jar because:
  Build cache is disabled
  Caching not enabled.
Caching disabled for InstrumentationAnalysisTransform: /root/projects/PassVault/audit-runtime-linux-android-compile01/gradle-home/caches/modules-2/files-2.1/org.jetbrains.kotlin/kotlin-klib-commonizer-api/2.4.10/3339c9ce1b5f60fed1048142d9c71c7181662641/kotlin-klib-commonizer-api-2.4.10.jar because:
  Build cache is disabled
  Caching not enabled.
Caching disabled for InstrumentationAnalysisTransform: /root/projects/PassVault/audit-runtime-linux-android-compile01/gradle-home/caches/modules-2/files-2.1/org.jetbrains.kotlin/kotlin-build-statistics/2.4.10/3e16cd72908cbc218f6b2124a4bdaa26d885de6b/kotlin-build-statistics-2.4.10.jar because:
  Build cache is disabled
  Caching not enabled.
Caching disabled for InstrumentationAnalysisTransform: /root/projects/PassVault/audit-runtime-linux-android-compile01/gradle-home/caches/modules-2/files-2.1/org.jetbrains.kotlin/kotlin-util-klib-metadata/2.4.10/5d0b35631780153637205c66a75aa61c3fa2adc8/kotlin-util-klib-metadata-2.4.10.jar because:
  Build cache is disabled
  Caching not enabled.
Caching disabled for InstrumentationAnalysisTransform: /root/projects/PassVault/audit-runtime-linux-android-compile01/gradle-home/caches/modules-2/files-2.1/org.jetbrains.compose.hot-reload/hot-reload-gradle-plugin/1.1.1/6d3c8fc18f34ab5ebce4fc736bcf301bf01f43d/hot-reload-gradle-plugin-1.1.1.jar because:
  Build cache is disabled
  Caching not enabled.
Caching disabled for InstrumentationAnalysisTransform: /root/projects/PassVault/audit-runtime-linux-android-compile01/gradle-home/caches/modules-2/files-2.1/com.android.tools.build/bundletool/1.18.3/8d7bee8e57a4158a872ed99190a60a498c2adc8d/bundletool-1.18.3.jar because:
  Build cache is disabled
  Caching not enabled.
Caching disabled for InstrumentationAnalysisTransform: /root/projects/PassVault/audit-runtime-linux-android-compile01/gradle-home/caches/modules-2/files-2.1/com.android.tools.build/aapt2-proto/9.4.0-15978811/cbffec6e4effe25da0382f547eafab6d38847f9c/aapt2-proto-9.4.0-15978811.jar because:
  Build cache is disabled
  Caching not enabled.
Caching disabled for InstrumentationAnalysisTransform: /root/projects/PassVault/audit-runtime-linux-android-compile01/gradle-home/caches/modules-2/files-2.1/com.android.tools.analytics-library/crash/32.4.0/e7c2cc7bcc18c49f1eeb778f61be590cc32fbfdd/crash-32.4.0.jar because:
  Build cache is disabled
  Caching not enabled.
Caching disabled for InstrumentationAnalysisTransform: /root/projects/PassVault/audit-runtime-linux-android-compile01/gradle-home/caches/modules-2/files-2.1/com.android.tools.lint/lint-typedef-remover/32.4.0/b8665f5c42647d7d4088cd386d5d1d10e40fd9a2/lint-typedef-remover-32.4.0.jar because:
  Build cache is disabled
  Caching not enabled.
Caching disabled for InstrumentationAnalysisTransform: /root/projects/PassVault/audit-runtime-linux-android-compile01/gradle-home/caches/modules-2/files-2.1/androidx.databinding/databinding-common/9.4.0/6f14d56ba3258fd1e803e71bc6c589235141c317/databinding-common-9.4.0.jar because:
  Build cache is disabled
  Caching not enabled.
Caching disabled for InstrumentationAnalysisTransform: /root/projects/PassVault/audit-runtime-linux-android-compile01/gradle-home/caches/modules-2/files-2.1/com.android.databinding/baseLibrary/9.4.0/a3e410a22b3d7b2608151d2052d044cd3a35ae06/baseLibrary-9.4.0.jar because:
  Build cache is disabled
  Caching not enabled.
Caching disabled for InstrumentationAnalysisTransform: /root/projects/PassVault/audit-runtime-linux-android-compile01/gradle-home/caches/modules-2/files-2.1/org.apache.httpcomponents/httpmime/4.5.6/164343da11db817e81e24e0d9869527e069850c9/httpmime-4.5.6.jar because:
  Build cache is disabled
  Caching not enabled.
Caching disabled for InstrumentationAnalysisTransform: /root/projects/PassVault/audit-runtime-linux-android-compile01/gradle-home/caches/modules-2/files-2.1/org.apache.commons/commons-compress/1.27.1/a19151084758e2fbb6b41eddaa88e7b8ff4e6599/commons-compress-1.27.1.jar because:
  Build cache is disabled
  Caching not enabled.
Caching disabled for InstrumentationAnalysisTransform: /root/projects/PassVault/audit-runtime-linux-android-compile01/gradle-home/caches/modules-2/files-2.1/commons-io/commons-io/2.16.1/377d592e740dc77124e0901291dbfaa6810a200e/commons-io-2.16.1.jar because:
  Build cache is disabled
  Caching not enabled.
Caching disabled for InstrumentationAnalysisTransform: /root/projects/PassVault/audit-runtime-linux-android-compile01/gradle-home/caches/modules-2/files-2.1/org.ow2.asm/asm-commons/9.9/db9165a3bf908ded6b08612d583a15d1d0c7bda0/asm-commons-9.9.jar because:
  Build cache is disabled
  Caching not enabled.
Caching disabled for InstrumentationAnalysisTransform: /root/projects/PassVault/audit-runtime-linux-android-compile01/gradle-home/caches/modules-2/files-2.1/org.ow2.asm/asm-util/9.9/42fdfc0508b43807c8078d6e82ecff2ce2112ae8/asm-util-9.9.jar because:
  Build cache is disabled
  Caching not enabled.
Caching disabled for InstrumentationAnalysisTransform: /root/projects/PassVault/audit-runtime-linux-android-compile01/gradle-home/caches/modules-2/files-2.1/org.ow2.asm/asm-analysis/9.9/bf4fa6e66638851c1cd22c2caea0c3ee5d5f437/asm-analysis-9.9.jar because:
  Build cache is disabled
  Caching not enabled.
Caching disabled for InstrumentationAnalysisTransform: /root/projects/PassVault/audit-runtime-linux-android-compile01/gradle-home/caches/modules-2/files-2.1/org.ow2.asm/asm-tree/9.9/f8de6eead6d24dd0f45bd065bbe112b2cda6ea21/asm-tree-9.9.jar because:
  Build cache is disabled
  Caching not enabled.
Caching disabled for InstrumentationAnalysisTransform: /root/projects/PassVault/audit-runtime-linux-android-compile01/gradle-home/caches/modules-2/files-2.1/org.ow2.asm/asm/9.9/c29635c8a7afa03d74b33c1884df8abb2b3f3dcc/asm-9.9.jar because:
  Build cache is disabled
  Caching not enabled.
Caching disabled for InstrumentationAnalysisTransform: /root/projects/PassVault/audit-runtime-linux-android-compile01/gradle-home/caches/modules-2/files-2.1/org.glassfish.jaxb/jaxb-runtime/2.3.2/5528bc882ea499a09d720b42af11785c4fc6be2a/jaxb-runtime-2.3.2.jar because:
  Build cache is disabled
  Caching not enabled.
Caching disabled for InstrumentationAnalysisTransform: /root/projects/PassVault/audit-runtime-linux-android-compile01/gradle-home/caches/modules-2/files-2.1/net.sf.jopt-simple/jopt-simple/4.9/ee9e9eaa0a35360dcfeac129ff4923215fd65904/jopt-simple-4.9.jar because:
  Build cache is disabled
  Caching not enabled.
Caching disabled for InstrumentationAnalysisTransform: /root/projects/PassVault/audit-runtime-linux-android-compile01/gradle-home/caches/modules-2/files-2.1/com.squareup/javapoet/1.13.0/d6562d385049f35eb50403fa86bb11cce76b866a/javapoet-1.13.0.jar because:
  Build cache is disabled
  Caching not enabled.
Caching disabled for InstrumentationAnalysisTransform: /root/projects/PassVault/audit-runtime-linux-android-compile01/gradle-home/caches/modules-2/files-2.1/com.google.protobuf/protobuf-java-util/3.25.5/38cc5ce479603e36466feda2a9f1dfdb2210ef00/protobuf-java-util-3.25.5.jar because:
  Build cache is disabled
  Caching not enabled.
Caching disabled for InstrumentationAnalysisTransform: /root/projects/PassVault/audit-runtime-linux-android-compile01/gradle-home/caches/modules-2/files-2.1/com.google.crypto.tink/tink/1.7.0/668b57f109d32349b2870448f06ae6f202713edc/tink-1.7.0.jar because:
  Build cache is disabled
  Caching not enabled.
Caching disabled for InstrumentationAnalysisTransform: /root/projects/PassVault/audit-runtime-linux-android-compile01/gradle-home/caches/modules-2/files-2.1/com.android.tools.analytics-library/protos/32.4.0/72ce19690099b238b9214e35e08d0641bd4e726d/protos-32.4.0.jar because:
  Build cache is disabled
  Caching not enabled.
Caching disabled for InstrumentationAnalysisTransform: /root/projects/PassVault/audit-runtime-linux-android-compile01/gradle-home/caches/modules-2/files-2.1/com.google.protobuf/protobuf-java/3.25.5/5ae5c9ec39930ae9b5a61b32b93288818ec05ec1/protobuf-java-3.25.5.jar because:
  Build cache is disabled
  Caching not enabled.
Caching disabled for InstrumentationAnalysisTransform: /root/projects/PassVault/audit-runtime-linux-android-compile01/gradle-home/caches/modules-2/files-2.1/com.google.code.gson/gson/2.11.0/527175ca6d81050b53bdd4c457a6d6e017626b0e/gson-2.11.0.jar because:
  Build cache is disabled
  Caching not enabled.
Caching disabled for InstrumentationAnalysisTransform: /root/projects/PassVault/audit-runtime-linux-android-compile01/gradle-home/caches/modules-2/files-2.1/org.tensorflow/tensorflow-lite-metadata/0.2.0/7dbe8f75ae5c0ef7093c43c3ac8b560bbc7ea4b6/tensorflow-lite-metadata-0.2.0.jar because:
  Build cache is disabled
  Caching not enabled.
Caching disabled for InstrumentationAnalysisTransform: /root/projects/PassVault/audit-runtime-linux-android-compile01/gradle-home/caches/modules-2/files-2.1/org.jetbrains.kotlin/kotlin-gradle-plugin-annotations/2.4.10/d7e21334dd356764357f26dd1044975cb63e820f/kotlin-gradle-plugin-annotations-2.4.10.jar because:
  Build cache is disabled
  Caching not enabled.
Caching disabled for InstrumentationAnalysisTransform: /root/projects/PassVault/audit-runtime-linux-android-compile01/gradle-home/caches/modules-2/files-2.1/org.jetbrains.kotlin/kotlin-native-utils/2.4.10/ffa1a46704f3172c99f23fd024965ebb24055ab6/kotlin-native-utils-2.4.10.jar because:
  Build cache is disabled
  Caching not enabled.
Caching disabled for InstrumentationAnalysisTransform: /root/projects/PassVault/audit-runtime-linux-android-compile01/gradle-home/caches/modules-2/files-2.1/org.jetbrains.kotlin/kotlin-tooling-core/2.4.10/75970f5a2a9cb4d25557965bbec0a7ccd55bfbcf/kotlin-tooling-core-2.4.10.jar because:
  Build cache is disabled
  Caching not enabled.
Caching disabled for InstrumentationAnalysisTransform: /root/projects/PassVault/audit-runtime-linux-android-compile01/gradle-home/caches/modules-2/files-2.1/org.jetbrains.kotlin/kotlin-build-tools-api/2.4.10/c88fe54d8d8c568de500b26fd459853c7202de39/kotlin-build-tools-api-2.4.10.jar because:
  Build cache is disabled
  Caching not enabled.
Caching disabled for InstrumentationAnalysisTransform: /root/projects/PassVault/audit-runtime-linux-android-compile01/gradle-home/caches/modules-2/files-2.1/org.jetbrains.kotlin/kotlin-util-klib/2.4.10/4c70cfc757d717d056b9cec24932506677bb0f52/kotlin-util-klib-2.4.10.jar because:
  Build cache is disabled
  Caching not enabled.
Caching disabled for InstrumentationAnalysisTransform: /root/projects/PassVault/audit-runtime-linux-android-compile01/gradle-home/caches/modules-2/files-2.1/org.jetbrains.kotlin/kotlin-util-io/2.4.10/22c395cc2a2833b5dd1aa368155c491b8a04be6d/kotlin-util-io-2.4.10.jar because:
  Build cache is disabled
  Caching not enabled.
Caching disabled for InstrumentationAnalysisTransform: /root/projects/PassVault/audit-runtime-linux-android-compile01/gradle-home/caches/modules-2/files-2.1/org.jetbrains.kotlin/kotlin-daemon-client/2.4.10/8c3aa7a03a90240de365985d93bc8ed39163f852/kotlin-daemon-client-2.4.10.jar because:
  Build cache is disabled
  Caching not enabled.
Caching disabled for InstrumentationAnalysisTransform: /root/projects/PassVault/audit-runtime-linux-android-compile01/gradle-home/caches/modules-2/files-2.1/com.google.jimfs/jimfs/1.1/8fbd0579dc68aba6186935cc1bee21d2f3e7ec1c/jimfs-1.1.jar because:
  Build cache is disabled
  Caching not enabled.
Caching disabled for InstrumentationAnalysisTransform: /root/projects/PassVault/audit-runtime-linux-android-compile01/gradle-home/caches/modules-2/files-2.1/com.android.tools.build/apkzlib/9.4.0/81e69e9fd7e45be473e784f6220d09bea36115cc/apkzlib-9.4.0.jar because:
  Build cache is disabled
  Caching not enabled.
Caching disabled for InstrumentationAnalysisTransform: /root/projects/PassVault/audit-runtime-linux-android-compile01/gradle-home/caches/modules-2/files-2.1/com.google.guava/guava/33.4.0-jre/3fcc0a259f724c7de54a6a55ea7e26d3d5c0cac/guava-33.4.0-jre.jar because:
  Build cache is disabled
  Caching not enabled.
Caching disabled for InstrumentationAnalysisTransform: /root/projects/PassVault/audit-runtime-linux-android-compile01/gradle-home/caches/modules-2/files-2.1/com.google.dagger/dagger/2.28.3/10d83810ef9e19714116ed518896c90c6606d633/dagger-2.28.3.jar because:
  Build cache is disabled
  Caching not enabled.
Caching disabled for InstrumentationAnalysisTransform: /root/projects/PassVault/audit-runtime-linux-android-compile01/gradle-home/caches/modules-2/files-2.1/javax.inject/javax.inject/1/6975da39a7040257bd51d21a231b76c915872d38/javax.inject-1.jar because:
  Build cache is disabled
  Caching not enabled.
Caching disabled for InstrumentationAnalysisTransform: /root/projects/PassVault/audit-runtime-linux-android-compile01/gradle-home/caches/modules-2/files-2.1/net.sf.kxml/kxml2/2.3.0/ccbc77a5fd907ef863c29f3596c6f54ffa4e9442/kxml2-2.3.0.jar because:
  Build cache is disabled
  Caching not enabled.
Caching disabled for InstrumentationAnalysisTransform: /root/projects/PassVault/audit-runtime-linux-android-compile01/gradle-home/caches/modules-2/files-2.1/org.bouncycastle/bcpkix-jdk18on/1.80.2/cc97199b13ed4166079aec30e020bd684ead274c/bcpkix-jdk18on-1.80.2.jar because:
  Build cache is disabled
  Caching not enabled.
Caching disabled for InstrumentationAnalysisTransform: /root/projects/PassVault/audit-runtime-linux-android-compile01/gradle-home/caches/modules-2/files-2.1/org.bouncycastle/bcutil-jdk18on/1.80.2/5aa52bcc7b7d5dc8975a3df9e657abdb5cea62be/bcutil-jdk18on-1.80.2.jar because:
  Build cache is disabled
  Caching not enabled.
Caching disabled for InstrumentationAnalysisTransform: /root/projects/PassVault/audit-runtime-linux-android-compile01/gradle-home/caches/modules-2/files-2.1/org.bouncycastle/bcprov-jdk18on/1.80.2/698ebb5539a939849576a6854bd52e191cbe1c5c/bcprov-jdk18on-1.80.2.jar because:
  Build cache is disabled
  Caching not enabled.
Caching disabled for InstrumentationAnalysisTransform: /root/projects/PassVault/audit-runtime-linux-android-compile01/gradle-home/caches/modules-2/files-2.1/org.apache.httpcomponents/httpclient/4.5.14/1194890e6f56ec29177673f2f12d0b8e627dec98/httpclient-4.5.14.jar because:
  Build cache is disabled
  Caching not enabled.
Caching disabled for InstrumentationAnalysisTransform: /root/projects/PassVault/audit-runtime-linux-android-compile01/gradle-home/caches/modules-2/files-2.1/org.apache.httpcomponents/httpcore/4.4.16/51cf043c87253c9f58b539c9f7e44c8894223850/httpcore-4.4.16.jar because:
  Build cache is disabled
  Caching not enabled.
Caching disabled for InstrumentationAnalysisTransform: /root/projects/PassVault/audit-runtime-linux-android-compile01/gradle-home/caches/modules-2/files-2.1/com.android/signflinger/9.4.0/931575c0547261e249124c8749ece3b1664763a5/signflinger-9.4.0.jar because:
  Build cache is disabled
  Caching not enabled.
Caching disabled for InstrumentationAnalysisTransform: /root/projects/PassVault/audit-runtime-linux-android-compile01/gradle-home/caches/modules-2/files-2.1/com.android/zipflinger/9.4.0/468d84015634e21c1607b7cb298fff3017dbe19/zipflinger-9.4.0.jar because:
  Build cache is disabled
  Caching not enabled.
Caching disabled for InstrumentationAnalysisTransform: /root/projects/PassVault/audit-runtime-linux-android-compile01/gradle-home/caches/modules-2/files-2.1/com.android.tools/annotations/32.4.0/755aa98f446d71a443d30a732b42f906cce94a44/annotations-32.4.0.jar because:
  Build cache is disabled
  Caching not enabled.
Caching disabled for InstrumentationAnalysisTransform: /root/projects/PassVault/audit-runtime-linux-android-compile01/gradle-home/caches/modules-2/files-2.1/net.java.dev.jna/jna-platform/5.6.0/d18424ffb8bbfd036d71bcaab9b546858f2ef986/jna-platform-5.6.0.jar because:
  Build cache is disabled
  Caching not enabled.
Caching disabled for InstrumentationAnalysisTransform: /root/projects/PassVault/audit-runtime-linux-android-compile01/gradle-home/caches/modules-2/files-2.1/com.googlecode.juniversalchardet/juniversalchardet/1.0.3/cd49678784c46aa8789c060538e0154013bb421b/juniversalchardet-1.0.3.jar because:
  Build cache is disabled
  Caching not enabled.
Caching disabled for InstrumentationAnalysisTransform: /root/projects/PassVault/audit-runtime-linux-android-compile01/gradle-home/caches/modules-2/files-2.1/org.jvnet.staxex/stax-ex/1.8.1/78011e483a21102fb4858f3e8f269a677e50aa23/stax-ex-1.8.1.jar because:
  Build cache is disabled
  Caching not enabled.
Caching disabled for InstrumentationAnalysisTransform: /root/projects/PassVault/audit-runtime-linux-android-compile01/gradle-home/caches/modules-2/files-2.1/jakarta.xml.bind/jakarta.xml.bind-api/2.3.2/8d49996a4338670764d7ca4b85a1c4ccf7fe665d/jakarta.xml.bind-api-2.3.2.jar because:
  Build cache is disabled
  Caching not enabled.
Caching disabled for InstrumentationAnalysisTransform: /root/projects/PassVault/audit-runtime-linux-android-compile01/gradle-home/caches/modules-2/files-2.1/org.glassfish.jaxb/txw2/2.3.2/ce5be7da2e442c25ec14c766cb60cb802741727b/txw2-2.3.2.jar because:
  Build cache is disabled
  Caching not enabled.
Caching disabled for InstrumentationAnalysisTransform: /root/projects/PassVault/audit-runtime-linux-android-compile01/gradle-home/caches/modules-2/files-2.1/com.sun.istack/istack-commons-runtime/3.0.8/d6a97364045aa6b99bf2d3c566a3f98599c2d296/istack-commons-runtime-3.0.8.jar because:
  Build cache is disabled
  Caching not enabled.
Caching disabled for InstrumentationAnalysisTransform: /root/projects/PassVault/audit-runtime-linux-android-compile01/gradle-home/caches/modules-2/files-2.1/com.sun.xml.fastinfoset/FastInfoset/1.2.16/4eb6a0adad553bf759ffe86927df6f3b848c8bea/FastInfoset-1.2.16.jar because:
  Build cache is disabled
  Caching not enabled.
Caching disabled for InstrumentationAnalysisTransform: /root/projects/PassVault/audit-runtime-linux-android-compile01/gradle-home/caches/modules-2/files-2.1/jakarta.activation/jakarta.activation-api/1.2.1/562a587face36ec7eff2db7f2fc95425c6602bc1/jakarta.activation-api-1.2.1.jar because:
  Build cache is disabled
  Caching not enabled.
Caching disabled for InstrumentationAnalysisTransform: /root/projects/PassVault/audit-runtime-linux-android-compile01/gradle-home/caches/modules-2/files-2.1/com.google.auto.value/auto-value-annotations/1.6.2/ed193d86e0af90cc2342aedbe73c5d86b03fa09b/auto-value-annotations-1.6.2.jar because:
  Build cache is disabled
  Caching not enabled.
Caching disabled for InstrumentationAnalysisTransform: /root/projects/PassVault/audit-runtime-linux-android-compile01/gradle-home/caches/modules-2/files-2.1/com.google.errorprone/error_prone_annotations/2.36.0/227d4d4957ccc3dc5761bd897e3a0ee587e750a7/error_prone_annotations-2.36.0.jar because:
  Build cache is disabled
  Caching not enabled.
Caching disabled for InstrumentationAnalysisTransform: /root/projects/PassVault/audit-runtime-linux-android-compile01/gradle-home/caches/modules-2/files-2.1/org.bitbucket.b_c/jose4j/0.9.5/e4ca26802488e6f16e24558d74ac8775a955fdd3/jose4j-0.9.5.jar because:
  Build cache is disabled
  Caching not enabled.
Caching disabled for InstrumentationAnalysisTransform: /root/projects/PassVault/audit-runtime-linux-android-compile01/gradle-home/caches/modules-2/files-2.1/org.slf4j/slf4j-api/1.7.30/b5a4b6d16ab13e34a88fae84c35cd5d68cac922c/slf4j-api-1.7.30.jar because:
  Build cache is disabled
  Caching not enabled.
Caching disabled for InstrumentationAnalysisTransform: /root/projects/PassVault/audit-runtime-linux-android-compile01/gradle-home/caches/modules-2/files-2.1/org.jdom/jdom2/2.0.6/6f14738ec2e9dd0011e343717fa624a10f8aab64/jdom2-2.0.6.jar because:
  Build cache is disabled
  Caching not enabled.
Caching disabled for InstrumentationAnalysisTransform: /root/projects/PassVault/audit-runtime-linux-android-compile01/gradle-home/caches/modules-2/files-2.1/com.google.code.findbugs/jsr305/3.0.2/25ea2e8b0c338a877313bd4672d3fe056ea78f0d/jsr305-3.0.2.jar because:
  Build cache is disabled
  Caching not enabled.
Caching disabled for InstrumentationAnalysisTransform: /root/projects/PassVault/audit-runtime-linux-android-compile01/gradle-home/caches/modules-2/files-2.1/com.google.j2objc/j2objc-annotations/3.0.0/7399e65dd7e9ff3404f4535b2f017093bdb134c7/j2objc-annotations-3.0.0.jar because:
  Build cache is disabled
  Caching not enabled.
Caching disabled for InstrumentationAnalysisTransform: /root/projects/PassVault/audit-runtime-linux-android-compile01/gradle-home/caches/modules-2/files-2.1/org.checkerframework/checker-qual/3.43.0/9425eee39e56b116d2b998b7c2cebcbd11a3c98b/checker-qual-3.43.0.jar because:
  Build cache is disabled
  Caching not enabled.
Caching disabled for InstrumentationAnalysisTransform: /root/projects/PassVault/audit-runtime-linux-android-compile01/gradle-home/caches/modules-2/files-2.1/com.google.flatbuffers/flatbuffers-java/1.12.0/8201cc7b511177a37071249e891f2f2fea4b32e9/flatbuffers-java-1.12.0.jar because:
  Build cache is disabled
  Caching not enabled.
Caching disabled for InstrumentationAnalysisTransform: /root/projects/PassVault/audit-runtime-linux-android-compile01/gradle-home/caches/modules-2/files-2.1/com.android.tools.build/apksig/9.4.0/4b5fb2950c949258167c18b868e66d7a6f49ec3a/apksig-9.4.0.jar because:
  Build cache is disabled
  Caching not enabled.
Caching disabled for InstrumentationAnalysisTransform: /root/projects/PassVault/audit-runtime-linux-android-compile01/gradle-home/caches/modules-2/files-2.1/com.squareup/javawriter/2.5.0/81241ff7078ef14f42ea2a8995fa09c096256e6b/javawriter-2.5.0.jar because:
  Build cache is disabled
  Caching not enabled.
Caching disabled for InstrumentationAnalysisTransform: /root/projects/PassVault/audit-runtime-linux-android-compile01/gradle-home/caches/modules-2/files-2.1/com.google.guava/failureaccess/1.0.2/c4a06a64e650562f30b7bf9aaec1bfed43aca12b/failureaccess-1.0.2.jar because:
  Build cache is disabled
  Caching not enabled.
Caching disabled for InstrumentationAnalysisTransform: /root/projects/PassVault/audit-runtime-linux-android-compile01/gradle-home/caches/modules-2/files-2.1/com.google.guava/listenablefuture/9999.0-empty-to-avoid-conflict-with-guava/b421526c5f297295adef1c886e5246c39d4ac629/listenablefuture-9999.0-empty-to-avoid-conflict-with-guava.jar because:
  Build cache is disabled
  Caching not enabled.
Caching disabled for InstrumentationAnalysisTransform: /root/projects/PassVault/audit-runtime-linux-android-compile01/gradle-home/caches/modules-2/files-2.1/commons-codec/commons-codec/1.17.1/973638b7149d333563584137ebf13a691bb60579/commons-codec-1.17.1.jar because:
  Build cache is disabled
  Caching not enabled.
Caching disabled for InstrumentationAnalysisTransform: /root/projects/PassVault/audit-runtime-linux-android-compile01/gradle-home/caches/modules-2/files-2.1/org.apache.commons/commons-lang3/3.16.0/3eb54effe40946dfb06dc5cd6c7ce4116cd51ea4/commons-lang3-3.16.0.jar because:
  Build cache is disabled
  Caching not enabled.
Caching disabled for InstrumentationAnalysisTransform: /root/projects/PassVault/audit-runtime-linux-android-compile01/gradle-home/caches/modules-2/files-2.1/commons-logging/commons-logging/1.2/4bfc12adfe4842bf07b657f0369c4cb522955686/commons-logging-1.2.jar because:
  Build cache is disabled
  Caching not enabled.
Caching disabled for InstrumentationAnalysisTransform: /root/projects/PassVault/audit-runtime-linux-android-compile01/gradle-home/caches/modules-2/files-2.1/net.java.dev.jna/jna/5.6.0/330f2244e9030119ab3030fc3fededc86713d9cc/jna-5.6.0.jar because:
  Build cache is disabled
  Caching not enabled.
Caching disabled for MergeInstrumentationAnalysisTransform: /root/projects/PassVault/audit-runtime-linux-android-compile01/gradle-home/caches/9.7.1/transforms/4e2fc606d0954074d32af3780bb58a2c/transformed/.gradle-instrumented-classpath.marker because:
  Build cache is disabled
  Caching not enabled.
Caching disabled for MergeInstrumentationAnalysisTransform: /root/projects/PassVault/audit-runtime-linux-android-compile01/gradle-home/caches/9.7.1/transforms/4e2fc606d0954074d32af3780bb58a2c/transformed/analysis/instrumentation-hierarchy.bin because:
  Build cache is disabled
  Caching not enabled.
Caching disabled for MergeInstrumentationAnalysisTransform: /root/projects/PassVault/audit-runtime-linux-android-compile01/gradle-home/caches/9.7.1/transforms/4e2fc606d0954074d32af3780bb58a2c/transformed/analysis/instrumentation-dependencies.bin because:
  Build cache is disabled
  Caching not enabled.
Caching disabled for MergeInstrumentationAnalysisTransform: /root/projects/PassVault/audit-runtime-linux-android-compile01/gradle-home/caches/modules-2/files-2.1/androidx.room/room-gradle-plugin/2.8.4/3f28d654bf30e354803b2d89f15fc227a799b325/room-gradle-plugin-2.8.4.jar because:
  Build cache is disabled
  Caching not enabled.
Caching disabled for ExternalDependencyInstrumentingArtifactTransform: /root/projects/PassVault/audit-runtime-linux-android-compile01/gradle-home/caches/9.7.1/transforms/e597dcad2107dc1b1658eb0f3cf9eb5f/transformed/merge/instrumentation-dependencies.bin because:
  Build cache is disabled
  Caching not enabled.
Caching disabled for ExternalDependencyInstrumentingArtifactTransform: /root/projects/PassVault/audit-runtime-linux-android-compile01/gradle-home/caches/modules-2/files-2.1/androidx.room/room-gradle-plugin/2.8.4/3f28d654bf30e354803b2d89f15fc227a799b325/room-gradle-plugin-2.8.4.jar because:
  Build cache is disabled
  Caching not enabled.
Caching disabled for MergeInstrumentationAnalysisTransform: /root/projects/PassVault/audit-runtime-linux-android-compile01/gradle-home/caches/9.7.1/transforms/a071aa20d6c97d95683163a7d6c2b4e8/transformed/analysis/instrumentation-hierarchy.bin because:
  Build cache is disabled
  Caching not enabled.
Caching disabled for MergeInstrumentationAnalysisTransform: /root/projects/PassVault/audit-runtime-linux-android-compile01/gradle-home/caches/9.7.1/transforms/a071aa20d6c97d95683163a7d6c2b4e8/transformed/analysis/instrumentation-dependencies.bin because:
  Build cache is disabled
  Caching not enabled.
Caching disabled for MergeInstrumentationAnalysisTransform: /root/projects/PassVault/audit-runtime-linux-android-compile01/gradle-home/caches/modules-2/files-2.1/com.android.tools.build/gradle-settings-api/9.4.0/fcfedf9a56578511894c869f71eaecafbf5e49e6/gradle-settings-api-9.4.0.jar because:
  Build cache is disabled
  Caching not enabled.
Caching disabled for ExternalDependencyInstrumentingArtifactTransform: /root/projects/PassVault/audit-runtime-linux-android-compile01/gradle-home/caches/9.7.1/transforms/315352dc79d95e16b2d40f575e73dbc5/transformed/merge/instrumentation-dependencies.bin because:
  Build cache is disabled
  Caching not enabled.
Caching disabled for ExternalDependencyInstrumentingArtifactTransform: /root/projects/PassVault/audit-runtime-linux-android-compile01/gradle-home/caches/modules-2/files-2.1/com.android.tools.build/gradle-settings-api/9.4.0/fcfedf9a56578511894c869f71eaecafbf5e49e6/gradle-settings-api-9.4.0.jar because:
  Build cache is disabled
  Caching not enabled.
Caching disabled for MergeInstrumentationAnalysisTransform: /root/projects/PassVault/audit-runtime-linux-android-compile01/gradle-home/caches/9.7.1/transforms/cbdb11bdc3c0e98bff81618a314a78a6/transformed/analysis/instrumentation-hierarchy.bin because:
  Build cache is disabled
  Caching not enabled.
Caching disabled for MergeInstrumentationAnalysisTransform: /root/projects/PassVault/audit-runtime-linux-android-compile01/gradle-home/caches/9.7.1/transforms/cbdb11bdc3c0e98bff81618a314a78a6/transformed/analysis/instrumentation-dependencies.bin because:
  Build cache is disabled
  Caching not enabled.
Caching disabled for MergeInstrumentationAnalysisTransform: /root/projects/PassVault/audit-runtime-linux-android-compile01/gradle-home/caches/modules-2/files-2.1/com.android.tools.build/gradle-common-api/9.4.0/188fc42710d4072ae7f02415b497fe311041b555/gradle-common-api-9.4.0.jar because:
  Build cache is disabled
  Caching not enabled.
Caching disabled for ExternalDependencyInstrumentingArtifactTransform: /root/projects/PassVault/audit-runtime-linux-android-compile01/gradle-home/caches/9.7.1/transforms/a9b418f8693e063ab11a4ec17481172d/transformed/merge/instrumentation-dependencies.bin because:
  Build cache is disabled
  Caching not enabled.
Caching disabled for ExternalDependencyInstrumentingArtifactTransform: /root/projects/PassVault/audit-runtime-linux-android-compile01/gradle-home/caches/modules-2/files-2.1/com.android.tools.build/gradle-common-api/9.4.0/188fc42710d4072ae7f02415b497fe311041b555/gradle-common-api-9.4.0.jar because:
  Build cache is disabled
  Caching not enabled.
Caching disabled for MergeInstrumentationAnalysisTransform: /root/projects/PassVault/audit-runtime-linux-android-compile01/gradle-home/caches/9.7.1/transforms/cd03375ebf9923205c27bb2866605530/transformed/analysis/instrumentation-hierarchy.bin because:
  Build cache is disabled
  Caching not enabled.
Caching disabled for MergeInstrumentationAnalysisTransform: /root/projects/PassVault/audit-runtime-linux-android-compile01/gradle-home/caches/9.7.1/transforms/cd03375ebf9923205c27bb2866605530/transformed/analysis/instrumentation-dependencies.bin because:
  Build cache is disabled
  Caching not enabled.
Caching disabled for MergeInstrumentationAnalysisTransform: /root/projects/PassVault/audit-runtime-linux-android-compile01/gradle-home/caches/modules-2/files-2.1/com.android.tools.build/gradle-api/9.4.0/4b8d719df49cceafe003db8277780acfab8b0d0d/gradle-api-9.4.0.jar because:
  Build cache is disabled
  Caching not enabled.
Caching disabled for ExternalDependencyInstrumentingArtifactTransform: /root/projects/PassVault/audit-runtime-linux-android-compile01/gradle-home/caches/9.7.1/transforms/b44a2ff2500e4e9b773ed5a5e52cc429/transformed/merge/instrumentation-dependencies.bin because:
  Build cache is disabled
  Caching not enabled.
Caching disabled for ExternalDependencyInstrumentingArtifactTransform: /root/projects/PassVault/audit-runtime-linux-android-compile01/gradle-home/caches/modules-2/files-2.1/com.android.tools.build/gradle-api/9.4.0/4b8d719df49cceafe003db8277780acfab8b0d0d/gradle-api-9.4.0.jar because:
  Build cache is disabled
  Caching not enabled.
Caching disabled for MergeInstrumentationAnalysisTransform: /root/projects/PassVault/audit-runtime-linux-android-compile01/gradle-home/caches/9.7.1/transforms/6ede40fdbbef3d9ac8b15260970bf17d/transformed/analysis/instrumentation-hierarchy.bin because:
  Build cache is disabled
  Caching not enabled.
Caching disabled for MergeInstrumentationAnalysisTransform: /root/projects/PassVault/audit-runtime-linux-android-compile01/gradle-home/caches/9.7.1/transforms/6ede40fdbbef3d9ac8b15260970bf17d/transformed/analysis/instrumentation-dependencies.bin because:
  Build cache is disabled
  Caching not enabled.
Caching disabled for MergeInstrumentationAnalysisTransform: /root/projects/PassVault/audit-runtime-linux-android-compile01/gradle-home/caches/modules-2/files-2.1/com.android.tools.build/gradle/9.4.0/4bf388abd58d7a14e9571c2524b3c5c54083a5c7/gradle-9.4.0.jar because:
  Build cache is disabled
  Caching not enabled.
Caching disabled for ExternalDependencyInstrumentingArtifactTransform: /root/projects/PassVault/audit-runtime-linux-android-compile01/gradle-home/caches/9.7.1/transforms/a9945b61018f1bdd9ee7eb0813254df1/transformed/merge/instrumentation-dependencies.bin because:
  Build cache is disabled
  Caching not enabled.
Caching disabled for ExternalDependencyInstrumentingArtifactTransform: /root/projects/PassVault/audit-runtime-linux-android-compile01/gradle-home/caches/modules-2/files-2.1/com.android.tools.build/gradle/9.4.0/4bf388abd58d7a14e9571c2524b3c5c54083a5c7/gradle-9.4.0.jar because:
  Build cache is disabled
  Caching not enabled.
Caching disabled for MergeInstrumentationAnalysisTransform: /root/projects/PassVault/audit-runtime-linux-android-compile01/gradle-home/caches/9.7.1/transforms/6e59270b74f03407ece03359824c8c47/transformed/analysis/instrumentation-hierarchy.bin because:
  Build cache is disabled
  Caching not enabled.
Caching disabled for MergeInstrumentationAnalysisTransform: /root/projects/PassVault/audit-runtime-linux-android-compile01/gradle-home/caches/9.7.1/transforms/6e59270b74f03407ece03359824c8c47/transformed/analysis/instrumentation-dependencies.bin because:
  Build cache is disabled
  Caching not enabled.
Caching disabled for MergeInstrumentationAnalysisTransform: /root/projects/PassVault/audit-runtime-linux-android-compile01/gradle-home/caches/modules-2/files-2.1/com.google.devtools.ksp/symbol-processing-gradle-plugin/2.3.10/305dc21d624de19d002813606ff7251997ac90e4/symbol-processing-gradle-plugin-2.3.10.jar because:
  Build cache is disabled
  Caching not enabled.
Caching disabled for ExternalDependencyInstrumentingArtifactTransform: /root/projects/PassVault/audit-runtime-linux-android-compile01/gradle-home/caches/9.7.1/transforms/1a8e36e31d8187b36aea35ea6605d67f/transformed/merge/instrumentation-dependencies.bin because:
  Build cache is disabled
  Caching not enabled.
Caching disabled for ExternalDependencyInstrumentingArtifactTransform: /root/projects/PassVault/audit-runtime-linux-android-compile01/gradle-home/caches/modules-2/files-2.1/com.google.devtools.ksp/symbol-processing-gradle-plugin/2.3.10/305dc21d624de19d002813606ff7251997ac90e4/symbol-processing-gradle-plugin-2.3.10.jar because:
  Build cache is disabled
  Caching not enabled.
Caching disabled for MergeInstrumentationAnalysisTransform: /root/projects/PassVault/audit-runtime-linux-android-compile01/gradle-home/caches/9.7.1/transforms/63e8855d2cfec5d7576a36e3d341d765/transformed/analysis/instrumentation-hierarchy.bin because:
  Build cache is disabled
  Caching not enabled.
Caching disabled for MergeInstrumentationAnalysisTransform: /root/projects/PassVault/audit-runtime-linux-android-compile01/gradle-home/caches/9.7.1/transforms/63e8855d2cfec5d7576a36e3d341d765/transformed/analysis/instrumentation-dependencies.bin because:
  Build cache is disabled
  Caching not enabled.
Caching disabled for MergeInstrumentationAnalysisTransform: /root/projects/PassVault/audit-runtime-linux-android-compile01/gradle-home/caches/modules-2/files-2.1/com.google.devtools.ksp/symbol-processing-api/2.3.10/a6f7d2f5cb6f63aed0e07eb53db1bf6ed07151d6/symbol-processing-api-2.3.10.jar because:
  Build cache is disabled
  Caching not enabled.
Caching disabled for ExternalDependencyInstrumentingArtifactTransform: /root/projects/PassVault/audit-runtime-linux-android-compile01/gradle-home/caches/9.7.1/transforms/2800972122e063e81f17c1e1771ff80e/transformed/merge/instrumentation-dependencies.bin because:
  Build cache is disabled
  Caching not enabled.
Caching disabled for ExternalDependencyInstrumentingArtifactTransform: /root/projects/PassVault/audit-runtime-linux-android-compile01/gradle-home/caches/modules-2/files-2.1/com.google.devtools.ksp/symbol-processing-api/2.3.10/a6f7d2f5cb6f63aed0e07eb53db1bf6ed07151d6/symbol-processing-api-2.3.10.jar because:
  Build cache is disabled
  Caching not enabled.
Caching disabled for MergeInstrumentationAnalysisTransform: /root/projects/PassVault/audit-runtime-linux-android-compile01/gradle-home/caches/9.7.1/transforms/5c4af8020f2ed76cc2f9f806c57f0e2a/transformed/analysis/instrumentation-hierarchy.bin because:
  Build cache is disabled
  Caching not enabled.
Caching disabled for MergeInstrumentationAnalysisTransform: /root/projects/PassVault/audit-runtime-linux-android-compile01/gradle-home/caches/9.7.1/transforms/5c4af8020f2ed76cc2f9f806c57f0e2a/transformed/analysis/instrumentation-dependencies.bin because:
  Build cache is disabled
  Caching not enabled.
Caching disabled for MergeInstrumentationAnalysisTransform: /root/projects/PassVault/audit-runtime-linux-android-compile01/gradle-home/caches/modules-2/files-2.1/com.google.devtools.ksp/symbol-processing-common-deps/2.3.10/f0bb28d7b911d8bd53e480c4678badbdede9507b/symbol-processing-common-deps-2.3.10.jar because:
  Build cache is disabled
  Caching not enabled.
Caching disabled for ExternalDependencyInstrumentingArtifactTransform: /root/projects/PassVault/audit-runtime-linux-android-compile01/gradle-home/caches/9.7.1/transforms/0a9374196563714f06587fe111c0c8b4/transformed/merge/instrumentation-dependencies.bin because:
  Build cache is disabled
  Caching not enabled.
Caching disabled for ExternalDependencyInstrumentingArtifactTransform: /root/projects/PassVault/audit-runtime-linux-android-compile01/gradle-home/caches/modules-2/files-2.1/com.google.devtools.ksp/symbol-processing-common-deps/2.3.10/f0bb28d7b911d8bd53e480c4678badbdede9507b/symbol-processing-common-deps-2.3.10.jar because:
  Build cache is disabled
  Caching not enabled.
Caching disabled for MergeInstrumentationAnalysisTransform: /root/projects/PassVault/audit-runtime-linux-android-compile01/gradle-home/caches/9.7.1/transforms/46f717dd02c9e37a7ccf98cbf502d548/transformed/analysis/instrumentation-hierarchy.bin because:
  Build cache is disabled
  Caching not enabled.
Caching disabled for MergeInstrumentationAnalysisTransform: /root/projects/PassVault/audit-runtime-linux-android-compile01/gradle-home/caches/9.7.1/transforms/46f717dd02c9e37a7ccf98cbf502d548/transformed/analysis/instrumentation-dependencies.bin because:
  Build cache is disabled
  Caching not enabled.
Caching disabled for MergeInstrumentationAnalysisTransform: /root/projects/PassVault/audit-runtime-linux-android-compile01/gradle-home/caches/modules-2/files-2.1/com.android.tools.build/aaptcompiler/9.4.0/618464e735fb0db6c4fad5906121ffd229a0afe9/aaptcompiler-9.4.0.jar because:
  Build cache is disabled
  Caching not enabled.
Caching disabled for ExternalDependencyInstrumentingArtifactTransform: /root/projects/PassVault/audit-runtime-linux-android-compile01/gradle-home/caches/9.7.1/transforms/ed9bdf521ff905769c9fe65771b89419/transformed/merge/instrumentation-dependencies.bin because:
  Build cache is disabled
  Caching not enabled.
Caching disabled for ExternalDependencyInstrumentingArtifactTransform: /root/projects/PassVault/audit-runtime-linux-android-compile01/gradle-home/caches/modules-2/files-2.1/com.android.tools.build/aaptcompiler/9.4.0/618464e735fb0db6c4fad5906121ffd229a0afe9/aaptcompiler-9.4.0.jar because:
  Build cache is disabled
  Caching not enabled.
Caching disabled for MergeInstrumentationAnalysisTransform: /root/projects/PassVault/audit-runtime-linux-android-compile01/gradle-home/caches/9.7.1/transforms/9a762421d3b295bbaab950028e5ba8cb/transformed/analysis/instrumentation-hierarchy.bin because:
  Build cache is disabled
  Caching not enabled.
Caching disabled for MergeInstrumentationAnalysisTransform: /root/projects/PassVault/audit-runtime-linux-android-compile01/gradle-home/caches/9.7.1/transforms/9a762421d3b295bbaab950028e5ba8cb/transformed/analysis/instrumentation-dependencies.bin because:
  Build cache is disabled
  Caching not enabled.
Caching disabled for MergeInstrumentationAnalysisTransform: /root/projects/PassVault/audit-runtime-linux-android-compile01/gradle-home/caches/modules-2/files-2.1/com.android.tools.utp/gradle-work-action-api/32.4.0/a3b3019fa407b16a9b15e764f4b1ac5f2df9d11b/gradle-work-action-api-32.4.0.jar because:
  Build cache is disabled
  Caching not enabled.
Caching disabled for ExternalDependencyInstrumentingArtifactTransform: /root/projects/PassVault/audit-runtime-linux-android-compile01/gradle-home/caches/9.7.1/transforms/c90290726d7561e7c104d5ae8d41a678/transformed/merge/instrumentation-dependencies.bin because:
  Build cache is disabled
  Caching not enabled.
Caching disabled for ExternalDependencyInstrumentingArtifactTransform: /root/projects/PassVault/audit-runtime-linux-android-compile01/gradle-home/caches/modules-2/files-2.1/com.android.tools.utp/gradle-work-action-api/32.4.0/a3b3019fa407b16a9b15e764f4b1ac5f2df9d11b/gradle-work-action-api-32.4.0.jar because:
  Build cache is disabled
  Caching not enabled.
Caching disabled for MergeInstrumentationAnalysisTransform: /root/projects/PassVault/audit-runtime-linux-android-compile01/gradle-home/caches/9.7.1/transforms/f795e401016967dc5cdb8c7aad57f141/transformed/analysis/instrumentation-hierarchy.bin because:
  Build cache is disabled
  Caching not enabled.
Caching disabled for MergeInstrumentationAnalysisTransform: /root/projects/PassVault/audit-runtime-linux-android-compile01/gradle-home/caches/9.7.1/transforms/f795e401016967dc5cdb8c7aad57f141/transformed/analysis/instrumentation-dependencies.bin because:
  Build cache is disabled
  Caching not enabled.
Caching disabled for MergeInstrumentationAnalysisTransform: /root/projects/PassVault/audit-runtime-linux-android-compile01/gradle-home/caches/modules-2/files-2.1/androidx.databinding/databinding-compiler-common/9.4.0/ee18738f9b4b0611aea6428eaad49fb9c168523e/databinding-compiler-common-9.4.0.jar because:
  Build cache is disabled
  Caching not enabled.
Caching disabled for ExternalDependencyInstrumentingArtifactTransform: /root/projects/PassVault/audit-runtime-linux-android-compile01/gradle-home/caches/9.7.1/transforms/907dc837fffe25634afb7c2c6993d5b4/transformed/merge/instrumentation-dependencies.bin because:
  Build cache is disabled
  Caching not enabled.
Caching disabled for ExternalDependencyInstrumentingArtifactTransform: /root/projects/PassVault/audit-runtime-linux-android-compile01/gradle-home/caches/modules-2/files-2.1/androidx.databinding/databinding-compiler-common/9.4.0/ee18738f9b4b0611aea6428eaad49fb9c168523e/databinding-compiler-common-9.4.0.jar because:
  Build cache is disabled
  Caching not enabled.
Caching disabled for MergeInstrumentationAnalysisTransform: /root/projects/PassVault/audit-runtime-linux-android-compile01/gradle-home/caches/9.7.1/transforms/8b93082de4c3ecef036a45774c5ed35d/transformed/analysis/instrumentation-hierarchy.bin because:
  Build cache is disabled
  Caching not enabled.
Caching disabled for MergeInstrumentationAnalysisTransform: /root/projects/PassVault/audit-runtime-linux-android-compile01/gradle-home/caches/9.7.1/transforms/8b93082de4c3ecef036a45774c5ed35d/transformed/analysis/instrumentation-dependencies.bin because:
  Build cache is disabled
  Caching not enabled.
Caching disabled for MergeInstrumentationAnalysisTransform: /root/projects/PassVault/audit-runtime-linux-android-compile01/gradle-home/caches/modules-2/files-2.1/com.android.tools.build.jetifier/jetifier-processor/1.0.0-beta10/946c39eb0c052ff4f60a8939648a8b99af20d604/jetifier-processor-1.0.0-beta10.jar because:
  Build cache is disabled
  Caching not enabled.
Caching disabled for ExternalDependencyInstrumentingArtifactTransform: /root/projects/PassVault/audit-runtime-linux-android-compile01/gradle-home/caches/9.7.1/transforms/a22313cf16e0b28bc7bb103b49401a7f/transformed/merge/instrumentation-dependencies.bin because:
  Build cache is disabled
  Caching not enabled.
Caching disabled for ExternalDependencyInstrumentingArtifactTransform: /root/projects/PassVault/audit-runtime-linux-android-compile01/gradle-home/caches/modules-2/files-2.1/com.android.tools.build.jetifier/jetifier-processor/1.0.0-beta10/946c39eb0c052ff4f60a8939648a8b99af20d604/jetifier-processor-1.0.0-beta10.jar because:
  Build cache is disabled
  Caching not enabled.
Caching disabled for MergeInstrumentationAnalysisTransform: /root/projects/PassVault/audit-runtime-linux-android-compile01/gradle-home/caches/9.7.1/transforms/c449837041688080111950291b2b032a/transformed/analysis/instrumentation-hierarchy.bin because:
  Build cache is disabled
  Caching not enabled.
Caching disabled for MergeInstrumentationAnalysisTransform: /root/projects/PassVault/audit-runtime-linux-android-compile01/gradle-home/caches/9.7.1/transforms/c449837041688080111950291b2b032a/transformed/analysis/instrumentation-dependencies.bin because:
  Build cache is disabled
  Caching not enabled.
Caching disabled for MergeInstrumentationAnalysisTransform: /root/projects/PassVault/audit-runtime-linux-android-compile01/gradle-home/caches/modules-2/files-2.1/com.android.tools.build.jetifier/jetifier-core/1.0.0-beta10/6e621022a9c95af12a7004d6b55805bbd1126837/jetifier-core-1.0.0-beta10.jar because:
  Build cache is disabled
  Caching not enabled.
Caching disabled for ExternalDependencyInstrumentingArtifactTransform: /root/projects/PassVault/audit-runtime-linux-android-compile01/gradle-home/caches/9.7.1/transforms/19137e2dab3e1c80c5b07ba7dc04e34f/transformed/merge/instrumentation-dependencies.bin because:
  Build cache is disabled
  Caching not enabled.
Caching disabled for ExternalDependencyInstrumentingArtifactTransform: /root/projects/PassVault/audit-runtime-linux-android-compile01/gradle-home/caches/modules-2/files-2.1/com.android.tools.build.jetifier/jetifier-core/1.0.0-beta10/6e621022a9c95af12a7004d6b55805bbd1126837/jetifier-core-1.0.0-beta10.jar because:
  Build cache is disabled
  Caching not enabled.
Caching disabled for MergeInstrumentationAnalysisTransform: /root/projects/PassVault/audit-runtime-linux-android-compile01/gradle-home/caches/9.7.1/transforms/9b87b90661d37108c4898cf2b395ea31/transformed/analysis/instrumentation-hierarchy.bin because:
  Build cache is disabled
  Caching not enabled.
Caching disabled for MergeInstrumentationAnalysisTransform: /root/projects/PassVault/audit-runtime-linux-android-compile01/gradle-home/caches/9.7.1/transforms/9b87b90661d37108c4898cf2b395ea31/transformed/analysis/instrumentation-dependencies.bin because:
  Build cache is disabled
  Caching not enabled.
Caching disabled for MergeInstrumentationAnalysisTransform: /root/projects/PassVault/audit-runtime-linux-android-compile01/gradle-home/caches/modules-2/files-2.1/com.android.tools.build/builder/9.4.0/d1d5f9a479131e45d876213b674c9fd1a8a2d6ea/builder-9.4.0.jar because:
  Build cache is disabled
  Caching not enabled.
Caching disabled for ExternalDependencyInstrumentingArtifactTransform: /root/projects/PassVault/audit-runtime-linux-android-compile01/gradle-home/caches/9.7.1/transforms/b28fc293c60775e83d0013a1e4de3383/transformed/merge/instrumentation-dependencies.bin because:
  Build cache is disabled
  Caching not enabled.
Caching disabled for ExternalDependencyInstrumentingArtifactTransform: /root/projects/PassVault/audit-runtime-linux-android-compile01/gradle-home/caches/modules-2/files-2.1/com.android.tools.build/builder/9.4.0/d1d5f9a479131e45d876213b674c9fd1a8a2d6ea/builder-9.4.0.jar because:
  Build cache is disabled
  Caching not enabled.
Caching disabled for MergeInstrumentationAnalysisTransform: /root/projects/PassVault/audit-runtime-linux-android-compile01/gradle-home/caches/9.7.1/transforms/8ec6b612ef68c7e82a84fd5c4501d9f2/transformed/analysis/instrumentation-hierarchy.bin because:
  Build cache is disabled
  Caching not enabled.
Caching disabled for MergeInstrumentationAnalysisTransform: /root/projects/PassVault/audit-runtime-linux-android-compile01/gradle-home/caches/9.7.1/transforms/8ec6b612ef68c7e82a84fd5c4501d9f2/transformed/analysis/instrumentation-dependencies.bin because:
  Build cache is disabled
  Caching not enabled.
Caching disabled for MergeInstrumentationAnalysisTransform: /root/projects/PassVault/audit-runtime-linux-android-compile01/gradle-home/caches/modules-2/files-2.1/com.android.tools.lint/lint-model/32.4.0/2a01476159d9ab4b0f12e84f41f5a3a142414c6/lint-model-32.4.0.jar because:
  Build cache is disabled
  Caching not enabled.
Caching disabled for ExternalDependencyInstrumentingArtifactTransform: /root/projects/PassVault/audit-runtime-linux-android-compile01/gradle-home/caches/9.7.1/transforms/7275a14f3eb9103456d3e634187a3542/transformed/merge/instrumentation-dependencies.bin because:
  Build cache is disabled
  Caching not enabled.
Caching disabled for ExternalDependencyInstrumentingArtifactTransform: /root/projects/PassVault/audit-runtime-linux-android-compile01/gradle-home/caches/modules-2/files-2.1/com.android.tools.lint/lint-model/32.4.0/2a01476159d9ab4b0f12e84f41f5a3a142414c6/lint-model-32.4.0.jar because:
  Build cache is disabled
  Caching not enabled.
Caching disabled for MergeInstrumentationAnalysisTransform: /root/projects/PassVault/audit-runtime-linux-android-compile01/gradle-home/caches/9.7.1/transforms/1dd6dba579e88aa8ab9536a70f5cad17/transformed/analysis/instrumentation-hierarchy.bin because:
  Build cache is disabled
  Caching not enabled.
Caching disabled for MergeInstrumentationAnalysisTransform: /root/projects/PassVault/audit-runtime-linux-android-compile01/gradle-home/caches/9.7.1/transforms/1dd6dba579e88aa8ab9536a70f5cad17/transformed/analysis/instrumentation-dependencies.bin because:
  Build cache is disabled
  Caching not enabled.
Caching disabled for MergeInstrumentationAnalysisTransform: /root/projects/PassVault/audit-runtime-linux-android-compile01/gradle-home/caches/modules-2/files-2.1/com.android.tools.build/builder-model/9.4.0/2edee2cd225a6dc43276d3328a3ffac827694a9f/builder-model-9.4.0.jar because:
  Build cache is disabled
  Caching not enabled.
Caching disabled for ExternalDependencyInstrumentingArtifactTransform: /root/projects/PassVault/audit-runtime-linux-android-compile01/gradle-home/caches/9.7.1/transforms/9a2c0936d67096d1d110fbef8d9410d9/transformed/merge/instrumentation-dependencies.bin because:
  Build cache is disabled
  Caching not enabled.
Caching disabled for ExternalDependencyInstrumentingArtifactTransform: /root/projects/PassVault/audit-runtime-linux-android-compile01/gradle-home/caches/modules-2/files-2.1/com.android.tools.build/builder-model/9.4.0/2edee2cd225a6dc43276d3328a3ffac827694a9f/builder-model-9.4.0.jar because:
  Build cache is disabled
  Caching not enabled.
Caching disabled for MergeInstrumentationAnalysisTransform: /root/projects/PassVault/audit-runtime-linux-android-compile01/gradle-home/caches/9.7.1/transforms/8b9c1bfa9b7e382f112652a4772d6268/transformed/analysis/instrumentation-hierarchy.bin because:
  Build cache is disabled
  Caching not enabled.
Caching disabled for MergeInstrumentationAnalysisTransform: /root/projects/PassVault/audit-runtime-linux-android-compile01/gradle-home/caches/9.7.1/transforms/8b9c1bfa9b7e382f112652a4772d6268/transformed/analysis/instrumentation-dependencies.bin because:
  Build cache is disabled
  Caching not enabled.
Caching disabled for MergeInstrumentationAnalysisTransform: /root/projects/PassVault/audit-runtime-linux-android-compile01/gradle-home/caches/modules-2/files-2.1/com.android.tools.build/manifest-merger/32.4.0/69a65bba12474ac5a1cf407def4f118bcd94b8dc/manifest-merger-32.4.0.jar because:
  Build cache is disabled
  Caching not enabled.
Caching disabled for ExternalDependencyInstrumentingArtifactTransform: /root/projects/PassVault/audit-runtime-linux-android-compile01/gradle-home/caches/9.7.1/transforms/796c1bba5c3af7525bb5f997aee8a439/transformed/merge/instrumentation-dependencies.bin because:
  Build cache is disabled
  Caching not enabled.
Caching disabled for ExternalDependencyInstrumentingArtifactTransform: /root/projects/PassVault/audit-runtime-linux-android-compile01/gradle-home/caches/modules-2/files-2.1/com.android.tools.build/manifest-merger/32.4.0/69a65bba12474ac5a1cf407def4f118bcd94b8dc/manifest-merger-32.4.0.jar because:
  Build cache is disabled
  Caching not enabled.
Caching disabled for MergeInstrumentationAnalysisTransform: /root/projects/PassVault/audit-runtime-linux-android-compile01/gradle-home/caches/9.7.1/transforms/d554671a3597f0740953b68708416fd6/transformed/analysis/instrumentation-hierarchy.bin because:
  Build cache is disabled
  Caching not enabled.
Caching disabled for MergeInstrumentationAnalysisTransform: /root/projects/PassVault/audit-runtime-linux-android-compile01/gradle-home/caches/9.7.1/transforms/d554671a3597f0740953b68708416fd6/transformed/analysis/instrumentation-dependencies.bin because:
  Build cache is disabled
  Caching not enabled.
Caching disabled for MergeInstrumentationAnalysisTransform: /root/projects/PassVault/audit-runtime-linux-android-compile01/gradle-home/caches/modules-2/files-2.1/com.android.tools/sdk-common/32.4.0/aa7fdb85569977f294b4fba5b1451b5a14d6c422/sdk-common-32.4.0.jar because:
  Build cache is disabled
  Caching not enabled.
Caching disabled for ExternalDependencyInstrumentingArtifactTransform: /root/projects/PassVault/audit-runtime-linux-android-compile01/gradle-home/caches/9.7.1/transforms/b1f86b13d70eaec7f679d1d575d3ad7c/transformed/merge/instrumentation-dependencies.bin because:
  Build cache is disabled
  Caching not enabled.
Caching disabled for ExternalDependencyInstrumentingArtifactTransform: /root/projects/PassVault/audit-runtime-linux-android-compile01/gradle-home/caches/modules-2/files-2.1/com.android.tools/sdk-common/32.4.0/aa7fdb85569977f294b4fba5b1451b5a14d6c422/sdk-common-32.4.0.jar because:
  Build cache is disabled
  Caching not enabled.
Caching disabled for MergeInstrumentationAnalysisTransform: /root/projects/PassVault/audit-runtime-linux-android-compile01/gradle-home/caches/9.7.1/transforms/de7c872effd46a75e242d09568ad2438/transformed/analysis/instrumentation-hierarchy.bin because:
  Build cache is disabled
  Caching not enabled.
Caching disabled for MergeInstrumentationAnalysisTransform: /root/projects/PassVault/audit-runtime-linux-android-compile01/gradle-home/caches/9.7.1/transforms/de7c872effd46a75e242d09568ad2438/transformed/analysis/instrumentation-dependencies.bin because:
  Build cache is disabled
  Caching not enabled.
Caching disabled for MergeInstrumentationAnalysisTransform: /root/projects/PassVault/audit-runtime-linux-android-compile01/gradle-home/caches/modules-2/files-2.1/org.jetbrains.kotlin/kotlin-reflect/2.4.0/532cc727c0960d12f4c9acb6a6c2c4a3e08187b/kotlin-reflect-2.4.0.jar because:
  Build cache is disabled
  Caching not enabled.
Caching disabled for ExternalDependencyInstrumentingArtifactTransform: /root/projects/PassVault/audit-runtime-linux-android-compile01/gradle-home/caches/9.7.1/transforms/8c042b5839fb36fac367e8d68b262c89/transformed/merge/instrumentation-dependencies.bin because:
  Build cache is disabled
  Caching not enabled.
Caching disabled for ExternalDependencyInstrumentingArtifactTransform: /root/projects/PassVault/audit-runtime-linux-android-compile01/gradle-home/caches/modules-2/files-2.1/org.jetbrains.kotlin/kotlin-reflect/2.4.0/532cc727c0960d12f4c9acb6a6c2c4a3e08187b/kotlin-reflect-2.4.0.jar because:
  Build cache is disabled
  Caching not enabled.
Caching disabled for MergeInstrumentationAnalysisTransform: /root/projects/PassVault/audit-runtime-linux-android-compile01/gradle-home/caches/9.7.1/transforms/c7d223a254cc8ce596e19e487d511f5f/transformed/analysis/instrumentation-hierarchy.bin because:
  Build cache is disabled
  Caching not enabled.
Caching disabled for MergeInstrumentationAnalysisTransform: /root/projects/PassVault/audit-runtime-linux-android-compile01/gradle-home/caches/9.7.1/transforms/c7d223a254cc8ce596e19e487d511f5f/transformed/analysis/instrumentation-dependencies.bin because:
  Build cache is disabled
  Caching not enabled.
Caching disabled for MergeInstrumentationAnalysisTransform: /root/projects/PassVault/audit-runtime-linux-android-compile01/gradle-home/caches/modules-2/files-2.1/com.android.tools/sdklib/32.4.0/16b34ddee0d33385dbce03577a83b1c1e09aff3a/sdklib-32.4.0.jar because:
  Build cache is disabled
  Caching not enabled.
Caching disabled for ExternalDependencyInstrumentingArtifactTransform: /root/projects/PassVault/audit-runtime-linux-android-compile01/gradle-home/caches/9.7.1/transforms/47d81b989cb3ca9974fc03a7ca4fba71/transformed/merge/instrumentation-dependencies.bin because:
  Build cache is disabled
  Caching not enabled.
Caching disabled for ExternalDependencyInstrumentingArtifactTransform: /root/projects/PassVault/audit-runtime-linux-android-compile01/gradle-home/caches/modules-2/files-2.1/com.android.tools/sdklib/32.4.0/16b34ddee0d33385dbce03577a83b1c1e09aff3a/sdklib-32.4.0.jar because:
  Build cache is disabled
  Caching not enabled.
Caching disabled for MergeInstrumentationAnalysisTransform: /root/projects/PassVault/audit-runtime-linux-android-compile01/gradle-home/caches/9.7.1/transforms/cfc14889272a909133065011eb6a19df/transformed/analysis/instrumentation-hierarchy.bin because:
  Build cache is disabled
  Caching not enabled.
Caching disabled for MergeInstrumentationAnalysisTransform: /root/projects/PassVault/audit-runtime-linux-android-compile01/gradle-home/caches/9.7.1/transforms/cfc14889272a909133065011eb6a19df/transformed/analysis/instrumentation-dependencies.bin because:
  Build cache is disabled
  Caching not enabled.
Caching disabled for MergeInstrumentationAnalysisTransform: /root/projects/PassVault/audit-runtime-linux-android-compile01/gradle-home/caches/modules-2/files-2.1/com.android.tools/repository/32.4.0/8b46d4a01e62b854aaad0f32b09b04576652d97b/repository-32.4.0.jar because:
  Build cache is disabled
  Caching not enabled.
Caching disabled for ExternalDependencyInstrumentingArtifactTransform: /root/projects/PassVault/audit-runtime-linux-android-compile01/gradle-home/caches/9.7.1/transforms/7aa009ffc86c188bcac4429c98272a15/transformed/merge/instrumentation-dependencies.bin because:
  Build cache is disabled
  Caching not enabled.
Caching disabled for ExternalDependencyInstrumentingArtifactTransform: /root/projects/PassVault/audit-runtime-linux-android-compile01/gradle-home/caches/modules-2/files-2.1/com.android.tools/repository/32.4.0/8b46d4a01e62b854aaad0f32b09b04576652d97b/repository-32.4.0.jar because:
  Build cache is disabled
  Caching not enabled.
Caching disabled for MergeInstrumentationAnalysisTransform: /root/projects/PassVault/audit-runtime-linux-android-compile01/gradle-home/caches/9.7.1/transforms/1f63175a0fd140929131ebafe5571fd5/transformed/analysis/instrumentation-hierarchy.bin because:
  Build cache is disabled
  Caching not enabled.
Caching disabled for MergeInstrumentationAnalysisTransform: /root/projects/PassVault/audit-runtime-linux-android-compile01/gradle-home/caches/9.7.1/transforms/1f63175a0fd140929131ebafe5571fd5/transformed/analysis/instrumentation-dependencies.bin because:
  Build cache is disabled
  Caching not enabled.
Caching disabled for MergeInstrumentationAnalysisTransform: /root/projects/PassVault/audit-runtime-linux-android-compile01/gradle-home/caches/modules-2/files-2.1/com.android.tools.analytics-library/tracker/32.4.0/e5b8d9ea7f4dc2354d302a76b8b1eedb23557e78/tracker-32.4.0.jar because:
  Build cache is disabled
  Caching not enabled.
Caching disabled for ExternalDependencyInstrumentingArtifactTransform: /root/projects/PassVault/audit-runtime-linux-android-compile01/gradle-home/caches/9.7.1/transforms/9c7973b6a8896cb7e921fb64a5723f49/transformed/merge/instrumentation-dependencies.bin because:
  Build cache is disabled
  Caching not enabled.
Caching disabled for ExternalDependencyInstrumentingArtifactTransform: /root/projects/PassVault/audit-runtime-linux-android-compile01/gradle-home/caches/modules-2/files-2.1/com.android.tools.analytics-library/tracker/32.4.0/e5b8d9ea7f4dc2354d302a76b8b1eedb23557e78/tracker-32.4.0.jar because:
  Build cache is disabled
  Caching not enabled.
Caching disabled for MergeInstrumentationAnalysisTransform: /root/projects/PassVault/audit-runtime-linux-android-compile01/gradle-home/caches/9.7.1/transforms/0abe0b71fbb462d1cbc1ab8a4cd319bb/transformed/analysis/instrumentation-hierarchy.bin because:
  Build cache is disabled
  Caching not enabled.
Caching disabled for MergeInstrumentationAnalysisTransform: /root/projects/PassVault/audit-runtime-linux-android-compile01/gradle-home/caches/9.7.1/transforms/0abe0b71fbb462d1cbc1ab8a4cd319bb/transformed/analysis/instrumentation-dependencies.bin because:
  Build cache is disabled
  Caching not enabled.
Caching disabled for MergeInstrumentationAnalysisTransform: /root/projects/PassVault/audit-runtime-linux-android-compile01/gradle-home/caches/modules-2/files-2.1/com.android.tools.analytics-library/shared/32.4.0/429c17cd9d8efce819180878b2375d4a5c4ff2aa/shared-32.4.0.jar because:
  Build cache is disabled
  Caching not enabled.
Caching disabled for ExternalDependencyInstrumentingArtifactTransform: /root/projects/PassVault/audit-runtime-linux-android-compile01/gradle-home/caches/9.7.1/transforms/68681d912a9e23657cf5aeeead96d0d4/transformed/merge/instrumentation-dependencies.bin because:
  Build cache is disabled
  Caching not enabled.
Caching disabled for ExternalDependencyInstrumentingArtifactTransform: /root/projects/PassVault/audit-runtime-linux-android-compile01/gradle-home/caches/modules-2/files-2.1/com.android.tools.analytics-library/shared/32.4.0/429c17cd9d8efce819180878b2375d4a5c4ff2aa/shared-32.4.0.jar because:
  Build cache is disabled
  Caching not enabled.
Caching disabled for MergeInstrumentationAnalysisTransform: /root/projects/PassVault/audit-runtime-linux-android-compile01/gradle-home/caches/9.7.1/transforms/c165176ea2f5ad88879a3aa5cb2c4cd0/transformed/analysis/instrumentation-hierarchy.bin because:
  Build cache is disabled
  Caching not enabled.
Caching disabled for MergeInstrumentationAnalysisTransform: /root/projects/PassVault/audit-runtime-linux-android-compile01/gradle-home/caches/9.7.1/transforms/c165176ea2f5ad88879a3aa5cb2c4cd0/transformed/analysis/instrumentation-dependencies.bin because:
  Build cache is disabled
  Caching not enabled.
Caching disabled for MergeInstrumentationAnalysisTransform: /root/projects/PassVault/audit-runtime-linux-android-compile01/gradle-home/caches/modules-2/files-2.1/com.android.tools.build/builder-test-api/9.4.0/a6e38343c3f6fd6ce1f833e569bce4b2d85b0182/builder-test-api-9.4.0.jar because:
  Build cache is disabled
  Caching not enabled.
Caching disabled for ExternalDependencyInstrumentingArtifactTransform: /root/projects/PassVault/audit-runtime-linux-android-compile01/gradle-home/caches/9.7.1/transforms/7dfc5e54a3d098b15e17146b0696a5f4/transformed/merge/instrumentation-dependencies.bin because:
  Build cache is disabled
  Caching not enabled.
Caching disabled for ExternalDependencyInstrumentingArtifactTransform: /root/projects/PassVault/audit-runtime-linux-android-compile01/gradle-home/caches/modules-2/files-2.1/com.android.tools.build/builder-test-api/9.4.0/a6e38343c3f6fd6ce1f833e569bce4b2d85b0182/builder-test-api-9.4.0.jar because:
  Build cache is disabled
  Caching not enabled.
Caching disabled for MergeInstrumentationAnalysisTransform: /root/projects/PassVault/audit-runtime-linux-android-compile01/gradle-home/caches/9.7.1/transforms/ec7f00c695ec105091aed6be7f084b74/transformed/analysis/instrumentation-hierarchy.bin because:
  Build cache is disabled
  Caching not enabled.
Caching disabled for MergeInstrumentationAnalysisTransform: /root/projects/PassVault/audit-runtime-linux-android-compile01/gradle-home/caches/9.7.1/transforms/ec7f00c695ec105091aed6be7f084b74/transformed/analysis/instrumentation-dependencies.bin because:
  Build cache is disabled
  Caching not enabled.
Caching disabled for MergeInstrumentationAnalysisTransform: /root/projects/PassVault/audit-runtime-linux-android-compile01/gradle-home/caches/modules-2/files-2.1/com.android.tools.ddms/ddmlib/32.4.0/47a5071917cd3269367f3a6b8e717abfe949db25/ddmlib-32.4.0.jar because:
  Build cache is disabled
  Caching not enabled.
Caching disabled for ExternalDependencyInstrumentingArtifactTransform: /root/projects/PassVault/audit-runtime-linux-android-compile01/gradle-home/caches/9.7.1/transforms/e59bebe2d87f5a67c0ffb2ec086aba72/transformed/merge/instrumentation-dependencies.bin because:
  Build cache is disabled
  Caching not enabled.
Caching disabled for ExternalDependencyInstrumentingArtifactTransform: /root/projects/PassVault/audit-runtime-linux-android-compile01/gradle-home/caches/modules-2/files-2.1/com.android.tools.ddms/ddmlib/32.4.0/47a5071917cd3269367f3a6b8e717abfe949db25/ddmlib-32.4.0.jar because:
  Build cache is disabled
  Caching not enabled.
Caching disabled for MergeInstrumentationAnalysisTransform: /root/projects/PassVault/audit-runtime-linux-android-compile01/gradle-home/caches/9.7.1/transforms/9e68cdb48604f318c42a6ea943de320f/transformed/analysis/instrumentation-hierarchy.bin because:
  Build cache is disabled
  Caching not enabled.
Caching disabled for MergeInstrumentationAnalysisTransform: /root/projects/PassVault/audit-runtime-linux-android-compile01/gradle-home/caches/9.7.1/transforms/9e68cdb48604f318c42a6ea943de320f/transformed/analysis/instrumentation-dependencies.bin because:
  Build cache is disabled
  Caching not enabled.
Caching disabled for MergeInstrumentationAnalysisTransform: /root/projects/PassVault/audit-runtime-linux-android-compile01/gradle-home/caches/modules-2/files-2.1/com.android.tools.layoutlib/layoutlib-api/32.4.0/8f655b3d30a60639f6ece73c9721caa86966e9ed/layoutlib-api-32.4.0.jar because:
  Build cache is disabled
  Caching not enabled.
Caching disabled for ExternalDependencyInstrumentingArtifactTransform: /root/projects/PassVault/audit-runtime-linux-android-compile01/gradle-home/caches/9.7.1/transforms/8748e7fef71a95e39f107af517746590/transformed/merge/instrumentation-dependencies.bin because:
  Build cache is disabled
  Caching not enabled.
Caching disabled for ExternalDependencyInstrumentingArtifactTransform: /root/projects/PassVault/audit-runtime-linux-android-compile01/gradle-home/caches/modules-2/files-2.1/com.android.tools.layoutlib/layoutlib-api/32.4.0/8f655b3d30a60639f6ece73c9721caa86966e9ed/layoutlib-api-32.4.0.jar because:
  Build cache is disabled
  Caching not enabled.
Caching disabled for MergeInstrumentationAnalysisTransform: /root/projects/PassVault/audit-runtime-linux-android-compile01/gradle-home/caches/9.7.1/transforms/8963e19d1575d43636f3136f02b7107e/transformed/analysis/instrumentation-hierarchy.bin because:
  Build cache is disabled
  Caching not enabled.
Caching disabled for MergeInstrumentationAnalysisTransform: /root/projects/PassVault/audit-runtime-linux-android-compile01/gradle-home/caches/9.7.1/transforms/8963e19d1575d43636f3136f02b7107e/transformed/analysis/instrumentation-dependencies.bin because:
  Build cache is disabled
  Caching not enabled.
Caching disabled for MergeInstrumentationAnalysisTransform: /root/projects/PassVault/audit-runtime-linux-android-compile01/gradle-home/caches/modules-2/files-2.1/com.android.tools/dvlib/32.4.0/ddf23cd64ef10c248076fc4d7011c7d8250385cd/dvlib-32.4.0.jar because:
  Build cache is disabled
  Caching not enabled.
Caching disabled for ExternalDependencyInstrumentingArtifactTransform: /root/projects/PassVault/audit-runtime-linux-android-compile01/gradle-home/caches/9.7.1/transforms/7e3c8fe04615defd789ecd8955987cfe/transformed/merge/instrumentation-dependencies.bin because:
  Build cache is disabled
  Caching not enabled.
Caching disabled for ExternalDependencyInstrumentingArtifactTransform: /root/projects/PassVault/audit-runtime-linux-android-compile01/gradle-home/caches/modules-2/files-2.1/com.android.tools/dvlib/32.4.0/ddf23cd64ef10c248076fc4d7011c7d8250385cd/dvlib-32.4.0.jar because:
  Build cache is disabled
  Caching not enabled.
Caching disabled for MergeInstrumentationAnalysisTransform: /root/projects/PassVault/audit-runtime-linux-android-compile01/gradle-home/caches/9.7.1/transforms/d0bdb2a875c9a7393d1a1204d5023c17/transformed/analysis/instrumentation-hierarchy.bin because:
  Build cache is disabled
  Caching not enabled.
Caching disabled for MergeInstrumentationAnalysisTransform: /root/projects/PassVault/audit-runtime-linux-android-compile01/gradle-home/caches/9.7.1/transforms/d0bdb2a875c9a7393d1a1204d5023c17/transformed/analysis/instrumentation-dependencies.bin because:
  Build cache is disabled
  Caching not enabled.
Caching disabled for MergeInstrumentationAnalysisTransform: /root/projects/PassVault/audit-runtime-linux-android-compile01/gradle-home/caches/modules-2/files-2.1/com.android.tools/common/32.4.0/e726669a2e96bd6a0d68bb48d9a6bf09210f5c1a/common-32.4.0.jar because:
  Build cache is disabled
  Caching not enabled.
Caching disabled for ExternalDependencyInstrumentingArtifactTransform: /root/projects/PassVault/audit-runtime-linux-android-compile01/gradle-home/caches/9.7.1/transforms/7875692627900e5c9cd102929d744a3d/transformed/merge/instrumentation-dependencies.bin because:
  Build cache is disabled
  Caching not enabled.
Caching disabled for ExternalDependencyInstrumentingArtifactTransform: /root/projects/PassVault/audit-runtime-linux-android-compile01/gradle-home/caches/modules-2/files-2.1/com.android.tools/common/32.4.0/e726669a2e96bd6a0d68bb48d9a6bf09210f5c1a/common-32.4.0.jar because:
  Build cache is disabled
  Caching not enabled.
Caching disabled for MergeInstrumentationAnalysisTransform: /root/projects/PassVault/audit-runtime-linux-android-compile01/gradle-home/caches/9.7.1/transforms/ba01a1ef951a5d4638db34e3bd3bd748/transformed/analysis/instrumentation-hierarchy.bin because:
  Build cache is disabled
  Caching not enabled.
Caching disabled for MergeInstrumentationAnalysisTransform: /root/projects/PassVault/audit-runtime-linux-android-compile01/gradle-home/caches/9.7.1/transforms/ba01a1ef951a5d4638db34e3bd3bd748/transformed/analysis/instrumentation-dependencies.bin because:
  Build cache is disabled
  Caching not enabled.
Caching disabled for MergeInstrumentationAnalysisTransform: /root/projects/PassVault/audit-runtime-linux-android-compile01/gradle-home/caches/modules-2/files-2.1/dev.detekt/detekt-gradle-plugin/2.0.0-alpha.6/ae5ae80c78324d77ef1513d7cc63ab9b698bd335/detekt-gradle-plugin-2.0.0-alpha.6.jar because:
  Build cache is disabled
  Caching not enabled.
Caching disabled for ExternalDependencyInstrumentingArtifactTransform: /root/projects/PassVault/audit-runtime-linux-android-compile01/gradle-home/caches/9.7.1/transforms/6f56aa8da2c1c8de6961e696fc21bb0d/transformed/merge/instrumentation-dependencies.bin because:
  Build cache is disabled
  Caching not enabled.
Caching disabled for ExternalDependencyInstrumentingArtifactTransform: /root/projects/PassVault/audit-runtime-linux-android-compile01/gradle-home/caches/modules-2/files-2.1/dev.detekt/detekt-gradle-plugin/2.0.0-alpha.6/ae5ae80c78324d77ef1513d7cc63ab9b698bd335/detekt-gradle-plugin-2.0.0-alpha.6.jar because:
  Build cache is disabled
  Caching not enabled.
Caching disabled for MergeInstrumentationAnalysisTransform: /root/projects/PassVault/audit-runtime-linux-android-compile01/gradle-home/caches/9.7.1/transforms/b3d2c90a9b2cfea963b65fa3ea9247bd/transformed/analysis/instrumentation-hierarchy.bin because:
  Build cache is disabled
  Caching not enabled.
Caching disabled for MergeInstrumentationAnalysisTransform: /root/projects/PassVault/audit-runtime-linux-android-compile01/gradle-home/caches/9.7.1/transforms/b3d2c90a9b2cfea963b65fa3ea9247bd/transformed/analysis/instrumentation-dependencies.bin because:
  Build cache is disabled
  Caching not enabled.
Caching disabled for MergeInstrumentationAnalysisTransform: /root/projects/PassVault/audit-runtime-linux-android-compile01/gradle-home/caches/modules-2/files-2.1/io.github.detekt.sarif4k/sarif4k-jvm/0.6.0/a0f3805c3fdd35ff6619e8f057ce50ff1aac7145/sarif4k-jvm-0.6.0.jar because:
  Build cache is disabled
  Caching not enabled.
Caching disabled for ExternalDependencyInstrumentingArtifactTransform: /root/projects/PassVault/audit-runtime-linux-android-compile01/gradle-home/caches/9.7.1/transforms/64852da5096f5feef6122e657c0b90eb/transformed/merge/instrumentation-dependencies.bin because:
  Build cache is disabled
  Caching not enabled.
Caching disabled for ExternalDependencyInstrumentingArtifactTransform: /root/projects/PassVault/audit-runtime-linux-android-compile01/gradle-home/caches/modules-2/files-2.1/io.github.detekt.sarif4k/sarif4k-jvm/0.6.0/a0f3805c3fdd35ff6619e8f057ce50ff1aac7145/sarif4k-jvm-0.6.0.jar because:
  Build cache is disabled
  Caching not enabled.
Caching disabled for MergeInstrumentationAnalysisTransform: /root/projects/PassVault/audit-runtime-linux-android-compile01/gradle-home/caches/9.7.1/transforms/2c53b140d910e3071a0a547c9a72351a/transformed/analysis/instrumentation-hierarchy.bin because:
  Build cache is disabled
  Caching not enabled.
Caching disabled for MergeInstrumentationAnalysisTransform: /root/projects/PassVault/audit-runtime-linux-android-compile01/gradle-home/caches/9.7.1/transforms/2c53b140d910e3071a0a547c9a72351a/transformed/analysis/instrumentation-dependencies.bin because:
  Build cache is disabled
  Caching not enabled.
Caching disabled for MergeInstrumentationAnalysisTransform: /root/projects/PassVault/audit-runtime-linux-android-compile01/gradle-home/caches/modules-2/files-2.1/org.jetbrains.kotlinx/kotlinx-serialization-json-jvm/1.4.1/e6430b33f06dcdff88998abfcb2e78bc3cd0a1f6/kotlinx-serialization-json-jvm-1.4.1.jar because:
  Build cache is disabled
  Caching not enabled.
Caching disabled for ExternalDependencyInstrumentingArtifactTransform: /root/projects/PassVault/audit-runtime-linux-android-compile01/gradle-home/caches/9.7.1/transforms/f4afb6ad77b1622b6812112dc74df6df/transformed/merge/instrumentation-dependencies.bin because:
  Build cache is disabled
  Caching not enabled.
Caching disabled for ExternalDependencyInstrumentingArtifactTransform: /root/projects/PassVault/audit-runtime-linux-android-compile01/gradle-home/caches/modules-2/files-2.1/org.jetbrains.kotlinx/kotlinx-serialization-json-jvm/1.4.1/e6430b33f06dcdff88998abfcb2e78bc3cd0a1f6/kotlinx-serialization-json-jvm-1.4.1.jar because:
  Build cache is disabled
  Caching not enabled.
Caching disabled for MergeInstrumentationAnalysisTransform: /root/projects/PassVault/audit-runtime-linux-android-compile01/gradle-home/caches/9.7.1/transforms/ee71acca119e0bfa57d6caff8b976f51/transformed/analysis/instrumentation-hierarchy.bin because:
  Build cache is disabled
  Caching not enabled.
Caching disabled for MergeInstrumentationAnalysisTransform: /root/projects/PassVault/audit-runtime-linux-android-compile01/gradle-home/caches/9.7.1/transforms/ee71acca119e0bfa57d6caff8b976f51/transformed/analysis/instrumentation-dependencies.bin because:
  Build cache is disabled
  Caching not enabled.
Caching disabled for MergeInstrumentationAnalysisTransform: /root/projects/PassVault/audit-runtime-linux-android-compile01/gradle-home/caches/modules-2/files-2.1/org.jetbrains.kotlinx/kotlinx-serialization-core-jvm/1.4.1/e0c2c11e5d0d541ca343c8f09602c0c2287d15a1/kotlinx-serialization-core-jvm-1.4.1.jar because:
  Build cache is disabled
  Caching not enabled.
Caching disabled for ExternalDependencyInstrumentingArtifactTransform: /root/projects/PassVault/audit-runtime-linux-android-compile01/gradle-home/caches/9.7.1/transforms/2794c927bc5de153968ca752cd78a93e/transformed/merge/instrumentation-dependencies.bin because:
  Build cache is disabled
  Caching not enabled.
Caching disabled for ExternalDependencyInstrumentingArtifactTransform: /root/projects/PassVault/audit-runtime-linux-android-compile01/gradle-home/caches/modules-2/files-2.1/org.jetbrains.kotlinx/kotlinx-serialization-core-jvm/1.4.1/e0c2c11e5d0d541ca343c8f09602c0c2287d15a1/kotlinx-serialization-core-jvm-1.4.1.jar because:
  Build cache is disabled
  Caching not enabled.
Caching disabled for MergeInstrumentationAnalysisTransform: /root/projects/PassVault/audit-runtime-linux-android-compile01/gradle-home/caches/9.7.1/transforms/62fd2bf5ff8fab7fbb70dd39b775ff9d/transformed/analysis/instrumentation-dependencies.bin because:
  Build cache is disabled
  Caching not enabled.
Caching disabled for MergeInstrumentationAnalysisTransform: /root/projects/PassVault/audit-runtime-linux-android-compile01/gradle-home/caches/modules-2/files-2.1/org.jetbrains.kotlin/kotlin-stdlib-jdk8/2.2.10/80cc9a776a058eeda7053731350bc41af8858a5a/kotlin-stdlib-jdk8-2.2.10.jar because:
  Build cache is disabled
  Caching not enabled.
Caching disabled for ExternalDependencyInstrumentingArtifactTransform: /root/projects/PassVault/audit-runtime-linux-android-compile01/gradle-home/caches/9.7.1/transforms/4d74143c5c023509bf8414f0f7687961/transformed/merge/instrumentation-dependencies.bin because:
  Build cache is disabled
  Caching not enabled.
Caching disabled for ExternalDependencyInstrumentingArtifactTransform: /root/projects/PassVault/audit-runtime-linux-android-compile01/gradle-home/caches/modules-2/files-2.1/org.jetbrains.kotlin/kotlin-stdlib-jdk8/2.2.10/80cc9a776a058eeda7053731350bc41af8858a5a/kotlin-stdlib-jdk8-2.2.10.jar because:
  Build cache is disabled
  Caching not enabled.
Caching disabled for MergeInstrumentationAnalysisTransform: /root/projects/PassVault/audit-runtime-linux-android-compile01/gradle-home/caches/9.7.1/transforms/5bce7a116393f1a468c185fa8c2a1eb7/transformed/analysis/instrumentation-hierarchy.bin because:
  Build cache is disabled
  Caching not enabled.
Caching disabled for MergeInstrumentationAnalysisTransform: /root/projects/PassVault/audit-runtime-linux-android-compile01/gradle-home/caches/9.7.1/transforms/5bce7a116393f1a468c185fa8c2a1eb7/transformed/analysis/instrumentation-dependencies.bin because:
  Build cache is disabled
  Caching not enabled.
Caching disabled for MergeInstrumentationAnalysisTransform: /root/projects/PassVault/audit-runtime-linux-android-compile01/gradle-home/caches/modules-2/files-2.1/org.jetbrains.kotlin/kotlin-serialization/2.4.10/44ea603b799fe4b3900cfdb5fc2879638258ccf/kotlin-serialization-2.4.10-gradle813.jar because:
  Build cache is disabled
  Caching not enabled.
Caching disabled for ExternalDependencyInstrumentingArtifactTransform: /root/projects/PassVault/audit-runtime-linux-android-compile01/gradle-home/caches/9.7.1/transforms/7925a67c1a2cc6746777075abbc93a1e/transformed/merge/instrumentation-dependencies.bin because:
  Build cache is disabled
  Caching not enabled.
Caching disabled for ExternalDependencyInstrumentingArtifactTransform: /root/projects/PassVault/audit-runtime-linux-android-compile01/gradle-home/caches/modules-2/files-2.1/org.jetbrains.kotlin/kotlin-serialization/2.4.10/44ea603b799fe4b3900cfdb5fc2879638258ccf/kotlin-serialization-2.4.10-gradle813.jar because:
  Build cache is disabled
  Caching not enabled.
Caching disabled for MergeInstrumentationAnalysisTransform: /root/projects/PassVault/audit-runtime-linux-android-compile01/gradle-home/caches/9.7.1/transforms/7841a23685739c9307e3c6ad0aebaed8/transformed/analysis/instrumentation-hierarchy.bin because:
  Build cache is disabled
  Caching not enabled.
Caching disabled for MergeInstrumentationAnalysisTransform: /root/projects/PassVault/audit-runtime-linux-android-compile01/gradle-home/caches/9.7.1/transforms/7841a23685739c9307e3c6ad0aebaed8/transformed/analysis/instrumentation-dependencies.bin because:
  Build cache is disabled
  Caching not enabled.
Caching disabled for MergeInstrumentationAnalysisTransform: /root/projects/PassVault/audit-runtime-linux-android-compile01/gradle-home/caches/modules-2/files-2.1/org.jetbrains.kotlin/fus-statistics-gradle-plugin/2.4.10/9d2373587d4c591036e79e877b6b5f0a105a052d/fus-statistics-gradle-plugin-2.4.10-gradle813.jar because:
  Build cache is disabled
  Caching not enabled.
Caching disabled for ExternalDependencyInstrumentingArtifactTransform: /root/projects/PassVault/audit-runtime-linux-android-compile01/gradle-home/caches/9.7.1/transforms/6aeff341533dc3587d159a7de4c3f0db/transformed/merge/instrumentation-dependencies.bin because:
  Build cache is disabled
  Caching not enabled.
Caching disabled for ExternalDependencyInstrumentingArtifactTransform: /root/projects/PassVault/audit-runtime-linux-android-compile01/gradle-home/caches/modules-2/files-2.1/org.jetbrains.kotlin/fus-statistics-gradle-plugin/2.4.10/9d2373587d4c591036e79e877b6b5f0a105a052d/fus-statistics-gradle-plugin-2.4.10-gradle813.jar because:
  Build cache is disabled
  Caching not enabled.
Caching disabled for MergeInstrumentationAnalysisTransform: /root/projects/PassVault/audit-runtime-linux-android-compile01/gradle-home/caches/9.7.1/transforms/31260ac1ef85de63928022f8e7a9fbf9/transformed/analysis/instrumentation-hierarchy.bin because:
  Build cache is disabled
  Caching not enabled.
Caching disabled for MergeInstrumentationAnalysisTransform: /root/projects/PassVault/audit-runtime-linux-android-compile01/gradle-home/caches/9.7.1/transforms/31260ac1ef85de63928022f8e7a9fbf9/transformed/analysis/instrumentation-dependencies.bin because:
  Build cache is disabled
  Caching not enabled.
Caching disabled for MergeInstrumentationAnalysisTransform: /root/projects/PassVault/audit-runtime-linux-android-compile01/gradle-home/caches/modules-2/files-2.1/org.jetbrains.kotlin/kotlin-gradle-plugin-api/2.4.10/57abfa0230a1ffc31556110bff4b946b55967ba3/kotlin-gradle-plugin-api-2.4.10-gradle813.jar because:
  Build cache is disabled
  Caching not enabled.
Caching disabled for ExternalDependencyInstrumentingArtifactTransform: /root/projects/PassVault/audit-runtime-linux-android-compile01/gradle-home/caches/9.7.1/transforms/b7662c05f838960ada5c84b5473b2c65/transformed/merge/instrumentation-dependencies.bin because:
  Build cache is disabled
  Caching not enabled.
Caching disabled for ExternalDependencyInstrumentingArtifactTransform: /root/projects/PassVault/audit-runtime-linux-android-compile01/gradle-home/caches/modules-2/files-2.1/org.jetbrains.kotlin/kotlin-gradle-plugin-api/2.4.10/57abfa0230a1ffc31556110bff4b946b55967ba3/kotlin-gradle-plugin-api-2.4.10-gradle813.jar because:
  Build cache is disabled
  Caching not enabled.
Caching disabled for MergeInstrumentationAnalysisTransform: /root/projects/PassVault/audit-runtime-linux-android-compile01/gradle-home/caches/9.7.1/transforms/e688fdfefb987f39d2c06eba9d568708/transformed/analysis/instrumentation-hierarchy.bin because:
  Build cache is disabled
  Caching not enabled.
Caching disabled for MergeInstrumentationAnalysisTransform: /root/projects/PassVault/audit-runtime-linux-android-compile01/gradle-home/caches/9.7.1/transforms/e688fdfefb987f39d2c06eba9d568708/transformed/analysis/instrumentation-dependencies.bin because:
  Build cache is disabled
  Caching not enabled.
Caching disabled for MergeInstrumentationAnalysisTransform: /root/projects/PassVault/audit-runtime-linux-android-compile01/gradle-home/caches/modules-2/files-2.1/org.jetbrains.kotlin/compose-compiler-gradle-plugin/2.4.10/380183bbebcd293bd84e8738d012bc3b0403408c/compose-compiler-gradle-plugin-2.4.10-gradle813.jar because:
  Build cache is disabled
  Caching not enabled.
Caching disabled for ExternalDependencyInstrumentingArtifactTransform: /root/projects/PassVault/audit-runtime-linux-android-compile01/gradle-home/caches/9.7.1/transforms/d4ea655971fa46d500d9b34f5b747b81/transformed/merge/instrumentation-dependencies.bin because:
  Build cache is disabled
  Caching not enabled.
Caching disabled for ExternalDependencyInstrumentingArtifactTransform: /root/projects/PassVault/audit-runtime-linux-android-compile01/gradle-home/caches/modules-2/files-2.1/org.jetbrains.kotlin/compose-compiler-gradle-plugin/2.4.10/380183bbebcd293bd84e8738d012bc3b0403408c/compose-compiler-gradle-plugin-2.4.10-gradle813.jar because:
  Build cache is disabled
  Caching not enabled.
Caching disabled for MergeInstrumentationAnalysisTransform: /root/projects/PassVault/audit-runtime-linux-android-compile01/gradle-home/caches/9.7.1/transforms/84367fc657e9bb63175ddf6b41b4d43b/transformed/analysis/instrumentation-hierarchy.bin because:
  Build cache is disabled
  Caching not enabled.
Caching disabled for MergeInstrumentationAnalysisTransform: /root/projects/PassVault/audit-runtime-linux-android-compile01/gradle-home/caches/9.7.1/transforms/84367fc657e9bb63175ddf6b41b4d43b/transformed/analysis/instrumentation-dependencies.bin because:
  Build cache is disabled
  Caching not enabled.
Caching disabled for MergeInstrumentationAnalysisTransform: /root/projects/PassVault/audit-runtime-linux-android-compile01/gradle-home/caches/modules-2/files-2.1/org.jetbrains.kotlin/kotlin-gradle-plugin/2.4.10/54e85b6639aa6819abc9985612e470576540e8ec/kotlin-gradle-plugin-2.4.10-gradle813.jar because:
  Build cache is disabled
  Caching not enabled.
Caching disabled for ExternalDependencyInstrumentingArtifactTransform: /root/projects/PassVault/audit-runtime-linux-android-compile01/gradle-home/caches/9.7.1/transforms/1517f9585908a943dfadbd4f6dd130ee/transformed/merge/instrumentation-dependencies.bin because:
  Build cache is disabled
  Caching not enabled.
Caching disabled for ExternalDependencyInstrumentingArtifactTransform: /root/projects/PassVault/audit-runtime-linux-android-compile01/gradle-home/caches/modules-2/files-2.1/org.jetbrains.kotlin/kotlin-gradle-plugin/2.4.10/54e85b6639aa6819abc9985612e470576540e8ec/kotlin-gradle-plugin-2.4.10-gradle813.jar because:
  Build cache is disabled
  Caching not enabled.
Caching disabled for MergeInstrumentationAnalysisTransform: /root/projects/PassVault/audit-runtime-linux-android-compile01/gradle-home/caches/9.7.1/transforms/dfa3eb9a3e9cede2631918747296c921/transformed/analysis/instrumentation-hierarchy.bin because:
  Build cache is disabled
  Caching not enabled.
Caching disabled for MergeInstrumentationAnalysisTransform: /root/projects/PassVault/audit-runtime-linux-android-compile01/gradle-home/caches/9.7.1/transforms/dfa3eb9a3e9cede2631918747296c921/transformed/analysis/instrumentation-dependencies.bin because:
  Build cache is disabled
  Caching not enabled.
Caching disabled for MergeInstrumentationAnalysisTransform: /root/projects/PassVault/audit-runtime-linux-android-compile01/gradle-home/caches/modules-2/files-2.1/org.jetbrains.kotlin/kotlin-compiler-runner/2.4.10/db761b9c5e0a67bcea290bc7e0700a7075af97de/kotlin-compiler-runner-2.4.10.jar because:
  Build cache is disabled
  Caching not enabled.
Caching disabled for ExternalDependencyInstrumentingArtifactTransform: /root/projects/PassVault/audit-runtime-linux-android-compile01/gradle-home/caches/9.7.1/transforms/a6835e4141bfea73d08e38923180abbb/transformed/merge/instrumentation-dependencies.bin because:
  Build cache is disabled
  Caching not enabled.
Caching disabled for ExternalDependencyInstrumentingArtifactTransform: /root/projects/PassVault/audit-runtime-linux-android-compile01/gradle-home/caches/modules-2/files-2.1/org.jetbrains.kotlin/kotlin-compiler-runner/2.4.10/db761b9c5e0a67bcea290bc7e0700a7075af97de/kotlin-compiler-runner-2.4.10.jar because:
  Build cache is disabled
  Caching not enabled.
Caching disabled for MergeInstrumentationAnalysisTransform: /root/projects/PassVault/audit-runtime-linux-android-compile01/gradle-home/caches/9.7.1/transforms/9b7cd23f7ff8be98da6d58ac2957529b/transformed/analysis/instrumentation-hierarchy.bin because:
  Build cache is disabled
  Caching not enabled.
Caching disabled for MergeInstrumentationAnalysisTransform: /root/projects/PassVault/audit-runtime-linux-android-compile01/gradle-home/caches/9.7.1/transforms/9b7cd23f7ff8be98da6d58ac2957529b/transformed/analysis/instrumentation-dependencies.bin because:
  Build cache is disabled
  Caching not enabled.
Caching disabled for MergeInstrumentationAnalysisTransform: /root/projects/PassVault/audit-runtime-linux-android-compile01/gradle-home/caches/modules-2/files-2.1/org.jetbrains.kotlinx/kotlinx-coroutines-core-jvm/1.9.0/9beade4c1c1569e4f36cbd2c37e02e3e41502601/kotlinx-coroutines-core-jvm-1.9.0.jar because:
  Build cache is disabled
  Caching not enabled.
Caching disabled for ExternalDependencyInstrumentingArtifactTransform: /root/projects/PassVault/audit-runtime-linux-android-compile01/gradle-home/caches/9.7.1/transforms/4de5cb9c5ae05c63e2729fc7069ca0ac/transformed/merge/instrumentation-dependencies.bin because:
  Build cache is disabled
  Caching not enabled.
Caching disabled for ExternalDependencyInstrumentingArtifactTransform: /root/projects/PassVault/audit-runtime-linux-android-compile01/gradle-home/caches/modules-2/files-2.1/org.jetbrains.kotlinx/kotlinx-coroutines-core-jvm/1.9.0/9beade4c1c1569e4f36cbd2c37e02e3e41502601/kotlinx-coroutines-core-jvm-1.9.0.jar because:
  Build cache is disabled
  Caching not enabled.
Caching disabled for MergeInstrumentationAnalysisTransform: /root/projects/PassVault/audit-runtime-linux-android-compile01/gradle-home/caches/9.7.1/transforms/7622f8f2f526cbad69a9d449fff29593/transformed/analysis/instrumentation-dependencies.bin because:
  Build cache is disabled
  Caching not enabled.
Caching disabled for MergeInstrumentationAnalysisTransform: /root/projects/PassVault/audit-runtime-linux-android-compile01/gradle-home/caches/modules-2/files-2.1/org.jetbrains.kotlin/kotlin-stdlib-jdk7/2.2.10/18cc96ae090a71726822631e1808c7d329faab5d/kotlin-stdlib-jdk7-2.2.10.jar because:
  Build cache is disabled
  Caching not enabled.
Caching disabled for ExternalDependencyInstrumentingArtifactTransform: /root/projects/PassVault/audit-runtime-linux-android-compile01/gradle-home/caches/9.7.1/transforms/bb12aeceda699b8c3569d8ee78b86d15/transformed/merge/instrumentation-dependencies.bin because:
  Build cache is disabled
  Caching not enabled.
Caching disabled for ExternalDependencyInstrumentingArtifactTransform: /root/projects/PassVault/audit-runtime-linux-android-compile01/gradle-home/caches/modules-2/files-2.1/org.jetbrains.kotlin/kotlin-stdlib-jdk7/2.2.10/18cc96ae090a71726822631e1808c7d329faab5d/kotlin-stdlib-jdk7-2.2.10.jar because:
  Build cache is disabled
  Caching not enabled.
Caching disabled for MergeInstrumentationAnalysisTransform: /root/projects/PassVault/audit-runtime-linux-android-compile01/gradle-home/caches/9.7.1/transforms/b5d984a42c5870af0efdaee3ffa89944/transformed/analysis/instrumentation-hierarchy.bin because:
  Build cache is disabled
  Caching not enabled.
Caching disabled for MergeInstrumentationAnalysisTransform: /root/projects/PassVault/audit-runtime-linux-android-compile01/gradle-home/caches/9.7.1/transforms/b5d984a42c5870af0efdaee3ffa89944/transformed/analysis/instrumentation-dependencies.bin because:
  Build cache is disabled
  Caching not enabled.
Caching disabled for MergeInstrumentationAnalysisTransform: /root/projects/PassVault/audit-runtime-linux-android-compile01/gradle-home/caches/modules-2/files-2.1/org.jetbrains.kotlin/kotlin-stdlib/2.4.0/4e9f4b531dce5c7dee58ed2de9a8b9a763c8dc6c/kotlin-stdlib-2.4.0.jar because:
  Build cache is disabled
  Caching not enabled.
Caching disabled for ExternalDependencyInstrumentingArtifactTransform: /root/projects/PassVault/audit-runtime-linux-android-compile01/gradle-home/caches/9.7.1/transforms/34011ab51407bc5460c6a1b8f7450a1d/transformed/merge/instrumentation-dependencies.bin because:
  Build cache is disabled
  Caching not enabled.
Caching disabled for ExternalDependencyInstrumentingArtifactTransform: /root/projects/PassVault/audit-runtime-linux-android-compile01/gradle-home/caches/modules-2/files-2.1/org.jetbrains.kotlin/kotlin-stdlib/2.4.0/4e9f4b531dce5c7dee58ed2de9a8b9a763c8dc6c/kotlin-stdlib-2.4.0.jar because:
  Build cache is disabled
  Caching not enabled.
Caching disabled for MergeInstrumentationAnalysisTransform: /root/projects/PassVault/audit-runtime-linux-android-compile01/gradle-home/caches/9.7.1/transforms/81a44ac670246dade6417ddea22886f3/transformed/analysis/instrumentation-dependencies.bin because:
  Build cache is disabled
  Caching not enabled.
Caching disabled for MergeInstrumentationAnalysisTransform: /root/projects/PassVault/audit-runtime-linux-android-compile01/gradle-home/caches/modules-2/files-2.1/org.jetbrains/annotations/13.0/919f0dfe192fb4e063e7dacadee7f8bb9a2672a9/annotations-13.0.jar because:
  Build cache is disabled
  Caching not enabled.
Caching disabled for ExternalDependencyInstrumentingArtifactTransform: /root/projects/PassVault/audit-runtime-linux-android-compile01/gradle-home/caches/9.7.1/transforms/8126f3cce5251585bdd0ad0b6c9abf43/transformed/merge/instrumentation-dependencies.bin because:
  Build cache is disabled
  Caching not enabled.
Caching disabled for ExternalDependencyInstrumentingArtifactTransform: /root/projects/PassVault/audit-runtime-linux-android-compile01/gradle-home/caches/modules-2/files-2.1/org.jetbrains/annotations/13.0/919f0dfe192fb4e063e7dacadee7f8bb9a2672a9/annotations-13.0.jar because:
  Build cache is disabled
  Caching not enabled.
Caching disabled for MergeInstrumentationAnalysisTransform: /root/projects/PassVault/audit-runtime-linux-android-compile01/gradle-home/caches/9.7.1/transforms/744bf07847b9240460e49bbfee5377af/transformed/analysis/instrumentation-hierarchy.bin because:
  Build cache is disabled
  Caching not enabled.
Caching disabled for MergeInstrumentationAnalysisTransform: /root/projects/PassVault/audit-runtime-linux-android-compile01/gradle-home/caches/9.7.1/transforms/744bf07847b9240460e49bbfee5377af/transformed/analysis/instrumentation-dependencies.bin because:
  Build cache is disabled
  Caching not enabled.
Caching disabled for MergeInstrumentationAnalysisTransform: /root/projects/PassVault/audit-runtime-linux-android-compile01/gradle-home/caches/modules-2/files-2.1/org.jetbrains.compose/compose-gradle-plugin/1.11.1/84e978c779bd496be8b922e87559e88190521ce5/compose-gradle-plugin-1.11.1.jar because:
  Build cache is disabled
  Caching not enabled.
Caching disabled for ExternalDependencyInstrumentingArtifactTransform: /root/projects/PassVault/audit-runtime-linux-android-compile01/gradle-home/caches/9.7.1/transforms/48cae775defce0cb4961417fc2a70b95/transformed/merge/instrumentation-dependencies.bin because:
  Build cache is disabled
  Caching not enabled.
Caching disabled for ExternalDependencyInstrumentingArtifactTransform: /root/projects/PassVault/audit-runtime-linux-android-compile01/gradle-home/caches/modules-2/files-2.1/org.jetbrains.compose/compose-gradle-plugin/1.11.1/84e978c779bd496be8b922e87559e88190521ce5/compose-gradle-plugin-1.11.1.jar because:
  Build cache is disabled
  Caching not enabled.
Caching disabled for MergeInstrumentationAnalysisTransform: /root/projects/PassVault/audit-runtime-linux-android-compile01/gradle-home/caches/9.7.1/transforms/1fdaa35d85cc92aba93ba8cb66788155/transformed/analysis/instrumentation-hierarchy.bin because:
  Build cache is disabled
  Caching not enabled.
Caching disabled for MergeInstrumentationAnalysisTransform: /root/projects/PassVault/audit-runtime-linux-android-compile01/gradle-home/caches/9.7.1/transforms/1fdaa35d85cc92aba93ba8cb66788155/transformed/analysis/instrumentation-dependencies.bin because:
  Build cache is disabled
  Caching not enabled.
Caching disabled for MergeInstrumentationAnalysisTransform: /root/projects/PassVault/audit-runtime-linux-android-compile01/gradle-home/caches/modules-2/files-2.1/org.jetbrains.kotlin/kotlin-gradle-plugin-idea-proto/2.4.10/e3b327b851ffdd00917458e4e4240f349e04c234/kotlin-gradle-plugin-idea-proto-2.4.10.jar because:
  Build cache is disabled
  Caching not enabled.
Caching disabled for ExternalDependencyInstrumentingArtifactTransform: /root/projects/PassVault/audit-runtime-linux-android-compile01/gradle-home/caches/9.7.1/transforms/137947850f8d62324f5d6b6b34663471/transformed/merge/instrumentation-dependencies.bin because:
  Build cache is disabled
  Caching not enabled.
Caching disabled for ExternalDependencyInstrumentingArtifactTransform: /root/projects/PassVault/audit-runtime-linux-android-compile01/gradle-home/caches/modules-2/files-2.1/org.jetbrains.kotlin/kotlin-gradle-plugin-idea-proto/2.4.10/e3b327b851ffdd00917458e4e4240f349e04c234/kotlin-gradle-plugin-idea-proto-2.4.10.jar because:
  Build cache is disabled
  Caching not enabled.
Caching disabled for MergeInstrumentationAnalysisTransform: /root/projects/PassVault/audit-runtime-linux-android-compile01/gradle-home/caches/9.7.1/transforms/de1b023f03ccc3734878960012fef141/transformed/analysis/instrumentation-hierarchy.bin because:
  Build cache is disabled
  Caching not enabled.
Caching disabled for MergeInstrumentationAnalysisTransform: /root/projects/PassVault/audit-runtime-linux-android-compile01/gradle-home/caches/9.7.1/transforms/de1b023f03ccc3734878960012fef141/transformed/analysis/instrumentation-dependencies.bin because:
  Build cache is disabled
  Caching not enabled.
Caching disabled for MergeInstrumentationAnalysisTransform: /root/projects/PassVault/audit-runtime-linux-android-compile01/gradle-home/caches/modules-2/files-2.1/org.jetbrains.kotlin/kotlin-gradle-plugin-idea/2.4.10/905431b905fbd7c516de862a1179d7ab5fae3955/kotlin-gradle-plugin-idea-2.4.10.jar because:
  Build cache is disabled
  Caching not enabled.
Caching disabled for ExternalDependencyInstrumentingArtifactTransform: /root/projects/PassVault/audit-runtime-linux-android-compile01/gradle-home/caches/9.7.1/transforms/eff493ebb11696e93a7d8dcabab26e0b/transformed/merge/instrumentation-dependencies.bin because:
  Build cache is disabled
  Caching not enabled.
Caching disabled for ExternalDependencyInstrumentingArtifactTransform: /root/projects/PassVault/audit-runtime-linux-android-compile01/gradle-home/caches/modules-2/files-2.1/org.jetbrains.kotlin/kotlin-gradle-plugin-idea/2.4.10/905431b905fbd7c516de862a1179d7ab5fae3955/kotlin-gradle-plugin-idea-2.4.10.jar because:
  Build cache is disabled
  Caching not enabled.
Caching disabled for MergeInstrumentationAnalysisTransform: /root/projects/PassVault/audit-runtime-linux-android-compile01/gradle-home/caches/9.7.1/transforms/6f7b70293f653ef0c33617890bd31f39/transformed/analysis/instrumentation-hierarchy.bin because:
  Build cache is disabled
  Caching not enabled.
Caching disabled for MergeInstrumentationAnalysisTransform: /root/projects/PassVault/audit-runtime-linux-android-compile01/gradle-home/caches/9.7.1/transforms/6f7b70293f653ef0c33617890bd31f39/transformed/analysis/instrumentation-dependencies.bin because:
  Build cache is disabled
  Caching not enabled.
Caching disabled for MergeInstrumentationAnalysisTransform: /root/projects/PassVault/audit-runtime-linux-android-compile01/gradle-home/caches/modules-2/files-2.1/org.jetbrains.kotlin/kotlin-klib-commonizer-api/2.4.10/3339c9ce1b5f60fed1048142d9c71c7181662641/kotlin-klib-commonizer-api-2.4.10.jar because:
  Build cache is disabled
  Caching not enabled.
Caching disabled for ExternalDependencyInstrumentingArtifactTransform: /root/projects/PassVault/audit-runtime-linux-android-compile01/gradle-home/caches/9.7.1/transforms/1387ad49c2326405809aadba6f7f3181/transformed/merge/instrumentation-dependencies.bin because:
  Build cache is disabled
  Caching not enabled.
Caching disabled for ExternalDependencyInstrumentingArtifactTransform: /root/projects/PassVault/audit-runtime-linux-android-compile01/gradle-home/caches/modules-2/files-2.1/org.jetbrains.kotlin/kotlin-klib-commonizer-api/2.4.10/3339c9ce1b5f60fed1048142d9c71c7181662641/kotlin-klib-commonizer-api-2.4.10.jar because:
  Build cache is disabled
  Caching not enabled.
Caching disabled for MergeInstrumentationAnalysisTransform: /root/projects/PassVault/audit-runtime-linux-android-compile01/gradle-home/caches/9.7.1/transforms/817b51ad4eb26eb708d9967cb27ce336/transformed/analysis/instrumentation-hierarchy.bin because:
  Build cache is disabled
  Caching not enabled.
Caching disabled for MergeInstrumentationAnalysisTransform: /root/projects/PassVault/audit-runtime-linux-android-compile01/gradle-home/caches/9.7.1/transforms/817b51ad4eb26eb708d9967cb27ce336/transformed/analysis/instrumentation-dependencies.bin because:
  Build cache is disabled
  Caching not enabled.
Caching disabled for MergeInstrumentationAnalysisTransform: /root/projects/PassVault/audit-runtime-linux-android-compile01/gradle-home/caches/modules-2/files-2.1/org.jetbrains.kotlin/kotlin-build-statistics/2.4.10/3e16cd72908cbc218f6b2124a4bdaa26d885de6b/kotlin-build-statistics-2.4.10.jar because:
  Build cache is disabled
  Caching not enabled.
Caching disabled for ExternalDependencyInstrumentingArtifactTransform: /root/projects/PassVault/audit-runtime-linux-android-compile01/gradle-home/caches/9.7.1/transforms/4b1c9c2b9cdeb1553812aa335a04b247/transformed/merge/instrumentation-dependencies.bin because:
  Build cache is disabled
  Caching not enabled.
Caching disabled for ExternalDependencyInstrumentingArtifactTransform: /root/projects/PassVault/audit-runtime-linux-android-compile01/gradle-home/caches/modules-2/files-2.1/org.jetbrains.kotlin/kotlin-build-statistics/2.4.10/3e16cd72908cbc218f6b2124a4bdaa26d885de6b/kotlin-build-statistics-2.4.10.jar because:
  Build cache is disabled
  Caching not enabled.
Caching disabled for MergeInstrumentationAnalysisTransform: /root/projects/PassVault/audit-runtime-linux-android-compile01/gradle-home/caches/9.7.1/transforms/59d27df745c5229b84eb8056ab71ec9f/transformed/analysis/instrumentation-hierarchy.bin because:
  Build cache is disabled
  Caching not enabled.
Caching disabled for MergeInstrumentationAnalysisTransform: /root/projects/PassVault/audit-runtime-linux-android-compile01/gradle-home/caches/9.7.1/transforms/59d27df745c5229b84eb8056ab71ec9f/transformed/analysis/instrumentation-dependencies.bin because:
  Build cache is disabled
  Caching not enabled.
Caching disabled for MergeInstrumentationAnalysisTransform: /root/projects/PassVault/audit-runtime-linux-android-compile01/gradle-home/caches/modules-2/files-2.1/org.jetbrains.kotlin/kotlin-util-klib-metadata/2.4.10/5d0b35631780153637205c66a75aa61c3fa2adc8/kotlin-util-klib-metadata-2.4.10.jar because:
  Build cache is disabled
  Caching not enabled.
Caching disabled for ExternalDependencyInstrumentingArtifactTransform: /root/projects/PassVault/audit-runtime-linux-android-compile01/gradle-home/caches/9.7.1/transforms/43f5e0074f5a1acfabddaeb8928fb9d9/transformed/merge/instrumentation-dependencies.bin because:
  Build cache is disabled
  Caching not enabled.
Caching disabled for ExternalDependencyInstrumentingArtifactTransform: /root/projects/PassVault/audit-runtime-linux-android-compile01/gradle-home/caches/modules-2/files-2.1/org.jetbrains.kotlin/kotlin-util-klib-metadata/2.4.10/5d0b35631780153637205c66a75aa61c3fa2adc8/kotlin-util-klib-metadata-2.4.10.jar because:
  Build cache is disabled
  Caching not enabled.
Caching disabled for MergeInstrumentationAnalysisTransform: /root/projects/PassVault/audit-runtime-linux-android-compile01/gradle-home/caches/9.7.1/transforms/6537b034dc13c3e53f223b54f2e4b8ad/transformed/analysis/instrumentation-hierarchy.bin because:
  Build cache is disabled
  Caching not enabled.
Caching disabled for MergeInstrumentationAnalysisTransform: /root/projects/PassVault/audit-runtime-linux-android-compile01/gradle-home/caches/9.7.1/transforms/6537b034dc13c3e53f223b54f2e4b8ad/transformed/analysis/instrumentation-dependencies.bin because:
  Build cache is disabled
  Caching not enabled.
Caching disabled for MergeInstrumentationAnalysisTransform: /root/projects/PassVault/audit-runtime-linux-android-compile01/gradle-home/caches/modules-2/files-2.1/org.jetbrains.compose.hot-reload/hot-reload-gradle-plugin/1.1.1/6d3c8fc18f34ab5ebce4fc736bcf301bf01f43d/hot-reload-gradle-plugin-1.1.1.jar because:
  Build cache is disabled
  Caching not enabled.
Caching disabled for ExternalDependencyInstrumentingArtifactTransform: /root/projects/PassVault/audit-runtime-linux-android-compile01/gradle-home/caches/9.7.1/transforms/32cbcad76941fb6ec82120d060f356c7/transformed/merge/instrumentation-dependencies.bin because:
  Build cache is disabled
  Caching not enabled.
Caching disabled for ExternalDependencyInstrumentingArtifactTransform: /root/projects/PassVault/audit-runtime-linux-android-compile01/gradle-home/caches/modules-2/files-2.1/org.jetbrains.compose.hot-reload/hot-reload-gradle-plugin/1.1.1/6d3c8fc18f34ab5ebce4fc736bcf301bf01f43d/hot-reload-gradle-plugin-1.1.1.jar because:
  Build cache is disabled
  Caching not enabled.
Caching disabled for MergeInstrumentationAnalysisTransform: /root/projects/PassVault/audit-runtime-linux-android-compile01/gradle-home/caches/9.7.1/transforms/d38116a0e618c3b3a2e8fff7ea0d9604/transformed/analysis/instrumentation-hierarchy.bin because:
  Build cache is disabled
  Caching not enabled.
Caching disabled for MergeInstrumentationAnalysisTransform: /root/projects/PassVault/audit-runtime-linux-android-compile01/gradle-home/caches/9.7.1/transforms/d38116a0e618c3b3a2e8fff7ea0d9604/transformed/analysis/instrumentation-dependencies.bin because:
  Build cache is disabled
  Caching not enabled.
Caching disabled for MergeInstrumentationAnalysisTransform: /root/projects/PassVault/audit-runtime-linux-android-compile01/gradle-home/caches/modules-2/files-2.1/com.android.tools.build/bundletool/1.18.3/8d7bee8e57a4158a872ed99190a60a498c2adc8d/bundletool-1.18.3.jar because:
  Build cache is disabled
  Caching not enabled.
Caching disabled for ExternalDependencyInstrumentingArtifactTransform: /root/projects/PassVault/audit-runtime-linux-android-compile01/gradle-home/caches/9.7.1/transforms/1b3a7aa043e469b0b2641f295c117a12/transformed/merge/instrumentation-dependencies.bin because:
  Build cache is disabled
  Caching not enabled.
Caching disabled for ExternalDependencyInstrumentingArtifactTransform: /root/projects/PassVault/audit-runtime-linux-android-compile01/gradle-home/caches/modules-2/files-2.1/com.android.tools.build/bundletool/1.18.3/8d7bee8e57a4158a872ed99190a60a498c2adc8d/bundletool-1.18.3.jar because:
  Build cache is disabled
  Caching not enabled.
Caching disabled for MergeInstrumentationAnalysisTransform: /root/projects/PassVault/audit-runtime-linux-android-compile01/gradle-home/caches/9.7.1/transforms/f1bb5f8e8f75cef5aa5a875dcf29000e/transformed/analysis/instrumentation-hierarchy.bin because:
  Build cache is disabled
  Caching not enabled.
Caching disabled for MergeInstrumentationAnalysisTransform: /root/projects/PassVault/audit-runtime-linux-android-compile01/gradle-home/caches/9.7.1/transforms/f1bb5f8e8f75cef5aa5a875dcf29000e/transformed/analysis/instrumentation-dependencies.bin because:
  Build cache is disabled
  Caching not enabled.
Caching disabled for MergeInstrumentationAnalysisTransform: /root/projects/PassVault/audit-runtime-linux-android-compile01/gradle-home/caches/modules-2/files-2.1/com.android.tools.build/aapt2-proto/9.4.0-15978811/cbffec6e4effe25da0382f547eafab6d38847f9c/aapt2-proto-9.4.0-15978811.jar because:
  Build cache is disabled
  Caching not enabled.
Caching disabled for ExternalDependencyInstrumentingArtifactTransform: /root/projects/PassVault/audit-runtime-linux-android-compile01/gradle-home/caches/9.7.1/transforms/f2a762d3438fb3c5ccb3e82cbdc8a775/transformed/merge/instrumentation-dependencies.bin because:
  Build cache is disabled
  Caching not enabled.
Caching disabled for ExternalDependencyInstrumentingArtifactTransform: /root/projects/PassVault/audit-runtime-linux-android-compile01/gradle-home/caches/modules-2/files-2.1/com.android.tools.build/aapt2-proto/9.4.0-15978811/cbffec6e4effe25da0382f547eafab6d38847f9c/aapt2-proto-9.4.0-15978811.jar because:
  Build cache is disabled
  Caching not enabled.
Caching disabled for MergeInstrumentationAnalysisTransform: /root/projects/PassVault/audit-runtime-linux-android-compile01/gradle-home/caches/9.7.1/transforms/4d031d43122d5b860e95df66c9bdc266/transformed/analysis/instrumentation-hierarchy.bin because:
  Build cache is disabled
  Caching not enabled.
Caching disabled for MergeInstrumentationAnalysisTransform: /root/projects/PassVault/audit-runtime-linux-android-compile01/gradle-home/caches/9.7.1/transforms/4d031d43122d5b860e95df66c9bdc266/transformed/analysis/instrumentation-dependencies.bin because:
  Build cache is disabled
  Caching not enabled.
Caching disabled for MergeInstrumentationAnalysisTransform: /root/projects/PassVault/audit-runtime-linux-android-compile01/gradle-home/caches/modules-2/files-2.1/com.android.tools.analytics-library/crash/32.4.0/e7c2cc7bcc18c49f1eeb778f61be590cc32fbfdd/crash-32.4.0.jar because:
  Build cache is disabled
  Caching not enabled.
Caching disabled for ExternalDependencyInstrumentingArtifactTransform: /root/projects/PassVault/audit-runtime-linux-android-compile01/gradle-home/caches/9.7.1/transforms/c5fa26e7b18e682d06b785651392aeb6/transformed/merge/instrumentation-dependencies.bin because:
  Build cache is disabled
  Caching not enabled.
Caching disabled for ExternalDependencyInstrumentingArtifactTransform: /root/projects/PassVault/audit-runtime-linux-android-compile01/gradle-home/caches/modules-2/files-2.1/com.android.tools.analytics-library/crash/32.4.0/e7c2cc7bcc18c49f1eeb778f61be590cc32fbfdd/crash-32.4.0.jar because:
  Build cache is disabled
  Caching not enabled.
Caching disabled for MergeInstrumentationAnalysisTransform: /root/projects/PassVault/audit-runtime-linux-android-compile01/gradle-home/caches/9.7.1/transforms/3af58ef9d22a43055ba4941bf1a5be8c/transformed/analysis/instrumentation-hierarchy.bin because:
  Build cache is disabled
  Caching not enabled.
Caching disabled for MergeInstrumentationAnalysisTransform: /root/projects/PassVault/audit-runtime-linux-android-compile01/gradle-home/caches/9.7.1/transforms/3af58ef9d22a43055ba4941bf1a5be8c/transformed/analysis/instrumentation-dependencies.bin because:
  Build cache is disabled
  Caching not enabled.
Caching disabled for MergeInstrumentationAnalysisTransform: /root/projects/PassVault/audit-runtime-linux-android-compile01/gradle-home/caches/modules-2/files-2.1/com.android.tools.lint/lint-typedef-remover/32.4.0/b8665f5c42647d7d4088cd386d5d1d10e40fd9a2/lint-typedef-remover-32.4.0.jar because:
  Build cache is disabled
  Caching not enabled.
Caching disabled for ExternalDependencyInstrumentingArtifactTransform: /root/projects/PassVault/audit-runtime-linux-android-compile01/gradle-home/caches/9.7.1/transforms/d44f54d109eeb8560ab347b3785985d9/transformed/merge/instrumentation-dependencies.bin because:
  Build cache is disabled
  Caching not enabled.
Caching disabled for ExternalDependencyInstrumentingArtifactTransform: /root/projects/PassVault/audit-runtime-linux-android-compile01/gradle-home/caches/modules-2/files-2.1/com.android.tools.lint/lint-typedef-remover/32.4.0/b8665f5c42647d7d4088cd386d5d1d10e40fd9a2/lint-typedef-remover-32.4.0.jar because:
  Build cache is disabled
  Caching not enabled.
Caching disabled for MergeInstrumentationAnalysisTransform: /root/projects/PassVault/audit-runtime-linux-android-compile01/gradle-home/caches/9.7.1/transforms/f71160501322ea07b20651db54d292ea/transformed/analysis/instrumentation-hierarchy.bin because:
  Build cache is disabled
  Caching not enabled.
Caching disabled for MergeInstrumentationAnalysisTransform: /root/projects/PassVault/audit-runtime-linux-android-compile01/gradle-home/caches/9.7.1/transforms/f71160501322ea07b20651db54d292ea/transformed/analysis/instrumentation-dependencies.bin because:
  Build cache is disabled
  Caching not enabled.
Caching disabled for MergeInstrumentationAnalysisTransform: /root/projects/PassVault/audit-runtime-linux-android-compile01/gradle-home/caches/modules-2/files-2.1/androidx.databinding/databinding-common/9.4.0/6f14d56ba3258fd1e803e71bc6c589235141c317/databinding-common-9.4.0.jar because:
  Build cache is disabled
  Caching not enabled.
Caching disabled for ExternalDependencyInstrumentingArtifactTransform: /root/projects/PassVault/audit-runtime-linux-android-compile01/gradle-home/caches/9.7.1/transforms/c806cbc44a4d35df32cb88f088a8dd90/transformed/merge/instrumentation-dependencies.bin because:
  Build cache is disabled
  Caching not enabled.
Caching disabled for ExternalDependencyInstrumentingArtifactTransform: /root/projects/PassVault/audit-runtime-linux-android-compile01/gradle-home/caches/modules-2/files-2.1/androidx.databinding/databinding-common/9.4.0/6f14d56ba3258fd1e803e71bc6c589235141c317/databinding-common-9.4.0.jar because:
  Build cache is disabled
  Caching not enabled.
Caching disabled for MergeInstrumentationAnalysisTransform: /root/projects/PassVault/audit-runtime-linux-android-compile01/gradle-home/caches/9.7.1/transforms/60d1708d14d3c68d0864b9ba7e468b45/transformed/analysis/instrumentation-hierarchy.bin because:
  Build cache is disabled
  Caching not enabled.
Caching disabled for MergeInstrumentationAnalysisTransform: /root/projects/PassVault/audit-runtime-linux-android-compile01/gradle-home/caches/9.7.1/transforms/60d1708d14d3c68d0864b9ba7e468b45/transformed/analysis/instrumentation-dependencies.bin because:
  Build cache is disabled
  Caching not enabled.
Caching disabled for MergeInstrumentationAnalysisTransform: /root/projects/PassVault/audit-runtime-linux-android-compile01/gradle-home/caches/modules-2/files-2.1/com.android.databinding/baseLibrary/9.4.0/a3e410a22b3d7b2608151d2052d044cd3a35ae06/baseLibrary-9.4.0.jar because:
  Build cache is disabled
  Caching not enabled.
Caching disabled for ExternalDependencyInstrumentingArtifactTransform: /root/projects/PassVault/audit-runtime-linux-android-compile01/gradle-home/caches/9.7.1/transforms/5d0a5c9ce76cefd9beb5095c10896586/transformed/merge/instrumentation-dependencies.bin because:
  Build cache is disabled
  Caching not enabled.
Caching disabled for ExternalDependencyInstrumentingArtifactTransform: /root/projects/PassVault/audit-runtime-linux-android-compile01/gradle-home/caches/modules-2/files-2.1/com.android.databinding/baseLibrary/9.4.0/a3e410a22b3d7b2608151d2052d044cd3a35ae06/baseLibrary-9.4.0.jar because:
  Build cache is disabled
  Caching not enabled.
Caching disabled for MergeInstrumentationAnalysisTransform: /root/projects/PassVault/audit-runtime-linux-android-compile01/gradle-home/caches/9.7.1/transforms/3da17a1ebf87cf10b10b5c5a69baddc6/transformed/analysis/instrumentation-hierarchy.bin because:
  Build cache is disabled
  Caching not enabled.
Caching disabled for MergeInstrumentationAnalysisTransform: /root/projects/PassVault/audit-runtime-linux-android-compile01/gradle-home/caches/9.7.1/transforms/3da17a1ebf87cf10b10b5c5a69baddc6/transformed/analysis/instrumentation-dependencies.bin because:
  Build cache is disabled
  Caching not enabled.
Caching disabled for MergeInstrumentationAnalysisTransform: /root/projects/PassVault/audit-runtime-linux-android-compile01/gradle-home/caches/modules-2/files-2.1/org.apache.httpcomponents/httpmime/4.5.6/164343da11db817e81e24e0d9869527e069850c9/httpmime-4.5.6.jar because:
  Build cache is disabled
  Caching not enabled.
Caching disabled for ExternalDependencyInstrumentingArtifactTransform: /root/projects/PassVault/audit-runtime-linux-android-compile01/gradle-home/caches/9.7.1/transforms/6c3f314c84751f908e36394467cd8928/transformed/merge/instrumentation-dependencies.bin because:
  Build cache is disabled
  Caching not enabled.
Caching disabled for ExternalDependencyInstrumentingArtifactTransform: /root/projects/PassVault/audit-runtime-linux-android-compile01/gradle-home/caches/modules-2/files-2.1/org.apache.httpcomponents/httpmime/4.5.6/164343da11db817e81e24e0d9869527e069850c9/httpmime-4.5.6.jar because:
  Build cache is disabled
  Caching not enabled.
Caching disabled for MergeInstrumentationAnalysisTransform: /root/projects/PassVault/audit-runtime-linux-android-compile01/gradle-home/caches/9.7.1/transforms/65bf582757d0561aa00b3df16395620a/transformed/analysis/instrumentation-hierarchy.bin because:
  Build cache is disabled
  Caching not enabled.
Caching disabled for MergeInstrumentationAnalysisTransform: /root/projects/PassVault/audit-runtime-linux-android-compile01/gradle-home/caches/9.7.1/transforms/65bf582757d0561aa00b3df16395620a/transformed/analysis/instrumentation-dependencies.bin because:
  Build cache is disabled
  Caching not enabled.
Caching disabled for MergeInstrumentationAnalysisTransform: /root/projects/PassVault/audit-runtime-linux-android-compile01/gradle-home/caches/modules-2/files-2.1/org.apache.commons/commons-compress/1.27.1/a19151084758e2fbb6b41eddaa88e7b8ff4e6599/commons-compress-1.27.1.jar because:
  Build cache is disabled
  Caching not enabled.
Caching disabled for ExternalDependencyInstrumentingArtifactTransform: /root/projects/PassVault/audit-runtime-linux-android-compile01/gradle-home/caches/9.7.1/transforms/d0418743f7c52920ee5c733bdbcf61ff/transformed/merge/instrumentation-dependencies.bin because:
  Build cache is disabled
  Caching not enabled.
Caching disabled for ExternalDependencyInstrumentingArtifactTransform: /root/projects/PassVault/audit-runtime-linux-android-compile01/gradle-home/caches/modules-2/files-2.1/org.apache.commons/commons-compress/1.27.1/a19151084758e2fbb6b41eddaa88e7b8ff4e6599/commons-compress-1.27.1.jar because:
  Build cache is disabled
  Caching not enabled.
Caching disabled for MergeInstrumentationAnalysisTransform: /root/projects/PassVault/audit-runtime-linux-android-compile01/gradle-home/caches/9.7.1/transforms/8df1666bbd904587907c57fa07f3dd4c/transformed/analysis/instrumentation-hierarchy.bin because:
  Build cache is disabled
  Caching not enabled.
Caching disabled for MergeInstrumentationAnalysisTransform: /root/projects/PassVault/audit-runtime-linux-android-compile01/gradle-home/caches/9.7.1/transforms/8df1666bbd904587907c57fa07f3dd4c/transformed/analysis/instrumentation-dependencies.bin because:
  Build cache is disabled
  Caching not enabled.
Caching disabled for MergeInstrumentationAnalysisTransform: /root/projects/PassVault/audit-runtime-linux-android-compile01/gradle-home/caches/modules-2/files-2.1/commons-io/commons-io/2.16.1/377d592e740dc77124e0901291dbfaa6810a200e/commons-io-2.16.1.jar because:
  Build cache is disabled
  Caching not enabled.
Caching disabled for ExternalDependencyInstrumentingArtifactTransform: /root/projects/PassVault/audit-runtime-linux-android-compile01/gradle-home/caches/9.7.1/transforms/273a8ed42f8081c6e602bc0169620655/transformed/merge/instrumentation-dependencies.bin because:
  Build cache is disabled
  Caching not enabled.
Caching disabled for ExternalDependencyInstrumentingArtifactTransform: /root/projects/PassVault/audit-runtime-linux-android-compile01/gradle-home/caches/modules-2/files-2.1/commons-io/commons-io/2.16.1/377d592e740dc77124e0901291dbfaa6810a200e/commons-io-2.16.1.jar because:
  Build cache is disabled
  Caching not enabled.
Caching disabled for MergeInstrumentationAnalysisTransform: /root/projects/PassVault/audit-runtime-linux-android-compile01/gradle-home/caches/9.7.1/transforms/3626f01c02e9accd2941321f1dbacd40/transformed/analysis/instrumentation-hierarchy.bin because:
  Build cache is disabled
  Caching not enabled.
Caching disabled for MergeInstrumentationAnalysisTransform: /root/projects/PassVault/audit-runtime-linux-android-compile01/gradle-home/caches/9.7.1/transforms/3626f01c02e9accd2941321f1dbacd40/transformed/analysis/instrumentation-dependencies.bin because:
  Build cache is disabled
  Caching not enabled.
Caching disabled for MergeInstrumentationAnalysisTransform: /root/projects/PassVault/audit-runtime-linux-android-compile01/gradle-home/caches/modules-2/files-2.1/org.ow2.asm/asm-commons/9.9/db9165a3bf908ded6b08612d583a15d1d0c7bda0/asm-commons-9.9.jar because:
  Build cache is disabled
  Caching not enabled.
Caching disabled for ExternalDependencyInstrumentingArtifactTransform: /root/projects/PassVault/audit-runtime-linux-android-compile01/gradle-home/caches/9.7.1/transforms/d6181f0189f7e79694c199d42afdf7fd/transformed/merge/instrumentation-dependencies.bin because:
  Build cache is disabled
  Caching not enabled.
Caching disabled for ExternalDependencyInstrumentingArtifactTransform: /root/projects/PassVault/audit-runtime-linux-android-compile01/gradle-home/caches/modules-2/files-2.1/org.ow2.asm/asm-commons/9.9/db9165a3bf908ded6b08612d583a15d1d0c7bda0/asm-commons-9.9.jar because:
  Build cache is disabled
  Caching not enabled.
Caching disabled for MergeInstrumentationAnalysisTransform: /root/projects/PassVault/audit-runtime-linux-android-compile01/gradle-home/caches/9.7.1/transforms/f02a46af4b04fad15e6ac996470cbda5/transformed/analysis/instrumentation-hierarchy.bin because:
  Build cache is disabled
  Caching not enabled.
Caching disabled for MergeInstrumentationAnalysisTransform: /root/projects/PassVault/audit-runtime-linux-android-compile01/gradle-home/caches/9.7.1/transforms/f02a46af4b04fad15e6ac996470cbda5/transformed/analysis/instrumentation-dependencies.bin because:
  Build cache is disabled
  Caching not enabled.
Caching disabled for MergeInstrumentationAnalysisTransform: /root/projects/PassVault/audit-runtime-linux-android-compile01/gradle-home/caches/modules-2/files-2.1/org.ow2.asm/asm-util/9.9/42fdfc0508b43807c8078d6e82ecff2ce2112ae8/asm-util-9.9.jar because:
  Build cache is disabled
  Caching not enabled.
Caching disabled for ExternalDependencyInstrumentingArtifactTransform: /root/projects/PassVault/audit-runtime-linux-android-compile01/gradle-home/caches/9.7.1/transforms/f8da1e56c5ba206cfb4c89afcc56fec4/transformed/merge/instrumentation-dependencies.bin because:
  Build cache is disabled
  Caching not enabled.
Caching disabled for ExternalDependencyInstrumentingArtifactTransform: /root/projects/PassVault/audit-runtime-linux-android-compile01/gradle-home/caches/modules-2/files-2.1/org.ow2.asm/asm-util/9.9/42fdfc0508b43807c8078d6e82ecff2ce2112ae8/asm-util-9.9.jar because:
  Build cache is disabled
  Caching not enabled.
Caching disabled for MergeInstrumentationAnalysisTransform: /root/projects/PassVault/audit-runtime-linux-android-compile01/gradle-home/caches/9.7.1/transforms/a5b70382906a57a3892a566be03508ba/transformed/analysis/instrumentation-hierarchy.bin because:
  Build cache is disabled
  Caching not enabled.
Caching disabled for MergeInstrumentationAnalysisTransform: /root/projects/PassVault/audit-runtime-linux-android-compile01/gradle-home/caches/9.7.1/transforms/a5b70382906a57a3892a566be03508ba/transformed/analysis/instrumentation-dependencies.bin because:
  Build cache is disabled
  Caching not enabled.
Caching disabled for MergeInstrumentationAnalysisTransform: /root/projects/PassVault/audit-runtime-linux-android-compile01/gradle-home/caches/modules-2/files-2.1/org.ow2.asm/asm-analysis/9.9/bf4fa6e66638851c1cd22c2caea0c3ee5d5f437/asm-analysis-9.9.jar because:
  Build cache is disabled
  Caching not enabled.
Caching disabled for ExternalDependencyInstrumentingArtifactTransform: /root/projects/PassVault/audit-runtime-linux-android-compile01/gradle-home/caches/9.7.1/transforms/c656ceea8715255e1c854a23440cb191/transformed/merge/instrumentation-dependencies.bin because:
  Build cache is disabled
  Caching not enabled.
Caching disabled for ExternalDependencyInstrumentingArtifactTransform: /root/projects/PassVault/audit-runtime-linux-android-compile01/gradle-home/caches/modules-2/files-2.1/org.ow2.asm/asm-analysis/9.9/bf4fa6e66638851c1cd22c2caea0c3ee5d5f437/asm-analysis-9.9.jar because:
  Build cache is disabled
  Caching not enabled.
Caching disabled for MergeInstrumentationAnalysisTransform: /root/projects/PassVault/audit-runtime-linux-android-compile01/gradle-home/caches/9.7.1/transforms/3eb39da5ce6ba662d64ff6830eca21c9/transformed/analysis/instrumentation-hierarchy.bin because:
  Build cache is disabled
  Caching not enabled.
Caching disabled for MergeInstrumentationAnalysisTransform: /root/projects/PassVault/audit-runtime-linux-android-compile01/gradle-home/caches/9.7.1/transforms/3eb39da5ce6ba662d64ff6830eca21c9/transformed/analysis/instrumentation-dependencies.bin because:
  Build cache is disabled
  Caching not enabled.
Caching disabled for MergeInstrumentationAnalysisTransform: /root/projects/PassVault/audit-runtime-linux-android-compile01/gradle-home/caches/modules-2/files-2.1/org.ow2.asm/asm-tree/9.9/f8de6eead6d24dd0f45bd065bbe112b2cda6ea21/asm-tree-9.9.jar because:
  Build cache is disabled
  Caching not enabled.
Caching disabled for ExternalDependencyInstrumentingArtifactTransform: /root/projects/PassVault/audit-runtime-linux-android-compile01/gradle-home/caches/9.7.1/transforms/fc1d3fab3333558b7b160fb041d1184a/transformed/merge/instrumentation-dependencies.bin because:
  Build cache is disabled
  Caching not enabled.
Caching disabled for ExternalDependencyInstrumentingArtifactTransform: /root/projects/PassVault/audit-runtime-linux-android-compile01/gradle-home/caches/modules-2/files-2.1/org.ow2.asm/asm-tree/9.9/f8de6eead6d24dd0f45bd065bbe112b2cda6ea21/asm-tree-9.9.jar because:
  Build cache is disabled
  Caching not enabled.
Caching disabled for MergeInstrumentationAnalysisTransform: /root/projects/PassVault/audit-runtime-linux-android-compile01/gradle-home/caches/9.7.1/transforms/e778a32725cf7a751eb9232dfb9273f7/transformed/analysis/instrumentation-hierarchy.bin because:
  Build cache is disabled
  Caching not enabled.
Caching disabled for MergeInstrumentationAnalysisTransform: /root/projects/PassVault/audit-runtime-linux-android-compile01/gradle-home/caches/9.7.1/transforms/e778a32725cf7a751eb9232dfb9273f7/transformed/analysis/instrumentation-dependencies.bin because:
  Build cache is disabled
  Caching not enabled.
Caching disabled for MergeInstrumentationAnalysisTransform: /root/projects/PassVault/audit-runtime-linux-android-compile01/gradle-home/caches/modules-2/files-2.1/org.ow2.asm/asm/9.9/c29635c8a7afa03d74b33c1884df8abb2b3f3dcc/asm-9.9.jar because:
  Build cache is disabled
  Caching not enabled.
Caching disabled for ExternalDependencyInstrumentingArtifactTransform: /root/projects/PassVault/audit-runtime-linux-android-compile01/gradle-home/caches/9.7.1/transforms/5564523a2b10141be9cb452346e4f82c/transformed/merge/instrumentation-dependencies.bin because:
  Build cache is disabled
  Caching not enabled.
Caching disabled for ExternalDependencyInstrumentingArtifactTransform: /root/projects/PassVault/audit-runtime-linux-android-compile01/gradle-home/caches/modules-2/files-2.1/org.ow2.asm/asm/9.9/c29635c8a7afa03d74b33c1884df8abb2b3f3dcc/asm-9.9.jar because:
  Build cache is disabled
  Caching not enabled.
Caching disabled for MergeInstrumentationAnalysisTransform: /root/projects/PassVault/audit-runtime-linux-android-compile01/gradle-home/caches/9.7.1/transforms/d7fc341ce1d82c88e8cd91111d840f04/transformed/analysis/instrumentation-hierarchy.bin because:
  Build cache is disabled
  Caching not enabled.
Caching disabled for MergeInstrumentationAnalysisTransform: /root/projects/PassVault/audit-runtime-linux-android-compile01/gradle-home/caches/9.7.1/transforms/d7fc341ce1d82c88e8cd91111d840f04/transformed/analysis/instrumentation-dependencies.bin because:
  Build cache is disabled
  Caching not enabled.
Caching disabled for MergeInstrumentationAnalysisTransform: /root/projects/PassVault/audit-runtime-linux-android-compile01/gradle-home/caches/modules-2/files-2.1/org.glassfish.jaxb/jaxb-runtime/2.3.2/5528bc882ea499a09d720b42af11785c4fc6be2a/jaxb-runtime-2.3.2.jar because:
  Build cache is disabled
  Caching not enabled.
Caching disabled for ExternalDependencyInstrumentingArtifactTransform: /root/projects/PassVault/audit-runtime-linux-android-compile01/gradle-home/caches/9.7.1/transforms/f3b65d2dec35b131335963248dfc4ff4/transformed/merge/instrumentation-dependencies.bin because:
  Build cache is disabled
  Caching not enabled.
Caching disabled for ExternalDependencyInstrumentingArtifactTransform: /root/projects/PassVault/audit-runtime-linux-android-compile01/gradle-home/caches/modules-2/files-2.1/org.glassfish.jaxb/jaxb-runtime/2.3.2/5528bc882ea499a09d720b42af11785c4fc6be2a/jaxb-runtime-2.3.2.jar because:
  Build cache is disabled
  Caching not enabled.
Caching disabled for MergeInstrumentationAnalysisTransform: /root/projects/PassVault/audit-runtime-linux-android-compile01/gradle-home/caches/9.7.1/transforms/40478a03a919694946f924dbf88598f1/transformed/analysis/instrumentation-hierarchy.bin because:
  Build cache is disabled
  Caching not enabled.
Caching disabled for MergeInstrumentationAnalysisTransform: /root/projects/PassVault/audit-runtime-linux-android-compile01/gradle-home/caches/9.7.1/transforms/40478a03a919694946f924dbf88598f1/transformed/analysis/instrumentation-dependencies.bin because:
  Build cache is disabled
  Caching not enabled.
Caching disabled for MergeInstrumentationAnalysisTransform: /root/projects/PassVault/audit-runtime-linux-android-compile01/gradle-home/caches/modules-2/files-2.1/net.sf.jopt-simple/jopt-simple/4.9/ee9e9eaa0a35360dcfeac129ff4923215fd65904/jopt-simple-4.9.jar because:
  Build cache is disabled
  Caching not enabled.
Caching disabled for ExternalDependencyInstrumentingArtifactTransform: /root/projects/PassVault/audit-runtime-linux-android-compile01/gradle-home/caches/9.7.1/transforms/f64b7346c244d7ea3718d5e889f335d9/transformed/merge/instrumentation-dependencies.bin because:
  Build cache is disabled
  Caching not enabled.
Caching disabled for ExternalDependencyInstrumentingArtifactTransform: /root/projects/PassVault/audit-runtime-linux-android-compile01/gradle-home/caches/modules-2/files-2.1/net.sf.jopt-simple/jopt-simple/4.9/ee9e9eaa0a35360dcfeac129ff4923215fd65904/jopt-simple-4.9.jar because:
  Build cache is disabled
  Caching not enabled.
Caching disabled for MergeInstrumentationAnalysisTransform: /root/projects/PassVault/audit-runtime-linux-android-compile01/gradle-home/caches/9.7.1/transforms/31e3a9c7776bdc756603de7938fec007/transformed/analysis/instrumentation-hierarchy.bin because:
  Build cache is disabled
  Caching not enabled.
Caching disabled for MergeInstrumentationAnalysisTransform: /root/projects/PassVault/audit-runtime-linux-android-compile01/gradle-home/caches/9.7.1/transforms/31e3a9c7776bdc756603de7938fec007/transformed/analysis/instrumentation-dependencies.bin because:
  Build cache is disabled
  Caching not enabled.
Caching disabled for MergeInstrumentationAnalysisTransform: /root/projects/PassVault/audit-runtime-linux-android-compile01/gradle-home/caches/modules-2/files-2.1/com.squareup/javapoet/1.13.0/d6562d385049f35eb50403fa86bb11cce76b866a/javapoet-1.13.0.jar because:
  Build cache is disabled
  Caching not enabled.
Caching disabled for ExternalDependencyInstrumentingArtifactTransform: /root/projects/PassVault/audit-runtime-linux-android-compile01/gradle-home/caches/9.7.1/transforms/f43a807497d2b293de794d38e3c0c516/transformed/merge/instrumentation-dependencies.bin because:
  Build cache is disabled
  Caching not enabled.
Caching disabled for ExternalDependencyInstrumentingArtifactTransform: /root/projects/PassVault/audit-runtime-linux-android-compile01/gradle-home/caches/modules-2/files-2.1/com.squareup/javapoet/1.13.0/d6562d385049f35eb50403fa86bb11cce76b866a/javapoet-1.13.0.jar because:
  Build cache is disabled
  Caching not enabled.
Caching disabled for MergeInstrumentationAnalysisTransform: /root/projects/PassVault/audit-runtime-linux-android-compile01/gradle-home/caches/9.7.1/transforms/931fa2eac88d48be41f8d526eb435fda/transformed/analysis/instrumentation-hierarchy.bin because:
  Build cache is disabled
  Caching not enabled.
Caching disabled for MergeInstrumentationAnalysisTransform: /root/projects/PassVault/audit-runtime-linux-android-compile01/gradle-home/caches/9.7.1/transforms/931fa2eac88d48be41f8d526eb435fda/transformed/analysis/instrumentation-dependencies.bin because:
  Build cache is disabled
  Caching not enabled.
Caching disabled for MergeInstrumentationAnalysisTransform: /root/projects/PassVault/audit-runtime-linux-android-compile01/gradle-home/caches/modules-2/files-2.1/com.google.protobuf/protobuf-java-util/3.25.5/38cc5ce479603e36466feda2a9f1dfdb2210ef00/protobuf-java-util-3.25.5.jar because:
  Build cache is disabled
  Caching not enabled.
Caching disabled for ExternalDependencyInstrumentingArtifactTransform: /root/projects/PassVault/audit-runtime-linux-android-compile01/gradle-home/caches/9.7.1/transforms/d4c041554f1eb6df6af8789970193d73/transformed/merge/instrumentation-dependencies.bin because:
  Build cache is disabled
  Caching not enabled.
Caching disabled for ExternalDependencyInstrumentingArtifactTransform: /root/projects/PassVault/audit-runtime-linux-android-compile01/gradle-home/caches/modules-2/files-2.1/com.google.protobuf/protobuf-java-util/3.25.5/38cc5ce479603e36466feda2a9f1dfdb2210ef00/protobuf-java-util-3.25.5.jar because:
  Build cache is disabled
  Caching not enabled.
Caching disabled for MergeInstrumentationAnalysisTransform: /root/projects/PassVault/audit-runtime-linux-android-compile01/gradle-home/caches/9.7.1/transforms/1fe73ced6bcc0ee3ca8e3de0cece73ef/transformed/analysis/instrumentation-hierarchy.bin because:
  Build cache is disabled
  Caching not enabled.
Caching disabled for MergeInstrumentationAnalysisTransform: /root/projects/PassVault/audit-runtime-linux-android-compile01/gradle-home/caches/9.7.1/transforms/1fe73ced6bcc0ee3ca8e3de0cece73ef/transformed/analysis/instrumentation-dependencies.bin because:
  Build cache is disabled
  Caching not enabled.
Caching disabled for MergeInstrumentationAnalysisTransform: /root/projects/PassVault/audit-runtime-linux-android-compile01/gradle-home/caches/modules-2/files-2.1/com.google.crypto.tink/tink/1.7.0/668b57f109d32349b2870448f06ae6f202713edc/tink-1.7.0.jar because:
  Build cache is disabled
  Caching not enabled.
Caching disabled for ExternalDependencyInstrumentingArtifactTransform: /root/projects/PassVault/audit-runtime-linux-android-compile01/gradle-home/caches/9.7.1/transforms/cc68d08fd608edf0eeecfcc600955364/transformed/merge/instrumentation-dependencies.bin because:
  Build cache is disabled
  Caching not enabled.
Caching disabled for ExternalDependencyInstrumentingArtifactTransform: /root/projects/PassVault/audit-runtime-linux-android-compile01/gradle-home/caches/modules-2/files-2.1/com.google.crypto.tink/tink/1.7.0/668b57f109d32349b2870448f06ae6f202713edc/tink-1.7.0.jar because:
  Build cache is disabled
  Caching not enabled.
Caching disabled for MergeInstrumentationAnalysisTransform: /root/projects/PassVault/audit-runtime-linux-android-compile01/gradle-home/caches/9.7.1/transforms/445800d5f37d135a9daf17f23681f4b7/transformed/analysis/instrumentation-hierarchy.bin because:
  Build cache is disabled
  Caching not enabled.
Caching disabled for MergeInstrumentationAnalysisTransform: /root/projects/PassVault/audit-runtime-linux-android-compile01/gradle-home/caches/9.7.1/transforms/445800d5f37d135a9daf17f23681f4b7/transformed/analysis/instrumentation-dependencies.bin because:
  Build cache is disabled
  Caching not enabled.
Caching disabled for MergeInstrumentationAnalysisTransform: /root/projects/PassVault/audit-runtime-linux-android-compile01/gradle-home/caches/modules-2/files-2.1/com.android.tools.analytics-library/protos/32.4.0/72ce19690099b238b9214e35e08d0641bd4e726d/protos-32.4.0.jar because:
  Build cache is disabled
  Caching not enabled.
Caching disabled for ExternalDependencyInstrumentingArtifactTransform: /root/projects/PassVault/audit-runtime-linux-android-compile01/gradle-home/caches/9.7.1/transforms/f2bb65bdf199a4986c471064c88dfad1/transformed/merge/instrumentation-dependencies.bin because:
  Build cache is disabled
  Caching not enabled.
Caching disabled for ExternalDependencyInstrumentingArtifactTransform: /root/projects/PassVault/audit-runtime-linux-android-compile01/gradle-home/caches/modules-2/files-2.1/com.android.tools.analytics-library/protos/32.4.0/72ce19690099b238b9214e35e08d0641bd4e726d/protos-32.4.0.jar because:
  Build cache is disabled
  Caching not enabled.
Caching disabled for MergeInstrumentationAnalysisTransform: /root/projects/PassVault/audit-runtime-linux-android-compile01/gradle-home/caches/9.7.1/transforms/17b606efad8503ea91ad1e7a741ad1a8/transformed/analysis/instrumentation-hierarchy.bin because:
  Build cache is disabled
  Caching not enabled.
Caching disabled for MergeInstrumentationAnalysisTransform: /root/projects/PassVault/audit-runtime-linux-android-compile01/gradle-home/caches/9.7.1/transforms/17b606efad8503ea91ad1e7a741ad1a8/transformed/analysis/instrumentation-dependencies.bin because:
  Build cache is disabled
  Caching not enabled.
Caching disabled for MergeInstrumentationAnalysisTransform: /root/projects/PassVault/audit-runtime-linux-android-compile01/gradle-home/caches/modules-2/files-2.1/com.google.protobuf/protobuf-java/3.25.5/5ae5c9ec39930ae9b5a61b32b93288818ec05ec1/protobuf-java-3.25.5.jar because:
  Build cache is disabled
  Caching not enabled.
Caching disabled for ExternalDependencyInstrumentingArtifactTransform: /root/projects/PassVault/audit-runtime-linux-android-compile01/gradle-home/caches/9.7.1/transforms/550c39950c749462586c2a3fe669758f/transformed/merge/instrumentation-dependencies.bin because:
  Build cache is disabled
  Caching not enabled.
Caching disabled for ExternalDependencyInstrumentingArtifactTransform: /root/projects/PassVault/audit-runtime-linux-android-compile01/gradle-home/caches/modules-2/files-2.1/com.google.protobuf/protobuf-java/3.25.5/5ae5c9ec39930ae9b5a61b32b93288818ec05ec1/protobuf-java-3.25.5.jar because:
  Build cache is disabled
  Caching not enabled.
Caching disabled for MergeInstrumentationAnalysisTransform: /root/projects/PassVault/audit-runtime-linux-android-compile01/gradle-home/caches/9.7.1/transforms/7a08eb6d0b24ae46f004bed095a34e79/transformed/analysis/instrumentation-hierarchy.bin because:
  Build cache is disabled
  Caching not enabled.
Caching disabled for MergeInstrumentationAnalysisTransform: /root/projects/PassVault/audit-runtime-linux-android-compile01/gradle-home/caches/9.7.1/transforms/7a08eb6d0b24ae46f004bed095a34e79/transformed/analysis/instrumentation-dependencies.bin because:
  Build cache is disabled
  Caching not enabled.
Caching disabled for MergeInstrumentationAnalysisTransform: /root/projects/PassVault/audit-runtime-linux-android-compile01/gradle-home/caches/modules-2/files-2.1/com.google.code.gson/gson/2.11.0/527175ca6d81050b53bdd4c457a6d6e017626b0e/gson-2.11.0.jar because:
  Build cache is disabled
  Caching not enabled.
Caching disabled for ExternalDependencyInstrumentingArtifactTransform: /root/projects/PassVault/audit-runtime-linux-android-compile01/gradle-home/caches/9.7.1/transforms/9139fc90b458302ecfa928d1e5e1a4e2/transformed/merge/instrumentation-dependencies.bin because:
  Build cache is disabled
  Caching not enabled.
Caching disabled for ExternalDependencyInstrumentingArtifactTransform: /root/projects/PassVault/audit-runtime-linux-android-compile01/gradle-home/caches/modules-2/files-2.1/com.google.code.gson/gson/2.11.0/527175ca6d81050b53bdd4c457a6d6e017626b0e/gson-2.11.0.jar because:
  Build cache is disabled
  Caching not enabled.
Caching disabled for MergeInstrumentationAnalysisTransform: /root/projects/PassVault/audit-runtime-linux-android-compile01/gradle-home/caches/9.7.1/transforms/e1b4ed7ec6cd2a86696da966a26dbffc/transformed/analysis/instrumentation-hierarchy.bin because:
  Build cache is disabled
  Caching not enabled.
Caching disabled for MergeInstrumentationAnalysisTransform: /root/projects/PassVault/audit-runtime-linux-android-compile01/gradle-home/caches/9.7.1/transforms/e1b4ed7ec6cd2a86696da966a26dbffc/transformed/analysis/instrumentation-dependencies.bin because:
  Build cache is disabled
  Caching not enabled.
Caching disabled for MergeInstrumentationAnalysisTransform: /root/projects/PassVault/audit-runtime-linux-android-compile01/gradle-home/caches/modules-2/files-2.1/org.tensorflow/tensorflow-lite-metadata/0.2.0/7dbe8f75ae5c0ef7093c43c3ac8b560bbc7ea4b6/tensorflow-lite-metadata-0.2.0.jar because:
  Build cache is disabled
  Caching not enabled.
Caching disabled for ExternalDependencyInstrumentingArtifactTransform: /root/projects/PassVault/audit-runtime-linux-android-compile01/gradle-home/caches/9.7.1/transforms/082768b4fbaec179f3b538040de78002/transformed/merge/instrumentation-dependencies.bin because:
  Build cache is disabled
  Caching not enabled.
Caching disabled for ExternalDependencyInstrumentingArtifactTransform: /root/projects/PassVault/audit-runtime-linux-android-compile01/gradle-home/caches/modules-2/files-2.1/org.tensorflow/tensorflow-lite-metadata/0.2.0/7dbe8f75ae5c0ef7093c43c3ac8b560bbc7ea4b6/tensorflow-lite-metadata-0.2.0.jar because:
  Build cache is disabled
  Caching not enabled.
Caching disabled for MergeInstrumentationAnalysisTransform: /root/projects/PassVault/audit-runtime-linux-android-compile01/gradle-home/caches/9.7.1/transforms/0367b4a13f937f635a429a3a576947ac/transformed/analysis/instrumentation-dependencies.bin because:
  Build cache is disabled
  Caching not enabled.
Caching disabled for MergeInstrumentationAnalysisTransform: /root/projects/PassVault/audit-runtime-linux-android-compile01/gradle-home/caches/modules-2/files-2.1/org.jetbrains.kotlin/kotlin-gradle-plugin-annotations/2.4.10/d7e21334dd356764357f26dd1044975cb63e820f/kotlin-gradle-plugin-annotations-2.4.10.jar because:
  Build cache is disabled
  Caching not enabled.
Caching disabled for ExternalDependencyInstrumentingArtifactTransform: /root/projects/PassVault/audit-runtime-linux-android-compile01/gradle-home/caches/9.7.1/transforms/3976e289277675415d9362e67a82083a/transformed/merge/instrumentation-dependencies.bin because:
  Build cache is disabled
  Caching not enabled.
Caching disabled for ExternalDependencyInstrumentingArtifactTransform: /root/projects/PassVault/audit-runtime-linux-android-compile01/gradle-home/caches/modules-2/files-2.1/org.jetbrains.kotlin/kotlin-gradle-plugin-annotations/2.4.10/d7e21334dd356764357f26dd1044975cb63e820f/kotlin-gradle-plugin-annotations-2.4.10.jar because:
  Build cache is disabled
  Caching not enabled.
Caching disabled for MergeInstrumentationAnalysisTransform: /root/projects/PassVault/audit-runtime-linux-android-compile01/gradle-home/caches/9.7.1/transforms/28bdc1203607bed9432af1fd41940e29/transformed/analysis/instrumentation-hierarchy.bin because:
  Build cache is disabled
  Caching not enabled.
Caching disabled for MergeInstrumentationAnalysisTransform: /root/projects/PassVault/audit-runtime-linux-android-compile01/gradle-home/caches/9.7.1/transforms/28bdc1203607bed9432af1fd41940e29/transformed/analysis/instrumentation-dependencies.bin because:
  Build cache is disabled
  Caching not enabled.
Caching disabled for MergeInstrumentationAnalysisTransform: /root/projects/PassVault/audit-runtime-linux-android-compile01/gradle-home/caches/modules-2/files-2.1/org.jetbrains.kotlin/kotlin-native-utils/2.4.10/ffa1a46704f3172c99f23fd024965ebb24055ab6/kotlin-native-utils-2.4.10.jar because:
  Build cache is disabled
  Caching not enabled.
Caching disabled for ExternalDependencyInstrumentingArtifactTransform: /root/projects/PassVault/audit-runtime-linux-android-compile01/gradle-home/caches/9.7.1/transforms/b3ab5ac2fc01d2e289a98735199dafbd/transformed/merge/instrumentation-dependencies.bin because:
  Build cache is disabled
  Caching not enabled.
Caching disabled for ExternalDependencyInstrumentingArtifactTransform: /root/projects/PassVault/audit-runtime-linux-android-compile01/gradle-home/caches/modules-2/files-2.1/org.jetbrains.kotlin/kotlin-native-utils/2.4.10/ffa1a46704f3172c99f23fd024965ebb24055ab6/kotlin-native-utils-2.4.10.jar because:
  Build cache is disabled
  Caching not enabled.
Caching disabled for MergeInstrumentationAnalysisTransform: /root/projects/PassVault/audit-runtime-linux-android-compile01/gradle-home/caches/9.7.1/transforms/2204220f833f8a3cb5cbbc96bd04a4db/transformed/analysis/instrumentation-hierarchy.bin because:
  Build cache is disabled
  Caching not enabled.
Caching disabled for MergeInstrumentationAnalysisTransform: /root/projects/PassVault/audit-runtime-linux-android-compile01/gradle-home/caches/9.7.1/transforms/2204220f833f8a3cb5cbbc96bd04a4db/transformed/analysis/instrumentation-dependencies.bin because:
  Build cache is disabled
  Caching not enabled.
Caching disabled for MergeInstrumentationAnalysisTransform: /root/projects/PassVault/audit-runtime-linux-android-compile01/gradle-home/caches/modules-2/files-2.1/org.jetbrains.kotlin/kotlin-tooling-core/2.4.10/75970f5a2a9cb4d25557965bbec0a7ccd55bfbcf/kotlin-tooling-core-2.4.10.jar because:
  Build cache is disabled
  Caching not enabled.
Caching disabled for ExternalDependencyInstrumentingArtifactTransform: /root/projects/PassVault/audit-runtime-linux-android-compile01/gradle-home/caches/9.7.1/transforms/2613e430d5ba737db5a05e8577b9bbe9/transformed/merge/instrumentation-dependencies.bin because:
  Build cache is disabled
  Caching not enabled.
Caching disabled for ExternalDependencyInstrumentingArtifactTransform: /root/projects/PassVault/audit-runtime-linux-android-compile01/gradle-home/caches/modules-2/files-2.1/org.jetbrains.kotlin/kotlin-tooling-core/2.4.10/75970f5a2a9cb4d25557965bbec0a7ccd55bfbcf/kotlin-tooling-core-2.4.10.jar because:
  Build cache is disabled
  Caching not enabled.
Caching disabled for MergeInstrumentationAnalysisTransform: /root/projects/PassVault/audit-runtime-linux-android-compile01/gradle-home/caches/9.7.1/transforms/fa8785dff862722b0844292be840d6a6/transformed/analysis/instrumentation-hierarchy.bin because:
  Build cache is disabled
  Caching not enabled.
Caching disabled for MergeInstrumentationAnalysisTransform: /root/projects/PassVault/audit-runtime-linux-android-compile01/gradle-home/caches/9.7.1/transforms/fa8785dff862722b0844292be840d6a6/transformed/analysis/instrumentation-dependencies.bin because:
  Build cache is disabled
  Caching not enabled.
Caching disabled for MergeInstrumentationAnalysisTransform: /root/projects/PassVault/audit-runtime-linux-android-compile01/gradle-home/caches/modules-2/files-2.1/org.jetbrains.kotlin/kotlin-build-tools-api/2.4.10/c88fe54d8d8c568de500b26fd459853c7202de39/kotlin-build-tools-api-2.4.10.jar because:
  Build cache is disabled
  Caching not enabled.
Caching disabled for ExternalDependencyInstrumentingArtifactTransform: /root/projects/PassVault/audit-runtime-linux-android-compile01/gradle-home/caches/9.7.1/transforms/4825ec5fdd84f8265b7bc36f43995313/transformed/merge/instrumentation-dependencies.bin because:
  Build cache is disabled
  Caching not enabled.
Caching disabled for ExternalDependencyInstrumentingArtifactTransform: /root/projects/PassVault/audit-runtime-linux-android-compile01/gradle-home/caches/modules-2/files-2.1/org.jetbrains.kotlin/kotlin-build-tools-api/2.4.10/c88fe54d8d8c568de500b26fd459853c7202de39/kotlin-build-tools-api-2.4.10.jar because:
  Build cache is disabled
  Caching not enabled.
Caching disabled for MergeInstrumentationAnalysisTransform: /root/projects/PassVault/audit-runtime-linux-android-compile01/gradle-home/caches/9.7.1/transforms/d63b8fdf354364cb8e7019016e41e372/transformed/analysis/instrumentation-hierarchy.bin because:
  Build cache is disabled
  Caching not enabled.
Caching disabled for MergeInstrumentationAnalysisTransform: /root/projects/PassVault/audit-runtime-linux-android-compile01/gradle-home/caches/9.7.1/transforms/d63b8fdf354364cb8e7019016e41e372/transformed/analysis/instrumentation-dependencies.bin because:
  Build cache is disabled
  Caching not enabled.
Caching disabled for MergeInstrumentationAnalysisTransform: /root/projects/PassVault/audit-runtime-linux-android-compile01/gradle-home/caches/modules-2/files-2.1/org.jetbrains.kotlin/kotlin-util-klib/2.4.10/4c70cfc757d717d056b9cec24932506677bb0f52/kotlin-util-klib-2.4.10.jar because:
  Build cache is disabled
  Caching not enabled.
Caching disabled for ExternalDependencyInstrumentingArtifactTransform: /root/projects/PassVault/audit-runtime-linux-android-compile01/gradle-home/caches/9.7.1/transforms/6fe031cda8fb78bff21348cba3e0bec3/transformed/merge/instrumentation-dependencies.bin because:
  Build cache is disabled
  Caching not enabled.
Caching disabled for ExternalDependencyInstrumentingArtifactTransform: /root/projects/PassVault/audit-runtime-linux-android-compile01/gradle-home/caches/modules-2/files-2.1/org.jetbrains.kotlin/kotlin-util-klib/2.4.10/4c70cfc757d717d056b9cec24932506677bb0f52/kotlin-util-klib-2.4.10.jar because:
  Build cache is disabled
  Caching not enabled.
Caching disabled for MergeInstrumentationAnalysisTransform: /root/projects/PassVault/audit-runtime-linux-android-compile01/gradle-home/caches/9.7.1/transforms/eb613282374489dcbe96d9df48d07a0e/transformed/analysis/instrumentation-hierarchy.bin because:
  Build cache is disabled
  Caching not enabled.
Caching disabled for MergeInstrumentationAnalysisTransform: /root/projects/PassVault/audit-runtime-linux-android-compile01/gradle-home/caches/9.7.1/transforms/eb613282374489dcbe96d9df48d07a0e/transformed/analysis/instrumentation-dependencies.bin because:
  Build cache is disabled
  Caching not enabled.
Caching disabled for MergeInstrumentationAnalysisTransform: /root/projects/PassVault/audit-runtime-linux-android-compile01/gradle-home/caches/modules-2/files-2.1/org.jetbrains.kotlin/kotlin-util-io/2.4.10/22c395cc2a2833b5dd1aa368155c491b8a04be6d/kotlin-util-io-2.4.10.jar because:
  Build cache is disabled
  Caching not enabled.
Caching disabled for ExternalDependencyInstrumentingArtifactTransform: /root/projects/PassVault/audit-runtime-linux-android-compile01/gradle-home/caches/9.7.1/transforms/c41104bcc2388c1f181b231d22ec1403/transformed/merge/instrumentation-dependencies.bin because:
  Build cache is disabled
  Caching not enabled.
Caching disabled for ExternalDependencyInstrumentingArtifactTransform: /root/projects/PassVault/audit-runtime-linux-android-compile01/gradle-home/caches/modules-2/files-2.1/org.jetbrains.kotlin/kotlin-util-io/2.4.10/22c395cc2a2833b5dd1aa368155c491b8a04be6d/kotlin-util-io-2.4.10.jar because:
  Build cache is disabled
  Caching not enabled.
Caching disabled for MergeInstrumentationAnalysisTransform: /root/projects/PassVault/audit-runtime-linux-android-compile01/gradle-home/caches/9.7.1/transforms/fb4da546fe684629e47ee03cda883ea9/transformed/analysis/instrumentation-hierarchy.bin because:
  Build cache is disabled
  Caching not enabled.
Caching disabled for MergeInstrumentationAnalysisTransform: /root/projects/PassVault/audit-runtime-linux-android-compile01/gradle-home/caches/9.7.1/transforms/fb4da546fe684629e47ee03cda883ea9/transformed/analysis/instrumentation-dependencies.bin because:
  Build cache is disabled
  Caching not enabled.
Caching disabled for MergeInstrumentationAnalysisTransform: /root/projects/PassVault/audit-runtime-linux-android-compile01/gradle-home/caches/modules-2/files-2.1/org.jetbrains.kotlin/kotlin-daemon-client/2.4.10/8c3aa7a03a90240de365985d93bc8ed39163f852/kotlin-daemon-client-2.4.10.jar because:
  Build cache is disabled
  Caching not enabled.
Caching disabled for ExternalDependencyInstrumentingArtifactTransform: /root/projects/PassVault/audit-runtime-linux-android-compile01/gradle-home/caches/9.7.1/transforms/169c346de421d5f2fc6dd1c4b6ba2f94/transformed/merge/instrumentation-dependencies.bin because:
  Build cache is disabled
  Caching not enabled.
Caching disabled for ExternalDependencyInstrumentingArtifactTransform: /root/projects/PassVault/audit-runtime-linux-android-compile01/gradle-home/caches/modules-2/files-2.1/org.jetbrains.kotlin/kotlin-daemon-client/2.4.10/8c3aa7a03a90240de365985d93bc8ed39163f852/kotlin-daemon-client-2.4.10.jar because:
  Build cache is disabled
  Caching not enabled.
Caching disabled for MergeInstrumentationAnalysisTransform: /root/projects/PassVault/audit-runtime-linux-android-compile01/gradle-home/caches/9.7.1/transforms/845bb3c4f75e9675c51e90670c81034d/transformed/analysis/instrumentation-hierarchy.bin because:
  Build cache is disabled
  Caching not enabled.
Caching disabled for MergeInstrumentationAnalysisTransform: /root/projects/PassVault/audit-runtime-linux-android-compile01/gradle-home/caches/9.7.1/transforms/845bb3c4f75e9675c51e90670c81034d/transformed/analysis/instrumentation-dependencies.bin because:
  Build cache is disabled
  Caching not enabled.
Caching disabled for MergeInstrumentationAnalysisTransform: /root/projects/PassVault/audit-runtime-linux-android-compile01/gradle-home/caches/modules-2/files-2.1/com.google.jimfs/jimfs/1.1/8fbd0579dc68aba6186935cc1bee21d2f3e7ec1c/jimfs-1.1.jar because:
  Build cache is disabled
  Caching not enabled.
Caching disabled for ExternalDependencyInstrumentingArtifactTransform: /root/projects/PassVault/audit-runtime-linux-android-compile01/gradle-home/caches/9.7.1/transforms/5e42c8b56b1d2f81a55bd036d98da98f/transformed/merge/instrumentation-dependencies.bin because:
  Build cache is disabled
  Caching not enabled.
Caching disabled for ExternalDependencyInstrumentingArtifactTransform: /root/projects/PassVault/audit-runtime-linux-android-compile01/gradle-home/caches/modules-2/files-2.1/com.google.jimfs/jimfs/1.1/8fbd0579dc68aba6186935cc1bee21d2f3e7ec1c/jimfs-1.1.jar because:
  Build cache is disabled
  Caching not enabled.
Caching disabled for MergeInstrumentationAnalysisTransform: /root/projects/PassVault/audit-runtime-linux-android-compile01/gradle-home/caches/9.7.1/transforms/aca89e3e4b19a40e795b5f0f4e4c53a5/transformed/analysis/instrumentation-hierarchy.bin because:
  Build cache is disabled
  Caching not enabled.
Caching disabled for MergeInstrumentationAnalysisTransform: /root/projects/PassVault/audit-runtime-linux-android-compile01/gradle-home/caches/9.7.1/transforms/aca89e3e4b19a40e795b5f0f4e4c53a5/transformed/analysis/instrumentation-dependencies.bin because:
  Build cache is disabled
  Caching not enabled.
Caching disabled for MergeInstrumentationAnalysisTransform: /root/projects/PassVault/audit-runtime-linux-android-compile01/gradle-home/caches/modules-2/files-2.1/com.android.tools.build/apkzlib/9.4.0/81e69e9fd7e45be473e784f6220d09bea36115cc/apkzlib-9.4.0.jar because:
  Build cache is disabled
  Caching not enabled.
Caching disabled for ExternalDependencyInstrumentingArtifactTransform: /root/projects/PassVault/audit-runtime-linux-android-compile01/gradle-home/caches/9.7.1/transforms/ee7da3b891a38f181d17cb0bdc74ab8e/transformed/merge/instrumentation-dependencies.bin because:
  Build cache is disabled
  Caching not enabled.
Caching disabled for ExternalDependencyInstrumentingArtifactTransform: /root/projects/PassVault/audit-runtime-linux-android-compile01/gradle-home/caches/modules-2/files-2.1/com.android.tools.build/apkzlib/9.4.0/81e69e9fd7e45be473e784f6220d09bea36115cc/apkzlib-9.4.0.jar because:
  Build cache is disabled
  Caching not enabled.
Caching disabled for MergeInstrumentationAnalysisTransform: /root/projects/PassVault/audit-runtime-linux-android-compile01/gradle-home/caches/9.7.1/transforms/f5cc598891b10bb36aca1a800912fa1e/transformed/analysis/instrumentation-hierarchy.bin because:
  Build cache is disabled
  Caching not enabled.
Caching disabled for MergeInstrumentationAnalysisTransform: /root/projects/PassVault/audit-runtime-linux-android-compile01/gradle-home/caches/9.7.1/transforms/f5cc598891b10bb36aca1a800912fa1e/transformed/analysis/instrumentation-dependencies.bin because:
  Build cache is disabled
  Caching not enabled.
Caching disabled for MergeInstrumentationAnalysisTransform: /root/projects/PassVault/audit-runtime-linux-android-compile01/gradle-home/caches/modules-2/files-2.1/com.google.guava/guava/33.4.0-jre/3fcc0a259f724c7de54a6a55ea7e26d3d5c0cac/guava-33.4.0-jre.jar because:
  Build cache is disabled
  Caching not enabled.
Caching disabled for ExternalDependencyInstrumentingArtifactTransform: /root/projects/PassVault/audit-runtime-linux-android-compile01/gradle-home/caches/9.7.1/transforms/de3cfc8b787a228bcba79772a8f4fe4d/transformed/merge/instrumentation-dependencies.bin because:
  Build cache is disabled
  Caching not enabled.
Caching disabled for ExternalDependencyInstrumentingArtifactTransform: /root/projects/PassVault/audit-runtime-linux-android-compile01/gradle-home/caches/modules-2/files-2.1/com.google.guava/guava/33.4.0-jre/3fcc0a259f724c7de54a6a55ea7e26d3d5c0cac/guava-33.4.0-jre.jar because:
  Build cache is disabled
  Caching not enabled.
Caching disabled for MergeInstrumentationAnalysisTransform: /root/projects/PassVault/audit-runtime-linux-android-compile01/gradle-home/caches/9.7.1/transforms/c08061cc85075eb440aa9c2baf06236a/transformed/analysis/instrumentation-hierarchy.bin because:
  Build cache is disabled
  Caching not enabled.
Caching disabled for MergeInstrumentationAnalysisTransform: /root/projects/PassVault/audit-runtime-linux-android-compile01/gradle-home/caches/9.7.1/transforms/c08061cc85075eb440aa9c2baf06236a/transformed/analysis/instrumentation-dependencies.bin because:
  Build cache is disabled
  Caching not enabled.
Caching disabled for MergeInstrumentationAnalysisTransform: /root/projects/PassVault/audit-runtime-linux-android-compile01/gradle-home/caches/modules-2/files-2.1/com.google.dagger/dagger/2.28.3/10d83810ef9e19714116ed518896c90c6606d633/dagger-2.28.3.jar because:
  Build cache is disabled
  Caching not enabled.
Caching disabled for ExternalDependencyInstrumentingArtifactTransform: /root/projects/PassVault/audit-runtime-linux-android-compile01/gradle-home/caches/9.7.1/transforms/d609e9daaaeafb529fd8b6e4c542b6ff/transformed/merge/instrumentation-dependencies.bin because:
  Build cache is disabled
  Caching not enabled.
Caching disabled for ExternalDependencyInstrumentingArtifactTransform: /root/projects/PassVault/audit-runtime-linux-android-compile01/gradle-home/caches/modules-2/files-2.1/com.google.dagger/dagger/2.28.3/10d83810ef9e19714116ed518896c90c6606d633/dagger-2.28.3.jar because:
  Build cache is disabled
  Caching not enabled.
Caching disabled for MergeInstrumentationAnalysisTransform: /root/projects/PassVault/audit-runtime-linux-android-compile01/gradle-home/caches/9.7.1/transforms/60674c83291875d44bda9f6eb6496792/transformed/analysis/instrumentation-dependencies.bin because:
  Build cache is disabled
  Caching not enabled.
Caching disabled for MergeInstrumentationAnalysisTransform: /root/projects/PassVault/audit-runtime-linux-android-compile01/gradle-home/caches/modules-2/files-2.1/javax.inject/javax.inject/1/6975da39a7040257bd51d21a231b76c915872d38/javax.inject-1.jar because:
  Build cache is disabled
  Caching not enabled.
Caching disabled for ExternalDependencyInstrumentingArtifactTransform: /root/projects/PassVault/audit-runtime-linux-android-compile01/gradle-home/caches/9.7.1/transforms/6ffad1652eb1bc749fdfb8ae61774cfb/transformed/merge/instrumentation-dependencies.bin because:
  Build cache is disabled
  Caching not enabled.
Caching disabled for ExternalDependencyInstrumentingArtifactTransform: /root/projects/PassVault/audit-runtime-linux-android-compile01/gradle-home/caches/modules-2/files-2.1/javax.inject/javax.inject/1/6975da39a7040257bd51d21a231b76c915872d38/javax.inject-1.jar because:
  Build cache is disabled
  Caching not enabled.
Caching disabled for MergeInstrumentationAnalysisTransform: /root/projects/PassVault/audit-runtime-linux-android-compile01/gradle-home/caches/9.7.1/transforms/c2b1ea5b67d2782bb5e2dcb4c02f1a84/transformed/analysis/instrumentation-hierarchy.bin because:
  Build cache is disabled
  Caching not enabled.
Caching disabled for MergeInstrumentationAnalysisTransform: /root/projects/PassVault/audit-runtime-linux-android-compile01/gradle-home/caches/9.7.1/transforms/c2b1ea5b67d2782bb5e2dcb4c02f1a84/transformed/analysis/instrumentation-dependencies.bin because:
  Build cache is disabled
  Caching not enabled.
Caching disabled for MergeInstrumentationAnalysisTransform: /root/projects/PassVault/audit-runtime-linux-android-compile01/gradle-home/caches/modules-2/files-2.1/net.sf.kxml/kxml2/2.3.0/ccbc77a5fd907ef863c29f3596c6f54ffa4e9442/kxml2-2.3.0.jar because:
  Build cache is disabled
  Caching not enabled.
Caching disabled for ExternalDependencyInstrumentingArtifactTransform: /root/projects/PassVault/audit-runtime-linux-android-compile01/gradle-home/caches/9.7.1/transforms/126b80274fc658356e527ee1459ff1f5/transformed/merge/instrumentation-dependencies.bin because:
  Build cache is disabled
  Caching not enabled.
Caching disabled for ExternalDependencyInstrumentingArtifactTransform: /root/projects/PassVault/audit-runtime-linux-android-compile01/gradle-home/caches/modules-2/files-2.1/net.sf.kxml/kxml2/2.3.0/ccbc77a5fd907ef863c29f3596c6f54ffa4e9442/kxml2-2.3.0.jar because:
  Build cache is disabled
  Caching not enabled.
Caching disabled for MergeInstrumentationAnalysisTransform: /root/projects/PassVault/audit-runtime-linux-android-compile01/gradle-home/caches/9.7.1/transforms/3ab15090e92fc75794c91edfa1cf89fa/transformed/analysis/instrumentation-hierarchy.bin because:
  Build cache is disabled
  Caching not enabled.
Caching disabled for MergeInstrumentationAnalysisTransform: /root/projects/PassVault/audit-runtime-linux-android-compile01/gradle-home/caches/9.7.1/transforms/3ab15090e92fc75794c91edfa1cf89fa/transformed/analysis/instrumentation-dependencies.bin because:
  Build cache is disabled
  Caching not enabled.
Caching disabled for MergeInstrumentationAnalysisTransform: /root/projects/PassVault/audit-runtime-linux-android-compile01/gradle-home/caches/modules-2/files-2.1/org.bouncycastle/bcpkix-jdk18on/1.80.2/cc97199b13ed4166079aec30e020bd684ead274c/bcpkix-jdk18on-1.80.2.jar because:
  Build cache is disabled
  Caching not enabled.
Caching disabled for ExternalDependencyInstrumentingArtifactTransform: /root/projects/PassVault/audit-runtime-linux-android-compile01/gradle-home/caches/9.7.1/transforms/bd5d7c0790a4adcfe507671ef0cfe4a3/transformed/merge/instrumentation-dependencies.bin because:
  Build cache is disabled
  Caching not enabled.
Caching disabled for ExternalDependencyInstrumentingArtifactTransform: /root/projects/PassVault/audit-runtime-linux-android-compile01/gradle-home/caches/modules-2/files-2.1/org.bouncycastle/bcpkix-jdk18on/1.80.2/cc97199b13ed4166079aec30e020bd684ead274c/bcpkix-jdk18on-1.80.2.jar because:
  Build cache is disabled
  Caching not enabled.
Caching disabled for MergeInstrumentationAnalysisTransform: /root/projects/PassVault/audit-runtime-linux-android-compile01/gradle-home/caches/9.7.1/transforms/dd28feafbbbb990afe97722b8a128881/transformed/analysis/instrumentation-hierarchy.bin because:
  Build cache is disabled
  Caching not enabled.
Caching disabled for MergeInstrumentationAnalysisTransform: /root/projects/PassVault/audit-runtime-linux-android-compile01/gradle-home/caches/9.7.1/transforms/dd28feafbbbb990afe97722b8a128881/transformed/analysis/instrumentation-dependencies.bin because:
  Build cache is disabled
  Caching not enabled.
Caching disabled for MergeInstrumentationAnalysisTransform: /root/projects/PassVault/audit-runtime-linux-android-compile01/gradle-home/caches/modules-2/files-2.1/org.bouncycastle/bcutil-jdk18on/1.80.2/5aa52bcc7b7d5dc8975a3df9e657abdb5cea62be/bcutil-jdk18on-1.80.2.jar because:
  Build cache is disabled
  Caching not enabled.
Caching disabled for ExternalDependencyInstrumentingArtifactTransform: /root/projects/PassVault/audit-runtime-linux-android-compile01/gradle-home/caches/9.7.1/transforms/7588192300ff5d91dc850feef3c4da75/transformed/merge/instrumentation-dependencies.bin because:
  Build cache is disabled
  Caching not enabled.
Caching disabled for ExternalDependencyInstrumentingArtifactTransform: /root/projects/PassVault/audit-runtime-linux-android-compile01/gradle-home/caches/modules-2/files-2.1/org.bouncycastle/bcutil-jdk18on/1.80.2/5aa52bcc7b7d5dc8975a3df9e657abdb5cea62be/bcutil-jdk18on-1.80.2.jar because:
  Build cache is disabled
  Caching not enabled.
Caching disabled for MergeInstrumentationAnalysisTransform: /root/projects/PassVault/audit-runtime-linux-android-compile01/gradle-home/caches/9.7.1/transforms/3cc98381e209f2b86496b9726414c295/transformed/analysis/instrumentation-hierarchy.bin because:
  Build cache is disabled
  Caching not enabled.
Caching disabled for MergeInstrumentationAnalysisTransform: /root/projects/PassVault/audit-runtime-linux-android-compile01/gradle-home/caches/9.7.1/transforms/3cc98381e209f2b86496b9726414c295/transformed/analysis/instrumentation-dependencies.bin because:
  Build cache is disabled
  Caching not enabled.
Caching disabled for MergeInstrumentationAnalysisTransform: /root/projects/PassVault/audit-runtime-linux-android-compile01/gradle-home/caches/modules-2/files-2.1/org.bouncycastle/bcprov-jdk18on/1.80.2/698ebb5539a939849576a6854bd52e191cbe1c5c/bcprov-jdk18on-1.80.2.jar because:
  Build cache is disabled
  Caching not enabled.
Caching disabled for ExternalDependencyInstrumentingArtifactTransform: /root/projects/PassVault/audit-runtime-linux-android-compile01/gradle-home/caches/9.7.1/transforms/c3b91ce2e2682e393f7e83414752ba65/transformed/merge/instrumentation-dependencies.bin because:
  Build cache is disabled
  Caching not enabled.
Caching disabled for ExternalDependencyInstrumentingArtifactTransform: /root/projects/PassVault/audit-runtime-linux-android-compile01/gradle-home/caches/modules-2/files-2.1/org.bouncycastle/bcprov-jdk18on/1.80.2/698ebb5539a939849576a6854bd52e191cbe1c5c/bcprov-jdk18on-1.80.2.jar because:
  Build cache is disabled
  Caching not enabled.
Caching disabled for MergeInstrumentationAnalysisTransform: /root/projects/PassVault/audit-runtime-linux-android-compile01/gradle-home/caches/9.7.1/transforms/cc0f4a96529e4dd8cd282d8d922e8b31/transformed/analysis/instrumentation-hierarchy.bin because:
  Build cache is disabled
  Caching not enabled.
Caching disabled for MergeInstrumentationAnalysisTransform: /root/projects/PassVault/audit-runtime-linux-android-compile01/gradle-home/caches/9.7.1/transforms/cc0f4a96529e4dd8cd282d8d922e8b31/transformed/analysis/instrumentation-dependencies.bin because:
  Build cache is disabled
  Caching not enabled.
Caching disabled for MergeInstrumentationAnalysisTransform: /root/projects/PassVault/audit-runtime-linux-android-compile01/gradle-home/caches/modules-2/files-2.1/org.apache.httpcomponents/httpclient/4.5.14/1194890e6f56ec29177673f2f12d0b8e627dec98/httpclient-4.5.14.jar because:
  Build cache is disabled
  Caching not enabled.
Caching disabled for ExternalDependencyInstrumentingArtifactTransform: /root/projects/PassVault/audit-runtime-linux-android-compile01/gradle-home/caches/9.7.1/transforms/79758e47697340de6d8af8d5b4245c25/transformed/merge/instrumentation-dependencies.bin because:
  Build cache is disabled
  Caching not enabled.
Caching disabled for ExternalDependencyInstrumentingArtifactTransform: /root/projects/PassVault/audit-runtime-linux-android-compile01/gradle-home/caches/modules-2/files-2.1/org.apache.httpcomponents/httpclient/4.5.14/1194890e6f56ec29177673f2f12d0b8e627dec98/httpclient-4.5.14.jar because:
  Build cache is disabled
  Caching not enabled.
Caching disabled for MergeInstrumentationAnalysisTransform: /root/projects/PassVault/audit-runtime-linux-android-compile01/gradle-home/caches/9.7.1/transforms/31d9d8a638847bb4431a84f1799832b7/transformed/analysis/instrumentation-hierarchy.bin because:
  Build cache is disabled
  Caching not enabled.
Caching disabled for MergeInstrumentationAnalysisTransform: /root/projects/PassVault/audit-runtime-linux-android-compile01/gradle-home/caches/9.7.1/transforms/31d9d8a638847bb4431a84f1799832b7/transformed/analysis/instrumentation-dependencies.bin because:
  Build cache is disabled
  Caching not enabled.
Caching disabled for MergeInstrumentationAnalysisTransform: /root/projects/PassVault/audit-runtime-linux-android-compile01/gradle-home/caches/modules-2/files-2.1/org.apache.httpcomponents/httpcore/4.4.16/51cf043c87253c9f58b539c9f7e44c8894223850/httpcore-4.4.16.jar because:
  Build cache is disabled
  Caching not enabled.
Caching disabled for ExternalDependencyInstrumentingArtifactTransform: /root/projects/PassVault/audit-runtime-linux-android-compile01/gradle-home/caches/9.7.1/transforms/07822c53f1cb7dd8ef46f6e3b9387c02/transformed/merge/instrumentation-dependencies.bin because:
  Build cache is disabled
  Caching not enabled.
Caching disabled for ExternalDependencyInstrumentingArtifactTransform: /root/projects/PassVault/audit-runtime-linux-android-compile01/gradle-home/caches/modules-2/files-2.1/org.apache.httpcomponents/httpcore/4.4.16/51cf043c87253c9f58b539c9f7e44c8894223850/httpcore-4.4.16.jar because:
  Build cache is disabled
  Caching not enabled.
Caching disabled for MergeInstrumentationAnalysisTransform: /root/projects/PassVault/audit-runtime-linux-android-compile01/gradle-home/caches/9.7.1/transforms/f91bb7f1ebe7a21a548c13ed242a01b9/transformed/analysis/instrumentation-hierarchy.bin because:
  Build cache is disabled
  Caching not enabled.
Caching disabled for MergeInstrumentationAnalysisTransform: /root/projects/PassVault/audit-runtime-linux-android-compile01/gradle-home/caches/9.7.1/transforms/f91bb7f1ebe7a21a548c13ed242a01b9/transformed/analysis/instrumentation-dependencies.bin because:
  Build cache is disabled
  Caching not enabled.
Caching disabled for MergeInstrumentationAnalysisTransform: /root/projects/PassVault/audit-runtime-linux-android-compile01/gradle-home/caches/modules-2/files-2.1/com.android/signflinger/9.4.0/931575c0547261e249124c8749ece3b1664763a5/signflinger-9.4.0.jar because:
  Build cache is disabled
  Caching not enabled.
Caching disabled for ExternalDependencyInstrumentingArtifactTransform: /root/projects/PassVault/audit-runtime-linux-android-compile01/gradle-home/caches/9.7.1/transforms/decb7ead719c4d014e64e9a237ec2e8e/transformed/merge/instrumentation-dependencies.bin because:
  Build cache is disabled
  Caching not enabled.
Caching disabled for ExternalDependencyInstrumentingArtifactTransform: /root/projects/PassVault/audit-runtime-linux-android-compile01/gradle-home/caches/modules-2/files-2.1/com.android/signflinger/9.4.0/931575c0547261e249124c8749ece3b1664763a5/signflinger-9.4.0.jar because:
  Build cache is disabled
  Caching not enabled.
Caching disabled for MergeInstrumentationAnalysisTransform: /root/projects/PassVault/audit-runtime-linux-android-compile01/gradle-home/caches/9.7.1/transforms/295a6db3665573f8bbba40fb079de830/transformed/analysis/instrumentation-hierarchy.bin because:
  Build cache is disabled
  Caching not enabled.
Caching disabled for MergeInstrumentationAnalysisTransform: /root/projects/PassVault/audit-runtime-linux-android-compile01/gradle-home/caches/9.7.1/transforms/295a6db3665573f8bbba40fb079de830/transformed/analysis/instrumentation-dependencies.bin because:
  Build cache is disabled
  Caching not enabled.
Caching disabled for MergeInstrumentationAnalysisTransform: /root/projects/PassVault/audit-runtime-linux-android-compile01/gradle-home/caches/modules-2/files-2.1/com.android/zipflinger/9.4.0/468d84015634e21c1607b7cb298fff3017dbe19/zipflinger-9.4.0.jar because:
  Build cache is disabled
  Caching not enabled.
Caching disabled for ExternalDependencyInstrumentingArtifactTransform: /root/projects/PassVault/audit-runtime-linux-android-compile01/gradle-home/caches/9.7.1/transforms/011134460310e7099da3bdb482379058/transformed/merge/instrumentation-dependencies.bin because:
  Build cache is disabled
  Caching not enabled.
Caching disabled for ExternalDependencyInstrumentingArtifactTransform: /root/projects/PassVault/audit-runtime-linux-android-compile01/gradle-home/caches/modules-2/files-2.1/com.android/zipflinger/9.4.0/468d84015634e21c1607b7cb298fff3017dbe19/zipflinger-9.4.0.jar because:
  Build cache is disabled
  Caching not enabled.
Caching disabled for MergeInstrumentationAnalysisTransform: /root/projects/PassVault/audit-runtime-linux-android-compile01/gradle-home/caches/9.7.1/transforms/489e58f98c40bce34654df51d3313672/transformed/analysis/instrumentation-dependencies.bin because:
  Build cache is disabled
  Caching not enabled.
Caching disabled for MergeInstrumentationAnalysisTransform: /root/projects/PassVault/audit-runtime-linux-android-compile01/gradle-home/caches/modules-2/files-2.1/com.android.tools/annotations/32.4.0/755aa98f446d71a443d30a732b42f906cce94a44/annotations-32.4.0.jar because:
  Build cache is disabled
  Caching not enabled.
Caching disabled for ExternalDependencyInstrumentingArtifactTransform: /root/projects/PassVault/audit-runtime-linux-android-compile01/gradle-home/caches/9.7.1/transforms/341fefe2feefe32e6ceb9e8fe63121d7/transformed/merge/instrumentation-dependencies.bin because:
  Build cache is disabled
  Caching not enabled.
Caching disabled for ExternalDependencyInstrumentingArtifactTransform: /root/projects/PassVault/audit-runtime-linux-android-compile01/gradle-home/caches/modules-2/files-2.1/com.android.tools/annotations/32.4.0/755aa98f446d71a443d30a732b42f906cce94a44/annotations-32.4.0.jar because:
  Build cache is disabled
  Caching not enabled.
Caching disabled for MergeInstrumentationAnalysisTransform: /root/projects/PassVault/audit-runtime-linux-android-compile01/gradle-home/caches/9.7.1/transforms/418acdc60d36c8825b7a81b7140a2368/transformed/analysis/instrumentation-hierarchy.bin because:
  Build cache is disabled
  Caching not enabled.
Caching disabled for MergeInstrumentationAnalysisTransform: /root/projects/PassVault/audit-runtime-linux-android-compile01/gradle-home/caches/9.7.1/transforms/418acdc60d36c8825b7a81b7140a2368/transformed/analysis/instrumentation-dependencies.bin because:
  Build cache is disabled
  Caching not enabled.
Caching disabled for MergeInstrumentationAnalysisTransform: /root/projects/PassVault/audit-runtime-linux-android-compile01/gradle-home/caches/modules-2/files-2.1/net.java.dev.jna/jna-platform/5.6.0/d18424ffb8bbfd036d71bcaab9b546858f2ef986/jna-platform-5.6.0.jar because:
  Build cache is disabled
  Caching not enabled.
Caching disabled for ExternalDependencyInstrumentingArtifactTransform: /root/projects/PassVault/audit-runtime-linux-android-compile01/gradle-home/caches/9.7.1/transforms/f7bfd7cda920754866bb4d79a171dd8b/transformed/merge/instrumentation-dependencies.bin because:
  Build cache is disabled
  Caching not enabled.
Caching disabled for ExternalDependencyInstrumentingArtifactTransform: /root/projects/PassVault/audit-runtime-linux-android-compile01/gradle-home/caches/modules-2/files-2.1/net.java.dev.jna/jna-platform/5.6.0/d18424ffb8bbfd036d71bcaab9b546858f2ef986/jna-platform-5.6.0.jar because:
  Build cache is disabled
  Caching not enabled.
Caching disabled for MergeInstrumentationAnalysisTransform: /root/projects/PassVault/audit-runtime-linux-android-compile01/gradle-home/caches/9.7.1/transforms/52a672ea120bec7fc8d540098b4936a6/transformed/analysis/instrumentation-hierarchy.bin because:
  Build cache is disabled
  Caching not enabled.
Caching disabled for MergeInstrumentationAnalysisTransform: /root/projects/PassVault/audit-runtime-linux-android-compile01/gradle-home/caches/9.7.1/transforms/52a672ea120bec7fc8d540098b4936a6/transformed/analysis/instrumentation-dependencies.bin because:
  Build cache is disabled
  Caching not enabled.
Caching disabled for MergeInstrumentationAnalysisTransform: /root/projects/PassVault/audit-runtime-linux-android-compile01/gradle-home/caches/modules-2/files-2.1/com.googlecode.juniversalchardet/juniversalchardet/1.0.3/cd49678784c46aa8789c060538e0154013bb421b/juniversalchardet-1.0.3.jar because:
  Build cache is disabled
  Caching not enabled.
Caching disabled for ExternalDependencyInstrumentingArtifactTransform: /root/projects/PassVault/audit-runtime-linux-android-compile01/gradle-home/caches/9.7.1/transforms/81eff2f31cac98c60e80f818230959e5/transformed/merge/instrumentation-dependencies.bin because:
  Build cache is disabled
  Caching not enabled.
Caching disabled for ExternalDependencyInstrumentingArtifactTransform: /root/projects/PassVault/audit-runtime-linux-android-compile01/gradle-home/caches/modules-2/files-2.1/com.googlecode.juniversalchardet/juniversalchardet/1.0.3/cd49678784c46aa8789c060538e0154013bb421b/juniversalchardet-1.0.3.jar because:
  Build cache is disabled
  Caching not enabled.
Caching disabled for MergeInstrumentationAnalysisTransform: /root/projects/PassVault/audit-runtime-linux-android-compile01/gradle-home/caches/9.7.1/transforms/519355526de068562868b8fefab36674/transformed/analysis/instrumentation-hierarchy.bin because:
  Build cache is disabled
  Caching not enabled.
Caching disabled for MergeInstrumentationAnalysisTransform: /root/projects/PassVault/audit-runtime-linux-android-compile01/gradle-home/caches/9.7.1/transforms/519355526de068562868b8fefab36674/transformed/analysis/instrumentation-dependencies.bin because:
  Build cache is disabled
  Caching not enabled.
Caching disabled for MergeInstrumentationAnalysisTransform: /root/projects/PassVault/audit-runtime-linux-android-compile01/gradle-home/caches/modules-2/files-2.1/org.jvnet.staxex/stax-ex/1.8.1/78011e483a21102fb4858f3e8f269a677e50aa23/stax-ex-1.8.1.jar because:
  Build cache is disabled
  Caching not enabled.
Caching disabled for ExternalDependencyInstrumentingArtifactTransform: /root/projects/PassVault/audit-runtime-linux-android-compile01/gradle-home/caches/9.7.1/transforms/4a52e2982a53a1ecb56dc81f066e698d/transformed/merge/instrumentation-dependencies.bin because:
  Build cache is disabled
  Caching not enabled.
Caching disabled for ExternalDependencyInstrumentingArtifactTransform: /root/projects/PassVault/audit-runtime-linux-android-compile01/gradle-home/caches/modules-2/files-2.1/org.jvnet.staxex/stax-ex/1.8.1/78011e483a21102fb4858f3e8f269a677e50aa23/stax-ex-1.8.1.jar because:
  Build cache is disabled
  Caching not enabled.
Caching disabled for MergeInstrumentationAnalysisTransform: /root/projects/PassVault/audit-runtime-linux-android-compile01/gradle-home/caches/9.7.1/transforms/02101700b2b96c2a474a89a2a8272f27/transformed/analysis/instrumentation-hierarchy.bin because:
  Build cache is disabled
  Caching not enabled.
Caching disabled for MergeInstrumentationAnalysisTransform: /root/projects/PassVault/audit-runtime-linux-android-compile01/gradle-home/caches/9.7.1/transforms/02101700b2b96c2a474a89a2a8272f27/transformed/analysis/instrumentation-dependencies.bin because:
  Build cache is disabled
  Caching not enabled.
Caching disabled for MergeInstrumentationAnalysisTransform: /root/projects/PassVault/audit-runtime-linux-android-compile01/gradle-home/caches/modules-2/files-2.1/jakarta.xml.bind/jakarta.xml.bind-api/2.3.2/8d49996a4338670764d7ca4b85a1c4ccf7fe665d/jakarta.xml.bind-api-2.3.2.jar because:
  Build cache is disabled
  Caching not enabled.
Caching disabled for ExternalDependencyInstrumentingArtifactTransform: /root/projects/PassVault/audit-runtime-linux-android-compile01/gradle-home/caches/9.7.1/transforms/e68c9f766525a108a913814cb8189a62/transformed/merge/instrumentation-dependencies.bin because:
  Build cache is disabled
  Caching not enabled.
Caching disabled for ExternalDependencyInstrumentingArtifactTransform: /root/projects/PassVault/audit-runtime-linux-android-compile01/gradle-home/caches/modules-2/files-2.1/jakarta.xml.bind/jakarta.xml.bind-api/2.3.2/8d49996a4338670764d7ca4b85a1c4ccf7fe665d/jakarta.xml.bind-api-2.3.2.jar because:
  Build cache is disabled
  Caching not enabled.
Caching disabled for MergeInstrumentationAnalysisTransform: /root/projects/PassVault/audit-runtime-linux-android-compile01/gradle-home/caches/9.7.1/transforms/fa1b3367dd0eb7e9c57f7d8a99039563/transformed/analysis/instrumentation-hierarchy.bin because:
  Build cache is disabled
  Caching not enabled.
Caching disabled for MergeInstrumentationAnalysisTransform: /root/projects/PassVault/audit-runtime-linux-android-compile01/gradle-home/caches/9.7.1/transforms/fa1b3367dd0eb7e9c57f7d8a99039563/transformed/analysis/instrumentation-dependencies.bin because:
  Build cache is disabled
  Caching not enabled.
Caching disabled for MergeInstrumentationAnalysisTransform: /root/projects/PassVault/audit-runtime-linux-android-compile01/gradle-home/caches/modules-2/files-2.1/org.glassfish.jaxb/txw2/2.3.2/ce5be7da2e442c25ec14c766cb60cb802741727b/txw2-2.3.2.jar because:
  Build cache is disabled
  Caching not enabled.
Caching disabled for ExternalDependencyInstrumentingArtifactTransform: /root/projects/PassVault/audit-runtime-linux-android-compile01/gradle-home/caches/9.7.1/transforms/a2d10a403ca8d50fca935c6bc4da535f/transformed/merge/instrumentation-dependencies.bin because:
  Build cache is disabled
  Caching not enabled.
Caching disabled for ExternalDependencyInstrumentingArtifactTransform: /root/projects/PassVault/audit-runtime-linux-android-compile01/gradle-home/caches/modules-2/files-2.1/org.glassfish.jaxb/txw2/2.3.2/ce5be7da2e442c25ec14c766cb60cb802741727b/txw2-2.3.2.jar because:
  Build cache is disabled
  Caching not enabled.
Caching disabled for MergeInstrumentationAnalysisTransform: /root/projects/PassVault/audit-runtime-linux-android-compile01/gradle-home/caches/9.7.1/transforms/ae037bd8b281be6b380af6fb2373809b/transformed/analysis/instrumentation-hierarchy.bin because:
  Build cache is disabled
  Caching not enabled.
Caching disabled for MergeInstrumentationAnalysisTransform: /root/projects/PassVault/audit-runtime-linux-android-compile01/gradle-home/caches/9.7.1/transforms/ae037bd8b281be6b380af6fb2373809b/transformed/analysis/instrumentation-dependencies.bin because:
  Build cache is disabled
  Caching not enabled.
Caching disabled for MergeInstrumentationAnalysisTransform: /root/projects/PassVault/audit-runtime-linux-android-compile01/gradle-home/caches/modules-2/files-2.1/com.sun.istack/istack-commons-runtime/3.0.8/d6a97364045aa6b99bf2d3c566a3f98599c2d296/istack-commons-runtime-3.0.8.jar because:
  Build cache is disabled
  Caching not enabled.
Caching disabled for ExternalDependencyInstrumentingArtifactTransform: /root/projects/PassVault/audit-runtime-linux-android-compile01/gradle-home/caches/9.7.1/transforms/e9c758f377bd09300ab0a14c2873998c/transformed/merge/instrumentation-dependencies.bin because:
  Build cache is disabled
  Caching not enabled.
Caching disabled for ExternalDependencyInstrumentingArtifactTransform: /root/projects/PassVault/audit-runtime-linux-android-compile01/gradle-home/caches/modules-2/files-2.1/com.sun.istack/istack-commons-runtime/3.0.8/d6a97364045aa6b99bf2d3c566a3f98599c2d296/istack-commons-runtime-3.0.8.jar because:
  Build cache is disabled
  Caching not enabled.
Caching disabled for MergeInstrumentationAnalysisTransform: /root/projects/PassVault/audit-runtime-linux-android-compile01/gradle-home/caches/9.7.1/transforms/7ce254947106a21a3381087443bbad9c/transformed/analysis/instrumentation-hierarchy.bin because:
  Build cache is disabled
  Caching not enabled.
Caching disabled for MergeInstrumentationAnalysisTransform: /root/projects/PassVault/audit-runtime-linux-android-compile01/gradle-home/caches/9.7.1/transforms/7ce254947106a21a3381087443bbad9c/transformed/analysis/instrumentation-dependencies.bin because:
  Build cache is disabled
  Caching not enabled.
Caching disabled for MergeInstrumentationAnalysisTransform: /root/projects/PassVault/audit-runtime-linux-android-compile01/gradle-home/caches/modules-2/files-2.1/com.sun.xml.fastinfoset/FastInfoset/1.2.16/4eb6a0adad553bf759ffe86927df6f3b848c8bea/FastInfoset-1.2.16.jar because:
  Build cache is disabled
  Caching not enabled.
Caching disabled for ExternalDependencyInstrumentingArtifactTransform: /root/projects/PassVault/audit-runtime-linux-android-compile01/gradle-home/caches/9.7.1/transforms/8e02ad396870aedcd503c66f8416ca75/transformed/merge/instrumentation-dependencies.bin because:
  Build cache is disabled
  Caching not enabled.
Caching disabled for ExternalDependencyInstrumentingArtifactTransform: /root/projects/PassVault/audit-runtime-linux-android-compile01/gradle-home/caches/modules-2/files-2.1/com.sun.xml.fastinfoset/FastInfoset/1.2.16/4eb6a0adad553bf759ffe86927df6f3b848c8bea/FastInfoset-1.2.16.jar because:
  Build cache is disabled
  Caching not enabled.
Caching disabled for MergeInstrumentationAnalysisTransform: /root/projects/PassVault/audit-runtime-linux-android-compile01/gradle-home/caches/9.7.1/transforms/0e5245cedaf833c4b7197430d3a4e62f/transformed/analysis/instrumentation-hierarchy.bin because:
  Build cache is disabled
  Caching not enabled.
Caching disabled for MergeInstrumentationAnalysisTransform: /root/projects/PassVault/audit-runtime-linux-android-compile01/gradle-home/caches/9.7.1/transforms/0e5245cedaf833c4b7197430d3a4e62f/transformed/analysis/instrumentation-dependencies.bin because:
  Build cache is disabled
  Caching not enabled.
Caching disabled for MergeInstrumentationAnalysisTransform: /root/projects/PassVault/audit-runtime-linux-android-compile01/gradle-home/caches/modules-2/files-2.1/jakarta.activation/jakarta.activation-api/1.2.1/562a587face36ec7eff2db7f2fc95425c6602bc1/jakarta.activation-api-1.2.1.jar because:
  Build cache is disabled
  Caching not enabled.
Caching disabled for ExternalDependencyInstrumentingArtifactTransform: /root/projects/PassVault/audit-runtime-linux-android-compile01/gradle-home/caches/9.7.1/transforms/beed509e8990915a2b68bbbdfdbc875f/transformed/merge/instrumentation-dependencies.bin because:
  Build cache is disabled
  Caching not enabled.
Caching disabled for ExternalDependencyInstrumentingArtifactTransform: /root/projects/PassVault/audit-runtime-linux-android-compile01/gradle-home/caches/modules-2/files-2.1/jakarta.activation/jakarta.activation-api/1.2.1/562a587face36ec7eff2db7f2fc95425c6602bc1/jakarta.activation-api-1.2.1.jar because:
  Build cache is disabled
  Caching not enabled.
Caching disabled for MergeInstrumentationAnalysisTransform: /root/projects/PassVault/audit-runtime-linux-android-compile01/gradle-home/caches/9.7.1/transforms/a750bdb5bbc4eb48e7b24e35c2354d15/transformed/analysis/instrumentation-dependencies.bin because:
  Build cache is disabled
  Caching not enabled.
Caching disabled for MergeInstrumentationAnalysisTransform: /root/projects/PassVault/audit-runtime-linux-android-compile01/gradle-home/caches/modules-2/files-2.1/com.google.auto.value/auto-value-annotations/1.6.2/ed193d86e0af90cc2342aedbe73c5d86b03fa09b/auto-value-annotations-1.6.2.jar because:
  Build cache is disabled
  Caching not enabled.
Caching disabled for ExternalDependencyInstrumentingArtifactTransform: /root/projects/PassVault/audit-runtime-linux-android-compile01/gradle-home/caches/9.7.1/transforms/8b7961da3a711d0e98172b2175bb82c3/transformed/merge/instrumentation-dependencies.bin because:
  Build cache is disabled
  Caching not enabled.
Caching disabled for ExternalDependencyInstrumentingArtifactTransform: /root/projects/PassVault/audit-runtime-linux-android-compile01/gradle-home/caches/modules-2/files-2.1/com.google.auto.value/auto-value-annotations/1.6.2/ed193d86e0af90cc2342aedbe73c5d86b03fa09b/auto-value-annotations-1.6.2.jar because:
  Build cache is disabled
  Caching not enabled.
Caching disabled for MergeInstrumentationAnalysisTransform: /root/projects/PassVault/audit-runtime-linux-android-compile01/gradle-home/caches/9.7.1/transforms/fda10334247ba28c692fe205cda12b2e/transformed/analysis/instrumentation-dependencies.bin because:
  Build cache is disabled
  Caching not enabled.
Caching disabled for MergeInstrumentationAnalysisTransform: /root/projects/PassVault/audit-runtime-linux-android-compile01/gradle-home/caches/modules-2/files-2.1/com.google.errorprone/error_prone_annotations/2.36.0/227d4d4957ccc3dc5761bd897e3a0ee587e750a7/error_prone_annotations-2.36.0.jar because:
  Build cache is disabled
  Caching not enabled.
Caching disabled for ExternalDependencyInstrumentingArtifactTransform: /root/projects/PassVault/audit-runtime-linux-android-compile01/gradle-home/caches/9.7.1/transforms/e6c8c9681f469a6867b03e0114f959ff/transformed/merge/instrumentation-dependencies.bin because:
  Build cache is disabled
  Caching not enabled.
Caching disabled for ExternalDependencyInstrumentingArtifactTransform: /root/projects/PassVault/audit-runtime-linux-android-compile01/gradle-home/caches/modules-2/files-2.1/com.google.errorprone/error_prone_annotations/2.36.0/227d4d4957ccc3dc5761bd897e3a0ee587e750a7/error_prone_annotations-2.36.0.jar because:
  Build cache is disabled
  Caching not enabled.
Caching disabled for MergeInstrumentationAnalysisTransform: /root/projects/PassVault/audit-runtime-linux-android-compile01/gradle-home/caches/9.7.1/transforms/d3f84dfac77982d0c3189c9678c95bf5/transformed/analysis/instrumentation-hierarchy.bin because:
  Build cache is disabled
  Caching not enabled.
Caching disabled for MergeInstrumentationAnalysisTransform: /root/projects/PassVault/audit-runtime-linux-android-compile01/gradle-home/caches/9.7.1/transforms/d3f84dfac77982d0c3189c9678c95bf5/transformed/analysis/instrumentation-dependencies.bin because:
  Build cache is disabled
  Caching not enabled.
Caching disabled for MergeInstrumentationAnalysisTransform: /root/projects/PassVault/audit-runtime-linux-android-compile01/gradle-home/caches/modules-2/files-2.1/org.bitbucket.b_c/jose4j/0.9.5/e4ca26802488e6f16e24558d74ac8775a955fdd3/jose4j-0.9.5.jar because:
  Build cache is disabled
  Caching not enabled.
Caching disabled for ExternalDependencyInstrumentingArtifactTransform: /root/projects/PassVault/audit-runtime-linux-android-compile01/gradle-home/caches/9.7.1/transforms/d95680cd6a570c1c54eedfacded8d880/transformed/merge/instrumentation-dependencies.bin because:
  Build cache is disabled
  Caching not enabled.
Caching disabled for ExternalDependencyInstrumentingArtifactTransform: /root/projects/PassVault/audit-runtime-linux-android-compile01/gradle-home/caches/modules-2/files-2.1/org.bitbucket.b_c/jose4j/0.9.5/e4ca26802488e6f16e24558d74ac8775a955fdd3/jose4j-0.9.5.jar because:
  Build cache is disabled
  Caching not enabled.
Caching disabled for MergeInstrumentationAnalysisTransform: /root/projects/PassVault/audit-runtime-linux-android-compile01/gradle-home/caches/9.7.1/transforms/ed64cb312e97f8982bdd177cd5a1c91c/transformed/analysis/instrumentation-hierarchy.bin because:
  Build cache is disabled
  Caching not enabled.
Caching disabled for MergeInstrumentationAnalysisTransform: /root/projects/PassVault/audit-runtime-linux-android-compile01/gradle-home/caches/9.7.1/transforms/ed64cb312e97f8982bdd177cd5a1c91c/transformed/analysis/instrumentation-dependencies.bin because:
  Build cache is disabled
  Caching not enabled.
Caching disabled for MergeInstrumentationAnalysisTransform: /root/projects/PassVault/audit-runtime-linux-android-compile01/gradle-home/caches/modules-2/files-2.1/org.slf4j/slf4j-api/1.7.30/b5a4b6d16ab13e34a88fae84c35cd5d68cac922c/slf4j-api-1.7.30.jar because:
  Build cache is disabled
  Caching not enabled.
Caching disabled for ExternalDependencyInstrumentingArtifactTransform: /root/projects/PassVault/audit-runtime-linux-android-compile01/gradle-home/caches/9.7.1/transforms/51d88b711ba4f3c13d2e5426b591608f/transformed/merge/instrumentation-dependencies.bin because:
  Build cache is disabled
  Caching not enabled.
Caching disabled for ExternalDependencyInstrumentingArtifactTransform: /root/projects/PassVault/audit-runtime-linux-android-compile01/gradle-home/caches/modules-2/files-2.1/org.slf4j/slf4j-api/1.7.30/b5a4b6d16ab13e34a88fae84c35cd5d68cac922c/slf4j-api-1.7.30.jar because:
  Build cache is disabled
  Caching not enabled.
Caching disabled for MergeInstrumentationAnalysisTransform: /root/projects/PassVault/audit-runtime-linux-android-compile01/gradle-home/caches/9.7.1/transforms/f4685bcdb7d9e4f703ad739725c03aa0/transformed/analysis/instrumentation-hierarchy.bin because:
  Build cache is disabled
  Caching not enabled.
Caching disabled for MergeInstrumentationAnalysisTransform: /root/projects/PassVault/audit-runtime-linux-android-compile01/gradle-home/caches/9.7.1/transforms/f4685bcdb7d9e4f703ad739725c03aa0/transformed/analysis/instrumentation-dependencies.bin because:
  Build cache is disabled
  Caching not enabled.
Caching disabled for MergeInstrumentationAnalysisTransform: /root/projects/PassVault/audit-runtime-linux-android-compile01/gradle-home/caches/modules-2/files-2.1/org.jdom/jdom2/2.0.6/6f14738ec2e9dd0011e343717fa624a10f8aab64/jdom2-2.0.6.jar because:
  Build cache is disabled
  Caching not enabled.
Caching disabled for ExternalDependencyInstrumentingArtifactTransform: /root/projects/PassVault/audit-runtime-linux-android-compile01/gradle-home/caches/9.7.1/transforms/5e077f057919b67278d333758ed2fe78/transformed/merge/instrumentation-dependencies.bin because:
  Build cache is disabled
  Caching not enabled.
Caching disabled for ExternalDependencyInstrumentingArtifactTransform: /root/projects/PassVault/audit-runtime-linux-android-compile01/gradle-home/caches/modules-2/files-2.1/org.jdom/jdom2/2.0.6/6f14738ec2e9dd0011e343717fa624a10f8aab64/jdom2-2.0.6.jar because:
  Build cache is disabled
  Caching not enabled.
Caching disabled for MergeInstrumentationAnalysisTransform: /root/projects/PassVault/audit-runtime-linux-android-compile01/gradle-home/caches/9.7.1/transforms/9357dd5df4ffad234426bcec56e5a7e2/transformed/analysis/instrumentation-hierarchy.bin because:
  Build cache is disabled
  Caching not enabled.
Caching disabled for MergeInstrumentationAnalysisTransform: /root/projects/PassVault/audit-runtime-linux-android-compile01/gradle-home/caches/9.7.1/transforms/9357dd5df4ffad234426bcec56e5a7e2/transformed/analysis/instrumentation-dependencies.bin because:
  Build cache is disabled
  Caching not enabled.
Caching disabled for MergeInstrumentationAnalysisTransform: /root/projects/PassVault/audit-runtime-linux-android-compile01/gradle-home/caches/modules-2/files-2.1/com.google.code.findbugs/jsr305/3.0.2/25ea2e8b0c338a877313bd4672d3fe056ea78f0d/jsr305-3.0.2.jar because:
  Build cache is disabled
  Caching not enabled.
Caching disabled for ExternalDependencyInstrumentingArtifactTransform: /root/projects/PassVault/audit-runtime-linux-android-compile01/gradle-home/caches/9.7.1/transforms/37369a77849638a8e0bed449a6703e38/transformed/merge/instrumentation-dependencies.bin because:
  Build cache is disabled
  Caching not enabled.
Caching disabled for ExternalDependencyInstrumentingArtifactTransform: /root/projects/PassVault/audit-runtime-linux-android-compile01/gradle-home/caches/modules-2/files-2.1/com.google.code.findbugs/jsr305/3.0.2/25ea2e8b0c338a877313bd4672d3fe056ea78f0d/jsr305-3.0.2.jar because:
  Build cache is disabled
  Caching not enabled.
Caching disabled for MergeInstrumentationAnalysisTransform: /root/projects/PassVault/audit-runtime-linux-android-compile01/gradle-home/caches/9.7.1/transforms/d42e2e1fc04df266a817a81badaf06aa/transformed/analysis/instrumentation-dependencies.bin because:
  Build cache is disabled
  Caching not enabled.
Caching disabled for MergeInstrumentationAnalysisTransform: /root/projects/PassVault/audit-runtime-linux-android-compile01/gradle-home/caches/modules-2/files-2.1/com.google.j2objc/j2objc-annotations/3.0.0/7399e65dd7e9ff3404f4535b2f017093bdb134c7/j2objc-annotations-3.0.0.jar because:
  Build cache is disabled
  Caching not enabled.
Caching disabled for ExternalDependencyInstrumentingArtifactTransform: /root/projects/PassVault/audit-runtime-linux-android-compile01/gradle-home/caches/9.7.1/transforms/5ac7b0284f2ee8e5af3999221284dc6e/transformed/merge/instrumentation-dependencies.bin because:
  Build cache is disabled
  Caching not enabled.
Caching disabled for ExternalDependencyInstrumentingArtifactTransform: /root/projects/PassVault/audit-runtime-linux-android-compile01/gradle-home/caches/modules-2/files-2.1/com.google.j2objc/j2objc-annotations/3.0.0/7399e65dd7e9ff3404f4535b2f017093bdb134c7/j2objc-annotations-3.0.0.jar because:
  Build cache is disabled
  Caching not enabled.
Caching disabled for MergeInstrumentationAnalysisTransform: /root/projects/PassVault/audit-runtime-linux-android-compile01/gradle-home/caches/9.7.1/transforms/fbb08e0a53a0a2bfc3d4d9d0b0f868d3/transformed/analysis/instrumentation-dependencies.bin because:
  Build cache is disabled
  Caching not enabled.
Caching disabled for MergeInstrumentationAnalysisTransform: /root/projects/PassVault/audit-runtime-linux-android-compile01/gradle-home/caches/modules-2/files-2.1/org.checkerframework/checker-qual/3.43.0/9425eee39e56b116d2b998b7c2cebcbd11a3c98b/checker-qual-3.43.0.jar because:
  Build cache is disabled
  Caching not enabled.
Caching disabled for ExternalDependencyInstrumentingArtifactTransform: /root/projects/PassVault/audit-runtime-linux-android-compile01/gradle-home/caches/9.7.1/transforms/e3270d33851941cceb6e93b3d56f6eaf/transformed/merge/instrumentation-dependencies.bin because:
  Build cache is disabled
  Caching not enabled.
Caching disabled for ExternalDependencyInstrumentingArtifactTransform: /root/projects/PassVault/audit-runtime-linux-android-compile01/gradle-home/caches/modules-2/files-2.1/org.checkerframework/checker-qual/3.43.0/9425eee39e56b116d2b998b7c2cebcbd11a3c98b/checker-qual-3.43.0.jar because:
  Build cache is disabled
  Caching not enabled.
Caching disabled for MergeInstrumentationAnalysisTransform: /root/projects/PassVault/audit-runtime-linux-android-compile01/gradle-home/caches/9.7.1/transforms/aacde1b5d23c6d549fe95d949804ac15/transformed/analysis/instrumentation-hierarchy.bin because:
  Build cache is disabled
  Caching not enabled.
Caching disabled for MergeInstrumentationAnalysisTransform: /root/projects/PassVault/audit-runtime-linux-android-compile01/gradle-home/caches/9.7.1/transforms/aacde1b5d23c6d549fe95d949804ac15/transformed/analysis/instrumentation-dependencies.bin because:
  Build cache is disabled
  Caching not enabled.
Caching disabled for MergeInstrumentationAnalysisTransform: /root/projects/PassVault/audit-runtime-linux-android-compile01/gradle-home/caches/modules-2/files-2.1/com.google.flatbuffers/flatbuffers-java/1.12.0/8201cc7b511177a37071249e891f2f2fea4b32e9/flatbuffers-java-1.12.0.jar because:
  Build cache is disabled
  Caching not enabled.
Caching disabled for ExternalDependencyInstrumentingArtifactTransform: /root/projects/PassVault/audit-runtime-linux-android-compile01/gradle-home/caches/9.7.1/transforms/acaed3bdc5d534de7d516efbf9fa998d/transformed/merge/instrumentation-dependencies.bin because:
  Build cache is disabled
  Caching not enabled.
Caching disabled for ExternalDependencyInstrumentingArtifactTransform: /root/projects/PassVault/audit-runtime-linux-android-compile01/gradle-home/caches/modules-2/files-2.1/com.google.flatbuffers/flatbuffers-java/1.12.0/8201cc7b511177a37071249e891f2f2fea4b32e9/flatbuffers-java-1.12.0.jar because:
  Build cache is disabled
  Caching not enabled.
Caching disabled for MergeInstrumentationAnalysisTransform: /root/projects/PassVault/audit-runtime-linux-android-compile01/gradle-home/caches/9.7.1/transforms/517123a72d2ceab0c1b4cb80ddc3b76c/transformed/analysis/instrumentation-hierarchy.bin because:
  Build cache is disabled
  Caching not enabled.
Caching disabled for MergeInstrumentationAnalysisTransform: /root/projects/PassVault/audit-runtime-linux-android-compile01/gradle-home/caches/9.7.1/transforms/517123a72d2ceab0c1b4cb80ddc3b76c/transformed/analysis/instrumentation-dependencies.bin because:
  Build cache is disabled
  Caching not enabled.
Caching disabled for MergeInstrumentationAnalysisTransform: /root/projects/PassVault/audit-runtime-linux-android-compile01/gradle-home/caches/modules-2/files-2.1/com.android.tools.build/apksig/9.4.0/4b5fb2950c949258167c18b868e66d7a6f49ec3a/apksig-9.4.0.jar because:
  Build cache is disabled
  Caching not enabled.
Caching disabled for ExternalDependencyInstrumentingArtifactTransform: /root/projects/PassVault/audit-runtime-linux-android-compile01/gradle-home/caches/9.7.1/transforms/df3da54f9cec1c8a342b449ca30a736a/transformed/merge/instrumentation-dependencies.bin because:
  Build cache is disabled
  Caching not enabled.
Caching disabled for ExternalDependencyInstrumentingArtifactTransform: /root/projects/PassVault/audit-runtime-linux-android-compile01/gradle-home/caches/modules-2/files-2.1/com.android.tools.build/apksig/9.4.0/4b5fb2950c949258167c18b868e66d7a6f49ec3a/apksig-9.4.0.jar because:
  Build cache is disabled
  Caching not enabled.
Caching disabled for MergeInstrumentationAnalysisTransform: /root/projects/PassVault/audit-runtime-linux-android-compile01/gradle-home/caches/9.7.1/transforms/3e5df928086fe09743bcaaa1177e9ef4/transformed/analysis/instrumentation-hierarchy.bin because:
  Build cache is disabled
  Caching not enabled.
Caching disabled for MergeInstrumentationAnalysisTransform: /root/projects/PassVault/audit-runtime-linux-android-compile01/gradle-home/caches/9.7.1/transforms/3e5df928086fe09743bcaaa1177e9ef4/transformed/analysis/instrumentation-dependencies.bin because:
  Build cache is disabled
  Caching not enabled.
Caching disabled for MergeInstrumentationAnalysisTransform: /root/projects/PassVault/audit-runtime-linux-android-compile01/gradle-home/caches/modules-2/files-2.1/com.squareup/javawriter/2.5.0/81241ff7078ef14f42ea2a8995fa09c096256e6b/javawriter-2.5.0.jar because:
  Build cache is disabled
  Caching not enabled.
Caching disabled for ExternalDependencyInstrumentingArtifactTransform: /root/projects/PassVault/audit-runtime-linux-android-compile01/gradle-home/caches/9.7.1/transforms/771ec1c8f98cf3f59ba61cf3db1b82d6/transformed/merge/instrumentation-dependencies.bin because:
  Build cache is disabled
  Caching not enabled.
Caching disabled for ExternalDependencyInstrumentingArtifactTransform: /root/projects/PassVault/audit-runtime-linux-android-compile01/gradle-home/caches/modules-2/files-2.1/com.squareup/javawriter/2.5.0/81241ff7078ef14f42ea2a8995fa09c096256e6b/javawriter-2.5.0.jar because:
  Build cache is disabled
  Caching not enabled.
Caching disabled for MergeInstrumentationAnalysisTransform: /root/projects/PassVault/audit-runtime-linux-android-compile01/gradle-home/caches/9.7.1/transforms/3291fd13fbf197eb24008368798b5b3b/transformed/analysis/instrumentation-dependencies.bin because:
  Build cache is disabled
  Caching not enabled.
Caching disabled for MergeInstrumentationAnalysisTransform: /root/projects/PassVault/audit-runtime-linux-android-compile01/gradle-home/caches/modules-2/files-2.1/com.google.guava/failureaccess/1.0.2/c4a06a64e650562f30b7bf9aaec1bfed43aca12b/failureaccess-1.0.2.jar because:
  Build cache is disabled
  Caching not enabled.
Caching disabled for ExternalDependencyInstrumentingArtifactTransform: /root/projects/PassVault/audit-runtime-linux-android-compile01/gradle-home/caches/9.7.1/transforms/f79df8df205458ab4ae00e237bfe1db5/transformed/merge/instrumentation-dependencies.bin because:
  Build cache is disabled
  Caching not enabled.
Caching disabled for ExternalDependencyInstrumentingArtifactTransform: /root/projects/PassVault/audit-runtime-linux-android-compile01/gradle-home/caches/modules-2/files-2.1/com.google.guava/failureaccess/1.0.2/c4a06a64e650562f30b7bf9aaec1bfed43aca12b/failureaccess-1.0.2.jar because:
  Build cache is disabled
  Caching not enabled.
Caching disabled for MergeInstrumentationAnalysisTransform: /root/projects/PassVault/audit-runtime-linux-android-compile01/gradle-home/caches/9.7.1/transforms/a426ee8af50d95148e204101d0590264/transformed/analysis/instrumentation-dependencies.bin because:
  Build cache is disabled
  Caching not enabled.
Caching disabled for MergeInstrumentationAnalysisTransform: /root/projects/PassVault/audit-runtime-linux-android-compile01/gradle-home/caches/modules-2/files-2.1/com.google.guava/listenablefuture/9999.0-empty-to-avoid-conflict-with-guava/b421526c5f297295adef1c886e5246c39d4ac629/listenablefuture-9999.0-empty-to-avoid-conflict-with-guava.jar because:
  Build cache is disabled
  Caching not enabled.
Caching disabled for ExternalDependencyInstrumentingArtifactTransform: /root/projects/PassVault/audit-runtime-linux-android-compile01/gradle-home/caches/9.7.1/transforms/81d6d371d8d1e4d19e65ab6927e45575/transformed/merge/instrumentation-dependencies.bin because:
  Build cache is disabled
  Caching not enabled.
Caching disabled for ExternalDependencyInstrumentingArtifactTransform: /root/projects/PassVault/audit-runtime-linux-android-compile01/gradle-home/caches/modules-2/files-2.1/com.google.guava/listenablefuture/9999.0-empty-to-avoid-conflict-with-guava/b421526c5f297295adef1c886e5246c39d4ac629/listenablefuture-9999.0-empty-to-avoid-conflict-with-guava.jar because:
  Build cache is disabled
  Caching not enabled.
Caching disabled for MergeInstrumentationAnalysisTransform: /root/projects/PassVault/audit-runtime-linux-android-compile01/gradle-home/caches/9.7.1/transforms/39b1542f181b86eba995bb7763f1524f/transformed/analysis/instrumentation-hierarchy.bin because:
  Build cache is disabled
  Caching not enabled.
Caching disabled for MergeInstrumentationAnalysisTransform: /root/projects/PassVault/audit-runtime-linux-android-compile01/gradle-home/caches/9.7.1/transforms/39b1542f181b86eba995bb7763f1524f/transformed/analysis/instrumentation-dependencies.bin because:
  Build cache is disabled
  Caching not enabled.
Caching disabled for MergeInstrumentationAnalysisTransform: /root/projects/PassVault/audit-runtime-linux-android-compile01/gradle-home/caches/modules-2/files-2.1/commons-codec/commons-codec/1.17.1/973638b7149d333563584137ebf13a691bb60579/commons-codec-1.17.1.jar because:
  Build cache is disabled
  Caching not enabled.
Caching disabled for ExternalDependencyInstrumentingArtifactTransform: /root/projects/PassVault/audit-runtime-linux-android-compile01/gradle-home/caches/9.7.1/transforms/2ae78a9bc06e55d94d6cdfef23e9d267/transformed/merge/instrumentation-dependencies.bin because:
  Build cache is disabled
  Caching not enabled.
Caching disabled for ExternalDependencyInstrumentingArtifactTransform: /root/projects/PassVault/audit-runtime-linux-android-compile01/gradle-home/caches/modules-2/files-2.1/commons-codec/commons-codec/1.17.1/973638b7149d333563584137ebf13a691bb60579/commons-codec-1.17.1.jar because:
  Build cache is disabled
  Caching not enabled.
Caching disabled for MergeInstrumentationAnalysisTransform: /root/projects/PassVault/audit-runtime-linux-android-compile01/gradle-home/caches/9.7.1/transforms/09b11410174e4f99f582724a2bbeb2a7/transformed/analysis/instrumentation-hierarchy.bin because:
  Build cache is disabled
  Caching not enabled.
Caching disabled for MergeInstrumentationAnalysisTransform: /root/projects/PassVault/audit-runtime-linux-android-compile01/gradle-home/caches/9.7.1/transforms/09b11410174e4f99f582724a2bbeb2a7/transformed/analysis/instrumentation-dependencies.bin because:
  Build cache is disabled
  Caching not enabled.
Caching disabled for MergeInstrumentationAnalysisTransform: /root/projects/PassVault/audit-runtime-linux-android-compile01/gradle-home/caches/modules-2/files-2.1/org.apache.commons/commons-lang3/3.16.0/3eb54effe40946dfb06dc5cd6c7ce4116cd51ea4/commons-lang3-3.16.0.jar because:
  Build cache is disabled
  Caching not enabled.
Caching disabled for ExternalDependencyInstrumentingArtifactTransform: /root/projects/PassVault/audit-runtime-linux-android-compile01/gradle-home/caches/9.7.1/transforms/de59a6f490f8abaf58c5ff6b7f8d71a4/transformed/merge/instrumentation-dependencies.bin because:
  Build cache is disabled
  Caching not enabled.
Caching disabled for ExternalDependencyInstrumentingArtifactTransform: /root/projects/PassVault/audit-runtime-linux-android-compile01/gradle-home/caches/modules-2/files-2.1/org.apache.commons/commons-lang3/3.16.0/3eb54effe40946dfb06dc5cd6c7ce4116cd51ea4/commons-lang3-3.16.0.jar because:
  Build cache is disabled
  Caching not enabled.
Caching disabled for MergeInstrumentationAnalysisTransform: /root/projects/PassVault/audit-runtime-linux-android-compile01/gradle-home/caches/9.7.1/transforms/723be355e9161e2e88be628f9ad8b527/transformed/analysis/instrumentation-hierarchy.bin because:
  Build cache is disabled
  Caching not enabled.
Caching disabled for MergeInstrumentationAnalysisTransform: /root/projects/PassVault/audit-runtime-linux-android-compile01/gradle-home/caches/9.7.1/transforms/723be355e9161e2e88be628f9ad8b527/transformed/analysis/instrumentation-dependencies.bin because:
  Build cache is disabled
  Caching not enabled.
Caching disabled for MergeInstrumentationAnalysisTransform: /root/projects/PassVault/audit-runtime-linux-android-compile01/gradle-home/caches/modules-2/files-2.1/commons-logging/commons-logging/1.2/4bfc12adfe4842bf07b657f0369c4cb522955686/commons-logging-1.2.jar because:
  Build cache is disabled
  Caching not enabled.
Caching disabled for ExternalDependencyInstrumentingArtifactTransform: /root/projects/PassVault/audit-runtime-linux-android-compile01/gradle-home/caches/9.7.1/transforms/c1dcfa8e55df364a31d95445d036f816/transformed/merge/instrumentation-dependencies.bin because:
  Build cache is disabled
  Caching not enabled.
Caching disabled for ExternalDependencyInstrumentingArtifactTransform: /root/projects/PassVault/audit-runtime-linux-android-compile01/gradle-home/caches/modules-2/files-2.1/commons-logging/commons-logging/1.2/4bfc12adfe4842bf07b657f0369c4cb522955686/commons-logging-1.2.jar because:
  Build cache is disabled
  Caching not enabled.
Caching disabled for MergeInstrumentationAnalysisTransform: /root/projects/PassVault/audit-runtime-linux-android-compile01/gradle-home/caches/9.7.1/transforms/107a90d5038e7ca46c15e2d3de0f57a5/transformed/analysis/instrumentation-hierarchy.bin because:
  Build cache is disabled
  Caching not enabled.
Caching disabled for MergeInstrumentationAnalysisTransform: /root/projects/PassVault/audit-runtime-linux-android-compile01/gradle-home/caches/9.7.1/transforms/107a90d5038e7ca46c15e2d3de0f57a5/transformed/analysis/instrumentation-dependencies.bin because:
  Build cache is disabled
  Caching not enabled.
Caching disabled for MergeInstrumentationAnalysisTransform: /root/projects/PassVault/audit-runtime-linux-android-compile01/gradle-home/caches/modules-2/files-2.1/net.java.dev.jna/jna/5.6.0/330f2244e9030119ab3030fc3fededc86713d9cc/jna-5.6.0.jar because:
  Build cache is disabled
  Caching not enabled.
Caching disabled for ExternalDependencyInstrumentingArtifactTransform: /root/projects/PassVault/audit-runtime-linux-android-compile01/gradle-home/caches/9.7.1/transforms/0b498f95e00a76157023db6ab9f07cc9/transformed/merge/instrumentation-dependencies.bin because:
  Build cache is disabled
  Caching not enabled.
Caching disabled for ExternalDependencyInstrumentingArtifactTransform: /root/projects/PassVault/audit-runtime-linux-android-compile01/gradle-home/caches/modules-2/files-2.1/net.java.dev.jna/jna/5.6.0/330f2244e9030119ab3030fc3fededc86713d9cc/jna-5.6.0.jar because:
  Build cache is disabled
  Caching not enabled.
Caching disabled for Kotlin DSL accessors for root project 'passvault' because:
  Build cache is disabled
  Build caching of Kotlin script accessor generation disabled by property
Caching disabled for Kotlin DSL script compilation (Project/TopLevel/stage2) because:
  Build cache is disabled

> Configure project :app-android
Evaluating project ':app-android' using build file '/root/projects/PassVault/audit-runtime-linux-android-compile01/checkout/app-android/build.gradle.kts'.
Caching disabled for Kotlin DSL script compilation (Project/TopLevel/stage1) because:
  Build cache is disabled
Resolved plugin [id: 'com.android.application', version: '9.4.0']
Resolved plugin [id: 'org.jetbrains.compose', version: '1.11.1']
Resolved plugin [id: 'org.jetbrains.kotlin.plugin.compose', version: '2.4.10']
Build caae3e24-04cd-4c00-9e04-de7aa2cd9871 is started
Using default execution profile
Caching disabled for Kotlin DSL accessors for project ':app-android' because:
  Build cache is disabled
  Build caching of Kotlin script accessor generation disabled by property
Caching disabled for Kotlin DSL script compilation (Project/TopLevel/stage2) because:
  Build cache is disabled
Detected Android Gradle Plugin compose compiler configuration
Detected Android Gradle Plugin compose compiler configuration
Detected Android Gradle Plugin compose compiler configuration
Detected Android Gradle Plugin compose compiler configuration
Detected Android Gradle Plugin compose compiler configuration

> Configure project :app-desktop
Evaluating project ':app-desktop' using build file '/root/projects/PassVault/audit-runtime-linux-android-compile01/checkout/app-desktop/build.gradle.kts'.
Caching disabled for Kotlin DSL script compilation (Project/TopLevel/stage1) because:
  Build cache is disabled
Resolved plugin [id: 'org.jetbrains.kotlin.multiplatform', version: '2.4.10']
Resolved plugin [id: 'org.jetbrains.compose', version: '1.11.1']
Resolved plugin [id: 'org.jetbrains.kotlin.plugin.compose', version: '2.4.10']
Using Kotlin Gradle Plugin gradle813 variant
Configure multi-module compose resources
Configure compose resources generation
Configure Res object generation for commonMain
Configure resource accessors generation for commonMain
Configure resource accessors generation for commonTest
Configure expect resource collectors generation for commonMain
Caching disabled for Kotlin DSL accessors for project ':app-desktop' because:
  Build cache is disabled
  Build caching of Kotlin script accessor generation disabled by property
Caching disabled for Kotlin DSL script compilation (Project/TopLevel/stage2) because:
  Build cache is disabled
Configure resource accessors generation for desktopMain
kotlin scripting plugin: created the scripting discovery configuration: kotlinScriptDef
Configure resource accessors generation for desktopTest
kotlin scripting plugin: created the scripting discovery configuration: testKotlinScriptDef
Configure actual resource collectors generation for desktopMain
Configure main resources for 'desktop' target
Configure test resources for 'desktop' target
Check that new 'org.jetbrains.kotlin.plugin.compose' was applied
Configure resource accessors generation for desktopDev
kotlin scripting plugin: created the scripting discovery configuration: devKotlinScriptDef
Configure dev resources for 'desktop' target

> Configure project :core
Evaluating project ':core' using build file '/root/projects/PassVault/audit-runtime-linux-android-compile01/checkout/core/build.gradle'.

> Configure project :feature
Evaluating project ':feature' using build file '/root/projects/PassVault/audit-runtime-linux-android-compile01/checkout/feature/build.gradle'.

> Configure project :shared
Evaluating project ':shared' using build file '/root/projects/PassVault/audit-runtime-linux-android-compile01/checkout/shared/build.gradle.kts'.
Caching disabled for Kotlin DSL script compilation (Project/TopLevel/stage1) because:
  Build cache is disabled
Resolved plugin [id: 'org.jetbrains.kotlin.multiplatform', version: '2.4.10']
Resolved plugin [id: 'com.android.kotlin.multiplatform.library', version: '9.4.0']
Resolved plugin [id: 'org.jetbrains.compose', version: '1.11.1']
Resolved plugin [id: 'org.jetbrains.kotlin.plugin.compose', version: '2.4.10']
Using Kotlin Gradle Plugin gradle813 variant
Created androidJvm target
kotlin scripting plugin: created the scripting discovery configuration: kotlinScriptDef
Created compile task: compileAndroidMain
Using default execution profile
Configure multi-module compose resources
Configure compose resources generation
Configure resource accessors generation for androidMain
Configure Res object generation for commonMain
Configure resource accessors generation for commonMain
Configure resource accessors generation for commonTest
Configure expect resource collectors generation for commonMain
Configure actual resource collectors generation for androidMain
Configure compose resources with KotlinMultiplatformAndroidComponentsExtension
Caching disabled for Kotlin DSL accessors for project ':shared' because:
  Build cache is disabled
  Build caching of Kotlin script accessor generation disabled by property
Caching disabled for Kotlin DSL script compilation (Project/TopLevel/stage2) because:
  Build cache is disabled
Configure resource accessors generation for androidHostTest
kotlin scripting plugin: created the scripting discovery configuration: hostTestKotlinScriptDef
Created compile task: compileAndroidHostTest
Configure resource accessors generation for desktopMain
kotlin scripting plugin: created the scripting discovery configuration: kotlinScriptDef
Configure resource accessors generation for desktopTest
kotlin scripting plugin: created the scripting discovery configuration: testKotlinScriptDef
Configure actual resource collectors generation for desktopMain
Configure main resources for 'desktop' target
Configure test resources for 'desktop' target
Configure resource accessors generation for iosArm64Main
Configure resource accessors generation for iosArm64Test
Configure actual resource collectors generation for iosArm64Main
Configure main resources for 'iosArm64' target
Configure KMP component publication for 'iosArm64'
Collect resolved main resources for 'iosArm64'
Configure test resources for 'iosArm64' target
Configure resource accessors generation for iosSimulatorArm64Main
Configure resource accessors generation for iosSimulatorArm64Test
Configure actual resource collectors generation for iosSimulatorArm64Main
Configure main resources for 'iosSimulatorArm64' target
Configure KMP component publication for 'iosSimulatorArm64'
Collect resolved main resources for 'iosSimulatorArm64'
Configure test resources for 'iosSimulatorArm64' target
compileSdkVersion=android-37.0
Configure androidMain resources for 'android' target
Check that new 'org.jetbrains.kotlin.plugin.compose' was applied
Configure resource accessors generation for desktopDev
kotlin scripting plugin: created the scripting discovery configuration: devKotlinScriptDef
Configure dev resources for 'desktop' target
Configure resource accessors generation for nativeMain
Configure resource accessors generation for appleMain
Configure resource accessors generation for iosMain
Configure resource accessors generation for nativeTest
Configure resource accessors generation for appleTest
Configure resource accessors generation for iosTest
w: ⚠️ Native task 'iosSimulatorArm64Test' is disabled
Task 'iosSimulatorArm64Test' for target 'ios_simulator_arm64' cannot run on the current host (linux-x86_64).
Reason: simulator tests require macOS
Solution: To suppress this warning, add 'kotlin.native.ignoreDisabledTargets=true' to gradle.properties.


> Configure project :core:crypto
Evaluating project ':core:crypto' using build file '/root/projects/PassVault/audit-runtime-linux-android-compile01/checkout/core/crypto/build.gradle.kts'.
Caching disabled for Kotlin DSL script compilation (Project/TopLevel/stage1) because:
  Build cache is disabled
Resolved plugin [id: 'org.jetbrains.kotlin.multiplatform', version: '2.4.10']
Resolved plugin [id: 'com.android.kotlin.multiplatform.library', version: '9.4.0']
Using Kotlin Gradle Plugin gradle813 variant
Created androidJvm target
kotlin scripting plugin: created the scripting discovery configuration: kotlinScriptDef
Created compile task: compileAndroidMain
Using default execution profile
Caching disabled for Kotlin DSL accessors for project ':core:crypto' because:
  Build cache is disabled
  Build caching of Kotlin script accessor generation disabled by property
Caching disabled for Kotlin DSL script compilation (Project/TopLevel/stage2) because:
  Build cache is disabled
kotlin scripting plugin: created the scripting discovery configuration: hostTestKotlinScriptDef
Created compile task: compileAndroidHostTest
kotlin scripting plugin: created the scripting discovery configuration: deviceTestKotlinScriptDef
Created compile task: compileAndroidDeviceTest
kotlin scripting plugin: created the scripting discovery configuration: kotlinScriptDef
kotlin scripting plugin: created the scripting discovery configuration: testKotlinScriptDef
compileSdkVersion=android-37.0
w: ⚠️ Cross Compilation with Cinterop Not Supported in Project 'crypto'
In project 'crypto', cross compilation to target 'iosArm64' has been disabled because it contains cinterops: 'rawSodium' which cannot be processed on host 'linux_x64'.
Cinterop libraries require platform-specific native toolchains that aren't available on the current host system.
Solutions:
 * Remove the cinterop dependencies 'rawSodium' from target 'iosArm64'
 * Build on a compatible host platform for this target/cinterop combination
 * To disable klib cross compilation entirely, add 'kotlin.native.enableKlibsCrossCompilation=false' to your Gradle properties

w: ⚠️ Cross Compilation with Cinterop Not Supported in Project 'crypto'
In project 'crypto', cross compilation to target 'iosSimulatorArm64' has been disabled because it contains cinterops: 'rawSodium' which cannot be processed on host 'linux_x64'.
Cinterop libraries require platform-specific native toolchains that aren't available on the current host system.
Solutions:
 * Remove the cinterop dependencies 'rawSodium' from target 'iosSimulatorArm64'
 * Build on a compatible host platform for this target/cinterop combination
 * To disable klib cross compilation entirely, add 'kotlin.native.enableKlibsCrossCompilation=false' to your Gradle properties

w: ⚠️ Disabled Kotlin/Native Targets
The following Kotlin/Native targets cannot be built on this machine and are disabled:
iosArm64, iosSimulatorArm64
Solution: To hide this message, add 'kotlin.native.ignoreDisabledTargets=true' to the Gradle properties.


> Configure project :core:database
Evaluating project ':core:database' using build file '/root/projects/PassVault/audit-runtime-linux-android-compile01/checkout/core/database/build.gradle.kts'.
Caching disabled for Kotlin DSL script compilation (Project/TopLevel/stage1) because:
  Build cache is disabled
Resolved plugin [id: 'org.jetbrains.kotlin.multiplatform', version: '2.4.10']
Resolved plugin [id: 'com.android.kotlin.multiplatform.library', version: '9.4.0']
Resolved plugin [id: 'org.jetbrains.kotlin.plugin.serialization', version: '2.4.10']
Resolved plugin [id: 'com.google.devtools.ksp', version: '2.3.10']
Resolved plugin [id: 'androidx.room', version: '2.8.4']
Using Kotlin Gradle Plugin gradle813 variant
Created androidJvm target
kotlin scripting plugin: created the scripting discovery configuration: kotlinScriptDef
Created compile task: compileAndroidMain
Using default execution profile
Caching disabled for Kotlin DSL accessors for project ':core:database' because:
  Build cache is disabled
  Build caching of Kotlin script accessor generation disabled by property
Caching disabled for Kotlin DSL script compilation (Project/TopLevel/stage2) because:
  Build cache is disabled
kotlin scripting plugin: created the scripting discovery configuration: hostTestKotlinScriptDef
Created compile task: compileAndroidHostTest
kotlin scripting plugin: created the scripting discovery configuration: kotlinScriptDef
kotlin scripting plugin: created the scripting discovery configuration: testKotlinScriptDef
compileSdkVersion=android-37.0

> Configure project :core:designsystem
Evaluating project ':core:designsystem' using build file '/root/projects/PassVault/audit-runtime-linux-android-compile01/checkout/core/designsystem/build.gradle.kts'.
Caching disabled for Kotlin DSL script compilation (Project/TopLevel/stage1) because:
  Build cache is disabled
Resolved plugin [id: 'org.jetbrains.kotlin.multiplatform', version: '2.4.10']
Resolved plugin [id: 'com.android.kotlin.multiplatform.library', version: '9.4.0']
Resolved plugin [id: 'org.jetbrains.compose', version: '1.11.1']
Resolved plugin [id: 'org.jetbrains.kotlin.plugin.compose', version: '2.4.10']
Using Kotlin Gradle Plugin gradle813 variant
Created androidJvm target
kotlin scripting plugin: created the scripting discovery configuration: kotlinScriptDef
Created compile task: compileAndroidMain
Using default execution profile
Configure multi-module compose resources
Configure compose resources generation
Configure resource accessors generation for androidMain
Configure Res object generation for commonMain
Configure resource accessors generation for commonMain
Configure resource accessors generation for commonTest
Configure expect resource collectors generation for commonMain
Configure actual resource collectors generation for androidMain
Configure compose resources with KotlinMultiplatformAndroidComponentsExtension
Caching disabled for Kotlin DSL script compilation (Project/TopLevel/stage2) because:
  Build cache is disabled
Configure resource accessors generation for androidHostTest
kotlin scripting plugin: created the scripting discovery configuration: hostTestKotlinScriptDef
Created compile task: compileAndroidHostTest
Configure resource accessors generation for desktopMain
kotlin scripting plugin: created the scripting discovery configuration: kotlinScriptDef
Configure resource accessors generation for desktopTest
kotlin scripting plugin: created the scripting discovery configuration: testKotlinScriptDef
Configure actual resource collectors generation for desktopMain
Configure main resources for 'desktop' target
Configure test resources for 'desktop' target
Configure resource accessors generation for iosArm64Main
Configure resource accessors generation for iosArm64Test
Configure actual resource collectors generation for iosArm64Main
Configure main resources for 'iosArm64' target
Configure KMP component publication for 'iosArm64'
Collect resolved main resources for 'iosArm64'
Configure test resources for 'iosArm64' target
Configure resource accessors generation for iosSimulatorArm64Main
Configure resource accessors generation for iosSimulatorArm64Test
Configure actual resource collectors generation for iosSimulatorArm64Main
Configure main resources for 'iosSimulatorArm64' target
Configure KMP component publication for 'iosSimulatorArm64'
Collect resolved main resources for 'iosSimulatorArm64'
Configure test resources for 'iosSimulatorArm64' target
compileSdkVersion=android-37.0
Configure androidMain resources for 'android' target
Check that new 'org.jetbrains.kotlin.plugin.compose' was applied
Configure resource accessors generation for desktopDev
kotlin scripting plugin: created the scripting discovery configuration: devKotlinScriptDef
Configure dev resources for 'desktop' target
Configure resource accessors generation for nativeMain
Configure resource accessors generation for appleMain
Configure resource accessors generation for iosMain
Configure resource accessors generation for nativeTest
Configure resource accessors generation for appleTest
Configure resource accessors generation for iosTest

> Configure project :core:domain
Evaluating project ':core:domain' using build file '/root/projects/PassVault/audit-runtime-linux-android-compile01/checkout/core/domain/build.gradle.kts'.
Caching disabled for Kotlin DSL script compilation (Project/TopLevel/stage1) because:
  Build cache is disabled
Resolved plugin [id: 'org.jetbrains.kotlin.multiplatform', version: '2.4.10']
Resolved plugin [id: 'com.android.kotlin.multiplatform.library', version: '9.4.0']
Resolved plugin [id: 'org.jetbrains.kotlin.plugin.serialization', version: '2.4.10']
Using Kotlin Gradle Plugin gradle813 variant
Created androidJvm target
kotlin scripting plugin: created the scripting discovery configuration: kotlinScriptDef
Created compile task: compileAndroidMain
Using default execution profile
Caching disabled for Kotlin DSL script compilation (Project/TopLevel/stage2) because:
  Build cache is disabled
kotlin scripting plugin: created the scripting discovery configuration: hostTestKotlinScriptDef
Created compile task: compileAndroidHostTest
kotlin scripting plugin: created the scripting discovery configuration: kotlinScriptDef
kotlin scripting plugin: created the scripting discovery configuration: testKotlinScriptDef
compileSdkVersion=android-37.0

> Configure project :core:navigation
Evaluating project ':core:navigation' using build file '/root/projects/PassVault/audit-runtime-linux-android-compile01/checkout/core/navigation/build.gradle.kts'.
Caching disabled for Kotlin DSL script compilation (Project/TopLevel/stage1) because:
  Build cache is disabled
Resolved plugin [id: 'org.jetbrains.kotlin.multiplatform', version: '2.4.10']
Resolved plugin [id: 'com.android.kotlin.multiplatform.library', version: '9.4.0']
Resolved plugin [id: 'org.jetbrains.kotlin.plugin.serialization', version: '2.4.10']
Using Kotlin Gradle Plugin gradle813 variant
Created androidJvm target
kotlin scripting plugin: created the scripting discovery configuration: kotlinScriptDef
Created compile task: compileAndroidMain
Using default execution profile
Caching disabled for Kotlin DSL script compilation (Project/TopLevel/stage2) because:
  Build cache is disabled
kotlin scripting plugin: created the scripting discovery configuration: hostTestKotlinScriptDef
Created compile task: compileAndroidHostTest
kotlin scripting plugin: created the scripting discovery configuration: kotlinScriptDef
kotlin scripting plugin: created the scripting discovery configuration: testKotlinScriptDef
compileSdkVersion=android-37.0

> Configure project :core:otp
Evaluating project ':core:otp' using build file '/root/projects/PassVault/audit-runtime-linux-android-compile01/checkout/core/otp/build.gradle.kts'.
Caching disabled for Kotlin DSL script compilation (Project/TopLevel/stage1) because:
  Build cache is disabled
Resolved plugin [id: 'org.jetbrains.kotlin.multiplatform', version: '2.4.10']
Resolved plugin [id: 'com.android.kotlin.multiplatform.library', version: '9.4.0']
Using Kotlin Gradle Plugin gradle813 variant
Created androidJvm target
kotlin scripting plugin: created the scripting discovery configuration: kotlinScriptDef
Created compile task: compileAndroidMain
Using default execution profile
Caching disabled for Kotlin DSL script compilation (Project/TopLevel/stage2) because:
  Build cache is disabled
kotlin scripting plugin: created the scripting discovery configuration: hostTestKotlinScriptDef
Created compile task: compileAndroidHostTest
kotlin scripting plugin: created the scripting discovery configuration: kotlinScriptDef
kotlin scripting plugin: created the scripting discovery configuration: testKotlinScriptDef
compileSdkVersion=android-37.0

> Configure project :core:security
Evaluating project ':core:security' using build file '/root/projects/PassVault/audit-runtime-linux-android-compile01/checkout/core/security/build.gradle.kts'.
Caching disabled for Kotlin DSL script compilation (Project/TopLevel/stage1) because:
  Build cache is disabled
Resolved plugin [id: 'org.jetbrains.kotlin.multiplatform', version: '2.4.10']
Resolved plugin [id: 'com.android.kotlin.multiplatform.library', version: '9.4.0']
Using Kotlin Gradle Plugin gradle813 variant
Created androidJvm target
kotlin scripting plugin: created the scripting discovery configuration: kotlinScriptDef
Created compile task: compileAndroidMain
Using default execution profile
Caching disabled for Kotlin DSL script compilation (Project/TopLevel/stage2) because:
  Build cache is disabled
kotlin scripting plugin: created the scripting discovery configuration: hostTestKotlinScriptDef
Created compile task: compileAndroidHostTest
kotlin scripting plugin: created the scripting discovery configuration: kotlinScriptDef
kotlin scripting plugin: created the scripting discovery configuration: testKotlinScriptDef
compileSdkVersion=android-37.0

> Configure project :core:testing
Evaluating project ':core:testing' using build file '/root/projects/PassVault/audit-runtime-linux-android-compile01/checkout/core/testing/build.gradle.kts'.
Caching disabled for Kotlin DSL script compilation (Project/TopLevel/stage1) because:
  Build cache is disabled
Resolved plugin [id: 'org.jetbrains.kotlin.multiplatform', version: '2.4.10']
Resolved plugin [id: 'com.android.kotlin.multiplatform.library', version: '9.4.0']
Using Kotlin Gradle Plugin gradle813 variant
Created androidJvm target
kotlin scripting plugin: created the scripting discovery configuration: kotlinScriptDef
Created compile task: compileAndroidMain
Using default execution profile
Caching disabled for Kotlin DSL script compilation (Project/TopLevel/stage2) because:
  Build cache is disabled
kotlin scripting plugin: created the scripting discovery configuration: hostTestKotlinScriptDef
Created compile task: compileAndroidHostTest
kotlin scripting plugin: created the scripting discovery configuration: kotlinScriptDef
kotlin scripting plugin: created the scripting discovery configuration: testKotlinScriptDef
compileSdkVersion=android-37.0

> Configure project :feature:backup
Evaluating project ':feature:backup' using build file '/root/projects/PassVault/audit-runtime-linux-android-compile01/checkout/feature/backup/build.gradle.kts'.
Caching disabled for Kotlin DSL script compilation (Project/TopLevel/stage1) because:
  Build cache is disabled
Resolved plugin [id: 'org.jetbrains.kotlin.multiplatform', version: '2.4.10']
Resolved plugin [id: 'com.android.kotlin.multiplatform.library', version: '9.4.0']
Resolved plugin [id: 'org.jetbrains.compose', version: '1.11.1']
Resolved plugin [id: 'org.jetbrains.kotlin.plugin.compose', version: '2.4.10']
Using Kotlin Gradle Plugin gradle813 variant
Created androidJvm target
kotlin scripting plugin: created the scripting discovery configuration: kotlinScriptDef
Created compile task: compileAndroidMain
Using default execution profile
Configure multi-module compose resources
Configure compose resources generation
Configure resource accessors generation for androidMain
Configure Res object generation for commonMain
Configure resource accessors generation for commonMain
Configure resource accessors generation for commonTest
Configure expect resource collectors generation for commonMain
Configure actual resource collectors generation for androidMain
Configure compose resources with KotlinMultiplatformAndroidComponentsExtension
Caching disabled for Kotlin DSL script compilation (Project/TopLevel/stage2) because:
  Build cache is disabled
Configure resource accessors generation for androidHostTest
kotlin scripting plugin: created the scripting discovery configuration: hostTestKotlinScriptDef
Created compile task: compileAndroidHostTest
Configure resource accessors generation for desktopMain
kotlin scripting plugin: created the scripting discovery configuration: kotlinScriptDef
Configure resource accessors generation for desktopTest
kotlin scripting plugin: created the scripting discovery configuration: testKotlinScriptDef
Configure actual resource collectors generation for desktopMain
Configure main resources for 'desktop' target
Configure test resources for 'desktop' target
Configure resource accessors generation for iosArm64Main
Configure resource accessors generation for iosArm64Test
Configure actual resource collectors generation for iosArm64Main
Configure main resources for 'iosArm64' target
Configure KMP component publication for 'iosArm64'
Collect resolved main resources for 'iosArm64'
Configure test resources for 'iosArm64' target
Configure resource accessors generation for iosSimulatorArm64Main
Configure resource accessors generation for iosSimulatorArm64Test
Configure actual resource collectors generation for iosSimulatorArm64Main
Configure main resources for 'iosSimulatorArm64' target
Configure KMP component publication for 'iosSimulatorArm64'
Collect resolved main resources for 'iosSimulatorArm64'
Configure test resources for 'iosSimulatorArm64' target
compileSdkVersion=android-37.0
Configure androidMain resources for 'android' target
Check that new 'org.jetbrains.kotlin.plugin.compose' was applied
Configure resource accessors generation for desktopDev
kotlin scripting plugin: created the scripting discovery configuration: devKotlinScriptDef
Configure dev resources for 'desktop' target
Configure resource accessors generation for nativeMain
Configure resource accessors generation for appleMain
Configure resource accessors generation for iosMain
Configure resource accessors generation for nativeTest
Configure resource accessors generation for appleTest
Configure resource accessors generation for iosTest

> Configure project :feature:credential
Evaluating project ':feature:credential' using build file '/root/projects/PassVault/audit-runtime-linux-android-compile01/checkout/feature/credential/build.gradle.kts'.
Caching disabled for Kotlin DSL script compilation (Project/TopLevel/stage1) because:
  Build cache is disabled
Resolved plugin [id: 'org.jetbrains.kotlin.multiplatform', version: '2.4.10']
Resolved plugin [id: 'com.android.kotlin.multiplatform.library', version: '9.4.0']
Resolved plugin [id: 'org.jetbrains.compose', version: '1.11.1']
Resolved plugin [id: 'org.jetbrains.kotlin.plugin.compose', version: '2.4.10']
Using Kotlin Gradle Plugin gradle813 variant
Created androidJvm target
kotlin scripting plugin: created the scripting discovery configuration: kotlinScriptDef
Created compile task: compileAndroidMain
Using default execution profile
Configure multi-module compose resources
Configure compose resources generation
Configure resource accessors generation for androidMain
Configure Res object generation for commonMain
Configure resource accessors generation for commonMain
Configure resource accessors generation for commonTest
Configure expect resource collectors generation for commonMain
Configure actual resource collectors generation for androidMain
Configure compose resources with KotlinMultiplatformAndroidComponentsExtension
Caching disabled for Kotlin DSL script compilation (Project/TopLevel/stage2) because:
  Build cache is disabled
Configure resource accessors generation for androidHostTest
kotlin scripting plugin: created the scripting discovery configuration: hostTestKotlinScriptDef
Created compile task: compileAndroidHostTest
Configure resource accessors generation for desktopMain
kotlin scripting plugin: created the scripting discovery configuration: kotlinScriptDef
Configure resource accessors generation for desktopTest
kotlin scripting plugin: created the scripting discovery configuration: testKotlinScriptDef
Configure actual resource collectors generation for desktopMain
Configure main resources for 'desktop' target
Configure test resources for 'desktop' target
Configure resource accessors generation for iosArm64Main
Configure resource accessors generation for iosArm64Test
Configure actual resource collectors generation for iosArm64Main
Configure main resources for 'iosArm64' target
Configure KMP component publication for 'iosArm64'
Collect resolved main resources for 'iosArm64'
Configure test resources for 'iosArm64' target
Configure resource accessors generation for iosSimulatorArm64Main
Configure resource accessors generation for iosSimulatorArm64Test
Configure actual resource collectors generation for iosSimulatorArm64Main
Configure main resources for 'iosSimulatorArm64' target
Configure KMP component publication for 'iosSimulatorArm64'
Collect resolved main resources for 'iosSimulatorArm64'
Configure test resources for 'iosSimulatorArm64' target
compileSdkVersion=android-37.0
Configure androidMain resources for 'android' target
Check that new 'org.jetbrains.kotlin.plugin.compose' was applied
Configure resource accessors generation for desktopDev
kotlin scripting plugin: created the scripting discovery configuration: devKotlinScriptDef
Configure dev resources for 'desktop' target
Configure resource accessors generation for nativeMain
Configure resource accessors generation for appleMain
Configure resource accessors generation for iosMain
Configure resource accessors generation for nativeTest
Configure resource accessors generation for appleTest
Configure resource accessors generation for iosTest

> Configure project :feature:generator
Evaluating project ':feature:generator' using build file '/root/projects/PassVault/audit-runtime-linux-android-compile01/checkout/feature/generator/build.gradle.kts'.
Caching disabled for Kotlin DSL script compilation (Project/TopLevel/stage1) because:
  Build cache is disabled
Resolved plugin [id: 'org.jetbrains.kotlin.multiplatform', version: '2.4.10']
Resolved plugin [id: 'com.android.kotlin.multiplatform.library', version: '9.4.0']
Resolved plugin [id: 'org.jetbrains.compose', version: '1.11.1']
Resolved plugin [id: 'org.jetbrains.kotlin.plugin.compose', version: '2.4.10']
Using Kotlin Gradle Plugin gradle813 variant
Created androidJvm target
kotlin scripting plugin: created the scripting discovery configuration: kotlinScriptDef
Created compile task: compileAndroidMain
Using default execution profile
Configure multi-module compose resources
Configure compose resources generation
Configure resource accessors generation for androidMain
Configure Res object generation for commonMain
Configure resource accessors generation for commonMain
Configure resource accessors generation for commonTest
Configure expect resource collectors generation for commonMain
Configure actual resource collectors generation for androidMain
Configure compose resources with KotlinMultiplatformAndroidComponentsExtension
Caching disabled for Kotlin DSL script compilation (Project/TopLevel/stage2) because:
  Build cache is disabled
Configure resource accessors generation for androidHostTest
kotlin scripting plugin: created the scripting discovery configuration: hostTestKotlinScriptDef
Created compile task: compileAndroidHostTest
Configure resource accessors generation for desktopMain
kotlin scripting plugin: created the scripting discovery configuration: kotlinScriptDef
Configure resource accessors generation for desktopTest
kotlin scripting plugin: created the scripting discovery configuration: testKotlinScriptDef
Configure actual resource collectors generation for desktopMain
Configure main resources for 'desktop' target
Configure test resources for 'desktop' target
Configure resource accessors generation for iosArm64Main
Configure resource accessors generation for iosArm64Test
Configure actual resource collectors generation for iosArm64Main
Configure main resources for 'iosArm64' target
Configure KMP component publication for 'iosArm64'
Collect resolved main resources for 'iosArm64'
Configure test resources for 'iosArm64' target
Configure resource accessors generation for iosSimulatorArm64Main
Configure resource accessors generation for iosSimulatorArm64Test
Configure actual resource collectors generation for iosSimulatorArm64Main
Configure main resources for 'iosSimulatorArm64' target
Configure KMP component publication for 'iosSimulatorArm64'
Collect resolved main resources for 'iosSimulatorArm64'
Configure test resources for 'iosSimulatorArm64' target
compileSdkVersion=android-37.0
Configure androidMain resources for 'android' target
Check that new 'org.jetbrains.kotlin.plugin.compose' was applied
Configure resource accessors generation for desktopDev
kotlin scripting plugin: created the scripting discovery configuration: devKotlinScriptDef
Configure dev resources for 'desktop' target
Configure resource accessors generation for nativeMain
Configure resource accessors generation for appleMain
Configure resource accessors generation for iosMain
Configure resource accessors generation for nativeTest
Configure resource accessors generation for appleTest
Configure resource accessors generation for iosTest

> Configure project :feature:health
Evaluating project ':feature:health' using build file '/root/projects/PassVault/audit-runtime-linux-android-compile01/checkout/feature/health/build.gradle.kts'.
Caching disabled for Kotlin DSL script compilation (Project/TopLevel/stage1) because:
  Build cache is disabled
Resolved plugin [id: 'org.jetbrains.kotlin.multiplatform', version: '2.4.10']
Resolved plugin [id: 'com.android.kotlin.multiplatform.library', version: '9.4.0']
Resolved plugin [id: 'org.jetbrains.compose', version: '1.11.1']
Resolved plugin [id: 'org.jetbrains.kotlin.plugin.compose', version: '2.4.10']
Using Kotlin Gradle Plugin gradle813 variant
Created androidJvm target
kotlin scripting plugin: created the scripting discovery configuration: kotlinScriptDef
Created compile task: compileAndroidMain
Using default execution profile
Configure multi-module compose resources
Configure compose resources generation
Configure resource accessors generation for androidMain
Configure Res object generation for commonMain
Configure resource accessors generation for commonMain
Configure resource accessors generation for commonTest
Configure expect resource collectors generation for commonMain
Configure actual resource collectors generation for androidMain
Configure compose resources with KotlinMultiplatformAndroidComponentsExtension
Caching disabled for Kotlin DSL script compilation (Project/TopLevel/stage2) because:
  Build cache is disabled
Configure resource accessors generation for androidHostTest
kotlin scripting plugin: created the scripting discovery configuration: hostTestKotlinScriptDef
Created compile task: compileAndroidHostTest
Configure resource accessors generation for desktopMain
kotlin scripting plugin: created the scripting discovery configuration: kotlinScriptDef
Configure resource accessors generation for desktopTest
kotlin scripting plugin: created the scripting discovery configuration: testKotlinScriptDef
Configure actual resource collectors generation for desktopMain
Configure main resources for 'desktop' target
Configure test resources for 'desktop' target
Configure resource accessors generation for iosArm64Main
Configure resource accessors generation for iosArm64Test
Configure actual resource collectors generation for iosArm64Main
Configure main resources for 'iosArm64' target
Configure KMP component publication for 'iosArm64'
Collect resolved main resources for 'iosArm64'
Configure test resources for 'iosArm64' target
Configure resource accessors generation for iosSimulatorArm64Main
Configure resource accessors generation for iosSimulatorArm64Test
Configure actual resource collectors generation for iosSimulatorArm64Main
Configure main resources for 'iosSimulatorArm64' target
Configure KMP component publication for 'iosSimulatorArm64'
Collect resolved main resources for 'iosSimulatorArm64'
Configure test resources for 'iosSimulatorArm64' target
compileSdkVersion=android-37.0
Configure androidMain resources for 'android' target
Check that new 'org.jetbrains.kotlin.plugin.compose' was applied
Configure resource accessors generation for desktopDev
kotlin scripting plugin: created the scripting discovery configuration: devKotlinScriptDef
Configure dev resources for 'desktop' target
Configure resource accessors generation for nativeMain
Configure resource accessors generation for appleMain
Configure resource accessors generation for iosMain
Configure resource accessors generation for nativeTest
Configure resource accessors generation for appleTest
Configure resource accessors generation for iosTest

> Configure project :feature:onboarding
Evaluating project ':feature:onboarding' using build file '/root/projects/PassVault/audit-runtime-linux-android-compile01/checkout/feature/onboarding/build.gradle.kts'.
Caching disabled for Kotlin DSL script compilation (Project/TopLevel/stage1) because:
  Build cache is disabled
Resolved plugin [id: 'org.jetbrains.kotlin.multiplatform', version: '2.4.10']
Resolved plugin [id: 'com.android.kotlin.multiplatform.library', version: '9.4.0']
Resolved plugin [id: 'org.jetbrains.compose', version: '1.11.1']
Resolved plugin [id: 'org.jetbrains.kotlin.plugin.compose', version: '2.4.10']
Using Kotlin Gradle Plugin gradle813 variant
Created androidJvm target
kotlin scripting plugin: created the scripting discovery configuration: kotlinScriptDef
Created compile task: compileAndroidMain
Using default execution profile
Configure multi-module compose resources
Configure compose resources generation
Configure resource accessors generation for androidMain
Configure Res object generation for commonMain
Configure resource accessors generation for commonMain
Configure resource accessors generation for commonTest
Configure expect resource collectors generation for commonMain
Configure actual resource collectors generation for androidMain
Configure compose resources with KotlinMultiplatformAndroidComponentsExtension
Caching disabled for Kotlin DSL script compilation (Project/TopLevel/stage2) because:
  Build cache is disabled
Configure resource accessors generation for androidHostTest
kotlin scripting plugin: created the scripting discovery configuration: hostTestKotlinScriptDef
Created compile task: compileAndroidHostTest
Configure resource accessors generation for desktopMain
kotlin scripting plugin: created the scripting discovery configuration: kotlinScriptDef
Configure resource accessors generation for desktopTest
kotlin scripting plugin: created the scripting discovery configuration: testKotlinScriptDef
Configure actual resource collectors generation for desktopMain
Configure main resources for 'desktop' target
Configure test resources for 'desktop' target
Configure resource accessors generation for iosArm64Main
Configure resource accessors generation for iosArm64Test
Configure actual resource collectors generation for iosArm64Main
Configure main resources for 'iosArm64' target
Configure KMP component publication for 'iosArm64'
Collect resolved main resources for 'iosArm64'
Configure test resources for 'iosArm64' target
Configure resource accessors generation for iosSimulatorArm64Main
Configure resource accessors generation for iosSimulatorArm64Test
Configure actual resource collectors generation for iosSimulatorArm64Main
Configure main resources for 'iosSimulatorArm64' target
Configure KMP component publication for 'iosSimulatorArm64'
Collect resolved main resources for 'iosSimulatorArm64'
Configure test resources for 'iosSimulatorArm64' target
compileSdkVersion=android-37.0
Configure androidMain resources for 'android' target
Check that new 'org.jetbrains.kotlin.plugin.compose' was applied
Configure resource accessors generation for desktopDev
kotlin scripting plugin: created the scripting discovery configuration: devKotlinScriptDef
Configure dev resources for 'desktop' target
Configure resource accessors generation for nativeMain
Configure resource accessors generation for appleMain
Configure resource accessors generation for iosMain
Configure resource accessors generation for nativeTest
Configure resource accessors generation for appleTest
Configure resource accessors generation for iosTest

> Configure project :feature:settings
Evaluating project ':feature:settings' using build file '/root/projects/PassVault/audit-runtime-linux-android-compile01/checkout/feature/settings/build.gradle.kts'.
Caching disabled for Kotlin DSL script compilation (Project/TopLevel/stage1) because:
  Build cache is disabled
Resolved plugin [id: 'org.jetbrains.kotlin.multiplatform', version: '2.4.10']
Resolved plugin [id: 'com.android.kotlin.multiplatform.library', version: '9.4.0']
Resolved plugin [id: 'org.jetbrains.compose', version: '1.11.1']
Resolved plugin [id: 'org.jetbrains.kotlin.plugin.compose', version: '2.4.10']
Using Kotlin Gradle Plugin gradle813 variant
Created androidJvm target
kotlin scripting plugin: created the scripting discovery configuration: kotlinScriptDef
Created compile task: compileAndroidMain
Using default execution profile
Configure multi-module compose resources
Configure compose resources generation
Configure resource accessors generation for androidMain
Configure Res object generation for commonMain
Configure resource accessors generation for commonMain
Configure resource accessors generation for commonTest
Configure expect resource collectors generation for commonMain
Configure actual resource collectors generation for androidMain
Configure compose resources with KotlinMultiplatformAndroidComponentsExtension
Caching disabled for Kotlin DSL script compilation (Project/TopLevel/stage2) because:
  Build cache is disabled
Configure resource accessors generation for androidHostTest
kotlin scripting plugin: created the scripting discovery configuration: hostTestKotlinScriptDef
Created compile task: compileAndroidHostTest
Configure resource accessors generation for desktopMain
kotlin scripting plugin: created the scripting discovery configuration: kotlinScriptDef
Configure resource accessors generation for desktopTest
kotlin scripting plugin: created the scripting discovery configuration: testKotlinScriptDef
Configure actual resource collectors generation for desktopMain
Configure main resources for 'desktop' target
Configure test resources for 'desktop' target
Configure resource accessors generation for iosArm64Main
Configure resource accessors generation for iosArm64Test
Configure actual resource collectors generation for iosArm64Main
Configure main resources for 'iosArm64' target
Configure KMP component publication for 'iosArm64'
Collect resolved main resources for 'iosArm64'
Configure test resources for 'iosArm64' target
Configure resource accessors generation for iosSimulatorArm64Main
Configure resource accessors generation for iosSimulatorArm64Test
Configure actual resource collectors generation for iosSimulatorArm64Main
Configure main resources for 'iosSimulatorArm64' target
Configure KMP component publication for 'iosSimulatorArm64'
Collect resolved main resources for 'iosSimulatorArm64'
Configure test resources for 'iosSimulatorArm64' target
compileSdkVersion=android-37.0
Configure androidMain resources for 'android' target
Check that new 'org.jetbrains.kotlin.plugin.compose' was applied
Configure resource accessors generation for desktopDev
kotlin scripting plugin: created the scripting discovery configuration: devKotlinScriptDef
Configure dev resources for 'desktop' target
Configure resource accessors generation for nativeMain
Configure resource accessors generation for appleMain
Configure resource accessors generation for iosMain
Configure resource accessors generation for nativeTest
Configure resource accessors generation for appleTest
Configure resource accessors generation for iosTest

> Configure project :feature:unlock
Evaluating project ':feature:unlock' using build file '/root/projects/PassVault/audit-runtime-linux-android-compile01/checkout/feature/unlock/build.gradle.kts'.
Caching disabled for Kotlin DSL script compilation (Project/TopLevel/stage1) because:
  Build cache is disabled
Resolved plugin [id: 'org.jetbrains.kotlin.multiplatform', version: '2.4.10']
Resolved plugin [id: 'com.android.kotlin.multiplatform.library', version: '9.4.0']
Resolved plugin [id: 'org.jetbrains.compose', version: '1.11.1']
Resolved plugin [id: 'org.jetbrains.kotlin.plugin.compose', version: '2.4.10']
Using Kotlin Gradle Plugin gradle813 variant
Created androidJvm target
kotlin scripting plugin: created the scripting discovery configuration: kotlinScriptDef
Created compile task: compileAndroidMain
Using default execution profile
Configure multi-module compose resources
Configure compose resources generation
Configure resource accessors generation for androidMain
Configure Res object generation for commonMain
Configure resource accessors generation for commonMain
Configure resource accessors generation for commonTest
Configure expect resource collectors generation for commonMain
Configure actual resource collectors generation for androidMain
Configure compose resources with KotlinMultiplatformAndroidComponentsExtension
Caching disabled for Kotlin DSL script compilation (Project/TopLevel/stage2) because:
  Build cache is disabled
Configure resource accessors generation for androidHostTest
kotlin scripting plugin: created the scripting discovery configuration: hostTestKotlinScriptDef
Created compile task: compileAndroidHostTest
Configure resource accessors generation for desktopMain
kotlin scripting plugin: created the scripting discovery configuration: kotlinScriptDef
Configure resource accessors generation for desktopTest
kotlin scripting plugin: created the scripting discovery configuration: testKotlinScriptDef
Configure actual resource collectors generation for desktopMain
Configure main resources for 'desktop' target
Configure test resources for 'desktop' target
Configure resource accessors generation for iosArm64Main
Configure resource accessors generation for iosArm64Test
Configure actual resource collectors generation for iosArm64Main
Configure main resources for 'iosArm64' target
Configure KMP component publication for 'iosArm64'
Collect resolved main resources for 'iosArm64'
Configure test resources for 'iosArm64' target
Configure resource accessors generation for iosSimulatorArm64Main
Configure resource accessors generation for iosSimulatorArm64Test
Configure actual resource collectors generation for iosSimulatorArm64Main
Configure main resources for 'iosSimulatorArm64' target
Configure KMP component publication for 'iosSimulatorArm64'
Collect resolved main resources for 'iosSimulatorArm64'
Configure test resources for 'iosSimulatorArm64' target
compileSdkVersion=android-37.0
Configure androidMain resources for 'android' target
Check that new 'org.jetbrains.kotlin.plugin.compose' was applied
Configure resource accessors generation for desktopDev
kotlin scripting plugin: created the scripting discovery configuration: devKotlinScriptDef
Configure dev resources for 'desktop' target
Configure resource accessors generation for nativeMain
Configure resource accessors generation for appleMain
Configure resource accessors generation for iosMain
Configure resource accessors generation for nativeTest
Configure resource accessors generation for appleTest
Configure resource accessors generation for iosTest

> Configure project :feature:vault
Evaluating project ':feature:vault' using build file '/root/projects/PassVault/audit-runtime-linux-android-compile01/checkout/feature/vault/build.gradle.kts'.
Caching disabled for Kotlin DSL script compilation (Project/TopLevel/stage1) because:
  Build cache is disabled
Resolved plugin [id: 'org.jetbrains.kotlin.multiplatform', version: '2.4.10']
Resolved plugin [id: 'com.android.kotlin.multiplatform.library', version: '9.4.0']
Resolved plugin [id: 'org.jetbrains.compose', version: '1.11.1']
Resolved plugin [id: 'org.jetbrains.kotlin.plugin.compose', version: '2.4.10']
Using Kotlin Gradle Plugin gradle813 variant
Created androidJvm target
kotlin scripting plugin: created the scripting discovery configuration: kotlinScriptDef
Created compile task: compileAndroidMain
Using default execution profile
Configure multi-module compose resources
Configure compose resources generation
Configure resource accessors generation for androidMain
Configure Res object generation for commonMain
Configure resource accessors generation for commonMain
Configure resource accessors generation for commonTest
Configure expect resource collectors generation for commonMain
Configure actual resource collectors generation for androidMain
Configure compose resources with KotlinMultiplatformAndroidComponentsExtension
Caching disabled for Kotlin DSL script compilation (Project/TopLevel/stage2) because:
  Build cache is disabled
Configure resource accessors generation for androidHostTest
kotlin scripting plugin: created the scripting discovery configuration: hostTestKotlinScriptDef
Created compile task: compileAndroidHostTest
Configure resource accessors generation for desktopMain
kotlin scripting plugin: created the scripting discovery configuration: kotlinScriptDef
Configure resource accessors generation for desktopTest
kotlin scripting plugin: created the scripting discovery configuration: testKotlinScriptDef
Configure actual resource collectors generation for desktopMain
Configure main resources for 'desktop' target
Configure test resources for 'desktop' target
Configure resource accessors generation for iosArm64Main
Configure resource accessors generation for iosArm64Test
Configure actual resource collectors generation for iosArm64Main
Configure main resources for 'iosArm64' target
Configure KMP component publication for 'iosArm64'
Collect resolved main resources for 'iosArm64'
Configure test resources for 'iosArm64' target
Configure resource accessors generation for iosSimulatorArm64Main
Configure resource accessors generation for iosSimulatorArm64Test
Configure actual resource collectors generation for iosSimulatorArm64Main
Configure main resources for 'iosSimulatorArm64' target
Configure KMP component publication for 'iosSimulatorArm64'
Collect resolved main resources for 'iosSimulatorArm64'
Configure test resources for 'iosSimulatorArm64' target
compileSdkVersion=android-37.0
Configure androidMain resources for 'android' target
Check that new 'org.jetbrains.kotlin.plugin.compose' was applied
Configure resource accessors generation for desktopDev
kotlin scripting plugin: created the scripting discovery configuration: devKotlinScriptDef
Configure dev resources for 'desktop' target
Configure resource accessors generation for nativeMain
Configure resource accessors generation for appleMain
Configure resource accessors generation for iosMain
Configure resource accessors generation for nativeTest
Configure resource accessors generation for appleTest
Configure resource accessors generation for iosTest
All projects evaluated.
Task path ':core:crypto:compileAndroidDeviceTest' matched project ':core:crypto'
Task name matched 'compileAndroidDeviceTest'
Selected primary task 'compileAndroidDeviceTest' from project :core:crypto
compileSdkVersion=android-37.0
compileSdkVersion=android-37.0
compileSdkVersion=android-37.0
compileSdkVersion=android-37.0
compileSdkVersion=android-37.0
compileSdkVersion=android-37.0
compileSdkVersion=android-37.0
compileSdkVersion=android-37.0
compileSdkVersion=android-37.0
compileSdkVersion=android-37.0
Tasks to be executed: [task ':core:crypto:androidJar', task ':core:crypto:kmpPartiallyResolvedDependenciesChecker', task ':core:crypto:checkKotlinGradlePluginConfigurationErrors', task ':core:crypto:compileAndroidMain', task ':core:crypto:androidPreBuild', task ':core:crypto:preAndroidMainBuild', task ':core:crypto:bundleAndroidMainClassesToCompileJar', task ':core:crypto:preAndroidDeviceTestBuild', task ':core:crypto:generateAndroidDeviceTestResources', task ':core:crypto:packageAndroidDeviceTestResources', task ':core:crypto:processAndroidDeviceTestNavigationResources', task ':core:crypto:parseAndroidDeviceTestLocalResources', task ':core:crypto:generateAndroidDeviceTestRFile', task ':core:crypto:compileAndroidDeviceTest']
Tasks that were excluded: []
compileSdkVersion=android-37.0
compileSdkVersion=android-37.0
PASSVAULT_ANDROID_COMPILE01={"kind":"graph","selector":[":core:crypto:compileAndroidDeviceTest"],"tasks":[{"path":":core:crypto:androidJar","type":"org.gradle.jvm.tasks.Jar_Decorated","enabled":true,"dependencies":[],"finalizers":[],"mustRunAfter":[],"shouldRunAfter":[]},{"path":":core:crypto:kmpPartiallyResolvedDependenciesChecker","type":"org.jetbrains.kotlin.gradle.plugin.diagnostics.checkers.KmpPartiallyResolvedDependenciesCheckerProjectsEvaluated_Decorated","enabled":true,"dependencies":[],"finalizers":[],"mustRunAfter":[],"shouldRunAfter":[]},{"path":":core:crypto:checkKotlinGradlePluginConfigurationErrors","type":"org.jetbrains.kotlin.gradle.plugin.diagnostics.CheckKotlinGradlePluginConfigurationErrors_Decorated","enabled":true,"dependencies":[":core:crypto:kmpPartiallyResolvedDependenciesChecker"],"finalizers":[],"mustRunAfter":[],"shouldRunAfter":[]},{"path":":core:crypto:compileAndroidMain","type":"org.jetbrains.kotlin.gradle.tasks.KotlinCompile_Decorated","enabled":true,"dependencies":[":core:crypto:checkKotlinGradlePluginConfigurationErrors",":core:crypto:kmpPartiallyResolvedDependenciesChecker"],"finalizers":[],"mustRunAfter":[],"shouldRunAfter":[]},{"path":":core:crypto:androidPreBuild","type":"org.gradle.api.DefaultTask_Decorated","enabled":true,"dependencies":[],"finalizers":[],"mustRunAfter":[],"shouldRunAfter":[]},{"path":":core:crypto:preAndroidMainBuild","type":"com.android.build.gradle.internal.tasks.AndroidVariantTask_Decorated","enabled":true,"dependencies":[":core:crypto:androidPreBuild"],"finalizers":[],"mustRunAfter":[],"shouldRunAfter":[]},{"path":":core:crypto:bundleAndroidMainClassesToCompileJar","type":"com.android.build.gradle.internal.tasks.BundleLibraryClassesJar_Decorated","enabled":true,"dependencies":[":core:crypto:compileAndroidMain",":core:crypto:preAndroidMainBuild"],"finalizers":[],"mustRunAfter":[],"shouldRunAfter":[]},{"path":":core:crypto:preAndroidDeviceTestBuild","type":"com.android.build.gradle.internal.tasks.AndroidVariantTask_Decorated","enabled":true,"dependencies":[":core:crypto:androidPreBuild"],"finalizers":[],"mustRunAfter":[],"shouldRunAfter":[]},{"path":":core:crypto:generateAndroidDeviceTestResources","type":"com.android.build.gradle.internal.tasks.ValidateResourcesTask_Decorated","enabled":true,"dependencies":[":core:crypto:preAndroidDeviceTestBuild"],"finalizers":[],"mustRunAfter":[],"shouldRunAfter":[]},{"path":":core:crypto:packageAndroidDeviceTestResources","type":"com.android.build.gradle.tasks.MergeResources_Decorated","enabled":true,"dependencies":[":core:crypto:generateAndroidDeviceTestResources",":core:crypto:preAndroidDeviceTestBuild"],"finalizers":[],"mustRunAfter":[],"shouldRunAfter":[]},{"path":":core:crypto:processAndroidDeviceTestNavigationResources","type":"com.android.build.gradle.internal.tasks.ProcessNavigationXmlTask_Decorated","enabled":true,"dependencies":[":core:crypto:preAndroidDeviceTestBuild"],"finalizers":[],"mustRunAfter":[],"shouldRunAfter":[]},{"path":":core:crypto:parseAndroidDeviceTestLocalResources","type":"com.android.build.gradle.internal.res.ParseLibraryResourcesTask_Decorated","enabled":true,"dependencies":[":core:crypto:packageAndroidDeviceTestResources",":core:crypto:preAndroidDeviceTestBuild",":core:crypto:processAndroidDeviceTestNavigationResources"],"finalizers":[],"mustRunAfter":[],"shouldRunAfter":[]},{"path":":core:crypto:generateAndroidDeviceTestRFile","type":"com.android.build.gradle.internal.res.GenerateLibraryRFileTask_Decorated","enabled":true,"dependencies":[":core:crypto:parseAndroidDeviceTestLocalResources",":core:crypto:preAndroidDeviceTestBuild"],"finalizers":[],"mustRunAfter":[],"shouldRunAfter":[]},{"path":":core:crypto:compileAndroidDeviceTest","type":"org.jetbrains.kotlin.gradle.tasks.KotlinCompile_Decorated","enabled":true,"dependencies":[":core:crypto:androidJar",":core:crypto:bundleAndroidMainClassesToCompileJar",":core:crypto:checkKotlinGradlePluginConfigurationErrors",":core:crypto:compileAndroidMain",":core:crypto:generateAndroidDeviceTestRFile",":core:crypto:kmpPartiallyResolvedDependenciesChecker"],"finalizers":[],"mustRunAfter":[],"shouldRunAfter":[]}]}
Build caae3e24-04cd-4c00-9e04-de7aa2cd9871 is closed
PASSVAULT_ANDROID_COMPILE01={"kind":"finished","phase":"graph","completed":[],"evidenceComplete":false,"failureType":"org.gradle.internal.exceptions.LocationAwareException","cases":0,"classpathAttribution":"NOT_ESTABLISHED","runtimeEvidence":false}

[Incubating] Problems report is available at: file:///root/projects/PassVault/audit-runtime-linux-android-compile01/checkout/build/reports/problems/problems-report.html

FAILURE: Build failed with an exception.

* Where:
Initialization script '/root/projects/PassVault/passvault-linux/scripts/audit/android_compile_01.init.gradle' line: 33

* What went wrong:
AndroidCompile01: unlisted task or test/Exec action; retain failure, no graph expansion/retry

* Try:
> Run with --debug option to get more log output.
> Run with --scan to get full insights from a Build Scan (powered by Develocity).
> Get more help at https://help.gradle.org.

* Exception is:
org.gradle.api.GradleException: AndroidCompile01: unlisted task or test/Exec action; retain failure, no graph expansion/retry
	at org.gradle.internal.instrumentation.api.groovybytecode.MethodHandleInvocation.callNext(MethodHandleInvocation.java:63)
	at org.gradle.internal.classpath.intercept.DefaultCallSiteDecorator$1.intercept(DefaultCallSiteDecorator.java:88)
	at org.gradle.internal.instrumentation.api.groovybytecode.AbstractCallInterceptor.interceptMethodHandle(AbstractCallInterceptor.java:66)
	at android_compile_01_init_b71dfd7jzko4a2rm7xcrqx000$_run_closure2.doCall$original(/root/projects/PassVault/passvault-linux/scripts/audit/android_compile_01.init.gradle:33)
	at android_compile_01_init_b71dfd7jzko4a2rm7xcrqx000$_run_closure2.doCall(/root/projects/PassVault/passvault-linux/scripts/audit/android_compile_01.init.gradle)
	at android_compile_01_init_b71dfd7jzko4a2rm7xcrqx000$_run_closure5.doCall$original(/root/projects/PassVault/passvault-linux/scripts/audit/android_compile_01.init.gradle:82)
	at android_compile_01_init_b71dfd7jzko4a2rm7xcrqx000$_run_closure5.doCall(/root/projects/PassVault/passvault-linux/scripts/audit/android_compile_01.init.gradle)
	at org.gradle.configuration.internal.DefaultListenerBuildOperationDecorator$BuildOperationEmittingClosure$1.lambda$run$0(DefaultListenerBuildOperationDecorator.java:201)
	at org.gradle.internal.code.DefaultUserCodeApplicationContext$CurrentApplication.reapply(DefaultUserCodeApplicationContext.java:99)
	at org.gradle.configuration.internal.DefaultListenerBuildOperationDecorator$BuildOperationEmittingClosure$1.run(DefaultListenerBuildOperationDecorator.java:198)
	at org.gradle.internal.operations.DefaultBuildOperationRunner$1.execute(DefaultBuildOperationRunner.java:30)
	at org.gradle.internal.operations.DefaultBuildOperationRunner$1.execute(DefaultBuildOperationRunner.java:27)
	at org.gradle.internal.operations.DefaultBuildOperationRunner$2.execute(DefaultBuildOperationRunner.java:67)
	at org.gradle.internal.operations.DefaultBuildOperationRunner$2.execute(DefaultBuildOperationRunner.java:60)
	at org.gradle.internal.operations.DefaultBuildOperationRunner.execute(DefaultBuildOperationRunner.java:167)
	at org.gradle.internal.operations.DefaultBuildOperationRunner.execute(DefaultBuildOperationRunner.java:60)
	at org.gradle.internal.operations.DefaultBuildOperationRunner.run(DefaultBuildOperationRunner.java:48)
	at org.gradle.configuration.internal.DefaultListenerBuildOperationDecorator$BuildOperationEmittingClosure.doCall(DefaultListenerBuildOperationDecorator.java:195)
	at org.gradle.listener.ClosureBackedMethodInvocationDispatch.dispatch(ClosureBackedMethodInvocationDispatch.java:41)
	at org.gradle.listener.ClosureBackedMethodInvocationDispatch.dispatch(ClosureBackedMethodInvocationDispatch.java:25)
	at org.gradle.internal.event.AbstractBroadcastDispatch.dispatch(AbstractBroadcastDispatch.java:44)
	at org.gradle.internal.event.BroadcastDispatch$SingletonDispatch.dispatch(BroadcastDispatch.java:270)
	at org.gradle.internal.event.BroadcastDispatch$SingletonDispatch.dispatch(BroadcastDispatch.java:172)
	at org.gradle.internal.event.AbstractBroadcastDispatch.dispatch(AbstractBroadcastDispatch.java:84)
	at org.gradle.internal.event.AbstractBroadcastDispatch.dispatch(AbstractBroadcastDispatch.java:70)
	at org.gradle.internal.event.BroadcastDispatch$CompositeDispatch.dispatch(BroadcastDispatch.java:382)
	at org.gradle.internal.event.BroadcastDispatch$CompositeDispatch.dispatch(BroadcastDispatch.java:274)
	at org.gradle.internal.event.ListenerBroadcast.dispatch(ListenerBroadcast.java:160)
	at org.gradle.internal.event.ListenerBroadcast.dispatch(ListenerBroadcast.java:37)
	at org.gradle.internal.dispatch.ProxyDispatchAdapter$DispatchingInvocationHandler.invoke(ProxyDispatchAdapter.java:88)
	at jdk.proxy1/jdk.proxy1.$Proxy84.graphPopulated(Unknown Source)
	at org.gradle.execution.taskgraph.DefaultTaskExecutionGraph$NotifyTaskGraphWhenReady.run(DefaultTaskExecutionGraph.java:403)
	at org.gradle.internal.operations.DefaultBuildOperationRunner$1.execute(DefaultBuildOperationRunner.java:30)
	at org.gradle.internal.operations.DefaultBuildOperationRunner$1.execute(DefaultBuildOperationRunner.java:27)
	at org.gradle.internal.operations.DefaultBuildOperationRunner$2.execute(DefaultBuildOperationRunner.java:67)
	at org.gradle.internal.operations.DefaultBuildOperationRunner$2.execute(DefaultBuildOperationRunner.java:60)
	at org.gradle.internal.operations.DefaultBuildOperationRunner.execute(DefaultBuildOperationRunner.java:167)
	at org.gradle.internal.operations.DefaultBuildOperationRunner.execute(DefaultBuildOperationRunner.java:60)
	at org.gradle.internal.operations.DefaultBuildOperationRunner.run(DefaultBuildOperationRunner.java:48)
	at org.gradle.execution.taskgraph.DefaultTaskExecutionGraph.lambda$fireWhenReady$0(DefaultTaskExecutionGraph.java:383)
	at org.gradle.internal.build.BuildProjectRegistry.lambda$withMutableStateOfAllProjects$0(BuildProjectRegistry.java:60)
	at org.gradle.internal.build.BuildProjectRegistry.lambda$applyToMutableStateOfAllProjects$0(BuildProjectRegistry.java:78)
	at org.gradle.api.internal.project.DefaultProjectStateRegistry$DefaultBuildProjectRegistry.lambda$fromMutableStateOfAllProjects$0(DefaultProjectStateRegistry.java:278)
	at org.gradle.internal.work.DefaultWorkerLeaseService.lambda$runAndReleaseLocks$0(DefaultWorkerLeaseService.java:302)
	at org.gradle.internal.work.ResourceLockStatistics$1.measure(ResourceLockStatistics.java:43)
	at org.gradle.internal.work.DefaultWorkerLeaseService.runAndReleaseLocks(DefaultWorkerLeaseService.java:300)
	at org.gradle.internal.work.DefaultWorkerLeaseService.withLocksAcquired(DefaultWorkerLeaseService.java:296)
	at org.gradle.internal.work.DefaultWorkerLeaseService.lambda$withReplacedLocks$0(DefaultWorkerLeaseService.java:452)
	at org.gradle.internal.work.DefaultWorkerLeaseService.withoutLocks(DefaultWorkerLeaseService.java:374)
	at org.gradle.internal.work.DefaultWorkerLeaseService.withReplacedLocks(DefaultWorkerLeaseService.java:451)
	at org.gradle.api.internal.project.DefaultProjectStateRegistry$DefaultBuildProjectRegistry.fromMutableStateOfAllProjects(DefaultProjectStateRegistry.java:277)
	at org.gradle.internal.build.BuildProjectRegistry.applyToMutableStateOfAllProjects(BuildProjectRegistry.java:77)
	at org.gradle.internal.build.BuildProjectRegistry.withMutableStateOfAllProjects(BuildProjectRegistry.java:60)
	at org.gradle.execution.taskgraph.DefaultTaskExecutionGraph.fireWhenReady(DefaultTaskExecutionGraph.java:382)
	at org.gradle.execution.taskgraph.DefaultTaskExecutionGraph.populate(DefaultTaskExecutionGraph.java:114)
	at org.gradle.internal.build.DefaultBuildWorkPreparer.finalizeWorkGraph(DefaultBuildWorkPreparer.java:53)
	at org.gradle.internal.build.BuildOperationFiringBuildWorkPreparer.finalizeWorkGraph(BuildOperationFiringBuildWorkPreparer.java:72)
	at org.gradle.internal.build.DefaultBuildLifecycleController.lambda$finalizeWorkGraph$0(DefaultBuildLifecycleController.java:212)
	at org.gradle.internal.model.StateTransitionController.lambda$doTransition$0(StateTransitionController.java:313)
	at org.gradle.internal.model.StateTransitionController.doTransition(StateTransitionController.java:324)
	at org.gradle.internal.model.StateTransitionController.doTransition(StateTransitionController.java:312)
	at org.gradle.internal.model.StateTransitionController.lambda$transition$0(StateTransitionController.java:218)
	at org.gradle.internal.work.DefaultSynchronizer.withLock(DefaultSynchronizer.java:35)
	at org.gradle.internal.model.StateTransitionController.transition(StateTransitionController.java:218)
	at org.gradle.internal.build.DefaultBuildLifecycleController.finalizeWorkGraph(DefaultBuildLifecycleController.java:208)
	at org.gradle.internal.build.DefaultBuildWorkGraphController$DefaultBuildWorkGraph.finalizeGraph(DefaultBuildWorkGraphController.java:206)
	at org.gradle.composite.internal.DefaultBuildController.finalizeWorkGraph(DefaultBuildController.java:120)
	at org.gradle.composite.internal.DefaultBuildControllers.populateWorkGraphs(DefaultBuildControllers.java:79)
	at org.gradle.composite.internal.DefaultIncludedBuildTaskGraph$DefaultBuildTreeWorkGraph$1.run(DefaultIncludedBuildTaskGraph.java:213)
	at org.gradle.internal.operations.DefaultBuildOperationRunner$1.execute(DefaultBuildOperationRunner.java:30)
	at org.gradle.internal.operations.DefaultBuildOperationRunner$1.execute(DefaultBuildOperationRunner.java:27)
	at org.gradle.internal.operations.DefaultBuildOperationRunner$2.execute(DefaultBuildOperationRunner.java:67)
	at org.gradle.internal.operations.DefaultBuildOperationRunner$2.execute(DefaultBuildOperationRunner.java:60)
	at org.gradle.internal.operations.DefaultBuildOperationRunner.execute(DefaultBuildOperationRunner.java:167)
	at org.gradle.internal.operations.DefaultBuildOperationRunner.execute(DefaultBuildOperationRunner.java:60)
	at org.gradle.internal.operations.DefaultBuildOperationRunner.run(DefaultBuildOperationRunner.java:48)
	at org.gradle.composite.internal.DefaultIncludedBuildTaskGraph$DefaultBuildTreeWorkGraph.scheduleWork(DefaultIncludedBuildTaskGraph.java:207)
	at org.gradle.internal.buildtree.DefaultBuildTreeWorkPreparer.scheduleRequestedTasks(DefaultBuildTreeWorkPreparer.java:36)
	at org.gradle.internal.cc.impl.barrier.BarrierAwareBuildTreeWorkPreparer.scheduleRequestedTasks$lambda$0(BarrierAwareBuildTreeWorkPreparer.kt:34)
	at org.gradle.internal.cc.impl.barrier.VintageConfigurationTimeActionRunner.runConfigurationTimeAction(VintageConfigurationTimeActionRunner.kt:48)
	at org.gradle.internal.cc.impl.barrier.BarrierAwareBuildTreeWorkPreparer.scheduleRequestedTasks(BarrierAwareBuildTreeWorkPreparer.kt:33)
	at org.gradle.internal.cc.impl.VintageBuildTreeWorkController$scheduleAndRunRequestedTasks$1$finalizedGraph$1.call(VintageBuildTreeWorkController.kt:37)
	at org.gradle.internal.cc.impl.VintageBuildTreeWorkController$scheduleAndRunRequestedTasks$1$finalizedGraph$1.call(VintageBuildTreeWorkController.kt:37)
	at org.gradle.internal.Try.ofFailable(Try.java:46)
	at org.gradle.internal.cc.impl.VintageBuildTreeWorkController$scheduleAndRunRequestedTasks$1.apply(VintageBuildTreeWorkController.kt:37)
	at org.gradle.internal.cc.impl.VintageBuildTreeWorkController$scheduleAndRunRequestedTasks$1.apply(VintageBuildTreeWorkController.kt:36)
	at org.gradle.composite.internal.DefaultIncludedBuildTaskGraph.withNewWorkGraph(DefaultIncludedBuildTaskGraph.java:115)
	at org.gradle.internal.cc.impl.VintageBuildTreeWorkController.scheduleAndRunRequestedTasks(VintageBuildTreeWorkController.kt:36)
	at org.gradle.internal.buildtree.DefaultBuildTreeLifecycleController.lambda$scheduleAndRunTasks$0(DefaultBuildTreeLifecycleController.java:80)
	at org.gradle.internal.buildtree.DefaultBuildTreeLifecycleController.lambda$runBuild$0(DefaultBuildTreeLifecycleController.java:166)
	at org.gradle.internal.model.StateTransitionController.lambda$transition$2(StateTransitionController.java:227)
	at org.gradle.internal.model.StateTransitionController.doTransition(StateTransitionController.java:324)
	at org.gradle.internal.model.StateTransitionController.lambda$transition$1(StateTransitionController.java:227)
	at org.gradle.internal.work.DefaultSynchronizer.withLock(DefaultSynchronizer.java:45)
	at org.gradle.internal.model.StateTransitionController.transition(StateTransitionController.java:227)
	at org.gradle.internal.buildtree.DefaultBuildTreeLifecycleController.runBuild(DefaultBuildTreeLifecycleController.java:163)
	at org.gradle.internal.buildtree.DefaultBuildTreeLifecycleController.scheduleAndRunTasks(DefaultBuildTreeLifecycleController.java:80)
	at org.gradle.internal.buildtree.DefaultBuildTreeLifecycleController.scheduleAndRunTasks(DefaultBuildTreeLifecycleController.java:75)
	at org.gradle.tooling.internal.provider.ExecuteBuildActionRunner.run(ExecuteBuildActionRunner.java:31)
	at org.gradle.launcher.exec.ChainingBuildActionRunner.run(ChainingBuildActionRunner.java:35)
	at org.gradle.internal.buildtree.ProblemReportingBuildActionRunner.run(ProblemReportingBuildActionRunner.java:55)
	at org.gradle.launcher.exec.BuildOutcomeReportingBuildActionRunner.run(BuildOutcomeReportingBuildActionRunner.java:83)
	at org.gradle.tooling.internal.provider.FileSystemWatchingBuildActionRunner.run(FileSystemWatchingBuildActionRunner.java:118)
	at org.gradle.launcher.exec.BuildCompletionNotifyingBuildActionRunner.run(BuildCompletionNotifyingBuildActionRunner.java:64)
	at org.gradle.launcher.exec.RootBuildLifecycleBuildActionExecutor.lambda$execute$0(RootBuildLifecycleBuildActionExecutor.java:97)
	at org.gradle.composite.internal.DefaultRootBuildState.run(DefaultRootBuildState.java:119)
	at org.gradle.launcher.exec.RootBuildLifecycleBuildActionExecutor.execute(RootBuildLifecycleBuildActionExecutor.java:97)
	at org.gradle.launcher.exec.DefaultBuildTreeActionExecutor.runBuildTreeLifecycle(DefaultBuildTreeActionExecutor.java:126)
	at org.gradle.launcher.exec.DefaultBuildTreeActionExecutor.access$100(DefaultBuildTreeActionExecutor.java:52)
	at org.gradle.launcher.exec.DefaultBuildTreeActionExecutor$2.call(DefaultBuildTreeActionExecutor.java:98)
	at org.gradle.launcher.exec.DefaultBuildTreeActionExecutor$2.call(DefaultBuildTreeActionExecutor.java:94)
	at org.gradle.internal.operations.DefaultBuildOperationRunner$CallableBuildOperationWorker.execute(DefaultBuildOperationRunner.java:210)
	at org.gradle.internal.operations.DefaultBuildOperationRunner$CallableBuildOperationWorker.execute(DefaultBuildOperationRunner.java:205)
	at org.gradle.internal.operations.DefaultBuildOperationRunner$2.execute(DefaultBuildOperationRunner.java:67)
	at org.gradle.internal.operations.DefaultBuildOperationRunner$2.execute(DefaultBuildOperationRunner.java:60)
	at org.gradle.internal.operations.DefaultBuildOperationRunner.execute(DefaultBuildOperationRunner.java:167)
	at org.gradle.internal.operations.DefaultBuildOperationRunner.execute(DefaultBuildOperationRunner.java:60)
	at org.gradle.internal.operations.DefaultBuildOperationRunner.call(DefaultBuildOperationRunner.java:54)
	at org.gradle.launcher.exec.DefaultBuildTreeActionExecutor.runAsBuildOperation(DefaultBuildTreeActionExecutor.java:94)
	at org.gradle.launcher.exec.DefaultBuildTreeActionExecutor.lambda$runBuildTreeAction$0(DefaultBuildTreeActionExecutor.java:88)
	at org.gradle.internal.work.DefaultWorkerLeaseService.lambda$runAndReleaseLocks$0(DefaultWorkerLeaseService.java:302)
	at org.gradle.internal.work.ResourceLockStatistics$1.measure(ResourceLockStatistics.java:43)
	at org.gradle.internal.work.DefaultWorkerLeaseService.runAndReleaseLocks(DefaultWorkerLeaseService.java:300)
	at org.gradle.internal.work.DefaultWorkerLeaseService.withLocksAcquired(DefaultWorkerLeaseService.java:296)
	at org.gradle.internal.work.DefaultWorkerLeaseService.withLocks(DefaultWorkerLeaseService.java:288)
	at org.gradle.internal.work.DefaultWorkerLeaseService.runAsWorkerThread(DefaultWorkerLeaseService.java:131)
	at org.gradle.launcher.exec.DefaultBuildTreeActionExecutor.runBuildTreeAction(DefaultBuildTreeActionExecutor.java:88)
	at org.gradle.tooling.internal.provider.continuous.ContinuousBuildActionExecutor.execute(ContinuousBuildActionExecutor.java:111)
	at org.gradle.tooling.internal.provider.SubscribableBuildActionExecutor.execute(SubscribableBuildActionExecutor.java:64)
	at org.gradle.internal.session.DefaultBuildSessionContext.execute(DefaultBuildSessionContext.java:46)
	at org.gradle.internal.buildprocess.execution.BuildSessionLifecycleBuildActionExecutor$ActionImpl.apply(BuildSessionLifecycleBuildActionExecutor.java:106)
	at org.gradle.internal.buildprocess.execution.BuildSessionLifecycleBuildActionExecutor$ActionImpl.apply(BuildSessionLifecycleBuildActionExecutor.java:94)
	at org.gradle.internal.session.BuildSessionState.run(BuildSessionState.java:73)
	at org.gradle.internal.buildprocess.execution.BuildSessionLifecycleBuildActionExecutor.execute(BuildSessionLifecycleBuildActionExecutor.java:67)
	at org.gradle.internal.buildprocess.execution.BuildSessionLifecycleBuildActionExecutor.execute(BuildSessionLifecycleBuildActionExecutor.java:45)
	at org.gradle.internal.buildprocess.execution.StartParamsValidatingActionExecutor.execute(StartParamsValidatingActionExecutor.java:57)
	at org.gradle.internal.buildprocess.execution.StartParamsValidatingActionExecutor.execute(StartParamsValidatingActionExecutor.java:32)
	at org.gradle.internal.buildprocess.execution.SessionFailureReportingActionExecutor.execute(SessionFailureReportingActionExecutor.java:51)
	at org.gradle.internal.buildprocess.execution.SessionFailureReportingActionExecutor.execute(SessionFailureReportingActionExecutor.java:39)
	at org.gradle.internal.buildprocess.execution.SetupLoggingActionExecutor.execute(SetupLoggingActionExecutor.java:47)
	at org.gradle.internal.buildprocess.execution.SetupLoggingActionExecutor.execute(SetupLoggingActionExecutor.java:31)
	at org.gradle.launcher.daemon.server.exec.ExecuteBuild.doBuild(ExecuteBuild.java:70)
	at org.gradle.launcher.daemon.server.exec.BuildCommandOnly.execute(BuildCommandOnly.java:37)
	at org.gradle.launcher.daemon.server.api.DaemonCommandExecution.proceed(DaemonCommandExecution.java:104)
	at org.gradle.launcher.daemon.server.exec.WatchForDisconnection.execute(WatchForDisconnection.java:39)
	at org.gradle.launcher.daemon.server.api.DaemonCommandExecution.proceed(DaemonCommandExecution.java:104)
	at org.gradle.launcher.daemon.server.exec.ResetDeprecationLogger.execute(ResetDeprecationLogger.java:29)
	at org.gradle.launcher.daemon.server.api.DaemonCommandExecution.proceed(DaemonCommandExecution.java:104)
	at org.gradle.launcher.daemon.server.exec.RequestStopIfSingleUsedDaemon.execute(RequestStopIfSingleUsedDaemon.java:35)
	at org.gradle.launcher.daemon.server.api.DaemonCommandExecution.proceed(DaemonCommandExecution.java:104)
	at org.gradle.launcher.daemon.server.exec.ForwardClientInput.lambda$execute$0(ForwardClientInput.java:40)
	at org.gradle.internal.daemon.clientinput.ClientInputForwarder.forwardInput(ClientInputForwarder.java:80)
	at org.gradle.launcher.daemon.server.exec.ForwardClientInput.execute(ForwardClientInput.java:37)
	at org.gradle.launcher.daemon.server.api.DaemonCommandExecution.proceed(DaemonCommandExecution.java:104)
	at org.gradle.launcher.daemon.server.exec.LogAndCheckHealth.execute(LogAndCheckHealth.java:53)
	at org.gradle.launcher.daemon.server.api.DaemonCommandExecution.proceed(DaemonCommandExecution.java:104)
	at org.gradle.launcher.daemon.server.exec.ApplyClientEnvironmentVariables.doBuild(ApplyClientEnvironmentVariables.java:80)
	at org.gradle.launcher.daemon.server.exec.BuildCommandOnly.execute(BuildCommandOnly.java:37)
	at org.gradle.launcher.daemon.server.api.DaemonCommandExecution.proceed(DaemonCommandExecution.java:104)
	at org.gradle.launcher.daemon.server.exec.LogToClient.doBuild(LogToClient.java:63)
	at org.gradle.launcher.daemon.server.exec.BuildCommandOnly.execute(BuildCommandOnly.java:37)
	at org.gradle.launcher.daemon.server.api.DaemonCommandExecution.proceed(DaemonCommandExecution.java:104)
	at org.gradle.launcher.daemon.server.exec.EstablishBuildEnvironment.doBuild(EstablishBuildEnvironment.java:74)
	at org.gradle.launcher.daemon.server.exec.BuildCommandOnly.execute(BuildCommandOnly.java:37)
	at org.gradle.launcher.daemon.server.api.DaemonCommandExecution.proceed(DaemonCommandExecution.java:104)
	at org.gradle.launcher.daemon.server.exec.StartBuildOrRespondWithBusy$1.run(StartBuildOrRespondWithBusy.java:52)
	at org.gradle.launcher.daemon.server.DaemonStateCoordinator.lambda$runCommand$0(DaemonStateCoordinator.java:321)
	at org.gradle.internal.concurrent.ExecutorPolicy$CatchAndRecordFailures.onExecute(ExecutorPolicy.java:65)
	at org.gradle.internal.concurrent.AbstractManagedExecutor$1.run(AbstractManagedExecutor.java:47)


BUILD FAILED in 1m 55s
Some of the file system contents retained in the virtual file system are on file systems that Gradle doesn't support watching. The relevant state was discarded to ensure changes to these locations are properly detected. You can override this by explicitly enabling file system watching.
