Picked up JAVA_TOOL_OPTIONS: -Xmx512m -XX:-UsePerfData -Dfile.encoding=UTF-8 -Duser.home=/root/projects/PassVault/audit-runtime-linux-android-release-action03/home -Djava.io.tmpdir=/root/projects/PassVault/audit-runtime-linux-android-release-action03/tmp -Djna.tmpdir=/root/projects/PassVault/audit-runtime-linux-android-release-action03/jna -Dorg.sqlite.tmpdir=/root/projects/PassVault/audit-runtime-linux-android-release-action03/sqlite
Fetching distribution.
Downloading https://services.gradle.org/distributions/gradle-9.7.1-bin.zip
..............10%..............20%...............30%..............40%...............50%..............60%...............70%..............80%..............90%...............100%
Initialized native services in: /root/projects/PassVault/audit-runtime-linux-android-release-action03/gradle-home/native
Initialized jansi services in: /root/projects/PassVault/audit-runtime-linux-android-release-action03/gradle-home/native

Welcome to Gradle 9.7.1!

Here are the highlights of this release:
 - Isolated Projects graduates to incubating
 - Broader Configuration Cache compatibility
 - Resilient Sync helps you fix broken builds
 - More source locations in problem reports

For more details see https://docs.gradle.org/9.7.1/release-notes.html

The current JVM process isn't compatible with build requirement. The maximum heap size is insufficient.

To honour the JVM settings for this build a single-use Daemon process will be forked. For more on this, please refer to https://docs.gradle.org/9.7.1/userguide/gradle_daemon.html#sec:disabling_the_daemon in the Gradle documentation.
Starting process 'Gradle build daemon'. Working directory: /root/projects/PassVault/audit-runtime-linux-android-release-action03/gradle-home/daemon/9.7.1 Command: /usr/lib/jvm/java-17-openjdk-amd64/bin/java --add-opens=java.base/java.lang=ALL-UNNAMED --add-opens=java.base/java.lang.invoke=ALL-UNNAMED --add-opens=java.base/java.util=ALL-UNNAMED --add-opens=java.prefs/java.util.prefs=ALL-UNNAMED --add-exports=jdk.compiler/com.sun.tools.javac.api=ALL-UNNAMED --add-exports=jdk.compiler/com.sun.tools.javac.util=ALL-UNNAMED --add-opens=java.base/java.nio.charset=ALL-UNNAMED --add-opens=java.base/java.net=ALL-UNNAMED --add-opens=java.base/java.util.concurrent=ALL-UNNAMED --add-opens=java.base/java.util.concurrent.atomic=ALL-UNNAMED --add-opens=java.xml/javax.xml.namespace=ALL-UNNAMED --add-opens=java.base/java.time=ALL-UNNAMED -Xmx2g -Dfile.encoding=UTF-8 -Djava.io.tmpdir=/root/projects/PassVault/audit-runtime-linux-android-release-action03/tmp -Duser.country -Duser.language=en -Duser.variant -cp /root/projects/PassVault/audit-runtime-linux-android-release-action03/gradle-home/wrapper/dists/gradle-9.7.1-bin/1w1c7tv4s851m17nbqdsro2tv/gradle-9.7.1/lib/gradle-daemon-main-9.7.1.jar -javaagent:/root/projects/PassVault/audit-runtime-linux-android-release-action03/gradle-home/wrapper/dists/gradle-9.7.1-bin/1w1c7tv4s851m17nbqdsro2tv/gradle-9.7.1/lib/agents/gradle-instrumentation-agent-9.7.1.jar org.gradle.launcher.daemon.bootstrap.GradleDaemon 9.7.1
Successfully started process 'Gradle build daemon'
An attempt to start the daemon took 0.963 secs.
The client will now receive all logging from the daemon (pid: 68). The daemon log file: /root/projects/PassVault/audit-runtime-linux-android-release-action03/gradle-home/daemon/9.7.1/daemon-68.out.log
Daemon will be stopped at the end of the build 
Using 1 worker leases.
Operational build model parameters: {cachingModelBuilding=false, configurationCache=false, configurationCacheDisabledReason=null, configurationCacheParallelLoad=false, configurationCacheParallelStore=false, configureOnDemand=false, invalidateCoupledProjects=false, isolatedProjects=false, isolatedProjectsDiagnostics=false, isolatedProjectsDangerouslyIgnoreProblems=false, modelAsProjectDependency=false, modelBuilding=false, parallelModelBuilding=false, parallelProjectConfiguration=false, parallelProjectExecution=false, vintage=true}
Received JVM installation metadata from '/usr/lib/jvm/java-17-openjdk-amd64': {JAVA_HOME=/usr/lib/jvm/java-17-openjdk-amd64, JAVA_VERSION=17.0.20, JAVA_VENDOR=Ubuntu, RUNTIME_NAME=OpenJDK Runtime Environment, RUNTIME_VERSION=17.0.20+8-1-24.04-Ubuntu, VM_NAME=OpenJDK 64-Bit Server VM, VM_VERSION=17.0.20+8-1-24.04-Ubuntu, VM_VENDOR=Ubuntu, OS_ARCH=amd64}
Watching the file system is configured to be enabled if available
Not watching /root/projects/PassVault/audit-runtime-linux-android-release-action03/checkout since the file system is not supported
File system watching is active
Caching disabled for Groovy DSL script compilation (cp_init) because:
  Build cache is disabled
  Not worth caching.
Compiling initialization script '/root/projects/PassVault/passvault-linux/docs/audit-continuation/2026-09-08-linux/reviews/team20/resume_disk/root/android-action-instance03/INIT.gradle' using SubsetScriptTransformer.
Caching disabled for Groovy DSL script compilation (init) because:
  Build cache is disabled
  Not worth caching.
Compiling initialization script '/root/projects/PassVault/passvault-linux/docs/audit-continuation/2026-09-08-linux/reviews/team20/resume_disk/root/android-action-instance03/INIT.gradle' using BuildScriptTransformer.
PASSVAULT_ANDROID_ARG_VECTOR={"format":"passvault-android-argument-vector-v3","runId":"linux-android-release-action03","phase":"AFTER_ARG12_BEFORE_ARG13","sourceManifestSha256":"UNBOUND","propertySourceSha256":"323971ec6c0f02ff28c724b4c4f3120b5b8843faf3d77608485c1e15fb633235","propertyContract":"EXACT_CLI_NATIVE_PLUS_FIXED_TOOLCHAIN_9_V1","compatibilityShape":"EXACT_CLI_NATIVE_PLUS_FIXED_TOOLCHAIN_9","qualification":"NEW_EXACT_CONTRACT_NOT_REPRODUCED_CAUSE_OR_TASK_AUTHORITY","projectMapKind":"MAP","systemMapKind":"MAP","keys":{"state":"COUNT_AND_FIXED_KEYS_VALUES_ONLY","count":9,"expectedMask":"111111","sourceOnlyMask":"0000000000000000","sourceStringMask":"0000000000000000","sourceValueMatchMask":"0000000000000000","toolchainOnlyMask":"111","toolchainStringMask":"111","toolchainValueMatchMask":"111","sizeAndExpectedMembershipAgree":true},"types":{"ARG14":"STRING","ARG15":"STRING","ARG16":"STRING","ARG17":"STRING","ARG18":"STRING","ARG19":"STRING","JAVA_HOME":"STRING"},"outcomes":{"LEGACY_ARG13":"REJECT","ARG14":"ACCEPT","ARG15":"ACCEPT","ARG16":"ACCEPT","ARG17":"ACCEPT","ARG18":"ACCEPT","ARG19":"ACCEPT","ARG20":"ACCEPT"},"diagnosticError":false}
Starting Build
Caching disabled for Kotlin DSL script compilation (Settings/TopLevel/stage1) because:
  Build cache is disabled
Resource missing. [HTTP GET: https://repo.maven.apache.org/maven2/org/gradle/toolchains/foojay-resolver-convention/org.gradle.toolchains.foojay-resolver-convention.gradle.plugin/1.0.0/org.gradle.toolchains.foojay-resolver-convention.gradle.plugin-1.0.0.pom]
Resource missing. [HTTP GET: https://repo.maven.apache.org/maven2/org/gradle/toolchains/foojay-resolver-convention/org.gradle.toolchains.foojay-resolver-convention.gradle.plugin/1.0.0/org.gradle.toolchains.foojay-resolver-convention.gradle.plugin-1.0.0.pom]
Downloading https://plugins.gradle.org/m2/org/gradle/toolchains/foojay-resolver-convention/org.gradle.toolchains.foojay-resolver-convention.gradle.plugin/1.0.0/org.gradle.toolchains.foojay-resolver-convention.gradle.plugin-1.0.0.pom to /root/projects/PassVault/audit-runtime-linux-android-release-action03/gradle-home/.tmp/gradle_download11552270508857212811bin
Resource missing. [HTTP HEAD: https://plugins.gradle.org/m2/org/gradle/toolchains/foojay-resolver-convention/org.gradle.toolchains.foojay-resolver-convention.gradle.plugin/1.0.0/org.gradle.toolchains.foojay-resolver-convention.gradle.plugin-1.0.0.jar]
Resolved plugin [id: 'org.gradle.toolchains.foojay-resolver-convention', version: '1.0.0']
Resource missing. [HTTP GET: https://repo.maven.apache.org/maven2/org/gradle/toolchains/foojay-resolver/1.0.0/foojay-resolver-1.0.0.pom]
Resource missing. [HTTP GET: https://repo.maven.apache.org/maven2/org/gradle/toolchains/foojay-resolver/1.0.0/foojay-resolver-1.0.0.pom]
Downloading https://plugins.gradle.org/m2/org/gradle/toolchains/foojay-resolver/1.0.0/foojay-resolver-1.0.0.pom to /root/projects/PassVault/audit-runtime-linux-android-release-action03/gradle-home/.tmp/gradle_download13573808330945809050bin
Downloading https://plugins.gradle.org/m2/org/gradle/toolchains/foojay-resolver/1.0.0/foojay-resolver-1.0.0.module to /root/projects/PassVault/audit-runtime-linux-android-release-action03/gradle-home/.tmp/gradle_download16554182399966070042bin
Downloading https://plugins.gradle.org/m2/org/gradle/toolchains/foojay-resolver/1.0.0/foojay-resolver-1.0.0.jar to /root/projects/PassVault/audit-runtime-linux-android-release-action03/gradle-home/.tmp/gradle_download16593664669961927504bin
Caching disabled for InstrumentationAnalysisTransform: /root/projects/PassVault/audit-runtime-linux-android-release-action03/gradle-home/caches/modules-2/files-2.1/org.gradle.toolchains/foojay-resolver/1.0.0/72c0af50bc9156fb2a9429ed152abb4417bb6eaf/foojay-resolver-1.0.0.jar because:
  Build cache is disabled
  Caching not enabled.
Caching disabled for MergeInstrumentationAnalysisTransform: /root/projects/PassVault/audit-runtime-linux-android-release-action03/gradle-home/caches/9.7.1/transforms/84417b225f0c99ef0caadbc3e2d6dd2a/transformed/.gradle-instrumented-classpath.marker because:
  Build cache is disabled
  Caching not enabled.
Caching disabled for MergeInstrumentationAnalysisTransform: /root/projects/PassVault/audit-runtime-linux-android-release-action03/gradle-home/caches/9.7.1/transforms/84417b225f0c99ef0caadbc3e2d6dd2a/transformed/analysis/instrumentation-hierarchy.bin because:
  Build cache is disabled
  Caching not enabled.
Caching disabled for MergeInstrumentationAnalysisTransform: /root/projects/PassVault/audit-runtime-linux-android-release-action03/gradle-home/caches/9.7.1/transforms/84417b225f0c99ef0caadbc3e2d6dd2a/transformed/analysis/instrumentation-dependencies.bin because:
  Build cache is disabled
  Caching not enabled.
Caching disabled for MergeInstrumentationAnalysisTransform: /root/projects/PassVault/audit-runtime-linux-android-release-action03/gradle-home/caches/modules-2/files-2.1/org.gradle.toolchains/foojay-resolver/1.0.0/72c0af50bc9156fb2a9429ed152abb4417bb6eaf/foojay-resolver-1.0.0.jar because:
  Build cache is disabled
  Caching not enabled.
Caching disabled for ExternalDependencyInstrumentingArtifactTransform: /root/projects/PassVault/audit-runtime-linux-android-release-action03/gradle-home/caches/9.7.1/transforms/388302fc005543901afb8b124fd998e2/transformed/.gradle-instrumented-classpath.marker because:
  Build cache is disabled
  Caching not enabled.
Caching disabled for ExternalDependencyInstrumentingArtifactTransform: /root/projects/PassVault/audit-runtime-linux-android-release-action03/gradle-home/caches/9.7.1/transforms/388302fc005543901afb8b124fd998e2/transformed/merge/instrumentation-dependencies.bin because:
  Build cache is disabled
  Caching not enabled.
Caching disabled for ExternalDependencyInstrumentingArtifactTransform: /root/projects/PassVault/audit-runtime-linux-android-release-action03/gradle-home/caches/modules-2/files-2.1/org.gradle.toolchains/foojay-resolver/1.0.0/72c0af50bc9156fb2a9429ed152abb4417bb6eaf/foojay-resolver-1.0.0.jar because:
  Build cache is disabled
  Caching not enabled.
Caching disabled for Kotlin DSL accessors for settings 'checkout' because:
  Build cache is disabled
  Build caching of Kotlin script accessor generation disabled by property
Caching disabled for Kotlin DSL script compilation (Settings/TopLevel/stage2) because:
  Build cache is disabled
Settings evaluated using settings file '/root/projects/PassVault/audit-runtime-linux-android-release-action03/checkout/settings.gradle.kts'.
Caching disabled for generation of dependency accessors for libs because:
  Build cache is disabled
  Not worth caching.
Projects loaded. Root project using build file '/root/projects/PassVault/audit-runtime-linux-android-release-action03/checkout/build.gradle.kts'.
Included projects: [root project 'passvault', project ':app-android', project ':app-desktop', project ':core', project ':feature', project ':shared', project ':core:crypto', project ':core:database', project ':core:designsystem', project ':core:domain', project ':core:navigation', project ':core:otp', project ':core:security', project ':core:testing', project ':feature:backup', project ':feature:credential', project ':feature:generator', project ':feature:health', project ':feature:onboarding', project ':feature:settings', project ':feature:unlock', project ':feature:vault']

> Configure project :
Evaluating root project 'passvault' using build file '/root/projects/PassVault/audit-runtime-linux-android-release-action03/checkout/build.gradle.kts'.
Caching disabled for Kotlin DSL version catalog plugin accessors for classpath '7120ae87f8d059d178e7db7d84920ce1' because:
  Build cache is disabled
  Build caching of Kotlin script accessor generation disabled by property
Caching disabled for Kotlin DSL plugin specs accessors for classpath '7120ae87f8d059d178e7db7d84920ce1' because:
  Build cache is disabled
  Build caching of Kotlin script accessor generation disabled by property
Caching disabled for Kotlin DSL script compilation (Project/TopLevel/stage1) because:
  Build cache is disabled
Downloading https://repo.maven.apache.org/maven2/org/jetbrains/kotlin/multiplatform/org.jetbrains.kotlin.multiplatform.gradle.plugin/2.4.10/org.jetbrains.kotlin.multiplatform.gradle.plugin-2.4.10.pom to /root/projects/PassVault/audit-runtime-linux-android-release-action03/gradle-home/.tmp/gradle_download12599994011881402606bin
Resource missing. [HTTP HEAD: https://repo.maven.apache.org/maven2/org/jetbrains/kotlin/multiplatform/org.jetbrains.kotlin.multiplatform.gradle.plugin/2.4.10/org.jetbrains.kotlin.multiplatform.gradle.plugin-2.4.10.jar]
Resolved plugin [id: 'org.jetbrains.kotlin.multiplatform', version: '2.4.10', apply: false]
Downloading https://repo.maven.apache.org/maven2/org/jetbrains/kotlin/plugin/serialization/org.jetbrains.kotlin.plugin.serialization.gradle.plugin/2.4.10/org.jetbrains.kotlin.plugin.serialization.gradle.plugin-2.4.10.pom to /root/projects/PassVault/audit-runtime-linux-android-release-action03/gradle-home/.tmp/gradle_download16549662432529275330bin
Resource missing. [HTTP HEAD: https://repo.maven.apache.org/maven2/org/jetbrains/kotlin/plugin/serialization/org.jetbrains.kotlin.plugin.serialization.gradle.plugin/2.4.10/org.jetbrains.kotlin.plugin.serialization.gradle.plugin-2.4.10.jar]
Resolved plugin [id: 'org.jetbrains.kotlin.plugin.serialization', version: '2.4.10', apply: false]
Downloading https://repo.maven.apache.org/maven2/org/jetbrains/compose/org.jetbrains.compose.gradle.plugin/1.11.1/org.jetbrains.compose.gradle.plugin-1.11.1.pom to /root/projects/PassVault/audit-runtime-linux-android-release-action03/gradle-home/.tmp/gradle_download8209670210121567720bin
Resource missing. [HTTP HEAD: https://repo.maven.apache.org/maven2/org/jetbrains/compose/org.jetbrains.compose.gradle.plugin/1.11.1/org.jetbrains.compose.gradle.plugin-1.11.1.jar]
Resolved plugin [id: 'org.jetbrains.compose', version: '1.11.1', apply: false]
Downloading https://repo.maven.apache.org/maven2/org/jetbrains/kotlin/plugin/compose/org.jetbrains.kotlin.plugin.compose.gradle.plugin/2.4.10/org.jetbrains.kotlin.plugin.compose.gradle.plugin-2.4.10.pom to /root/projects/PassVault/audit-runtime-linux-android-release-action03/gradle-home/.tmp/gradle_download9626159531255042053bin
Resource missing. [HTTP HEAD: https://repo.maven.apache.org/maven2/org/jetbrains/kotlin/plugin/compose/org.jetbrains.kotlin.plugin.compose.gradle.plugin/2.4.10/org.jetbrains.kotlin.plugin.compose.gradle.plugin-2.4.10.jar]
Resolved plugin [id: 'org.jetbrains.kotlin.plugin.compose', version: '2.4.10', apply: false]
Resource missing. [HTTP GET: https://dl.google.com/dl/android/maven2/com/google/devtools/ksp/com.google.devtools.ksp.gradle.plugin/2.3.10/com.google.devtools.ksp.gradle.plugin-2.3.10.pom]
Resource missing. [HTTP GET: https://dl.google.com/dl/android/maven2/com/google/devtools/ksp/com.google.devtools.ksp.gradle.plugin/2.3.10/com.google.devtools.ksp.gradle.plugin-2.3.10.pom]
Downloading https://repo.maven.apache.org/maven2/com/google/devtools/ksp/com.google.devtools.ksp.gradle.plugin/2.3.10/com.google.devtools.ksp.gradle.plugin-2.3.10.pom to /root/projects/PassVault/audit-runtime-linux-android-release-action03/gradle-home/.tmp/gradle_download18025711695281062228bin
Resource missing. [HTTP HEAD: https://repo.maven.apache.org/maven2/com/google/devtools/ksp/com.google.devtools.ksp.gradle.plugin/2.3.10/com.google.devtools.ksp.gradle.plugin-2.3.10.jar]
Resolved plugin [id: 'com.google.devtools.ksp', version: '2.3.10', apply: false]
Downloading https://dl.google.com/dl/android/maven2/androidx/room/androidx.room.gradle.plugin/2.8.4/androidx.room.gradle.plugin-2.8.4.pom to /root/projects/PassVault/audit-runtime-linux-android-release-action03/gradle-home/.tmp/gradle_download7164929185219298237bin
Resource missing. [HTTP HEAD: https://dl.google.com/dl/android/maven2/androidx/room/androidx.room.gradle.plugin/2.8.4/androidx.room.gradle.plugin-2.8.4.jar]
Resolved plugin [id: 'androidx.room', version: '2.8.4', apply: false]
Downloading https://dl.google.com/dl/android/maven2/com/android/application/com.android.application.gradle.plugin/9.4.0/com.android.application.gradle.plugin-9.4.0.pom to /root/projects/PassVault/audit-runtime-linux-android-release-action03/gradle-home/.tmp/gradle_download4112979395788918634bin
Resource missing. [HTTP HEAD: https://dl.google.com/dl/android/maven2/com/android/application/com.android.application.gradle.plugin/9.4.0/com.android.application.gradle.plugin-9.4.0.jar]
Resolved plugin [id: 'com.android.application', version: '9.4.0', apply: false]
Downloading https://dl.google.com/dl/android/maven2/com/android/kotlin/multiplatform/library/com.android.kotlin.multiplatform.library.gradle.plugin/9.4.0/com.android.kotlin.multiplatform.library.gradle.plugin-9.4.0.pom to /root/projects/PassVault/audit-runtime-linux-android-release-action03/gradle-home/.tmp/gradle_download5368561416971713086bin
Resource missing. [HTTP HEAD: https://dl.google.com/dl/android/maven2/com/android/kotlin/multiplatform/library/com.android.kotlin.multiplatform.library.gradle.plugin/9.4.0/com.android.kotlin.multiplatform.library.gradle.plugin-9.4.0.jar]
Resolved plugin [id: 'com.android.kotlin.multiplatform.library', version: '9.4.0', apply: false]
Downloading https://repo.maven.apache.org/maven2/dev/detekt/dev.detekt.gradle.plugin/2.0.0-alpha.6/dev.detekt.gradle.plugin-2.0.0-alpha.6.pom to /root/projects/PassVault/audit-runtime-linux-android-release-action03/gradle-home/.tmp/gradle_download16783117190367944144bin
Resource missing. [HTTP HEAD: https://repo.maven.apache.org/maven2/dev/detekt/dev.detekt.gradle.plugin/2.0.0-alpha.6/dev.detekt.gradle.plugin-2.0.0-alpha.6.jar]
Resolved plugin [id: 'dev.detekt', version: '2.0.0-alpha.6']
Downloading https://repo.maven.apache.org/maven2/org/jetbrains/kotlin/kotlin-gradle-plugin/2.4.10/kotlin-gradle-plugin-2.4.10.pom to /root/projects/PassVault/audit-runtime-linux-android-release-action03/gradle-home/.tmp/gradle_download7254904960619063392bin
Downloading https://repo.maven.apache.org/maven2/org/jetbrains/kotlin/kotlin-gradle-plugins-bom/2.4.10/kotlin-gradle-plugins-bom-2.4.10.pom to /root/projects/PassVault/audit-runtime-linux-android-release-action03/gradle-home/.tmp/gradle_download8513346288139432442bin
Downloading https://repo.maven.apache.org/maven2/org/jetbrains/kotlin/kotlin-gradle-plugins-bom/2.4.10/kotlin-gradle-plugins-bom-2.4.10.module to /root/projects/PassVault/audit-runtime-linux-android-release-action03/gradle-home/.tmp/gradle_download8828387666852882969bin
Downloading https://repo.maven.apache.org/maven2/org/jetbrains/kotlin/kotlin-gradle-plugin/2.4.10/kotlin-gradle-plugin-2.4.10.module to /root/projects/PassVault/audit-runtime-linux-android-release-action03/gradle-home/.tmp/gradle_download12525521594579168494bin
Downloading https://repo.maven.apache.org/maven2/org/jetbrains/kotlin/kotlin-serialization/2.4.10/kotlin-serialization-2.4.10.pom to /root/projects/PassVault/audit-runtime-linux-android-release-action03/gradle-home/.tmp/gradle_download11757310602650335983bin
Downloading https://repo.maven.apache.org/maven2/org/jetbrains/kotlin/kotlin-serialization/2.4.10/kotlin-serialization-2.4.10.module to /root/projects/PassVault/audit-runtime-linux-android-release-action03/gradle-home/.tmp/gradle_download10543321315372392125bin
Downloading https://repo.maven.apache.org/maven2/org/jetbrains/compose/compose-gradle-plugin/1.11.1/compose-gradle-plugin-1.11.1.pom to /root/projects/PassVault/audit-runtime-linux-android-release-action03/gradle-home/.tmp/gradle_download4377166725214399506bin
Downloading https://repo.maven.apache.org/maven2/org/jetbrains/compose/compose-gradle-plugin/1.11.1/compose-gradle-plugin-1.11.1.module to /root/projects/PassVault/audit-runtime-linux-android-release-action03/gradle-home/.tmp/gradle_download5644453815770141714bin
Downloading https://repo.maven.apache.org/maven2/org/jetbrains/kotlin/compose-compiler-gradle-plugin/2.4.10/compose-compiler-gradle-plugin-2.4.10.pom to /root/projects/PassVault/audit-runtime-linux-android-release-action03/gradle-home/.tmp/gradle_download1705735055168588560bin
Downloading https://repo.maven.apache.org/maven2/org/jetbrains/kotlin/compose-compiler-gradle-plugin/2.4.10/compose-compiler-gradle-plugin-2.4.10.module to /root/projects/PassVault/audit-runtime-linux-android-release-action03/gradle-home/.tmp/gradle_download15466496227594733476bin
Resource missing. [HTTP GET: https://dl.google.com/dl/android/maven2/com/google/devtools/ksp/symbol-processing-gradle-plugin/2.3.10/symbol-processing-gradle-plugin-2.3.10.pom]
Resource missing. [HTTP GET: https://dl.google.com/dl/android/maven2/com/google/devtools/ksp/symbol-processing-gradle-plugin/2.3.10/symbol-processing-gradle-plugin-2.3.10.pom]
Downloading https://repo.maven.apache.org/maven2/com/google/devtools/ksp/symbol-processing-gradle-plugin/2.3.10/symbol-processing-gradle-plugin-2.3.10.pom to /root/projects/PassVault/audit-runtime-linux-android-release-action03/gradle-home/.tmp/gradle_download5363645310820795667bin
Downloading https://repo.maven.apache.org/maven2/com/google/devtools/ksp/symbol-processing-gradle-plugin/2.3.10/symbol-processing-gradle-plugin-2.3.10.module to /root/projects/PassVault/audit-runtime-linux-android-release-action03/gradle-home/.tmp/gradle_download1978586440338015492bin
Downloading https://dl.google.com/dl/android/maven2/androidx/room/room-gradle-plugin/2.8.4/room-gradle-plugin-2.8.4.pom to /root/projects/PassVault/audit-runtime-linux-android-release-action03/gradle-home/.tmp/gradle_download6881234228814142771bin
Downloading https://dl.google.com/dl/android/maven2/androidx/room/room-gradle-plugin/2.8.4/room-gradle-plugin-2.8.4.module to /root/projects/PassVault/audit-runtime-linux-android-release-action03/gradle-home/.tmp/gradle_download17355306017406970963bin
Downloading https://dl.google.com/dl/android/maven2/com/android/tools/build/gradle/9.4.0/gradle-9.4.0.pom to /root/projects/PassVault/audit-runtime-linux-android-release-action03/gradle-home/.tmp/gradle_download18135023362201680031bin
Downloading https://dl.google.com/dl/android/maven2/com/android/tools/build/gradle/9.4.0/gradle-9.4.0.module to /root/projects/PassVault/audit-runtime-linux-android-release-action03/gradle-home/.tmp/gradle_download7309184214848922271bin
Downloading https://repo.maven.apache.org/maven2/dev/detekt/detekt-gradle-plugin/2.0.0-alpha.6/detekt-gradle-plugin-2.0.0-alpha.6.pom to /root/projects/PassVault/audit-runtime-linux-android-release-action03/gradle-home/.tmp/gradle_download15191525296115000314bin
Downloading https://repo.maven.apache.org/maven2/dev/detekt/detekt-gradle-plugin/2.0.0-alpha.6/detekt-gradle-plugin-2.0.0-alpha.6.module to /root/projects/PassVault/audit-runtime-linux-android-release-action03/gradle-home/.tmp/gradle_download4188687331897583627bin
Downloading https://repo.maven.apache.org/maven2/org/jetbrains/kotlin/fus-statistics-gradle-plugin/2.4.10/fus-statistics-gradle-plugin-2.4.10.pom to /root/projects/PassVault/audit-runtime-linux-android-release-action03/gradle-home/.tmp/gradle_download15750633064365972102bin
Downloading https://repo.maven.apache.org/maven2/org/jetbrains/kotlin/fus-statistics-gradle-plugin/2.4.10/fus-statistics-gradle-plugin-2.4.10.module to /root/projects/PassVault/audit-runtime-linux-android-release-action03/gradle-home/.tmp/gradle_download4678838465537089668bin
Downloading https://repo.maven.apache.org/maven2/org/jetbrains/kotlin/kotlin-gradle-plugin-idea/2.4.10/kotlin-gradle-plugin-idea-2.4.10.pom to /root/projects/PassVault/audit-runtime-linux-android-release-action03/gradle-home/.tmp/gradle_download16299551676204099611bin
Downloading https://repo.maven.apache.org/maven2/org/jetbrains/kotlin/kotlin-gradle-plugin-idea-proto/2.4.10/kotlin-gradle-plugin-idea-proto-2.4.10.pom to /root/projects/PassVault/audit-runtime-linux-android-release-action03/gradle-home/.tmp/gradle_download18370648408364153470bin
Downloading https://repo.maven.apache.org/maven2/org/jetbrains/kotlin/kotlin-klib-commonizer-api/2.4.10/kotlin-klib-commonizer-api-2.4.10.pom to /root/projects/PassVault/audit-runtime-linux-android-release-action03/gradle-home/.tmp/gradle_download8774889586368626420bin
Downloading https://repo.maven.apache.org/maven2/org/jetbrains/kotlin/kotlin-build-statistics/2.4.10/kotlin-build-statistics-2.4.10.pom to /root/projects/PassVault/audit-runtime-linux-android-release-action03/gradle-home/.tmp/gradle_download6257056011771068705bin
Downloading https://repo.maven.apache.org/maven2/org/jetbrains/kotlin/kotlin-util-klib-metadata/2.4.10/kotlin-util-klib-metadata-2.4.10.pom to /root/projects/PassVault/audit-runtime-linux-android-release-action03/gradle-home/.tmp/gradle_download2624563015523857681bin
Downloading https://repo.maven.apache.org/maven2/org/jetbrains/kotlin/kotlin-gradle-plugin-api/2.4.10/kotlin-gradle-plugin-api-2.4.10.pom to /root/projects/PassVault/audit-runtime-linux-android-release-action03/gradle-home/.tmp/gradle_download8737558014302000690bin
Downloading https://repo.maven.apache.org/maven2/org/jetbrains/kotlin/kotlin-compiler-runner/2.4.10/kotlin-compiler-runner-2.4.10.pom to /root/projects/PassVault/audit-runtime-linux-android-release-action03/gradle-home/.tmp/gradle_download5556947432544674758bin
Downloading https://repo.maven.apache.org/maven2/org/jetbrains/kotlin/kotlin-gradle-plugin-idea/2.4.10/kotlin-gradle-plugin-idea-2.4.10.module to /root/projects/PassVault/audit-runtime-linux-android-release-action03/gradle-home/.tmp/gradle_download11701004399183714402bin
Downloading https://repo.maven.apache.org/maven2/org/jetbrains/kotlin/kotlin-gradle-plugin-api/2.4.10/kotlin-gradle-plugin-api-2.4.10.module to /root/projects/PassVault/audit-runtime-linux-android-release-action03/gradle-home/.tmp/gradle_download7673347545637727634bin
Downloading https://repo.maven.apache.org/maven2/org/jetbrains/compose/hot-reload/hot-reload-gradle-plugin/1.1.1/hot-reload-gradle-plugin-1.1.1.pom to /root/projects/PassVault/audit-runtime-linux-android-release-action03/gradle-home/.tmp/gradle_download15963415506200879276bin
Downloading https://repo.maven.apache.org/maven2/org/jetbrains/compose/hot-reload/hot-reload-gradle-plugin/1.1.1/hot-reload-gradle-plugin-1.1.1.module to /root/projects/PassVault/audit-runtime-linux-android-release-action03/gradle-home/.tmp/gradle_download5941890983874327638bin
Resource missing. [HTTP GET: https://dl.google.com/dl/android/maven2/com/google/devtools/ksp/symbol-processing-api/2.3.10/symbol-processing-api-2.3.10.pom]
Resource missing. [HTTP GET: https://dl.google.com/dl/android/maven2/com/google/devtools/ksp/symbol-processing-api/2.3.10/symbol-processing-api-2.3.10.pom]
Downloading https://repo.maven.apache.org/maven2/com/google/devtools/ksp/symbol-processing-api/2.3.10/symbol-processing-api-2.3.10.pom to /root/projects/PassVault/audit-runtime-linux-android-release-action03/gradle-home/.tmp/gradle_download11305406588893440750bin
Resource missing. [HTTP GET: https://dl.google.com/dl/android/maven2/com/google/devtools/ksp/symbol-processing-common-deps/2.3.10/symbol-processing-common-deps-2.3.10.pom]
Downloading https://repo.maven.apache.org/maven2/com/google/devtools/ksp/symbol-processing-api/2.3.10/symbol-processing-api-2.3.10.module to /root/projects/PassVault/audit-runtime-linux-android-release-action03/gradle-home/.tmp/gradle_download5274548377560861087bin
Resource missing. [HTTP GET: https://dl.google.com/dl/android/maven2/com/google/devtools/ksp/symbol-processing-common-deps/2.3.10/symbol-processing-common-deps-2.3.10.pom]
Downloading https://repo.maven.apache.org/maven2/com/google/devtools/ksp/symbol-processing-common-deps/2.3.10/symbol-processing-common-deps-2.3.10.pom to /root/projects/PassVault/audit-runtime-linux-android-release-action03/gradle-home/.tmp/gradle_download14386222527874481104bin
Downloading https://repo.maven.apache.org/maven2/com/google/devtools/ksp/symbol-processing-common-deps/2.3.10/symbol-processing-common-deps-2.3.10.module to /root/projects/PassVault/audit-runtime-linux-android-release-action03/gradle-home/.tmp/gradle_download17191565156630329343bin
Downloading https://repo.maven.apache.org/maven2/org/jetbrains/kotlin/kotlin-stdlib/2.4.0/kotlin-stdlib-2.4.0.pom to /root/projects/PassVault/audit-runtime-linux-android-release-action03/gradle-home/.tmp/gradle_download12979519796929248486bin
Downloading https://repo.maven.apache.org/maven2/org/jetbrains/kotlin/kotlin-stdlib/2.4.0/kotlin-stdlib-2.4.0.module to /root/projects/PassVault/audit-runtime-linux-android-release-action03/gradle-home/.tmp/gradle_download1693200170347416827bin
Downloading https://repo.maven.apache.org/maven2/org/ow2/asm/asm/9.9/asm-9.9.pom to /root/projects/PassVault/audit-runtime-linux-android-release-action03/gradle-home/.tmp/gradle_download8305487574258366699bin
Downloading https://repo.maven.apache.org/maven2/org/ow2/asm/asm-analysis/9.9/asm-analysis-9.9.pom to /root/projects/PassVault/audit-runtime-linux-android-release-action03/gradle-home/.tmp/gradle_download11301834161670026485bin
Downloading https://repo.maven.apache.org/maven2/com/squareup/javapoet/1.13.0/javapoet-1.13.0.pom to /root/projects/PassVault/audit-runtime-linux-android-release-action03/gradle-home/.tmp/gradle_download1327987932818904650bin
Downloading https://repo.maven.apache.org/maven2/net/sf/jopt-simple/jopt-simple/4.9/jopt-simple-4.9.pom to /root/projects/PassVault/audit-runtime-linux-android-release-action03/gradle-home/.tmp/gradle_download9503689377099782258bin
Downloading https://repo.maven.apache.org/maven2/org/ow2/asm/asm-util/9.9/asm-util-9.9.pom to /root/projects/PassVault/audit-runtime-linux-android-release-action03/gradle-home/.tmp/gradle_download16707512258614869628bin
Downloading https://repo.maven.apache.org/maven2/org/glassfish/jaxb/jaxb-runtime/2.3.2/jaxb-runtime-2.3.2.pom to /root/projects/PassVault/audit-runtime-linux-android-release-action03/gradle-home/.tmp/gradle_download13618333072294202552bin
Downloading https://repo.maven.apache.org/maven2/commons-io/commons-io/2.16.1/commons-io-2.16.1.pom to /root/projects/PassVault/audit-runtime-linux-android-release-action03/gradle-home/.tmp/gradle_download15556425727850127475bin
Downloading https://dl.google.com/dl/android/maven2/com/android/databinding/baseLibrary/9.4.0/baseLibrary-9.4.0.pom to /root/projects/PassVault/audit-runtime-linux-android-release-action03/gradle-home/.tmp/gradle_download2478354167211029733bin
Downloading https://dl.google.com/dl/android/maven2/com/android/tools/build/gradle-settings-api/9.4.0/gradle-settings-api-9.4.0.pom to /root/projects/PassVault/audit-runtime-linux-android-release-action03/gradle-home/.tmp/gradle_download15225511210628974523bin
Downloading https://repo.maven.apache.org/maven2/org/apache/httpcomponents/httpmime/4.5.6/httpmime-4.5.6.pom to /root/projects/PassVault/audit-runtime-linux-android-release-action03/gradle-home/.tmp/gradle_download8319379103132639599bin
Downloading https://repo.maven.apache.org/maven2/org/sonatype/oss/oss-parent/7/oss-parent-7.pom to /root/projects/PassVault/audit-runtime-linux-android-release-action03/gradle-home/.tmp/gradle_download14570500160448339834bin
Resource missing. [HTTP GET: https://dl.google.com/dl/android/maven2/com/google/crypto/tink/tink/1.7.0/tink-1.7.0.pom]
Downloading https://repo.maven.apache.org/maven2/org/apache/commons/commons-parent/69/commons-parent-69.pom to /root/projects/PassVault/audit-runtime-linux-android-release-action03/gradle-home/.tmp/gradle_download4883991170865696422bin
Downloading https://repo.maven.apache.org/maven2/com/sun/xml/bind/mvn/jaxb-runtime-parent/2.3.2/jaxb-runtime-parent-2.3.2.pom to /root/projects/PassVault/audit-runtime-linux-android-release-action03/gradle-home/.tmp/gradle_download2628577612370791193bin
Downloading https://repo.maven.apache.org/maven2/org/ow2/ow2/1.5.1/ow2-1.5.1.pom to /root/projects/PassVault/audit-runtime-linux-android-release-action03/gradle-home/.tmp/gradle_download17584175891012584102bin
Downloading https://repo.maven.apache.org/maven2/org/apache/httpcomponents/httpcomponents-client/4.5.6/httpcomponents-client-4.5.6.pom to /root/projects/PassVault/audit-runtime-linux-android-release-action03/gradle-home/.tmp/gradle_download14917776184115230931bin
Downloading https://dl.google.com/dl/android/maven2/com/android/tools/analytics-library/shared/32.4.0/shared-32.4.0.pom to /root/projects/PassVault/audit-runtime-linux-android-release-action03/gradle-home/.tmp/gradle_download15824359786503532559bin
Downloading https://repo.maven.apache.org/maven2/org/ow2/asm/asm-commons/9.9/asm-commons-9.9.pom to /root/projects/PassVault/audit-runtime-linux-android-release-action03/gradle-home/.tmp/gradle_download8268222195829317848bin
Downloading https://repo.maven.apache.org/maven2/org/tensorflow/tensorflow-lite-metadata/0.2.0/tensorflow-lite-metadata-0.2.0.pom to /root/projects/PassVault/audit-runtime-linux-android-release-action03/gradle-home/.tmp/gradle_download9970386115825876960bin
Downloading https://dl.google.com/dl/android/maven2/com/android/tools/analytics-library/crash/32.4.0/crash-32.4.0.pom to /root/projects/PassVault/audit-runtime-linux-android-release-action03/gradle-home/.tmp/gradle_download17377961146880215308bin
Downloading https://repo.maven.apache.org/maven2/org/apache/httpcomponents/httpcomponents-parent/10/httpcomponents-parent-10.pom to /root/projects/PassVault/audit-runtime-linux-android-release-action03/gradle-home/.tmp/gradle_download1274203986152210385bin
Downloading https://dl.google.com/dl/android/maven2/com/android/tools/utp/gradle-work-action-api/32.4.0/gradle-work-action-api-32.4.0.pom to /root/projects/PassVault/audit-runtime-linux-android-release-action03/gradle-home/.tmp/gradle_download800039677185126795bin
Downloading https://dl.google.com/dl/android/maven2/com/android/tools/sdk-common/32.4.0/sdk-common-32.4.0.pom to /root/projects/PassVault/audit-runtime-linux-android-release-action03/gradle-home/.tmp/gradle_download3835718196689322725bin
Downloading https://dl.google.com/dl/android/maven2/androidx/databinding/databinding-common/9.4.0/databinding-common-9.4.0.pom to /root/projects/PassVault/audit-runtime-linux-android-release-action03/gradle-home/.tmp/gradle_download10488691382760152282bin
Downloading https://dl.google.com/dl/android/maven2/com/android/tools/ddms/ddmlib/32.4.0/ddmlib-32.4.0.pom to /root/projects/PassVault/audit-runtime-linux-android-release-action03/gradle-home/.tmp/gradle_download9472198724158052983bin
Downloading https://dl.google.com/dl/android/maven2/androidx/databinding/databinding-compiler-common/9.4.0/databinding-compiler-common-9.4.0.pom to /root/projects/PassVault/audit-runtime-linux-android-release-action03/gradle-home/.tmp/gradle_download13688275854874252720bin
Downloading https://dl.google.com/dl/android/maven2/com/android/tools/build/aaptcompiler/9.4.0/aaptcompiler-9.4.0.pom to /root/projects/PassVault/audit-runtime-linux-android-release-action03/gradle-home/.tmp/gradle_download16018336450651231281bin
Downloading https://repo.maven.apache.org/maven2/com/sun/xml/bind/mvn/jaxb-parent/2.3.2/jaxb-parent-2.3.2.pom to /root/projects/PassVault/audit-runtime-linux-android-release-action03/gradle-home/.tmp/gradle_download615652138739431677bin
Downloading https://dl.google.com/dl/android/maven2/com/android/tools/repository/32.4.0/repository-32.4.0.pom to /root/projects/PassVault/audit-runtime-linux-android-release-action03/gradle-home/.tmp/gradle_download2365155820636904448bin
Downloading https://dl.google.com/dl/android/maven2/com/android/tools/build/builder-test-api/9.4.0/builder-test-api-9.4.0.pom to /root/projects/PassVault/audit-runtime-linux-android-release-action03/gradle-home/.tmp/gradle_download2581081157361122589bin
Downloading https://dl.google.com/dl/android/maven2/com/android/tools/build/builder-model/9.4.0/builder-model-9.4.0.pom to /root/projects/PassVault/audit-runtime-linux-android-release-action03/gradle-home/.tmp/gradle_download4717062937471802890bin
Downloading https://dl.google.com/dl/android/maven2/com/android/tools/lint/lint-typedef-remover/32.4.0/lint-typedef-remover-32.4.0.pom to /root/projects/PassVault/audit-runtime-linux-android-release-action03/gradle-home/.tmp/gradle_download14363792345847967346bin
Downloading https://dl.google.com/dl/android/maven2/com/android/tools/build/jetifier/jetifier-processor/1.0.0-beta10/jetifier-processor-1.0.0-beta10.pom to /root/projects/PassVault/audit-runtime-linux-android-release-action03/gradle-home/.tmp/gradle_download5354645465429632784bin
Resource missing. [HTTP GET: https://dl.google.com/dl/android/maven2/com/google/protobuf/protobuf-java-util/3.25.5/protobuf-java-util-3.25.5.pom]
Resource missing. [HTTP GET: https://dl.google.com/dl/android/maven2/com/google/code/gson/gson/2.11.0/gson-2.11.0.pom]
Downloading https://dl.google.com/dl/android/maven2/com/android/tools/build/bundletool/1.18.3/bundletool-1.18.3.pom to /root/projects/PassVault/audit-runtime-linux-android-release-action03/gradle-home/.tmp/gradle_download1336220982995075941bin
Downloading https://dl.google.com/dl/android/maven2/com/android/tools/sdklib/32.4.0/sdklib-32.4.0.pom to /root/projects/PassVault/audit-runtime-linux-android-release-action03/gradle-home/.tmp/gradle_download10319732208959027131bin
Downloading https://dl.google.com/dl/android/maven2/com/android/tools/layoutlib/layoutlib-api/32.4.0/layoutlib-api-32.4.0.pom to /root/projects/PassVault/audit-runtime-linux-android-release-action03/gradle-home/.tmp/gradle_download10209659345654382728bin
Downloading https://dl.google.com/dl/android/maven2/com/android/tools/build/jetifier/jetifier-core/1.0.0-beta10/jetifier-core-1.0.0-beta10.pom to /root/projects/PassVault/audit-runtime-linux-android-release-action03/gradle-home/.tmp/gradle_download12382719930700891595bin
Downloading https://repo.maven.apache.org/maven2/org/apache/apache/31/apache-31.pom to /root/projects/PassVault/audit-runtime-linux-android-release-action03/gradle-home/.tmp/gradle_download9304979537112812871bin
Downloading https://dl.google.com/dl/android/maven2/com/android/tools/build/aapt2-proto/9.4.0-15978811/aapt2-proto-9.4.0-15978811.pom to /root/projects/PassVault/audit-runtime-linux-android-release-action03/gradle-home/.tmp/gradle_download10612623773333651058bin
Downloading https://dl.google.com/dl/android/maven2/com/android/tools/lint/lint-model/32.4.0/lint-model-32.4.0.pom to /root/projects/PassVault/audit-runtime-linux-android-release-action03/gradle-home/.tmp/gradle_download16452946652867439513bin
Downloading https://dl.google.com/dl/android/maven2/com/android/tools/build/gradle-api/9.4.0/gradle-api-9.4.0.pom to /root/projects/PassVault/audit-runtime-linux-android-release-action03/gradle-home/.tmp/gradle_download12108341815599111083bin
Downloading https://dl.google.com/dl/android/maven2/com/android/tools/build/builder/9.4.0/builder-9.4.0.pom to /root/projects/PassVault/audit-runtime-linux-android-release-action03/gradle-home/.tmp/gradle_download868408102517051161bin
Resource missing. [HTTP GET: https://dl.google.com/dl/android/maven2/com/google/protobuf/protobuf-java/3.25.5/protobuf-java-3.25.5.pom]
Resource missing. [HTTP GET: https://dl.google.com/dl/android/maven2/com/google/crypto/tink/tink/1.7.0/tink-1.7.0.pom]
Downloading https://dl.google.com/dl/android/maven2/com/android/tools/build/gradle-settings-api/9.4.0/gradle-settings-api-9.4.0.module to /root/projects/PassVault/audit-runtime-linux-android-release-action03/gradle-home/.tmp/gradle_download8675271792570148154bin
Downloading https://dl.google.com/dl/android/maven2/com/android/tools/build/aaptcompiler/9.4.0/aaptcompiler-9.4.0.module to /root/projects/PassVault/audit-runtime-linux-android-release-action03/gradle-home/.tmp/gradle_download17606100978618948635bin
Downloading https://dl.google.com/dl/android/maven2/com/android/tools/build/builder-model/9.4.0/builder-model-9.4.0.module to /root/projects/PassVault/audit-runtime-linux-android-release-action03/gradle-home/.tmp/gradle_download6789061082262787533bin
Resource missing. [HTTP GET: https://dl.google.com/dl/android/maven2/com/google/protobuf/protobuf-java-util/3.25.5/protobuf-java-util-3.25.5.pom]
Downloading https://dl.google.com/dl/android/maven2/com/android/tools/utp/gradle-work-action-api/32.4.0/gradle-work-action-api-32.4.0.module to /root/projects/PassVault/audit-runtime-linux-android-release-action03/gradle-home/.tmp/gradle_download14519690426980939736bin
Downloading https://dl.google.com/dl/android/maven2/com/android/tools/build/jetifier/jetifier-processor/1.0.0-beta10/jetifier-processor-1.0.0-beta10.module to /root/projects/PassVault/audit-runtime-linux-android-release-action03/gradle-home/.tmp/gradle_download10571772706028309786bin
Downloading https://repo.maven.apache.org/maven2/org/apache/apache/18/apache-18.pom to /root/projects/PassVault/audit-runtime-linux-android-release-action03/gradle-home/.tmp/gradle_download5556538410034537895bin
Downloading https://repo.maven.apache.org/maven2/com/sun/xml/bind/jaxb-bom-ext/2.3.2/jaxb-bom-ext-2.3.2.pom to /root/projects/PassVault/audit-runtime-linux-android-release-action03/gradle-home/.tmp/gradle_download8696677473064712907bin
Downloading https://dl.google.com/dl/android/maven2/com/android/tools/build/builder-test-api/9.4.0/builder-test-api-9.4.0.module to /root/projects/PassVault/audit-runtime-linux-android-release-action03/gradle-home/.tmp/gradle_download18379199648703898536bin
Resource missing. [HTTP GET: https://dl.google.com/dl/android/maven2/com/google/code/gson/gson/2.11.0/gson-2.11.0.pom]
Downloading https://dl.google.com/dl/android/maven2/com/android/tools/build/jetifier/jetifier-core/1.0.0-beta10/jetifier-core-1.0.0-beta10.module to /root/projects/PassVault/audit-runtime-linux-android-release-action03/gradle-home/.tmp/gradle_download3265269985675968754bin
Downloading https://dl.google.com/dl/android/maven2/com/android/tools/build/aapt2-proto/9.4.0-15978811/aapt2-proto-9.4.0-15978811.module to /root/projects/PassVault/audit-runtime-linux-android-release-action03/gradle-home/.tmp/gradle_download14674939003564996529bin
Downloading https://repo.maven.apache.org/maven2/com/google/crypto/tink/tink/1.7.0/tink-1.7.0.pom to /root/projects/PassVault/audit-runtime-linux-android-release-action03/gradle-home/.tmp/gradle_download6128208592129923551bin
Resource missing. [HTTP GET: https://dl.google.com/dl/android/maven2/com/google/protobuf/protobuf-java/3.25.5/protobuf-java-3.25.5.pom]
Downloading https://dl.google.com/dl/android/maven2/com/android/tools/build/gradle-api/9.4.0/gradle-api-9.4.0.module to /root/projects/PassVault/audit-runtime-linux-android-release-action03/gradle-home/.tmp/gradle_download17725067033427240789bin
Downloading https://repo.maven.apache.org/maven2/org/junit/junit-bom/5.10.2/junit-bom-5.10.2.pom to /root/projects/PassVault/audit-runtime-linux-android-release-action03/gradle-home/.tmp/gradle_download14177895612416124900bin
Downloading https://dl.google.com/dl/android/maven2/com/android/tools/build/builder/9.4.0/builder-9.4.0.module to /root/projects/PassVault/audit-runtime-linux-android-release-action03/gradle-home/.tmp/gradle_download9818090903086525926bin
Downloading https://repo.maven.apache.org/maven2/com/google/protobuf/protobuf-java-util/3.25.5/protobuf-java-util-3.25.5.pom to /root/projects/PassVault/audit-runtime-linux-android-release-action03/gradle-home/.tmp/gradle_download17504557645194453631bin
Downloading https://repo.maven.apache.org/maven2/org/glassfish/jaxb/jaxb-bom/2.3.2/jaxb-bom-2.3.2.pom to /root/projects/PassVault/audit-runtime-linux-android-release-action03/gradle-home/.tmp/gradle_download8869008494733477683bin
Downloading https://repo.maven.apache.org/maven2/com/google/code/gson/gson/2.11.0/gson-2.11.0.pom to /root/projects/PassVault/audit-runtime-linux-android-release-action03/gradle-home/.tmp/gradle_download1183275542330151149bin
Downloading https://repo.maven.apache.org/maven2/org/junit/junit-bom/5.10.2/junit-bom-5.10.2.module to /root/projects/PassVault/audit-runtime-linux-android-release-action03/gradle-home/.tmp/gradle_download4706041938788886108bin
Downloading https://repo.maven.apache.org/maven2/com/google/protobuf/protobuf-java/3.25.5/protobuf-java-3.25.5.pom to /root/projects/PassVault/audit-runtime-linux-android-release-action03/gradle-home/.tmp/gradle_download17091778439587817154bin
Resource missing. [HTTP GET: https://dl.google.com/dl/android/maven2/com/google/protobuf/protobuf-parent/3.25.5/protobuf-parent-3.25.5.pom]
Downloading https://repo.maven.apache.org/maven2/org/eclipse/ee4j/project/1.0.5/project-1.0.5.pom to /root/projects/PassVault/audit-runtime-linux-android-release-action03/gradle-home/.tmp/gradle_download9006680792853837761bin
Resource missing. [HTTP GET: https://dl.google.com/dl/android/maven2/com/google/code/gson/gson-parent/2.11.0/gson-parent-2.11.0.pom]
Resource missing. [HTTP GET: https://dl.google.com/dl/android/maven2/com/google/protobuf/protobuf-parent/3.25.5/protobuf-parent-3.25.5.pom]
Resource missing. [HTTP GET: https://dl.google.com/dl/android/maven2/com/google/code/gson/gson-parent/2.11.0/gson-parent-2.11.0.pom]
Downloading https://repo.maven.apache.org/maven2/com/google/protobuf/protobuf-parent/3.25.5/protobuf-parent-3.25.5.pom to /root/projects/PassVault/audit-runtime-linux-android-release-action03/gradle-home/.tmp/gradle_download17751307532401015840bin
Downloading https://repo.maven.apache.org/maven2/com/google/code/gson/gson-parent/2.11.0/gson-parent-2.11.0.pom to /root/projects/PassVault/audit-runtime-linux-android-release-action03/gradle-home/.tmp/gradle_download5306787141607036796bin
Resource missing. [HTTP GET: https://dl.google.com/dl/android/maven2/com/google/protobuf/protobuf-bom/3.25.5/protobuf-bom-3.25.5.pom]
Resource missing. [HTTP GET: https://dl.google.com/dl/android/maven2/com/google/protobuf/protobuf-bom/3.25.5/protobuf-bom-3.25.5.pom]
Downloading https://repo.maven.apache.org/maven2/com/google/protobuf/protobuf-bom/3.25.5/protobuf-bom-3.25.5.pom to /root/projects/PassVault/audit-runtime-linux-android-release-action03/gradle-home/.tmp/gradle_download1257949294637860693bin
Downloading https://repo.maven.apache.org/maven2/io/github/detekt/sarif4k/sarif4k/0.6.0/sarif4k-0.6.0.pom to /root/projects/PassVault/audit-runtime-linux-android-release-action03/gradle-home/.tmp/gradle_download8997495748430985411bin
Downloading https://repo.maven.apache.org/maven2/io/github/detekt/sarif4k/sarif4k/0.6.0/sarif4k-0.6.0.module to /root/projects/PassVault/audit-runtime-linux-android-release-action03/gradle-home/.tmp/gradle_download11573434518422816666bin
Downloading https://repo.maven.apache.org/maven2/org/jetbrains/kotlin/kotlin-build-tools-api/2.4.10/kotlin-build-tools-api-2.4.10.pom to /root/projects/PassVault/audit-runtime-linux-android-release-action03/gradle-home/.tmp/gradle_download5008900156525245236bin
Downloading https://repo.maven.apache.org/maven2/org/jetbrains/kotlin/kotlin-native-utils/2.4.10/kotlin-native-utils-2.4.10.pom to /root/projects/PassVault/audit-runtime-linux-android-release-action03/gradle-home/.tmp/gradle_download9116304898695820381bin
Downloading https://repo.maven.apache.org/maven2/org/jetbrains/kotlin/kotlin-gradle-plugin-annotations/2.4.10/kotlin-gradle-plugin-annotations-2.4.10.pom to /root/projects/PassVault/audit-runtime-linux-android-release-action03/gradle-home/.tmp/gradle_download2690039933227821623bin
Downloading https://repo.maven.apache.org/maven2/org/jetbrains/kotlin/kotlin-tooling-core/2.4.10/kotlin-tooling-core-2.4.10.pom to /root/projects/PassVault/audit-runtime-linux-android-release-action03/gradle-home/.tmp/gradle_download2507531297910593793bin
Downloading https://repo.maven.apache.org/maven2/org/jetbrains/kotlin/kotlin-util-klib/2.4.10/kotlin-util-klib-2.4.10.pom to /root/projects/PassVault/audit-runtime-linux-android-release-action03/gradle-home/.tmp/gradle_download2236632912852543189bin
Downloading https://repo.maven.apache.org/maven2/org/jetbrains/kotlin/kotlin-util-io/2.4.10/kotlin-util-io-2.4.10.pom to /root/projects/PassVault/audit-runtime-linux-android-release-action03/gradle-home/.tmp/gradle_download7009782402996105552bin
Downloading https://repo.maven.apache.org/maven2/org/jetbrains/kotlin/kotlin-daemon-client/2.4.10/kotlin-daemon-client-2.4.10.pom to /root/projects/PassVault/audit-runtime-linux-android-release-action03/gradle-home/.tmp/gradle_download5747652538347386233bin
Downloading https://repo.maven.apache.org/maven2/org/jetbrains/kotlinx/kotlinx-coroutines-core-jvm/1.8.0/kotlinx-coroutines-core-jvm-1.8.0.pom to /root/projects/PassVault/audit-runtime-linux-android-release-action03/gradle-home/.tmp/gradle_download12900757942839677330bin
Downloading https://repo.maven.apache.org/maven2/org/jetbrains/kotlinx/kotlinx-coroutines-bom/1.8.0/kotlinx-coroutines-bom-1.8.0.pom to /root/projects/PassVault/audit-runtime-linux-android-release-action03/gradle-home/.tmp/gradle_download10191757006449879195bin
Downloading https://repo.maven.apache.org/maven2/org/jetbrains/kotlinx/kotlinx-coroutines-core-jvm/1.8.0/kotlinx-coroutines-core-jvm-1.8.0.module to /root/projects/PassVault/audit-runtime-linux-android-release-action03/gradle-home/.tmp/gradle_download5723149699331999659bin
Downloading https://repo.maven.apache.org/maven2/org/jetbrains/annotations/13.0/annotations-13.0.pom to /root/projects/PassVault/audit-runtime-linux-android-release-action03/gradle-home/.tmp/gradle_download16982705308820439397bin
Downloading https://dl.google.com/dl/android/maven2/com/android/tools/build/gradle-common-api/9.4.0/gradle-common-api-9.4.0.pom to /root/projects/PassVault/audit-runtime-linux-android-release-action03/gradle-home/.tmp/gradle_download9103918810567530235bin
Downloading https://dl.google.com/dl/android/maven2/com/android/tools/build/gradle-common-api/9.4.0/gradle-common-api-9.4.0.module to /root/projects/PassVault/audit-runtime-linux-android-release-action03/gradle-home/.tmp/gradle_download14404001307501093017bin
Downloading https://repo.maven.apache.org/maven2/org/apache/commons/commons-compress/1.27.1/commons-compress-1.27.1.pom to /root/projects/PassVault/audit-runtime-linux-android-release-action03/gradle-home/.tmp/gradle_download9768257625751247972bin
Downloading https://repo.maven.apache.org/maven2/org/bouncycastle/bcpkix-jdk18on/1.80.2/bcpkix-jdk18on-1.80.2.pom to /root/projects/PassVault/audit-runtime-linux-android-release-action03/gradle-home/.tmp/gradle_download15316273856142087808bin
Downloading https://repo.maven.apache.org/maven2/net/sf/kxml/kxml2/2.3.0/kxml2-2.3.0.pom to /root/projects/PassVault/audit-runtime-linux-android-release-action03/gradle-home/.tmp/gradle_download5032372256559114170bin
Downloading https://repo.maven.apache.org/maven2/javax/inject/javax.inject/1/javax.inject-1.pom to /root/projects/PassVault/audit-runtime-linux-android-release-action03/gradle-home/.tmp/gradle_download4807754336745133319bin
Downloading https://repo.maven.apache.org/maven2/org/bouncycastle/bcprov-jdk18on/1.80.2/bcprov-jdk18on-1.80.2.pom to /root/projects/PassVault/audit-runtime-linux-android-release-action03/gradle-home/.tmp/gradle_download554464884504245959bin
Resource missing. [HTTP GET: https://dl.google.com/dl/android/maven2/com/google/guava/guava/33.4.0-jre/guava-33.4.0-jre.pom]
Downloading https://dl.google.com/dl/android/maven2/com/android/tools/common/32.4.0/common-32.4.0.pom to /root/projects/PassVault/audit-runtime-linux-android-release-action03/gradle-home/.tmp/gradle_download10971642104904094362bin
Downloading https://repo.maven.apache.org/maven2/org/apache/commons/commons-parent/72/commons-parent-72.pom to /root/projects/PassVault/audit-runtime-linux-android-release-action03/gradle-home/.tmp/gradle_download9425634096149387391bin
Resource missing. [HTTP GET: https://dl.google.com/dl/android/maven2/com/google/guava/guava/33.4.0-jre/guava-33.4.0-jre.pom]
Downloading https://repo.maven.apache.org/maven2/com/google/guava/guava/33.4.0-jre/guava-33.4.0-jre.pom to /root/projects/PassVault/audit-runtime-linux-android-release-action03/gradle-home/.tmp/gradle_download6570938654748610710bin
Downloading https://repo.maven.apache.org/maven2/org/apache/apache/33/apache-33.pom to /root/projects/PassVault/audit-runtime-linux-android-release-action03/gradle-home/.tmp/gradle_download11754093754692498459bin
Resource missing. [HTTP GET: https://dl.google.com/dl/android/maven2/com/google/guava/guava-parent/33.4.0-jre/guava-parent-33.4.0-jre.pom]
Downloading https://repo.maven.apache.org/maven2/org/junit/junit-bom/5.11.0-M2/junit-bom-5.11.0-M2.pom to /root/projects/PassVault/audit-runtime-linux-android-release-action03/gradle-home/.tmp/gradle_download2188457436755746901bin
Downloading https://repo.maven.apache.org/maven2/org/junit/junit-bom/5.11.0-M2/junit-bom-5.11.0-M2.module to /root/projects/PassVault/audit-runtime-linux-android-release-action03/gradle-home/.tmp/gradle_download6248914648358921253bin
Resource missing. [HTTP GET: https://dl.google.com/dl/android/maven2/com/google/guava/guava-parent/33.4.0-jre/guava-parent-33.4.0-jre.pom]
Downloading https://repo.maven.apache.org/maven2/com/google/guava/guava-parent/33.4.0-jre/guava-parent-33.4.0-jre.pom to /root/projects/PassVault/audit-runtime-linux-android-release-action03/gradle-home/.tmp/gradle_download15372116715906438194bin
Downloading https://repo.maven.apache.org/maven2/com/google/guava/guava/33.4.0-jre/guava-33.4.0-jre.module to /root/projects/PassVault/audit-runtime-linux-android-release-action03/gradle-home/.tmp/gradle_download11675597166863195608bin
Downloading https://repo.maven.apache.org/maven2/org/jetbrains/kotlin/kotlin-reflect/2.4.0/kotlin-reflect-2.4.0.pom to /root/projects/PassVault/audit-runtime-linux-android-release-action03/gradle-home/.tmp/gradle_download8694405396570745034bin
Downloading https://repo.maven.apache.org/maven2/org/apache/httpcomponents/httpcore/4.4.16/httpcore-4.4.16.pom to /root/projects/PassVault/audit-runtime-linux-android-release-action03/gradle-home/.tmp/gradle_download12098042496643688495bin
Downloading https://dl.google.com/dl/android/maven2/com/android/tools/dvlib/32.4.0/dvlib-32.4.0.pom to /root/projects/PassVault/audit-runtime-linux-android-release-action03/gradle-home/.tmp/gradle_download9137265338352563973bin
Downloading https://repo.maven.apache.org/maven2/org/apache/httpcomponents/httpcomponents-core/4.4.16/httpcomponents-core-4.4.16.pom to /root/projects/PassVault/audit-runtime-linux-android-release-action03/gradle-home/.tmp/gradle_download13165587707185067799bin
Downloading https://repo.maven.apache.org/maven2/org/apache/httpcomponents/httpcomponents-parent/11/httpcomponents-parent-11.pom to /root/projects/PassVault/audit-runtime-linux-android-release-action03/gradle-home/.tmp/gradle_download4324408547159386484bin
Downloading https://repo.maven.apache.org/maven2/org/apache/apache/21/apache-21.pom to /root/projects/PassVault/audit-runtime-linux-android-release-action03/gradle-home/.tmp/gradle_download3738421329327745048bin
Downloading https://repo.maven.apache.org/maven2/org/jetbrains/kotlin/kotlin-stdlib-jdk8/2.2.10/kotlin-stdlib-jdk8-2.2.10.pom to /root/projects/PassVault/audit-runtime-linux-android-release-action03/gradle-home/.tmp/gradle_download12836376369129074216bin
Downloading https://repo.maven.apache.org/maven2/org/jetbrains/kotlinx/kotlinx-coroutines-core/1.9.0/kotlinx-coroutines-core-1.9.0.pom to /root/projects/PassVault/audit-runtime-linux-android-release-action03/gradle-home/.tmp/gradle_download3607519008817290088bin
Resource missing. [HTTP GET: https://dl.google.com/dl/android/maven2/com/google/jimfs/jimfs/1.1/jimfs-1.1.pom]
Downloading https://repo.maven.apache.org/maven2/org/jetbrains/kotlinx/kotlinx-coroutines-bom/1.9.0/kotlinx-coroutines-bom-1.9.0.pom to /root/projects/PassVault/audit-runtime-linux-android-release-action03/gradle-home/.tmp/gradle_download13735314797741450446bin
Resource missing. [HTTP GET: https://dl.google.com/dl/android/maven2/com/google/jimfs/jimfs/1.1/jimfs-1.1.pom]
Downloading https://repo.maven.apache.org/maven2/com/google/jimfs/jimfs/1.1/jimfs-1.1.pom to /root/projects/PassVault/audit-runtime-linux-android-release-action03/gradle-home/.tmp/gradle_download8356900508723355322bin
Downloading https://repo.maven.apache.org/maven2/org/jetbrains/kotlinx/kotlinx-coroutines-core/1.9.0/kotlinx-coroutines-core-1.9.0.module to /root/projects/PassVault/audit-runtime-linux-android-release-action03/gradle-home/.tmp/gradle_download8316215019744493498bin
Resource missing. [HTTP GET: https://dl.google.com/dl/android/maven2/com/google/jimfs/jimfs-parent/1.1/jimfs-parent-1.1.pom]
Resource missing. [HTTP GET: https://dl.google.com/dl/android/maven2/com/google/jimfs/jimfs-parent/1.1/jimfs-parent-1.1.pom]
Downloading https://repo.maven.apache.org/maven2/com/google/jimfs/jimfs-parent/1.1/jimfs-parent-1.1.pom to /root/projects/PassVault/audit-runtime-linux-android-release-action03/gradle-home/.tmp/gradle_download11241252323784275152bin
Downloading https://repo.maven.apache.org/maven2/org/apache/httpcomponents/httpclient/4.5.14/httpclient-4.5.14.pom to /root/projects/PassVault/audit-runtime-linux-android-release-action03/gradle-home/.tmp/gradle_download5244937006659618784bin
Downloading https://dl.google.com/dl/android/maven2/com/android/tools/annotations/32.4.0/annotations-32.4.0.pom to /root/projects/PassVault/audit-runtime-linux-android-release-action03/gradle-home/.tmp/gradle_download5352711435084981245bin
Downloading https://repo.maven.apache.org/maven2/org/apache/httpcomponents/httpcomponents-client/4.5.14/httpcomponents-client-4.5.14.pom to /root/projects/PassVault/audit-runtime-linux-android-release-action03/gradle-home/.tmp/gradle_download16150050733406396950bin
Downloading https://repo.maven.apache.org/maven2/net/java/dev/jna/jna-platform/5.6.0/jna-platform-5.6.0.pom to /root/projects/PassVault/audit-runtime-linux-android-release-action03/gradle-home/.tmp/gradle_download14026201334513012271bin
Downloading https://dl.google.com/dl/android/maven2/com/android/tools/analytics-library/protos/32.4.0/protos-32.4.0.pom to /root/projects/PassVault/audit-runtime-linux-android-release-action03/gradle-home/.tmp/gradle_download4017045133668244905bin
Resource missing. [HTTP GET: https://dl.google.com/dl/android/maven2/com/googlecode/juniversalchardet/juniversalchardet/1.0.3/juniversalchardet-1.0.3.pom]
Resource missing. [HTTP GET: https://dl.google.com/dl/android/maven2/com/googlecode/juniversalchardet/juniversalchardet/1.0.3/juniversalchardet-1.0.3.pom]
Downloading https://repo.maven.apache.org/maven2/com/googlecode/juniversalchardet/juniversalchardet/1.0.3/juniversalchardet-1.0.3.pom to /root/projects/PassVault/audit-runtime-linux-android-release-action03/gradle-home/.tmp/gradle_download2696932291668593850bin
Downloading https://repo.maven.apache.org/maven2/org/ow2/asm/asm-tree/9.9/asm-tree-9.9.pom to /root/projects/PassVault/audit-runtime-linux-android-release-action03/gradle-home/.tmp/gradle_download14026031149713859110bin
Downloading https://repo.maven.apache.org/maven2/jakarta/activation/jakarta.activation-api/1.2.1/jakarta.activation-api-1.2.1.pom to /root/projects/PassVault/audit-runtime-linux-android-release-action03/gradle-home/.tmp/gradle_download7004365074751330670bin
Downloading https://repo.maven.apache.org/maven2/jakarta/xml/bind/jakarta.xml.bind-api/2.3.2/jakarta.xml.bind-api-2.3.2.pom to /root/projects/PassVault/audit-runtime-linux-android-release-action03/gradle-home/.tmp/gradle_download979699126888232278bin
Downloading https://repo.maven.apache.org/maven2/org/glassfish/jaxb/txw2/2.3.2/txw2-2.3.2.pom to /root/projects/PassVault/audit-runtime-linux-android-release-action03/gradle-home/.tmp/gradle_download16157513938906529446bin
Downloading https://repo.maven.apache.org/maven2/com/sun/istack/istack-commons-runtime/3.0.8/istack-commons-runtime-3.0.8.pom to /root/projects/PassVault/audit-runtime-linux-android-release-action03/gradle-home/.tmp/gradle_download6586702119938168317bin
Downloading https://repo.maven.apache.org/maven2/com/sun/xml/fastinfoset/FastInfoset/1.2.16/FastInfoset-1.2.16.pom to /root/projects/PassVault/audit-runtime-linux-android-release-action03/gradle-home/.tmp/gradle_download10445486247453619260bin
Downloading https://repo.maven.apache.org/maven2/org/jvnet/staxex/stax-ex/1.8.1/stax-ex-1.8.1.pom to /root/projects/PassVault/audit-runtime-linux-android-release-action03/gradle-home/.tmp/gradle_download14208387830329196227bin
Downloading https://repo.maven.apache.org/maven2/com/sun/istack/istack-commons/3.0.8/istack-commons-3.0.8.pom to /root/projects/PassVault/audit-runtime-linux-android-release-action03/gradle-home/.tmp/gradle_download15022389338492288735bin
Downloading https://repo.maven.apache.org/maven2/jakarta/xml/bind/jakarta.xml.bind-api-parent/2.3.2/jakarta.xml.bind-api-parent-2.3.2.pom to /root/projects/PassVault/audit-runtime-linux-android-release-action03/gradle-home/.tmp/gradle_download11700109372938821542bin
Downloading https://repo.maven.apache.org/maven2/com/sun/xml/bind/mvn/jaxb-txw-parent/2.3.2/jaxb-txw-parent-2.3.2.pom to /root/projects/PassVault/audit-runtime-linux-android-release-action03/gradle-home/.tmp/gradle_download2856674638285243147bin
Downloading https://repo.maven.apache.org/maven2/com/sun/xml/fastinfoset/fastinfoset-project/1.2.16/fastinfoset-project-1.2.16.pom to /root/projects/PassVault/audit-runtime-linux-android-release-action03/gradle-home/.tmp/gradle_download13306914372151002747bin
Downloading https://repo.maven.apache.org/maven2/com/sun/activation/all/1.2.1/all-1.2.1.pom to /root/projects/PassVault/audit-runtime-linux-android-release-action03/gradle-home/.tmp/gradle_download5589778893352676659bin
Downloading https://repo.maven.apache.org/maven2/org/eclipse/ee4j/project/1.0.2/project-1.0.2.pom to /root/projects/PassVault/audit-runtime-linux-android-release-action03/gradle-home/.tmp/gradle_download18164851045634894302bin
Downloading https://repo.maven.apache.org/maven2/org/slf4j/slf4j-api/1.7.30/slf4j-api-1.7.30.pom to /root/projects/PassVault/audit-runtime-linux-android-release-action03/gradle-home/.tmp/gradle_download171424843754639272bin
Resource missing. [HTTP GET: https://dl.google.com/dl/android/maven2/com/google/errorprone/error_prone_annotations/2.3.1/error_prone_annotations-2.3.1.pom]
Resource missing. [HTTP GET: https://dl.google.com/dl/android/maven2/com/google/dagger/dagger/2.28.3/dagger-2.28.3.pom]
Resource missing. [HTTP GET: https://dl.google.com/dl/android/maven2/com/google/auto/value/auto-value-annotations/1.6.2/auto-value-annotations-1.6.2.pom]
Downloading https://repo.maven.apache.org/maven2/org/bitbucket/b_c/jose4j/0.9.5/jose4j-0.9.5.pom to /root/projects/PassVault/audit-runtime-linux-android-release-action03/gradle-home/.tmp/gradle_download4529574645749540446bin
Resource missing. [HTTP GET: https://dl.google.com/dl/android/maven2/com/google/errorprone/error_prone_annotations/2.3.1/error_prone_annotations-2.3.1.pom]
Resource missing. [HTTP GET: https://dl.google.com/dl/android/maven2/com/google/dagger/dagger/2.28.3/dagger-2.28.3.pom]
Resource missing. [HTTP GET: https://dl.google.com/dl/android/maven2/com/google/auto/value/auto-value-annotations/1.6.2/auto-value-annotations-1.6.2.pom]
Downloading https://repo.maven.apache.org/maven2/org/slf4j/slf4j-parent/1.7.30/slf4j-parent-1.7.30.pom to /root/projects/PassVault/audit-runtime-linux-android-release-action03/gradle-home/.tmp/gradle_download242768708110693078bin
Downloading https://repo.maven.apache.org/maven2/com/google/dagger/dagger/2.28.3/dagger-2.28.3.pom to /root/projects/PassVault/audit-runtime-linux-android-release-action03/gradle-home/.tmp/gradle_download9249084006235743387bin
Downloading https://repo.maven.apache.org/maven2/com/google/errorprone/error_prone_annotations/2.3.1/error_prone_annotations-2.3.1.pom to /root/projects/PassVault/audit-runtime-linux-android-release-action03/gradle-home/.tmp/gradle_download5978421329370804139bin
Downloading https://repo.maven.apache.org/maven2/com/google/auto/value/auto-value-annotations/1.6.2/auto-value-annotations-1.6.2.pom to /root/projects/PassVault/audit-runtime-linux-android-release-action03/gradle-home/.tmp/gradle_download7073537546438064361bin
Resource missing. [HTTP GET: https://dl.google.com/dl/android/maven2/com/google/auto/value/auto-value-parent/1.6.2/auto-value-parent-1.6.2.pom]
Resource missing. [HTTP GET: https://dl.google.com/dl/android/maven2/com/google/errorprone/error_prone_parent/2.3.1/error_prone_parent-2.3.1.pom]
Resource missing. [HTTP GET: https://dl.google.com/dl/android/maven2/com/google/errorprone/error_prone_parent/2.3.1/error_prone_parent-2.3.1.pom]
Resource missing. [HTTP GET: https://dl.google.com/dl/android/maven2/com/google/auto/value/auto-value-parent/1.6.2/auto-value-parent-1.6.2.pom]
Downloading https://repo.maven.apache.org/maven2/com/google/errorprone/error_prone_parent/2.3.1/error_prone_parent-2.3.1.pom to /root/projects/PassVault/audit-runtime-linux-android-release-action03/gradle-home/.tmp/gradle_download11286595401544419954bin
Downloading https://repo.maven.apache.org/maven2/com/google/auto/value/auto-value-parent/1.6.2/auto-value-parent-1.6.2.pom to /root/projects/PassVault/audit-runtime-linux-android-release-action03/gradle-home/.tmp/gradle_download13392203055487584319bin
Resource missing. [HTTP GET: https://dl.google.com/dl/android/maven2/com/google/auto/auto-parent/6/auto-parent-6.pom]
Resource missing. [HTTP GET: https://dl.google.com/dl/android/maven2/com/google/auto/auto-parent/6/auto-parent-6.pom]
Downloading https://repo.maven.apache.org/maven2/com/google/auto/auto-parent/6/auto-parent-6.pom to /root/projects/PassVault/audit-runtime-linux-android-release-action03/gradle-home/.tmp/gradle_download9016071162948769670bin
Downloading https://repo.maven.apache.org/maven2/org/jdom/jdom2/2.0.6/jdom2-2.0.6.pom to /root/projects/PassVault/audit-runtime-linux-android-release-action03/gradle-home/.tmp/gradle_download5938507281576827467bin
Resource missing. [HTTP GET: https://dl.google.com/dl/android/maven2/com/google/errorprone/error_prone_annotations/2.18.0/error_prone_annotations-2.18.0.pom]
Resource missing. [HTTP GET: https://dl.google.com/dl/android/maven2/com/google/errorprone/error_prone_annotations/2.18.0/error_prone_annotations-2.18.0.pom]
Downloading https://repo.maven.apache.org/maven2/com/google/errorprone/error_prone_annotations/2.18.0/error_prone_annotations-2.18.0.pom to /root/projects/PassVault/audit-runtime-linux-android-release-action03/gradle-home/.tmp/gradle_download2823581969317726861bin
Resource missing. [HTTP GET: https://dl.google.com/dl/android/maven2/com/google/errorprone/error_prone_parent/2.18.0/error_prone_parent-2.18.0.pom]
Resource missing. [HTTP GET: https://dl.google.com/dl/android/maven2/com/google/errorprone/error_prone_parent/2.18.0/error_prone_parent-2.18.0.pom]
Downloading https://repo.maven.apache.org/maven2/com/google/errorprone/error_prone_parent/2.18.0/error_prone_parent-2.18.0.pom to /root/projects/PassVault/audit-runtime-linux-android-release-action03/gradle-home/.tmp/gradle_download15994245971389053555bin
Resource missing. [HTTP GET: https://dl.google.com/dl/android/maven2/com/google/j2objc/j2objc-annotations/2.8/j2objc-annotations-2.8.pom]
Resource missing. [HTTP GET: https://dl.google.com/dl/android/maven2/com/google/code/findbugs/jsr305/3.0.2/jsr305-3.0.2.pom]
Resource missing. [HTTP GET: https://dl.google.com/dl/android/maven2/com/google/code/findbugs/jsr305/3.0.2/jsr305-3.0.2.pom]
Resource missing. [HTTP GET: https://dl.google.com/dl/android/maven2/com/google/j2objc/j2objc-annotations/2.8/j2objc-annotations-2.8.pom]
Downloading https://repo.maven.apache.org/maven2/com/google/j2objc/j2objc-annotations/2.8/j2objc-annotations-2.8.pom to /root/projects/PassVault/audit-runtime-linux-android-release-action03/gradle-home/.tmp/gradle_download5833877638469078753bin
Downloading https://repo.maven.apache.org/maven2/com/google/code/findbugs/jsr305/3.0.2/jsr305-3.0.2.pom to /root/projects/PassVault/audit-runtime-linux-android-release-action03/gradle-home/.tmp/gradle_download7789157755408897602bin
Downloading https://repo.maven.apache.org/maven2/org/sonatype/oss/oss-parent/9/oss-parent-9.pom to /root/projects/PassVault/audit-runtime-linux-android-release-action03/gradle-home/.tmp/gradle_download14600614141931364229bin
Resource missing. [HTTP GET: https://dl.google.com/dl/android/maven2/com/google/errorprone/error_prone_annotations/2.27.0/error_prone_annotations-2.27.0.pom]
Resource missing. [HTTP GET: https://dl.google.com/dl/android/maven2/com/google/errorprone/error_prone_annotations/2.27.0/error_prone_annotations-2.27.0.pom]
Downloading https://repo.maven.apache.org/maven2/com/google/errorprone/error_prone_annotations/2.27.0/error_prone_annotations-2.27.0.pom to /root/projects/PassVault/audit-runtime-linux-android-release-action03/gradle-home/.tmp/gradle_download11718397059232712518bin
Resource missing. [HTTP GET: https://dl.google.com/dl/android/maven2/com/google/errorprone/error_prone_parent/2.27.0/error_prone_parent-2.27.0.pom]
Resource missing. [HTTP GET: https://dl.google.com/dl/android/maven2/com/google/errorprone/error_prone_parent/2.27.0/error_prone_parent-2.27.0.pom]
Downloading https://repo.maven.apache.org/maven2/com/google/errorprone/error_prone_parent/2.27.0/error_prone_parent-2.27.0.pom to /root/projects/PassVault/audit-runtime-linux-android-release-action03/gradle-home/.tmp/gradle_download9878691446250818388bin
Downloading https://repo.maven.apache.org/maven2/org/checkerframework/checker-qual/2.5.8/checker-qual-2.5.8.pom to /root/projects/PassVault/audit-runtime-linux-android-release-action03/gradle-home/.tmp/gradle_download9968535309778647633bin
Resource missing. [HTTP GET: https://dl.google.com/dl/android/maven2/com/google/flatbuffers/flatbuffers-java/1.12.0/flatbuffers-java-1.12.0.pom]
Resource missing. [HTTP GET: https://dl.google.com/dl/android/maven2/com/google/flatbuffers/flatbuffers-java/1.12.0/flatbuffers-java-1.12.0.pom]
Downloading https://repo.maven.apache.org/maven2/com/google/flatbuffers/flatbuffers-java/1.12.0/flatbuffers-java-1.12.0.pom to /root/projects/PassVault/audit-runtime-linux-android-release-action03/gradle-home/.tmp/gradle_download16353442950236149630bin
Downloading https://repo.maven.apache.org/maven2/com/squareup/javawriter/2.5.0/javawriter-2.5.0.pom to /root/projects/PassVault/audit-runtime-linux-android-release-action03/gradle-home/.tmp/gradle_download17594441760357685675bin
Downloading https://dl.google.com/dl/android/maven2/com/android/signflinger/9.4.0/signflinger-9.4.0.pom to /root/projects/PassVault/audit-runtime-linux-android-release-action03/gradle-home/.tmp/gradle_download7222041172517078223bin
Downloading https://dl.google.com/dl/android/maven2/com/android/tools/analytics-library/tracker/32.4.0/tracker-32.4.0.pom to /root/projects/PassVault/audit-runtime-linux-android-release-action03/gradle-home/.tmp/gradle_download10052146579309397495bin
Downloading https://dl.google.com/dl/android/maven2/com/android/zipflinger/9.4.0/zipflinger-9.4.0.pom to /root/projects/PassVault/audit-runtime-linux-android-release-action03/gradle-home/.tmp/gradle_download13900571981549010097bin
Downloading https://dl.google.com/dl/android/maven2/com/android/tools/build/apksig/9.4.0/apksig-9.4.0.pom to /root/projects/PassVault/audit-runtime-linux-android-release-action03/gradle-home/.tmp/gradle_download821796837544502440bin
Downloading https://dl.google.com/dl/android/maven2/com/android/tools/build/apkzlib/9.4.0/apkzlib-9.4.0.pom to /root/projects/PassVault/audit-runtime-linux-android-release-action03/gradle-home/.tmp/gradle_download15528273151895892108bin
Downloading https://dl.google.com/dl/android/maven2/com/android/tools/build/manifest-merger/32.4.0/manifest-merger-32.4.0.pom to /root/projects/PassVault/audit-runtime-linux-android-release-action03/gradle-home/.tmp/gradle_download15762035667831220609bin
Downloading https://dl.google.com/dl/android/maven2/com/android/tools/build/manifest-merger/32.4.0/manifest-merger-32.4.0.module to /root/projects/PassVault/audit-runtime-linux-android-release-action03/gradle-home/.tmp/gradle_download4834464629990732222bin
Downloading https://repo.maven.apache.org/maven2/io/github/detekt/sarif4k/sarif4k-jvm/0.6.0/sarif4k-jvm-0.6.0.pom to /root/projects/PassVault/audit-runtime-linux-android-release-action03/gradle-home/.tmp/gradle_download7926586503846866241bin
Downloading https://repo.maven.apache.org/maven2/io/github/detekt/sarif4k/sarif4k-jvm/0.6.0/sarif4k-jvm-0.6.0.module to /root/projects/PassVault/audit-runtime-linux-android-release-action03/gradle-home/.tmp/gradle_download12975277651423039703bin
Downloading https://repo.maven.apache.org/maven2/org/checkerframework/checker-qual/3.43.0/checker-qual-3.43.0.pom to /root/projects/PassVault/audit-runtime-linux-android-release-action03/gradle-home/.tmp/gradle_download14065151496223754801bin
Downloading https://repo.maven.apache.org/maven2/org/checkerframework/checker-qual/3.43.0/checker-qual-3.43.0.module to /root/projects/PassVault/audit-runtime-linux-android-release-action03/gradle-home/.tmp/gradle_download3641653190715392762bin
Resource missing. [HTTP GET: https://dl.google.com/dl/android/maven2/com/google/errorprone/error_prone_annotations/2.36.0/error_prone_annotations-2.36.0.pom]
Resource missing. [HTTP GET: https://dl.google.com/dl/android/maven2/com/google/errorprone/error_prone_annotations/2.36.0/error_prone_annotations-2.36.0.pom]
Downloading https://repo.maven.apache.org/maven2/com/google/errorprone/error_prone_annotations/2.36.0/error_prone_annotations-2.36.0.pom to /root/projects/PassVault/audit-runtime-linux-android-release-action03/gradle-home/.tmp/gradle_download15322982717188995882bin
Resource missing. [HTTP GET: https://dl.google.com/dl/android/maven2/com/google/errorprone/error_prone_parent/2.36.0/error_prone_parent-2.36.0.pom]
Resource missing. [HTTP GET: https://dl.google.com/dl/android/maven2/com/google/errorprone/error_prone_parent/2.36.0/error_prone_parent-2.36.0.pom]
Downloading https://repo.maven.apache.org/maven2/com/google/errorprone/error_prone_parent/2.36.0/error_prone_parent-2.36.0.pom to /root/projects/PassVault/audit-runtime-linux-android-release-action03/gradle-home/.tmp/gradle_download3548648130331456942bin
Resource missing. [HTTP GET: https://dl.google.com/dl/android/maven2/com/google/j2objc/j2objc-annotations/3.0.0/j2objc-annotations-3.0.0.pom]
Resource missing. [HTTP GET: https://dl.google.com/dl/android/maven2/com/google/j2objc/j2objc-annotations/3.0.0/j2objc-annotations-3.0.0.pom]
Downloading https://repo.maven.apache.org/maven2/com/google/j2objc/j2objc-annotations/3.0.0/j2objc-annotations-3.0.0.pom to /root/projects/PassVault/audit-runtime-linux-android-release-action03/gradle-home/.tmp/gradle_download14762548896260594612bin
Resource missing. [HTTP GET: https://dl.google.com/dl/android/maven2/com/google/guava/listenablefuture/9999.0-empty-to-avoid-conflict-with-guava/listenablefuture-9999.0-empty-to-avoid-conflict-with-guava.pom]
Resource missing. [HTTP GET: https://dl.google.com/dl/android/maven2/com/google/guava/failureaccess/1.0.2/failureaccess-1.0.2.pom]
Resource missing. [HTTP GET: https://dl.google.com/dl/android/maven2/com/google/guava/listenablefuture/9999.0-empty-to-avoid-conflict-with-guava/listenablefuture-9999.0-empty-to-avoid-conflict-with-guava.pom]
Resource missing. [HTTP GET: https://dl.google.com/dl/android/maven2/com/google/guava/failureaccess/1.0.2/failureaccess-1.0.2.pom]
Downloading https://repo.maven.apache.org/maven2/com/google/guava/listenablefuture/9999.0-empty-to-avoid-conflict-with-guava/listenablefuture-9999.0-empty-to-avoid-conflict-with-guava.pom to /root/projects/PassVault/audit-runtime-linux-android-release-action03/gradle-home/.tmp/gradle_download11591993563769328487bin
Downloading https://repo.maven.apache.org/maven2/com/google/guava/failureaccess/1.0.2/failureaccess-1.0.2.pom to /root/projects/PassVault/audit-runtime-linux-android-release-action03/gradle-home/.tmp/gradle_download17110896369915516761bin
Resource missing. [HTTP GET: https://dl.google.com/dl/android/maven2/com/google/guava/guava-parent/26.0-android/guava-parent-26.0-android.pom]
Resource missing. [HTTP GET: https://dl.google.com/dl/android/maven2/com/google/guava/guava-parent/26.0-android/guava-parent-26.0-android.pom]
Downloading https://repo.maven.apache.org/maven2/com/google/guava/guava-parent/26.0-android/guava-parent-26.0-android.pom to /root/projects/PassVault/audit-runtime-linux-android-release-action03/gradle-home/.tmp/gradle_download3438921136954501935bin
Downloading https://repo.maven.apache.org/maven2/org/apache/commons/commons-lang3/3.16.0/commons-lang3-3.16.0.pom to /root/projects/PassVault/audit-runtime-linux-android-release-action03/gradle-home/.tmp/gradle_download14636738099910000475bin
Downloading https://repo.maven.apache.org/maven2/commons-codec/commons-codec/1.17.1/commons-codec-1.17.1.pom to /root/projects/PassVault/audit-runtime-linux-android-release-action03/gradle-home/.tmp/gradle_download4532789431582161470bin
Downloading https://repo.maven.apache.org/maven2/org/apache/commons/commons-parent/71/commons-parent-71.pom to /root/projects/PassVault/audit-runtime-linux-android-release-action03/gradle-home/.tmp/gradle_download3256180578183820015bin
Downloading https://repo.maven.apache.org/maven2/org/apache/apache/32/apache-32.pom to /root/projects/PassVault/audit-runtime-linux-android-release-action03/gradle-home/.tmp/gradle_download11089431651706692303bin
Downloading https://repo.maven.apache.org/maven2/org/bouncycastle/bcutil-jdk18on/1.80.2/bcutil-jdk18on-1.80.2.pom to /root/projects/PassVault/audit-runtime-linux-android-release-action03/gradle-home/.tmp/gradle_download16007708880145857396bin
Downloading https://repo.maven.apache.org/maven2/org/jetbrains/kotlinx/kotlinx-coroutines-core-jvm/1.9.0/kotlinx-coroutines-core-jvm-1.9.0.pom to /root/projects/PassVault/audit-runtime-linux-android-release-action03/gradle-home/.tmp/gradle_download5857399280949193598bin
Downloading https://repo.maven.apache.org/maven2/org/jetbrains/kotlinx/kotlinx-coroutines-core-jvm/1.9.0/kotlinx-coroutines-core-jvm-1.9.0.module to /root/projects/PassVault/audit-runtime-linux-android-release-action03/gradle-home/.tmp/gradle_download12273042236967377783bin
Downloading https://repo.maven.apache.org/maven2/commons-logging/commons-logging/1.2/commons-logging-1.2.pom to /root/projects/PassVault/audit-runtime-linux-android-release-action03/gradle-home/.tmp/gradle_download11061995720850801078bin
Downloading https://repo.maven.apache.org/maven2/org/apache/commons/commons-parent/34/commons-parent-34.pom to /root/projects/PassVault/audit-runtime-linux-android-release-action03/gradle-home/.tmp/gradle_download690234395181906315bin
Downloading https://repo.maven.apache.org/maven2/org/apache/apache/13/apache-13.pom to /root/projects/PassVault/audit-runtime-linux-android-release-action03/gradle-home/.tmp/gradle_download3984088234971728265bin
Downloading https://repo.maven.apache.org/maven2/net/java/dev/jna/jna/5.6.0/jna-5.6.0.pom to /root/projects/PassVault/audit-runtime-linux-android-release-action03/gradle-home/.tmp/gradle_download6933361997766690871bin
Downloading https://repo.maven.apache.org/maven2/org/jetbrains/kotlinx/kotlinx-serialization-json/1.4.1/kotlinx-serialization-json-1.4.1.pom to /root/projects/PassVault/audit-runtime-linux-android-release-action03/gradle-home/.tmp/gradle_download6905208568948066324bin
Downloading https://repo.maven.apache.org/maven2/org/jetbrains/kotlinx/kotlinx-serialization-json/1.4.1/kotlinx-serialization-json-1.4.1.module to /root/projects/PassVault/audit-runtime-linux-android-release-action03/gradle-home/.tmp/gradle_download5564347380153019598bin
Downloading https://repo.maven.apache.org/maven2/org/jetbrains/kotlin/kotlin-stdlib-jdk7/2.2.10/kotlin-stdlib-jdk7-2.2.10.pom to /root/projects/PassVault/audit-runtime-linux-android-release-action03/gradle-home/.tmp/gradle_download8136797496389600659bin
Downloading https://repo.maven.apache.org/maven2/org/jetbrains/kotlinx/kotlinx-serialization-json-jvm/1.4.1/kotlinx-serialization-json-jvm-1.4.1.pom to /root/projects/PassVault/audit-runtime-linux-android-release-action03/gradle-home/.tmp/gradle_download15640350971393794073bin
Downloading https://repo.maven.apache.org/maven2/org/jetbrains/kotlinx/kotlinx-serialization-json-jvm/1.4.1/kotlinx-serialization-json-jvm-1.4.1.module to /root/projects/PassVault/audit-runtime-linux-android-release-action03/gradle-home/.tmp/gradle_download7317318086299519139bin
Downloading https://repo.maven.apache.org/maven2/org/jetbrains/kotlinx/kotlinx-serialization-core/1.4.1/kotlinx-serialization-core-1.4.1.pom to /root/projects/PassVault/audit-runtime-linux-android-release-action03/gradle-home/.tmp/gradle_download7155114467102146362bin
Downloading https://repo.maven.apache.org/maven2/org/jetbrains/kotlinx/kotlinx-serialization-core/1.4.1/kotlinx-serialization-core-1.4.1.module to /root/projects/PassVault/audit-runtime-linux-android-release-action03/gradle-home/.tmp/gradle_download7238838120193037764bin
Downloading https://repo.maven.apache.org/maven2/org/jetbrains/kotlin/kotlin-stdlib-common/2.4.0/kotlin-stdlib-common-2.4.0.pom to /root/projects/PassVault/audit-runtime-linux-android-release-action03/gradle-home/.tmp/gradle_download5110303968754817744bin
Downloading https://repo.maven.apache.org/maven2/org/jetbrains/kotlin/kotlin-stdlib-common/2.4.0/kotlin-stdlib-common-2.4.0.module to /root/projects/PassVault/audit-runtime-linux-android-release-action03/gradle-home/.tmp/gradle_download11825563724315785633bin
Downloading https://repo.maven.apache.org/maven2/org/jetbrains/kotlinx/kotlinx-serialization-core-jvm/1.4.1/kotlinx-serialization-core-jvm-1.4.1.pom to /root/projects/PassVault/audit-runtime-linux-android-release-action03/gradle-home/.tmp/gradle_download9543350007303965643bin
Downloading https://repo.maven.apache.org/maven2/org/jetbrains/kotlinx/kotlinx-serialization-core-jvm/1.4.1/kotlinx-serialization-core-jvm-1.4.1.module to /root/projects/PassVault/audit-runtime-linux-android-release-action03/gradle-home/.tmp/gradle_download11064405388321174760bin
Downloading https://dl.google.com/dl/android/maven2/androidx/room/room-gradle-plugin/2.8.4/room-gradle-plugin-2.8.4.jar to /root/projects/PassVault/audit-runtime-linux-android-release-action03/gradle-home/.tmp/gradle_download2810087917996074892bin
Downloading https://dl.google.com/dl/android/maven2/com/android/tools/build/gradle-settings-api/9.4.0/gradle-settings-api-9.4.0.jar to /root/projects/PassVault/audit-runtime-linux-android-release-action03/gradle-home/.tmp/gradle_download13126073920583709280bin
Downloading https://dl.google.com/dl/android/maven2/com/android/tools/build/gradle-common-api/9.4.0/gradle-common-api-9.4.0.jar to /root/projects/PassVault/audit-runtime-linux-android-release-action03/gradle-home/.tmp/gradle_download2580767308482865289bin
Downloading https://dl.google.com/dl/android/maven2/com/android/tools/build/gradle-api/9.4.0/gradle-api-9.4.0.jar to /root/projects/PassVault/audit-runtime-linux-android-release-action03/gradle-home/.tmp/gradle_download1947347749052111024bin
Downloading https://dl.google.com/dl/android/maven2/com/android/tools/build/gradle/9.4.0/gradle-9.4.0.jar to /root/projects/PassVault/audit-runtime-linux-android-release-action03/gradle-home/.tmp/gradle_download7009829695016212385bin
Downloading https://repo.maven.apache.org/maven2/com/google/devtools/ksp/symbol-processing-gradle-plugin/2.3.10/symbol-processing-gradle-plugin-2.3.10.jar to /root/projects/PassVault/audit-runtime-linux-android-release-action03/gradle-home/.tmp/gradle_download16190373510228766826bin
Downloading https://repo.maven.apache.org/maven2/com/google/devtools/ksp/symbol-processing-api/2.3.10/symbol-processing-api-2.3.10.jar to /root/projects/PassVault/audit-runtime-linux-android-release-action03/gradle-home/.tmp/gradle_download17664696057436069413bin
Downloading https://repo.maven.apache.org/maven2/com/google/devtools/ksp/symbol-processing-common-deps/2.3.10/symbol-processing-common-deps-2.3.10.jar to /root/projects/PassVault/audit-runtime-linux-android-release-action03/gradle-home/.tmp/gradle_download13935208332540513636bin
Downloading https://dl.google.com/dl/android/maven2/com/android/tools/build/aaptcompiler/9.4.0/aaptcompiler-9.4.0.jar to /root/projects/PassVault/audit-runtime-linux-android-release-action03/gradle-home/.tmp/gradle_download17203679097730683336bin
Downloading https://dl.google.com/dl/android/maven2/com/android/tools/utp/gradle-work-action-api/32.4.0/gradle-work-action-api-32.4.0.jar to /root/projects/PassVault/audit-runtime-linux-android-release-action03/gradle-home/.tmp/gradle_download3886971774972991194bin
Downloading https://dl.google.com/dl/android/maven2/androidx/databinding/databinding-compiler-common/9.4.0/databinding-compiler-common-9.4.0.jar to /root/projects/PassVault/audit-runtime-linux-android-release-action03/gradle-home/.tmp/gradle_download13469755492889584478bin
Downloading https://dl.google.com/dl/android/maven2/com/android/tools/build/jetifier/jetifier-processor/1.0.0-beta10/jetifier-processor-1.0.0-beta10.jar to /root/projects/PassVault/audit-runtime-linux-android-release-action03/gradle-home/.tmp/gradle_download7407335353865064041bin
Downloading https://dl.google.com/dl/android/maven2/com/android/tools/build/jetifier/jetifier-core/1.0.0-beta10/jetifier-core-1.0.0-beta10.jar to /root/projects/PassVault/audit-runtime-linux-android-release-action03/gradle-home/.tmp/gradle_download10563212964892944667bin
Downloading https://dl.google.com/dl/android/maven2/com/android/tools/build/builder/9.4.0/builder-9.4.0.jar to /root/projects/PassVault/audit-runtime-linux-android-release-action03/gradle-home/.tmp/gradle_download500642340682136795bin
Downloading https://dl.google.com/dl/android/maven2/com/android/tools/lint/lint-model/32.4.0/lint-model-32.4.0.jar to /root/projects/PassVault/audit-runtime-linux-android-release-action03/gradle-home/.tmp/gradle_download552427058011059269bin
Downloading https://dl.google.com/dl/android/maven2/com/android/tools/build/builder-model/9.4.0/builder-model-9.4.0.jar to /root/projects/PassVault/audit-runtime-linux-android-release-action03/gradle-home/.tmp/gradle_download5524193204134284241bin
Downloading https://dl.google.com/dl/android/maven2/com/android/tools/build/manifest-merger/32.4.0/manifest-merger-32.4.0.jar to /root/projects/PassVault/audit-runtime-linux-android-release-action03/gradle-home/.tmp/gradle_download4128646974252702342bin
Downloading https://dl.google.com/dl/android/maven2/com/android/tools/sdk-common/32.4.0/sdk-common-32.4.0.jar to /root/projects/PassVault/audit-runtime-linux-android-release-action03/gradle-home/.tmp/gradle_download11585316364217488904bin
Downloading https://repo.maven.apache.org/maven2/org/jetbrains/kotlin/kotlin-reflect/2.4.0/kotlin-reflect-2.4.0.jar to /root/projects/PassVault/audit-runtime-linux-android-release-action03/gradle-home/.tmp/gradle_download16460847625586780992bin
Downloading https://dl.google.com/dl/android/maven2/com/android/tools/sdklib/32.4.0/sdklib-32.4.0.jar to /root/projects/PassVault/audit-runtime-linux-android-release-action03/gradle-home/.tmp/gradle_download4160962365793663398bin
Downloading https://dl.google.com/dl/android/maven2/com/android/tools/repository/32.4.0/repository-32.4.0.jar to /root/projects/PassVault/audit-runtime-linux-android-release-action03/gradle-home/.tmp/gradle_download18202750411008798444bin
Downloading https://dl.google.com/dl/android/maven2/com/android/tools/analytics-library/tracker/32.4.0/tracker-32.4.0.jar to /root/projects/PassVault/audit-runtime-linux-android-release-action03/gradle-home/.tmp/gradle_download15028799652892832304bin
Downloading https://dl.google.com/dl/android/maven2/com/android/tools/analytics-library/shared/32.4.0/shared-32.4.0.jar to /root/projects/PassVault/audit-runtime-linux-android-release-action03/gradle-home/.tmp/gradle_download4583642770925946405bin
Downloading https://dl.google.com/dl/android/maven2/com/android/tools/build/builder-test-api/9.4.0/builder-test-api-9.4.0.jar to /root/projects/PassVault/audit-runtime-linux-android-release-action03/gradle-home/.tmp/gradle_download5752128060988290410bin
Downloading https://dl.google.com/dl/android/maven2/com/android/tools/ddms/ddmlib/32.4.0/ddmlib-32.4.0.jar to /root/projects/PassVault/audit-runtime-linux-android-release-action03/gradle-home/.tmp/gradle_download2188573158394134377bin
Downloading https://dl.google.com/dl/android/maven2/com/android/tools/layoutlib/layoutlib-api/32.4.0/layoutlib-api-32.4.0.jar to /root/projects/PassVault/audit-runtime-linux-android-release-action03/gradle-home/.tmp/gradle_download2492958684047610695bin
Downloading https://dl.google.com/dl/android/maven2/com/android/tools/dvlib/32.4.0/dvlib-32.4.0.jar to /root/projects/PassVault/audit-runtime-linux-android-release-action03/gradle-home/.tmp/gradle_download12730554555397949873bin
Downloading https://dl.google.com/dl/android/maven2/com/android/tools/common/32.4.0/common-32.4.0.jar to /root/projects/PassVault/audit-runtime-linux-android-release-action03/gradle-home/.tmp/gradle_download8227649339621992977bin
Downloading https://repo.maven.apache.org/maven2/dev/detekt/detekt-gradle-plugin/2.0.0-alpha.6/detekt-gradle-plugin-2.0.0-alpha.6.jar to /root/projects/PassVault/audit-runtime-linux-android-release-action03/gradle-home/.tmp/gradle_download13596594900070079646bin
Downloading https://repo.maven.apache.org/maven2/io/github/detekt/sarif4k/sarif4k-jvm/0.6.0/sarif4k-jvm-0.6.0.jar to /root/projects/PassVault/audit-runtime-linux-android-release-action03/gradle-home/.tmp/gradle_download3890814950453458969bin
Downloading https://repo.maven.apache.org/maven2/org/jetbrains/kotlinx/kotlinx-serialization-json-jvm/1.4.1/kotlinx-serialization-json-jvm-1.4.1.jar to /root/projects/PassVault/audit-runtime-linux-android-release-action03/gradle-home/.tmp/gradle_download14245442047608452817bin
Downloading https://repo.maven.apache.org/maven2/org/jetbrains/kotlinx/kotlinx-serialization-core-jvm/1.4.1/kotlinx-serialization-core-jvm-1.4.1.jar to /root/projects/PassVault/audit-runtime-linux-android-release-action03/gradle-home/.tmp/gradle_download2801806818631962729bin
Downloading https://repo.maven.apache.org/maven2/org/jetbrains/kotlin/kotlin-stdlib-jdk8/2.2.10/kotlin-stdlib-jdk8-2.2.10.jar to /root/projects/PassVault/audit-runtime-linux-android-release-action03/gradle-home/.tmp/gradle_download8592255209220886840bin
Downloading https://repo.maven.apache.org/maven2/org/jetbrains/kotlin/kotlin-serialization/2.4.10/kotlin-serialization-2.4.10-gradle813.jar to /root/projects/PassVault/audit-runtime-linux-android-release-action03/gradle-home/.tmp/gradle_download7788592817510755100bin
Downloading https://repo.maven.apache.org/maven2/org/jetbrains/kotlin/fus-statistics-gradle-plugin/2.4.10/fus-statistics-gradle-plugin-2.4.10-gradle813.jar to /root/projects/PassVault/audit-runtime-linux-android-release-action03/gradle-home/.tmp/gradle_download18238344493632097677bin
Downloading https://repo.maven.apache.org/maven2/org/jetbrains/kotlin/kotlin-gradle-plugin-api/2.4.10/kotlin-gradle-plugin-api-2.4.10-gradle813.jar to /root/projects/PassVault/audit-runtime-linux-android-release-action03/gradle-home/.tmp/gradle_download6420373775052761040bin
Downloading https://repo.maven.apache.org/maven2/org/jetbrains/kotlin/compose-compiler-gradle-plugin/2.4.10/compose-compiler-gradle-plugin-2.4.10-gradle813.jar to /root/projects/PassVault/audit-runtime-linux-android-release-action03/gradle-home/.tmp/gradle_download11884924596722929921bin
Downloading https://repo.maven.apache.org/maven2/org/jetbrains/kotlin/kotlin-gradle-plugin/2.4.10/kotlin-gradle-plugin-2.4.10-gradle813.jar to /root/projects/PassVault/audit-runtime-linux-android-release-action03/gradle-home/.tmp/gradle_download10633272589635105579bin
Downloading https://repo.maven.apache.org/maven2/org/jetbrains/kotlin/kotlin-compiler-runner/2.4.10/kotlin-compiler-runner-2.4.10.jar to /root/projects/PassVault/audit-runtime-linux-android-release-action03/gradle-home/.tmp/gradle_download2959717767973596475bin
Downloading https://repo.maven.apache.org/maven2/org/jetbrains/kotlinx/kotlinx-coroutines-core-jvm/1.9.0/kotlinx-coroutines-core-jvm-1.9.0.jar to /root/projects/PassVault/audit-runtime-linux-android-release-action03/gradle-home/.tmp/gradle_download15879212911173424705bin
Downloading https://repo.maven.apache.org/maven2/org/jetbrains/kotlin/kotlin-stdlib-jdk7/2.2.10/kotlin-stdlib-jdk7-2.2.10.jar to /root/projects/PassVault/audit-runtime-linux-android-release-action03/gradle-home/.tmp/gradle_download15555030242211609331bin
Downloading https://repo.maven.apache.org/maven2/org/jetbrains/kotlin/kotlin-stdlib/2.4.0/kotlin-stdlib-2.4.0.jar to /root/projects/PassVault/audit-runtime-linux-android-release-action03/gradle-home/.tmp/gradle_download12470906538352687465bin
Downloading https://repo.maven.apache.org/maven2/org/jetbrains/annotations/13.0/annotations-13.0.jar to /root/projects/PassVault/audit-runtime-linux-android-release-action03/gradle-home/.tmp/gradle_download15246499431818717089bin
Downloading https://repo.maven.apache.org/maven2/org/jetbrains/compose/compose-gradle-plugin/1.11.1/compose-gradle-plugin-1.11.1.jar to /root/projects/PassVault/audit-runtime-linux-android-release-action03/gradle-home/.tmp/gradle_download9519744539482818954bin
Downloading https://repo.maven.apache.org/maven2/org/jetbrains/kotlin/kotlin-gradle-plugin-idea-proto/2.4.10/kotlin-gradle-plugin-idea-proto-2.4.10.jar to /root/projects/PassVault/audit-runtime-linux-android-release-action03/gradle-home/.tmp/gradle_download2774461954544913222bin
Downloading https://repo.maven.apache.org/maven2/org/jetbrains/kotlin/kotlin-gradle-plugin-idea/2.4.10/kotlin-gradle-plugin-idea-2.4.10.jar to /root/projects/PassVault/audit-runtime-linux-android-release-action03/gradle-home/.tmp/gradle_download1457149914672631988bin
Downloading https://repo.maven.apache.org/maven2/org/jetbrains/kotlin/kotlin-klib-commonizer-api/2.4.10/kotlin-klib-commonizer-api-2.4.10.jar to /root/projects/PassVault/audit-runtime-linux-android-release-action03/gradle-home/.tmp/gradle_download5795596107027241655bin
Downloading https://repo.maven.apache.org/maven2/org/jetbrains/kotlin/kotlin-build-statistics/2.4.10/kotlin-build-statistics-2.4.10.jar to /root/projects/PassVault/audit-runtime-linux-android-release-action03/gradle-home/.tmp/gradle_download10725966992371565759bin
Downloading https://repo.maven.apache.org/maven2/org/jetbrains/kotlin/kotlin-util-klib-metadata/2.4.10/kotlin-util-klib-metadata-2.4.10.jar to /root/projects/PassVault/audit-runtime-linux-android-release-action03/gradle-home/.tmp/gradle_download13596876718810855651bin
Downloading https://repo.maven.apache.org/maven2/org/jetbrains/compose/hot-reload/hot-reload-gradle-plugin/1.1.1/hot-reload-gradle-plugin-1.1.1.jar to /root/projects/PassVault/audit-runtime-linux-android-release-action03/gradle-home/.tmp/gradle_download2720276208266262282bin
Downloading https://dl.google.com/dl/android/maven2/com/android/tools/build/bundletool/1.18.3/bundletool-1.18.3.jar to /root/projects/PassVault/audit-runtime-linux-android-release-action03/gradle-home/.tmp/gradle_download9864454684953611956bin
Downloading https://dl.google.com/dl/android/maven2/com/android/tools/build/aapt2-proto/9.4.0-15978811/aapt2-proto-9.4.0-15978811.jar to /root/projects/PassVault/audit-runtime-linux-android-release-action03/gradle-home/.tmp/gradle_download6157933781320705451bin
Downloading https://dl.google.com/dl/android/maven2/com/android/tools/analytics-library/crash/32.4.0/crash-32.4.0.jar to /root/projects/PassVault/audit-runtime-linux-android-release-action03/gradle-home/.tmp/gradle_download13804151868248679409bin
Downloading https://dl.google.com/dl/android/maven2/com/android/tools/lint/lint-typedef-remover/32.4.0/lint-typedef-remover-32.4.0.jar to /root/projects/PassVault/audit-runtime-linux-android-release-action03/gradle-home/.tmp/gradle_download12930937193462465716bin
Downloading https://dl.google.com/dl/android/maven2/androidx/databinding/databinding-common/9.4.0/databinding-common-9.4.0.jar to /root/projects/PassVault/audit-runtime-linux-android-release-action03/gradle-home/.tmp/gradle_download18096063486052893692bin
Downloading https://dl.google.com/dl/android/maven2/com/android/databinding/baseLibrary/9.4.0/baseLibrary-9.4.0.jar to /root/projects/PassVault/audit-runtime-linux-android-release-action03/gradle-home/.tmp/gradle_download5753435165578231106bin
Downloading https://repo.maven.apache.org/maven2/org/apache/httpcomponents/httpmime/4.5.6/httpmime-4.5.6.jar to /root/projects/PassVault/audit-runtime-linux-android-release-action03/gradle-home/.tmp/gradle_download2530030228127876659bin
Downloading https://repo.maven.apache.org/maven2/org/apache/commons/commons-compress/1.27.1/commons-compress-1.27.1.jar to /root/projects/PassVault/audit-runtime-linux-android-release-action03/gradle-home/.tmp/gradle_download1779108452026530660bin
Downloading https://repo.maven.apache.org/maven2/commons-io/commons-io/2.16.1/commons-io-2.16.1.jar to /root/projects/PassVault/audit-runtime-linux-android-release-action03/gradle-home/.tmp/gradle_download4610547644411721201bin
Downloading https://repo.maven.apache.org/maven2/org/ow2/asm/asm-commons/9.9/asm-commons-9.9.jar to /root/projects/PassVault/audit-runtime-linux-android-release-action03/gradle-home/.tmp/gradle_download3645867866768720553bin
Downloading https://repo.maven.apache.org/maven2/org/ow2/asm/asm-util/9.9/asm-util-9.9.jar to /root/projects/PassVault/audit-runtime-linux-android-release-action03/gradle-home/.tmp/gradle_download15688286210815534844bin
Downloading https://repo.maven.apache.org/maven2/org/ow2/asm/asm-analysis/9.9/asm-analysis-9.9.jar to /root/projects/PassVault/audit-runtime-linux-android-release-action03/gradle-home/.tmp/gradle_download4482898086134475177bin
Downloading https://repo.maven.apache.org/maven2/org/ow2/asm/asm-tree/9.9/asm-tree-9.9.jar to /root/projects/PassVault/audit-runtime-linux-android-release-action03/gradle-home/.tmp/gradle_download3913659619397484473bin
Downloading https://repo.maven.apache.org/maven2/org/ow2/asm/asm/9.9/asm-9.9.jar to /root/projects/PassVault/audit-runtime-linux-android-release-action03/gradle-home/.tmp/gradle_download10542210490047084028bin
Downloading https://repo.maven.apache.org/maven2/org/glassfish/jaxb/jaxb-runtime/2.3.2/jaxb-runtime-2.3.2.jar to /root/projects/PassVault/audit-runtime-linux-android-release-action03/gradle-home/.tmp/gradle_download18169511375874158867bin
Downloading https://repo.maven.apache.org/maven2/net/sf/jopt-simple/jopt-simple/4.9/jopt-simple-4.9.jar to /root/projects/PassVault/audit-runtime-linux-android-release-action03/gradle-home/.tmp/gradle_download14151923923135830132bin
Downloading https://repo.maven.apache.org/maven2/com/squareup/javapoet/1.13.0/javapoet-1.13.0.jar to /root/projects/PassVault/audit-runtime-linux-android-release-action03/gradle-home/.tmp/gradle_download17404832674356023528bin
Downloading https://repo.maven.apache.org/maven2/com/google/protobuf/protobuf-java-util/3.25.5/protobuf-java-util-3.25.5.jar to /root/projects/PassVault/audit-runtime-linux-android-release-action03/gradle-home/.tmp/gradle_download630623026936413809bin
Downloading https://repo.maven.apache.org/maven2/com/google/crypto/tink/tink/1.7.0/tink-1.7.0.jar to /root/projects/PassVault/audit-runtime-linux-android-release-action03/gradle-home/.tmp/gradle_download18335455848749087510bin
Downloading https://dl.google.com/dl/android/maven2/com/android/tools/analytics-library/protos/32.4.0/protos-32.4.0.jar to /root/projects/PassVault/audit-runtime-linux-android-release-action03/gradle-home/.tmp/gradle_download13204754361682826253bin
Downloading https://repo.maven.apache.org/maven2/com/google/protobuf/protobuf-java/3.25.5/protobuf-java-3.25.5.jar to /root/projects/PassVault/audit-runtime-linux-android-release-action03/gradle-home/.tmp/gradle_download10544868987986745310bin
Downloading https://repo.maven.apache.org/maven2/com/google/code/gson/gson/2.11.0/gson-2.11.0.jar to /root/projects/PassVault/audit-runtime-linux-android-release-action03/gradle-home/.tmp/gradle_download13973062615195170352bin
Downloading https://repo.maven.apache.org/maven2/org/tensorflow/tensorflow-lite-metadata/0.2.0/tensorflow-lite-metadata-0.2.0.jar to /root/projects/PassVault/audit-runtime-linux-android-release-action03/gradle-home/.tmp/gradle_download3770105634280094247bin
Downloading https://repo.maven.apache.org/maven2/org/jetbrains/kotlin/kotlin-gradle-plugin-annotations/2.4.10/kotlin-gradle-plugin-annotations-2.4.10.jar to /root/projects/PassVault/audit-runtime-linux-android-release-action03/gradle-home/.tmp/gradle_download1037228945399042249bin
Downloading https://repo.maven.apache.org/maven2/org/jetbrains/kotlin/kotlin-native-utils/2.4.10/kotlin-native-utils-2.4.10.jar to /root/projects/PassVault/audit-runtime-linux-android-release-action03/gradle-home/.tmp/gradle_download2428289615113459243bin
Downloading https://repo.maven.apache.org/maven2/org/jetbrains/kotlin/kotlin-tooling-core/2.4.10/kotlin-tooling-core-2.4.10.jar to /root/projects/PassVault/audit-runtime-linux-android-release-action03/gradle-home/.tmp/gradle_download375967539043625076bin
Downloading https://repo.maven.apache.org/maven2/org/jetbrains/kotlin/kotlin-build-tools-api/2.4.10/kotlin-build-tools-api-2.4.10.jar to /root/projects/PassVault/audit-runtime-linux-android-release-action03/gradle-home/.tmp/gradle_download9550337011799363084bin
Downloading https://repo.maven.apache.org/maven2/org/jetbrains/kotlin/kotlin-util-klib/2.4.10/kotlin-util-klib-2.4.10.jar to /root/projects/PassVault/audit-runtime-linux-android-release-action03/gradle-home/.tmp/gradle_download7711266388253753424bin
Downloading https://repo.maven.apache.org/maven2/org/jetbrains/kotlin/kotlin-util-io/2.4.10/kotlin-util-io-2.4.10.jar to /root/projects/PassVault/audit-runtime-linux-android-release-action03/gradle-home/.tmp/gradle_download7964441016267910822bin
Downloading https://repo.maven.apache.org/maven2/org/jetbrains/kotlin/kotlin-daemon-client/2.4.10/kotlin-daemon-client-2.4.10.jar to /root/projects/PassVault/audit-runtime-linux-android-release-action03/gradle-home/.tmp/gradle_download2614287840466517174bin
Downloading https://repo.maven.apache.org/maven2/com/google/jimfs/jimfs/1.1/jimfs-1.1.jar to /root/projects/PassVault/audit-runtime-linux-android-release-action03/gradle-home/.tmp/gradle_download18373295185103468385bin
Downloading https://dl.google.com/dl/android/maven2/com/android/tools/build/apkzlib/9.4.0/apkzlib-9.4.0.jar to /root/projects/PassVault/audit-runtime-linux-android-release-action03/gradle-home/.tmp/gradle_download15723350281601159916bin
Downloading https://repo.maven.apache.org/maven2/com/google/guava/guava/33.4.0-jre/guava-33.4.0-jre.jar to /root/projects/PassVault/audit-runtime-linux-android-release-action03/gradle-home/.tmp/gradle_download5784202978523728968bin
Downloading https://repo.maven.apache.org/maven2/com/google/dagger/dagger/2.28.3/dagger-2.28.3.jar to /root/projects/PassVault/audit-runtime-linux-android-release-action03/gradle-home/.tmp/gradle_download13679651364086420790bin
Downloading https://repo.maven.apache.org/maven2/javax/inject/javax.inject/1/javax.inject-1.jar to /root/projects/PassVault/audit-runtime-linux-android-release-action03/gradle-home/.tmp/gradle_download11689680976180646367bin
Downloading https://repo.maven.apache.org/maven2/net/sf/kxml/kxml2/2.3.0/kxml2-2.3.0.jar to /root/projects/PassVault/audit-runtime-linux-android-release-action03/gradle-home/.tmp/gradle_download9432610953856094284bin
Downloading https://repo.maven.apache.org/maven2/org/bouncycastle/bcpkix-jdk18on/1.80.2/bcpkix-jdk18on-1.80.2.jar to /root/projects/PassVault/audit-runtime-linux-android-release-action03/gradle-home/.tmp/gradle_download13180276734490561551bin
Downloading https://repo.maven.apache.org/maven2/org/bouncycastle/bcutil-jdk18on/1.80.2/bcutil-jdk18on-1.80.2.jar to /root/projects/PassVault/audit-runtime-linux-android-release-action03/gradle-home/.tmp/gradle_download11750293305079324602bin
Downloading https://repo.maven.apache.org/maven2/org/bouncycastle/bcprov-jdk18on/1.80.2/bcprov-jdk18on-1.80.2.jar to /root/projects/PassVault/audit-runtime-linux-android-release-action03/gradle-home/.tmp/gradle_download5583253081697777098bin
Downloading https://repo.maven.apache.org/maven2/org/apache/httpcomponents/httpclient/4.5.14/httpclient-4.5.14.jar to /root/projects/PassVault/audit-runtime-linux-android-release-action03/gradle-home/.tmp/gradle_download6671327160506474534bin
Downloading https://repo.maven.apache.org/maven2/org/apache/httpcomponents/httpcore/4.4.16/httpcore-4.4.16.jar to /root/projects/PassVault/audit-runtime-linux-android-release-action03/gradle-home/.tmp/gradle_download14576761718202800384bin
Downloading https://dl.google.com/dl/android/maven2/com/android/signflinger/9.4.0/signflinger-9.4.0.jar to /root/projects/PassVault/audit-runtime-linux-android-release-action03/gradle-home/.tmp/gradle_download2512795228265015517bin
Downloading https://dl.google.com/dl/android/maven2/com/android/zipflinger/9.4.0/zipflinger-9.4.0.jar to /root/projects/PassVault/audit-runtime-linux-android-release-action03/gradle-home/.tmp/gradle_download6022133281463695957bin
Downloading https://dl.google.com/dl/android/maven2/com/android/tools/annotations/32.4.0/annotations-32.4.0.jar to /root/projects/PassVault/audit-runtime-linux-android-release-action03/gradle-home/.tmp/gradle_download6089377214676738555bin
Downloading https://repo.maven.apache.org/maven2/net/java/dev/jna/jna-platform/5.6.0/jna-platform-5.6.0.jar to /root/projects/PassVault/audit-runtime-linux-android-release-action03/gradle-home/.tmp/gradle_download12637377070183970573bin
Downloading https://repo.maven.apache.org/maven2/com/googlecode/juniversalchardet/juniversalchardet/1.0.3/juniversalchardet-1.0.3.jar to /root/projects/PassVault/audit-runtime-linux-android-release-action03/gradle-home/.tmp/gradle_download15796380259919913869bin
Downloading https://repo.maven.apache.org/maven2/org/jvnet/staxex/stax-ex/1.8.1/stax-ex-1.8.1.jar to /root/projects/PassVault/audit-runtime-linux-android-release-action03/gradle-home/.tmp/gradle_download18156667057741952229bin
Downloading https://repo.maven.apache.org/maven2/jakarta/xml/bind/jakarta.xml.bind-api/2.3.2/jakarta.xml.bind-api-2.3.2.jar to /root/projects/PassVault/audit-runtime-linux-android-release-action03/gradle-home/.tmp/gradle_download6607093819487969370bin
Downloading https://repo.maven.apache.org/maven2/org/glassfish/jaxb/txw2/2.3.2/txw2-2.3.2.jar to /root/projects/PassVault/audit-runtime-linux-android-release-action03/gradle-home/.tmp/gradle_download4511382672495701737bin
Downloading https://repo.maven.apache.org/maven2/com/sun/istack/istack-commons-runtime/3.0.8/istack-commons-runtime-3.0.8.jar to /root/projects/PassVault/audit-runtime-linux-android-release-action03/gradle-home/.tmp/gradle_download6051427557750316705bin
Downloading https://repo.maven.apache.org/maven2/com/sun/xml/fastinfoset/FastInfoset/1.2.16/FastInfoset-1.2.16.jar to /root/projects/PassVault/audit-runtime-linux-android-release-action03/gradle-home/.tmp/gradle_download6172365098057786694bin
Downloading https://repo.maven.apache.org/maven2/jakarta/activation/jakarta.activation-api/1.2.1/jakarta.activation-api-1.2.1.jar to /root/projects/PassVault/audit-runtime-linux-android-release-action03/gradle-home/.tmp/gradle_download6371413097231962946bin
Downloading https://repo.maven.apache.org/maven2/com/google/auto/value/auto-value-annotations/1.6.2/auto-value-annotations-1.6.2.jar to /root/projects/PassVault/audit-runtime-linux-android-release-action03/gradle-home/.tmp/gradle_download9315419258948900050bin
Downloading https://repo.maven.apache.org/maven2/com/google/errorprone/error_prone_annotations/2.36.0/error_prone_annotations-2.36.0.jar to /root/projects/PassVault/audit-runtime-linux-android-release-action03/gradle-home/.tmp/gradle_download888395635748257701bin
Downloading https://repo.maven.apache.org/maven2/org/bitbucket/b_c/jose4j/0.9.5/jose4j-0.9.5.jar to /root/projects/PassVault/audit-runtime-linux-android-release-action03/gradle-home/.tmp/gradle_download15800181053524053121bin
Downloading https://repo.maven.apache.org/maven2/org/slf4j/slf4j-api/1.7.30/slf4j-api-1.7.30.jar to /root/projects/PassVault/audit-runtime-linux-android-release-action03/gradle-home/.tmp/gradle_download6410022099493530717bin
Downloading https://repo.maven.apache.org/maven2/org/jdom/jdom2/2.0.6/jdom2-2.0.6.jar to /root/projects/PassVault/audit-runtime-linux-android-release-action03/gradle-home/.tmp/gradle_download3454735923057207319bin
Downloading https://repo.maven.apache.org/maven2/com/google/code/findbugs/jsr305/3.0.2/jsr305-3.0.2.jar to /root/projects/PassVault/audit-runtime-linux-android-release-action03/gradle-home/.tmp/gradle_download779811985197956008bin
Downloading https://repo.maven.apache.org/maven2/com/google/j2objc/j2objc-annotations/3.0.0/j2objc-annotations-3.0.0.jar to /root/projects/PassVault/audit-runtime-linux-android-release-action03/gradle-home/.tmp/gradle_download2108585341295018667bin
Downloading https://repo.maven.apache.org/maven2/org/checkerframework/checker-qual/3.43.0/checker-qual-3.43.0.jar to /root/projects/PassVault/audit-runtime-linux-android-release-action03/gradle-home/.tmp/gradle_download4706581662445935230bin
Downloading https://repo.maven.apache.org/maven2/com/google/flatbuffers/flatbuffers-java/1.12.0/flatbuffers-java-1.12.0.jar to /root/projects/PassVault/audit-runtime-linux-android-release-action03/gradle-home/.tmp/gradle_download3175529660045026330bin
Downloading https://dl.google.com/dl/android/maven2/com/android/tools/build/apksig/9.4.0/apksig-9.4.0.jar to /root/projects/PassVault/audit-runtime-linux-android-release-action03/gradle-home/.tmp/gradle_download3851642128356877766bin
Downloading https://repo.maven.apache.org/maven2/com/squareup/javawriter/2.5.0/javawriter-2.5.0.jar to /root/projects/PassVault/audit-runtime-linux-android-release-action03/gradle-home/.tmp/gradle_download11280789603731893100bin
Downloading https://repo.maven.apache.org/maven2/com/google/guava/failureaccess/1.0.2/failureaccess-1.0.2.jar to /root/projects/PassVault/audit-runtime-linux-android-release-action03/gradle-home/.tmp/gradle_download9015370466364765186bin
Downloading https://repo.maven.apache.org/maven2/com/google/guava/listenablefuture/9999.0-empty-to-avoid-conflict-with-guava/listenablefuture-9999.0-empty-to-avoid-conflict-with-guava.jar to /root/projects/PassVault/audit-runtime-linux-android-release-action03/gradle-home/.tmp/gradle_download11991320431828252504bin
Downloading https://repo.maven.apache.org/maven2/commons-codec/commons-codec/1.17.1/commons-codec-1.17.1.jar to /root/projects/PassVault/audit-runtime-linux-android-release-action03/gradle-home/.tmp/gradle_download4857806609962025406bin
Downloading https://repo.maven.apache.org/maven2/org/apache/commons/commons-lang3/3.16.0/commons-lang3-3.16.0.jar to /root/projects/PassVault/audit-runtime-linux-android-release-action03/gradle-home/.tmp/gradle_download13540623368584516332bin
Downloading https://repo.maven.apache.org/maven2/commons-logging/commons-logging/1.2/commons-logging-1.2.jar to /root/projects/PassVault/audit-runtime-linux-android-release-action03/gradle-home/.tmp/gradle_download2412720229799714258bin
Downloading https://repo.maven.apache.org/maven2/net/java/dev/jna/jna/5.6.0/jna-5.6.0.jar to /root/projects/PassVault/audit-runtime-linux-android-release-action03/gradle-home/.tmp/gradle_download2510676293838583200bin
Caching disabled for InstrumentationAnalysisTransform: /root/projects/PassVault/audit-runtime-linux-android-release-action03/gradle-home/caches/modules-2/files-2.1/androidx.room/room-gradle-plugin/2.8.4/3f28d654bf30e354803b2d89f15fc227a799b325/room-gradle-plugin-2.8.4.jar because:
  Build cache is disabled
  Caching not enabled.
Caching disabled for InstrumentationAnalysisTransform: /root/projects/PassVault/audit-runtime-linux-android-release-action03/gradle-home/caches/modules-2/files-2.1/com.android.tools.build/gradle-settings-api/9.4.0/fcfedf9a56578511894c869f71eaecafbf5e49e6/gradle-settings-api-9.4.0.jar because:
  Build cache is disabled
  Caching not enabled.
Caching disabled for InstrumentationAnalysisTransform: /root/projects/PassVault/audit-runtime-linux-android-release-action03/gradle-home/caches/modules-2/files-2.1/com.android.tools.build/gradle-common-api/9.4.0/188fc42710d4072ae7f02415b497fe311041b555/gradle-common-api-9.4.0.jar because:
  Build cache is disabled
  Caching not enabled.
Caching disabled for InstrumentationAnalysisTransform: /root/projects/PassVault/audit-runtime-linux-android-release-action03/gradle-home/caches/modules-2/files-2.1/com.android.tools.build/gradle-api/9.4.0/4b8d719df49cceafe003db8277780acfab8b0d0d/gradle-api-9.4.0.jar because:
  Build cache is disabled
  Caching not enabled.
Caching disabled for InstrumentationAnalysisTransform: /root/projects/PassVault/audit-runtime-linux-android-release-action03/gradle-home/caches/modules-2/files-2.1/com.android.tools.build/gradle/9.4.0/4bf388abd58d7a14e9571c2524b3c5c54083a5c7/gradle-9.4.0.jar because:
  Build cache is disabled
  Caching not enabled.
Caching disabled for InstrumentationAnalysisTransform: /root/projects/PassVault/audit-runtime-linux-android-release-action03/gradle-home/caches/modules-2/files-2.1/com.google.devtools.ksp/symbol-processing-gradle-plugin/2.3.10/305dc21d624de19d002813606ff7251997ac90e4/symbol-processing-gradle-plugin-2.3.10.jar because:
  Build cache is disabled
  Caching not enabled.
Caching disabled for InstrumentationAnalysisTransform: /root/projects/PassVault/audit-runtime-linux-android-release-action03/gradle-home/caches/modules-2/files-2.1/com.google.devtools.ksp/symbol-processing-api/2.3.10/a6f7d2f5cb6f63aed0e07eb53db1bf6ed07151d6/symbol-processing-api-2.3.10.jar because:
  Build cache is disabled
  Caching not enabled.
Caching disabled for InstrumentationAnalysisTransform: /root/projects/PassVault/audit-runtime-linux-android-release-action03/gradle-home/caches/modules-2/files-2.1/com.google.devtools.ksp/symbol-processing-common-deps/2.3.10/f0bb28d7b911d8bd53e480c4678badbdede9507b/symbol-processing-common-deps-2.3.10.jar because:
  Build cache is disabled
  Caching not enabled.
Caching disabled for InstrumentationAnalysisTransform: /root/projects/PassVault/audit-runtime-linux-android-release-action03/gradle-home/caches/modules-2/files-2.1/com.android.tools.build/aaptcompiler/9.4.0/618464e735fb0db6c4fad5906121ffd229a0afe9/aaptcompiler-9.4.0.jar because:
  Build cache is disabled
  Caching not enabled.
Caching disabled for InstrumentationAnalysisTransform: /root/projects/PassVault/audit-runtime-linux-android-release-action03/gradle-home/caches/modules-2/files-2.1/com.android.tools.utp/gradle-work-action-api/32.4.0/a3b3019fa407b16a9b15e764f4b1ac5f2df9d11b/gradle-work-action-api-32.4.0.jar because:
  Build cache is disabled
  Caching not enabled.
Caching disabled for InstrumentationAnalysisTransform: /root/projects/PassVault/audit-runtime-linux-android-release-action03/gradle-home/caches/modules-2/files-2.1/androidx.databinding/databinding-compiler-common/9.4.0/ee18738f9b4b0611aea6428eaad49fb9c168523e/databinding-compiler-common-9.4.0.jar because:
  Build cache is disabled
  Caching not enabled.
Caching disabled for InstrumentationAnalysisTransform: /root/projects/PassVault/audit-runtime-linux-android-release-action03/gradle-home/caches/modules-2/files-2.1/com.android.tools.build.jetifier/jetifier-processor/1.0.0-beta10/946c39eb0c052ff4f60a8939648a8b99af20d604/jetifier-processor-1.0.0-beta10.jar because:
  Build cache is disabled
  Caching not enabled.
Caching disabled for InstrumentationAnalysisTransform: /root/projects/PassVault/audit-runtime-linux-android-release-action03/gradle-home/caches/modules-2/files-2.1/com.android.tools.build.jetifier/jetifier-core/1.0.0-beta10/6e621022a9c95af12a7004d6b55805bbd1126837/jetifier-core-1.0.0-beta10.jar because:
  Build cache is disabled
  Caching not enabled.
Caching disabled for InstrumentationAnalysisTransform: /root/projects/PassVault/audit-runtime-linux-android-release-action03/gradle-home/caches/modules-2/files-2.1/com.android.tools.build/builder/9.4.0/d1d5f9a479131e45d876213b674c9fd1a8a2d6ea/builder-9.4.0.jar because:
  Build cache is disabled
  Caching not enabled.
Caching disabled for InstrumentationAnalysisTransform: /root/projects/PassVault/audit-runtime-linux-android-release-action03/gradle-home/caches/modules-2/files-2.1/com.android.tools.lint/lint-model/32.4.0/2a01476159d9ab4b0f12e84f41f5a3a142414c6/lint-model-32.4.0.jar because:
  Build cache is disabled
  Caching not enabled.
Caching disabled for InstrumentationAnalysisTransform: /root/projects/PassVault/audit-runtime-linux-android-release-action03/gradle-home/caches/modules-2/files-2.1/com.android.tools.build/builder-model/9.4.0/2edee2cd225a6dc43276d3328a3ffac827694a9f/builder-model-9.4.0.jar because:
  Build cache is disabled
  Caching not enabled.
Caching disabled for InstrumentationAnalysisTransform: /root/projects/PassVault/audit-runtime-linux-android-release-action03/gradle-home/caches/modules-2/files-2.1/com.android.tools.build/manifest-merger/32.4.0/69a65bba12474ac5a1cf407def4f118bcd94b8dc/manifest-merger-32.4.0.jar because:
  Build cache is disabled
  Caching not enabled.
Caching disabled for InstrumentationAnalysisTransform: /root/projects/PassVault/audit-runtime-linux-android-release-action03/gradle-home/caches/modules-2/files-2.1/com.android.tools/sdk-common/32.4.0/aa7fdb85569977f294b4fba5b1451b5a14d6c422/sdk-common-32.4.0.jar because:
  Build cache is disabled
  Caching not enabled.
Caching disabled for InstrumentationAnalysisTransform: /root/projects/PassVault/audit-runtime-linux-android-release-action03/gradle-home/caches/modules-2/files-2.1/org.jetbrains.kotlin/kotlin-reflect/2.4.0/532cc727c0960d12f4c9acb6a6c2c4a3e08187b/kotlin-reflect-2.4.0.jar because:
  Build cache is disabled
  Caching not enabled.
Caching disabled for InstrumentationAnalysisTransform: /root/projects/PassVault/audit-runtime-linux-android-release-action03/gradle-home/caches/modules-2/files-2.1/com.android.tools/sdklib/32.4.0/16b34ddee0d33385dbce03577a83b1c1e09aff3a/sdklib-32.4.0.jar because:
  Build cache is disabled
  Caching not enabled.
Caching disabled for InstrumentationAnalysisTransform: /root/projects/PassVault/audit-runtime-linux-android-release-action03/gradle-home/caches/modules-2/files-2.1/com.android.tools/repository/32.4.0/8b46d4a01e62b854aaad0f32b09b04576652d97b/repository-32.4.0.jar because:
  Build cache is disabled
  Caching not enabled.
Caching disabled for InstrumentationAnalysisTransform: /root/projects/PassVault/audit-runtime-linux-android-release-action03/gradle-home/caches/modules-2/files-2.1/com.android.tools.analytics-library/tracker/32.4.0/e5b8d9ea7f4dc2354d302a76b8b1eedb23557e78/tracker-32.4.0.jar because:
  Build cache is disabled
  Caching not enabled.
Caching disabled for InstrumentationAnalysisTransform: /root/projects/PassVault/audit-runtime-linux-android-release-action03/gradle-home/caches/modules-2/files-2.1/com.android.tools.analytics-library/shared/32.4.0/429c17cd9d8efce819180878b2375d4a5c4ff2aa/shared-32.4.0.jar because:
  Build cache is disabled
  Caching not enabled.
Caching disabled for InstrumentationAnalysisTransform: /root/projects/PassVault/audit-runtime-linux-android-release-action03/gradle-home/caches/modules-2/files-2.1/com.android.tools.build/builder-test-api/9.4.0/a6e38343c3f6fd6ce1f833e569bce4b2d85b0182/builder-test-api-9.4.0.jar because:
  Build cache is disabled
  Caching not enabled.
Caching disabled for InstrumentationAnalysisTransform: /root/projects/PassVault/audit-runtime-linux-android-release-action03/gradle-home/caches/modules-2/files-2.1/com.android.tools.ddms/ddmlib/32.4.0/47a5071917cd3269367f3a6b8e717abfe949db25/ddmlib-32.4.0.jar because:
  Build cache is disabled
  Caching not enabled.
Caching disabled for InstrumentationAnalysisTransform: /root/projects/PassVault/audit-runtime-linux-android-release-action03/gradle-home/caches/modules-2/files-2.1/com.android.tools.layoutlib/layoutlib-api/32.4.0/8f655b3d30a60639f6ece73c9721caa86966e9ed/layoutlib-api-32.4.0.jar because:
  Build cache is disabled
  Caching not enabled.
Caching disabled for InstrumentationAnalysisTransform: /root/projects/PassVault/audit-runtime-linux-android-release-action03/gradle-home/caches/modules-2/files-2.1/com.android.tools/dvlib/32.4.0/ddf23cd64ef10c248076fc4d7011c7d8250385cd/dvlib-32.4.0.jar because:
  Build cache is disabled
  Caching not enabled.
Caching disabled for InstrumentationAnalysisTransform: /root/projects/PassVault/audit-runtime-linux-android-release-action03/gradle-home/caches/modules-2/files-2.1/com.android.tools/common/32.4.0/e726669a2e96bd6a0d68bb48d9a6bf09210f5c1a/common-32.4.0.jar because:
  Build cache is disabled
  Caching not enabled.
Caching disabled for InstrumentationAnalysisTransform: /root/projects/PassVault/audit-runtime-linux-android-release-action03/gradle-home/caches/modules-2/files-2.1/dev.detekt/detekt-gradle-plugin/2.0.0-alpha.6/ae5ae80c78324d77ef1513d7cc63ab9b698bd335/detekt-gradle-plugin-2.0.0-alpha.6.jar because:
  Build cache is disabled
  Caching not enabled.
Caching disabled for InstrumentationAnalysisTransform: /root/projects/PassVault/audit-runtime-linux-android-release-action03/gradle-home/caches/modules-2/files-2.1/io.github.detekt.sarif4k/sarif4k-jvm/0.6.0/a0f3805c3fdd35ff6619e8f057ce50ff1aac7145/sarif4k-jvm-0.6.0.jar because:
  Build cache is disabled
  Caching not enabled.
Caching disabled for InstrumentationAnalysisTransform: /root/projects/PassVault/audit-runtime-linux-android-release-action03/gradle-home/caches/modules-2/files-2.1/org.jetbrains.kotlinx/kotlinx-serialization-json-jvm/1.4.1/e6430b33f06dcdff88998abfcb2e78bc3cd0a1f6/kotlinx-serialization-json-jvm-1.4.1.jar because:
  Build cache is disabled
  Caching not enabled.
Caching disabled for InstrumentationAnalysisTransform: /root/projects/PassVault/audit-runtime-linux-android-release-action03/gradle-home/caches/modules-2/files-2.1/org.jetbrains.kotlinx/kotlinx-serialization-core-jvm/1.4.1/e0c2c11e5d0d541ca343c8f09602c0c2287d15a1/kotlinx-serialization-core-jvm-1.4.1.jar because:
  Build cache is disabled
  Caching not enabled.
Caching disabled for InstrumentationAnalysisTransform: /root/projects/PassVault/audit-runtime-linux-android-release-action03/gradle-home/caches/modules-2/files-2.1/org.jetbrains.kotlin/kotlin-stdlib-jdk8/2.2.10/80cc9a776a058eeda7053731350bc41af8858a5a/kotlin-stdlib-jdk8-2.2.10.jar because:
  Build cache is disabled
  Caching not enabled.
Caching disabled for InstrumentationAnalysisTransform: /root/projects/PassVault/audit-runtime-linux-android-release-action03/gradle-home/caches/modules-2/files-2.1/org.jetbrains.kotlin/kotlin-serialization/2.4.10/44ea603b799fe4b3900cfdb5fc2879638258ccf/kotlin-serialization-2.4.10-gradle813.jar because:
  Build cache is disabled
  Caching not enabled.
Caching disabled for InstrumentationAnalysisTransform: /root/projects/PassVault/audit-runtime-linux-android-release-action03/gradle-home/caches/modules-2/files-2.1/org.jetbrains.kotlin/fus-statistics-gradle-plugin/2.4.10/9d2373587d4c591036e79e877b6b5f0a105a052d/fus-statistics-gradle-plugin-2.4.10-gradle813.jar because:
  Build cache is disabled
  Caching not enabled.
Caching disabled for InstrumentationAnalysisTransform: /root/projects/PassVault/audit-runtime-linux-android-release-action03/gradle-home/caches/modules-2/files-2.1/org.jetbrains.kotlin/kotlin-gradle-plugin-api/2.4.10/57abfa0230a1ffc31556110bff4b946b55967ba3/kotlin-gradle-plugin-api-2.4.10-gradle813.jar because:
  Build cache is disabled
  Caching not enabled.
Caching disabled for InstrumentationAnalysisTransform: /root/projects/PassVault/audit-runtime-linux-android-release-action03/gradle-home/caches/modules-2/files-2.1/org.jetbrains.kotlin/compose-compiler-gradle-plugin/2.4.10/380183bbebcd293bd84e8738d012bc3b0403408c/compose-compiler-gradle-plugin-2.4.10-gradle813.jar because:
  Build cache is disabled
  Caching not enabled.
Caching disabled for InstrumentationAnalysisTransform: /root/projects/PassVault/audit-runtime-linux-android-release-action03/gradle-home/caches/modules-2/files-2.1/org.jetbrains.kotlin/kotlin-gradle-plugin/2.4.10/54e85b6639aa6819abc9985612e470576540e8ec/kotlin-gradle-plugin-2.4.10-gradle813.jar because:
  Build cache is disabled
  Caching not enabled.
Caching disabled for InstrumentationAnalysisTransform: /root/projects/PassVault/audit-runtime-linux-android-release-action03/gradle-home/caches/modules-2/files-2.1/org.jetbrains.kotlin/kotlin-compiler-runner/2.4.10/db761b9c5e0a67bcea290bc7e0700a7075af97de/kotlin-compiler-runner-2.4.10.jar because:
  Build cache is disabled
  Caching not enabled.
Caching disabled for InstrumentationAnalysisTransform: /root/projects/PassVault/audit-runtime-linux-android-release-action03/gradle-home/caches/modules-2/files-2.1/org.jetbrains.kotlinx/kotlinx-coroutines-core-jvm/1.9.0/9beade4c1c1569e4f36cbd2c37e02e3e41502601/kotlinx-coroutines-core-jvm-1.9.0.jar because:
  Build cache is disabled
  Caching not enabled.
Caching disabled for InstrumentationAnalysisTransform: /root/projects/PassVault/audit-runtime-linux-android-release-action03/gradle-home/caches/modules-2/files-2.1/org.jetbrains.kotlin/kotlin-stdlib-jdk7/2.2.10/18cc96ae090a71726822631e1808c7d329faab5d/kotlin-stdlib-jdk7-2.2.10.jar because:
  Build cache is disabled
  Caching not enabled.
Caching disabled for InstrumentationAnalysisTransform: /root/projects/PassVault/audit-runtime-linux-android-release-action03/gradle-home/caches/modules-2/files-2.1/org.jetbrains.kotlin/kotlin-stdlib/2.4.0/4e9f4b531dce5c7dee58ed2de9a8b9a763c8dc6c/kotlin-stdlib-2.4.0.jar because:
  Build cache is disabled
  Caching not enabled.
Caching disabled for InstrumentationAnalysisTransform: /root/projects/PassVault/audit-runtime-linux-android-release-action03/gradle-home/caches/modules-2/files-2.1/org.jetbrains/annotations/13.0/919f0dfe192fb4e063e7dacadee7f8bb9a2672a9/annotations-13.0.jar because:
  Build cache is disabled
  Caching not enabled.
Caching disabled for InstrumentationAnalysisTransform: /root/projects/PassVault/audit-runtime-linux-android-release-action03/gradle-home/caches/modules-2/files-2.1/org.jetbrains.compose/compose-gradle-plugin/1.11.1/84e978c779bd496be8b922e87559e88190521ce5/compose-gradle-plugin-1.11.1.jar because:
  Build cache is disabled
  Caching not enabled.
Caching disabled for InstrumentationAnalysisTransform: /root/projects/PassVault/audit-runtime-linux-android-release-action03/gradle-home/caches/modules-2/files-2.1/org.jetbrains.kotlin/kotlin-gradle-plugin-idea-proto/2.4.10/e3b327b851ffdd00917458e4e4240f349e04c234/kotlin-gradle-plugin-idea-proto-2.4.10.jar because:
  Build cache is disabled
  Caching not enabled.
Caching disabled for InstrumentationAnalysisTransform: /root/projects/PassVault/audit-runtime-linux-android-release-action03/gradle-home/caches/modules-2/files-2.1/org.jetbrains.kotlin/kotlin-gradle-plugin-idea/2.4.10/905431b905fbd7c516de862a1179d7ab5fae3955/kotlin-gradle-plugin-idea-2.4.10.jar because:
  Build cache is disabled
  Caching not enabled.
Caching disabled for InstrumentationAnalysisTransform: /root/projects/PassVault/audit-runtime-linux-android-release-action03/gradle-home/caches/modules-2/files-2.1/org.jetbrains.kotlin/kotlin-klib-commonizer-api/2.4.10/3339c9ce1b5f60fed1048142d9c71c7181662641/kotlin-klib-commonizer-api-2.4.10.jar because:
  Build cache is disabled
  Caching not enabled.
Caching disabled for InstrumentationAnalysisTransform: /root/projects/PassVault/audit-runtime-linux-android-release-action03/gradle-home/caches/modules-2/files-2.1/org.jetbrains.kotlin/kotlin-build-statistics/2.4.10/3e16cd72908cbc218f6b2124a4bdaa26d885de6b/kotlin-build-statistics-2.4.10.jar because:
  Build cache is disabled
  Caching not enabled.
Caching disabled for InstrumentationAnalysisTransform: /root/projects/PassVault/audit-runtime-linux-android-release-action03/gradle-home/caches/modules-2/files-2.1/org.jetbrains.kotlin/kotlin-util-klib-metadata/2.4.10/5d0b35631780153637205c66a75aa61c3fa2adc8/kotlin-util-klib-metadata-2.4.10.jar because:
  Build cache is disabled
  Caching not enabled.
Caching disabled for InstrumentationAnalysisTransform: /root/projects/PassVault/audit-runtime-linux-android-release-action03/gradle-home/caches/modules-2/files-2.1/org.jetbrains.compose.hot-reload/hot-reload-gradle-plugin/1.1.1/6d3c8fc18f34ab5ebce4fc736bcf301bf01f43d/hot-reload-gradle-plugin-1.1.1.jar because:
  Build cache is disabled
  Caching not enabled.
Caching disabled for InstrumentationAnalysisTransform: /root/projects/PassVault/audit-runtime-linux-android-release-action03/gradle-home/caches/modules-2/files-2.1/com.android.tools.build/bundletool/1.18.3/8d7bee8e57a4158a872ed99190a60a498c2adc8d/bundletool-1.18.3.jar because:
  Build cache is disabled
  Caching not enabled.
Caching disabled for InstrumentationAnalysisTransform: /root/projects/PassVault/audit-runtime-linux-android-release-action03/gradle-home/caches/modules-2/files-2.1/com.android.tools.build/aapt2-proto/9.4.0-15978811/cbffec6e4effe25da0382f547eafab6d38847f9c/aapt2-proto-9.4.0-15978811.jar because:
  Build cache is disabled
  Caching not enabled.
Caching disabled for InstrumentationAnalysisTransform: /root/projects/PassVault/audit-runtime-linux-android-release-action03/gradle-home/caches/modules-2/files-2.1/com.android.tools.analytics-library/crash/32.4.0/e7c2cc7bcc18c49f1eeb778f61be590cc32fbfdd/crash-32.4.0.jar because:
  Build cache is disabled
  Caching not enabled.
Caching disabled for InstrumentationAnalysisTransform: /root/projects/PassVault/audit-runtime-linux-android-release-action03/gradle-home/caches/modules-2/files-2.1/com.android.tools.lint/lint-typedef-remover/32.4.0/b8665f5c42647d7d4088cd386d5d1d10e40fd9a2/lint-typedef-remover-32.4.0.jar because:
  Build cache is disabled
  Caching not enabled.
Caching disabled for InstrumentationAnalysisTransform: /root/projects/PassVault/audit-runtime-linux-android-release-action03/gradle-home/caches/modules-2/files-2.1/androidx.databinding/databinding-common/9.4.0/6f14d56ba3258fd1e803e71bc6c589235141c317/databinding-common-9.4.0.jar because:
  Build cache is disabled
  Caching not enabled.
Caching disabled for InstrumentationAnalysisTransform: /root/projects/PassVault/audit-runtime-linux-android-release-action03/gradle-home/caches/modules-2/files-2.1/com.android.databinding/baseLibrary/9.4.0/a3e410a22b3d7b2608151d2052d044cd3a35ae06/baseLibrary-9.4.0.jar because:
  Build cache is disabled
  Caching not enabled.
Caching disabled for InstrumentationAnalysisTransform: /root/projects/PassVault/audit-runtime-linux-android-release-action03/gradle-home/caches/modules-2/files-2.1/org.apache.httpcomponents/httpmime/4.5.6/164343da11db817e81e24e0d9869527e069850c9/httpmime-4.5.6.jar because:
  Build cache is disabled
  Caching not enabled.
Caching disabled for InstrumentationAnalysisTransform: /root/projects/PassVault/audit-runtime-linux-android-release-action03/gradle-home/caches/modules-2/files-2.1/org.apache.commons/commons-compress/1.27.1/a19151084758e2fbb6b41eddaa88e7b8ff4e6599/commons-compress-1.27.1.jar because:
  Build cache is disabled
  Caching not enabled.
Caching disabled for InstrumentationAnalysisTransform: /root/projects/PassVault/audit-runtime-linux-android-release-action03/gradle-home/caches/modules-2/files-2.1/commons-io/commons-io/2.16.1/377d592e740dc77124e0901291dbfaa6810a200e/commons-io-2.16.1.jar because:
  Build cache is disabled
  Caching not enabled.
Caching disabled for InstrumentationAnalysisTransform: /root/projects/PassVault/audit-runtime-linux-android-release-action03/gradle-home/caches/modules-2/files-2.1/org.ow2.asm/asm-commons/9.9/db9165a3bf908ded6b08612d583a15d1d0c7bda0/asm-commons-9.9.jar because:
  Build cache is disabled
  Caching not enabled.
Caching disabled for InstrumentationAnalysisTransform: /root/projects/PassVault/audit-runtime-linux-android-release-action03/gradle-home/caches/modules-2/files-2.1/org.ow2.asm/asm-util/9.9/42fdfc0508b43807c8078d6e82ecff2ce2112ae8/asm-util-9.9.jar because:
  Build cache is disabled
  Caching not enabled.
Caching disabled for InstrumentationAnalysisTransform: /root/projects/PassVault/audit-runtime-linux-android-release-action03/gradle-home/caches/modules-2/files-2.1/org.ow2.asm/asm-analysis/9.9/bf4fa6e66638851c1cd22c2caea0c3ee5d5f437/asm-analysis-9.9.jar because:
  Build cache is disabled
  Caching not enabled.
Caching disabled for InstrumentationAnalysisTransform: /root/projects/PassVault/audit-runtime-linux-android-release-action03/gradle-home/caches/modules-2/files-2.1/org.ow2.asm/asm-tree/9.9/f8de6eead6d24dd0f45bd065bbe112b2cda6ea21/asm-tree-9.9.jar because:
  Build cache is disabled
  Caching not enabled.
Caching disabled for InstrumentationAnalysisTransform: /root/projects/PassVault/audit-runtime-linux-android-release-action03/gradle-home/caches/modules-2/files-2.1/org.ow2.asm/asm/9.9/c29635c8a7afa03d74b33c1884df8abb2b3f3dcc/asm-9.9.jar because:
  Build cache is disabled
  Caching not enabled.
Caching disabled for InstrumentationAnalysisTransform: /root/projects/PassVault/audit-runtime-linux-android-release-action03/gradle-home/caches/modules-2/files-2.1/org.glassfish.jaxb/jaxb-runtime/2.3.2/5528bc882ea499a09d720b42af11785c4fc6be2a/jaxb-runtime-2.3.2.jar because:
  Build cache is disabled
  Caching not enabled.
Caching disabled for InstrumentationAnalysisTransform: /root/projects/PassVault/audit-runtime-linux-android-release-action03/gradle-home/caches/modules-2/files-2.1/net.sf.jopt-simple/jopt-simple/4.9/ee9e9eaa0a35360dcfeac129ff4923215fd65904/jopt-simple-4.9.jar because:
  Build cache is disabled
  Caching not enabled.
Caching disabled for InstrumentationAnalysisTransform: /root/projects/PassVault/audit-runtime-linux-android-release-action03/gradle-home/caches/modules-2/files-2.1/com.squareup/javapoet/1.13.0/d6562d385049f35eb50403fa86bb11cce76b866a/javapoet-1.13.0.jar because:
  Build cache is disabled
  Caching not enabled.
Caching disabled for InstrumentationAnalysisTransform: /root/projects/PassVault/audit-runtime-linux-android-release-action03/gradle-home/caches/modules-2/files-2.1/com.google.protobuf/protobuf-java-util/3.25.5/38cc5ce479603e36466feda2a9f1dfdb2210ef00/protobuf-java-util-3.25.5.jar because:
  Build cache is disabled
  Caching not enabled.
Caching disabled for InstrumentationAnalysisTransform: /root/projects/PassVault/audit-runtime-linux-android-release-action03/gradle-home/caches/modules-2/files-2.1/com.google.crypto.tink/tink/1.7.0/668b57f109d32349b2870448f06ae6f202713edc/tink-1.7.0.jar because:
  Build cache is disabled
  Caching not enabled.
Caching disabled for InstrumentationAnalysisTransform: /root/projects/PassVault/audit-runtime-linux-android-release-action03/gradle-home/caches/modules-2/files-2.1/com.android.tools.analytics-library/protos/32.4.0/72ce19690099b238b9214e35e08d0641bd4e726d/protos-32.4.0.jar because:
  Build cache is disabled
  Caching not enabled.
Caching disabled for InstrumentationAnalysisTransform: /root/projects/PassVault/audit-runtime-linux-android-release-action03/gradle-home/caches/modules-2/files-2.1/com.google.protobuf/protobuf-java/3.25.5/5ae5c9ec39930ae9b5a61b32b93288818ec05ec1/protobuf-java-3.25.5.jar because:
  Build cache is disabled
  Caching not enabled.
Caching disabled for InstrumentationAnalysisTransform: /root/projects/PassVault/audit-runtime-linux-android-release-action03/gradle-home/caches/modules-2/files-2.1/com.google.code.gson/gson/2.11.0/527175ca6d81050b53bdd4c457a6d6e017626b0e/gson-2.11.0.jar because:
  Build cache is disabled
  Caching not enabled.
Caching disabled for InstrumentationAnalysisTransform: /root/projects/PassVault/audit-runtime-linux-android-release-action03/gradle-home/caches/modules-2/files-2.1/org.tensorflow/tensorflow-lite-metadata/0.2.0/7dbe8f75ae5c0ef7093c43c3ac8b560bbc7ea4b6/tensorflow-lite-metadata-0.2.0.jar because:
  Build cache is disabled
  Caching not enabled.
Caching disabled for InstrumentationAnalysisTransform: /root/projects/PassVault/audit-runtime-linux-android-release-action03/gradle-home/caches/modules-2/files-2.1/org.jetbrains.kotlin/kotlin-gradle-plugin-annotations/2.4.10/d7e21334dd356764357f26dd1044975cb63e820f/kotlin-gradle-plugin-annotations-2.4.10.jar because:
  Build cache is disabled
  Caching not enabled.
Caching disabled for InstrumentationAnalysisTransform: /root/projects/PassVault/audit-runtime-linux-android-release-action03/gradle-home/caches/modules-2/files-2.1/org.jetbrains.kotlin/kotlin-native-utils/2.4.10/ffa1a46704f3172c99f23fd024965ebb24055ab6/kotlin-native-utils-2.4.10.jar because:
  Build cache is disabled
  Caching not enabled.
Caching disabled for InstrumentationAnalysisTransform: /root/projects/PassVault/audit-runtime-linux-android-release-action03/gradle-home/caches/modules-2/files-2.1/org.jetbrains.kotlin/kotlin-tooling-core/2.4.10/75970f5a2a9cb4d25557965bbec0a7ccd55bfbcf/kotlin-tooling-core-2.4.10.jar because:
  Build cache is disabled
  Caching not enabled.
Caching disabled for InstrumentationAnalysisTransform: /root/projects/PassVault/audit-runtime-linux-android-release-action03/gradle-home/caches/modules-2/files-2.1/org.jetbrains.kotlin/kotlin-build-tools-api/2.4.10/c88fe54d8d8c568de500b26fd459853c7202de39/kotlin-build-tools-api-2.4.10.jar because:
  Build cache is disabled
  Caching not enabled.
Caching disabled for InstrumentationAnalysisTransform: /root/projects/PassVault/audit-runtime-linux-android-release-action03/gradle-home/caches/modules-2/files-2.1/org.jetbrains.kotlin/kotlin-util-klib/2.4.10/4c70cfc757d717d056b9cec24932506677bb0f52/kotlin-util-klib-2.4.10.jar because:
  Build cache is disabled
  Caching not enabled.
Caching disabled for InstrumentationAnalysisTransform: /root/projects/PassVault/audit-runtime-linux-android-release-action03/gradle-home/caches/modules-2/files-2.1/org.jetbrains.kotlin/kotlin-util-io/2.4.10/22c395cc2a2833b5dd1aa368155c491b8a04be6d/kotlin-util-io-2.4.10.jar because:
  Build cache is disabled
  Caching not enabled.
Caching disabled for InstrumentationAnalysisTransform: /root/projects/PassVault/audit-runtime-linux-android-release-action03/gradle-home/caches/modules-2/files-2.1/org.jetbrains.kotlin/kotlin-daemon-client/2.4.10/8c3aa7a03a90240de365985d93bc8ed39163f852/kotlin-daemon-client-2.4.10.jar because:
  Build cache is disabled
  Caching not enabled.
Caching disabled for InstrumentationAnalysisTransform: /root/projects/PassVault/audit-runtime-linux-android-release-action03/gradle-home/caches/modules-2/files-2.1/com.google.jimfs/jimfs/1.1/8fbd0579dc68aba6186935cc1bee21d2f3e7ec1c/jimfs-1.1.jar because:
  Build cache is disabled
  Caching not enabled.
Caching disabled for InstrumentationAnalysisTransform: /root/projects/PassVault/audit-runtime-linux-android-release-action03/gradle-home/caches/modules-2/files-2.1/com.android.tools.build/apkzlib/9.4.0/81e69e9fd7e45be473e784f6220d09bea36115cc/apkzlib-9.4.0.jar because:
  Build cache is disabled
  Caching not enabled.
Caching disabled for InstrumentationAnalysisTransform: /root/projects/PassVault/audit-runtime-linux-android-release-action03/gradle-home/caches/modules-2/files-2.1/com.google.guava/guava/33.4.0-jre/3fcc0a259f724c7de54a6a55ea7e26d3d5c0cac/guava-33.4.0-jre.jar because:
  Build cache is disabled
  Caching not enabled.
Caching disabled for InstrumentationAnalysisTransform: /root/projects/PassVault/audit-runtime-linux-android-release-action03/gradle-home/caches/modules-2/files-2.1/com.google.dagger/dagger/2.28.3/10d83810ef9e19714116ed518896c90c6606d633/dagger-2.28.3.jar because:
  Build cache is disabled
  Caching not enabled.
Caching disabled for InstrumentationAnalysisTransform: /root/projects/PassVault/audit-runtime-linux-android-release-action03/gradle-home/caches/modules-2/files-2.1/javax.inject/javax.inject/1/6975da39a7040257bd51d21a231b76c915872d38/javax.inject-1.jar because:
  Build cache is disabled
  Caching not enabled.
Caching disabled for InstrumentationAnalysisTransform: /root/projects/PassVault/audit-runtime-linux-android-release-action03/gradle-home/caches/modules-2/files-2.1/net.sf.kxml/kxml2/2.3.0/ccbc77a5fd907ef863c29f3596c6f54ffa4e9442/kxml2-2.3.0.jar because:
  Build cache is disabled
  Caching not enabled.
Caching disabled for InstrumentationAnalysisTransform: /root/projects/PassVault/audit-runtime-linux-android-release-action03/gradle-home/caches/modules-2/files-2.1/org.bouncycastle/bcpkix-jdk18on/1.80.2/cc97199b13ed4166079aec30e020bd684ead274c/bcpkix-jdk18on-1.80.2.jar because:
  Build cache is disabled
  Caching not enabled.
Caching disabled for InstrumentationAnalysisTransform: /root/projects/PassVault/audit-runtime-linux-android-release-action03/gradle-home/caches/modules-2/files-2.1/org.bouncycastle/bcutil-jdk18on/1.80.2/5aa52bcc7b7d5dc8975a3df9e657abdb5cea62be/bcutil-jdk18on-1.80.2.jar because:
  Build cache is disabled
  Caching not enabled.
Caching disabled for InstrumentationAnalysisTransform: /root/projects/PassVault/audit-runtime-linux-android-release-action03/gradle-home/caches/modules-2/files-2.1/org.bouncycastle/bcprov-jdk18on/1.80.2/698ebb5539a939849576a6854bd52e191cbe1c5c/bcprov-jdk18on-1.80.2.jar because:
  Build cache is disabled
  Caching not enabled.
Caching disabled for InstrumentationAnalysisTransform: /root/projects/PassVault/audit-runtime-linux-android-release-action03/gradle-home/caches/modules-2/files-2.1/org.apache.httpcomponents/httpclient/4.5.14/1194890e6f56ec29177673f2f12d0b8e627dec98/httpclient-4.5.14.jar because:
  Build cache is disabled
  Caching not enabled.
Caching disabled for InstrumentationAnalysisTransform: /root/projects/PassVault/audit-runtime-linux-android-release-action03/gradle-home/caches/modules-2/files-2.1/org.apache.httpcomponents/httpcore/4.4.16/51cf043c87253c9f58b539c9f7e44c8894223850/httpcore-4.4.16.jar because:
  Build cache is disabled
  Caching not enabled.
Caching disabled for InstrumentationAnalysisTransform: /root/projects/PassVault/audit-runtime-linux-android-release-action03/gradle-home/caches/modules-2/files-2.1/com.android/signflinger/9.4.0/931575c0547261e249124c8749ece3b1664763a5/signflinger-9.4.0.jar because:
  Build cache is disabled
  Caching not enabled.
Caching disabled for InstrumentationAnalysisTransform: /root/projects/PassVault/audit-runtime-linux-android-release-action03/gradle-home/caches/modules-2/files-2.1/com.android/zipflinger/9.4.0/468d84015634e21c1607b7cb298fff3017dbe19/zipflinger-9.4.0.jar because:
  Build cache is disabled
  Caching not enabled.
Caching disabled for InstrumentationAnalysisTransform: /root/projects/PassVault/audit-runtime-linux-android-release-action03/gradle-home/caches/modules-2/files-2.1/com.android.tools/annotations/32.4.0/755aa98f446d71a443d30a732b42f906cce94a44/annotations-32.4.0.jar because:
  Build cache is disabled
  Caching not enabled.
Caching disabled for InstrumentationAnalysisTransform: /root/projects/PassVault/audit-runtime-linux-android-release-action03/gradle-home/caches/modules-2/files-2.1/net.java.dev.jna/jna-platform/5.6.0/d18424ffb8bbfd036d71bcaab9b546858f2ef986/jna-platform-5.6.0.jar because:
  Build cache is disabled
  Caching not enabled.
Caching disabled for InstrumentationAnalysisTransform: /root/projects/PassVault/audit-runtime-linux-android-release-action03/gradle-home/caches/modules-2/files-2.1/com.googlecode.juniversalchardet/juniversalchardet/1.0.3/cd49678784c46aa8789c060538e0154013bb421b/juniversalchardet-1.0.3.jar because:
  Build cache is disabled
  Caching not enabled.
Caching disabled for InstrumentationAnalysisTransform: /root/projects/PassVault/audit-runtime-linux-android-release-action03/gradle-home/caches/modules-2/files-2.1/org.jvnet.staxex/stax-ex/1.8.1/78011e483a21102fb4858f3e8f269a677e50aa23/stax-ex-1.8.1.jar because:
  Build cache is disabled
  Caching not enabled.
Caching disabled for InstrumentationAnalysisTransform: /root/projects/PassVault/audit-runtime-linux-android-release-action03/gradle-home/caches/modules-2/files-2.1/jakarta.xml.bind/jakarta.xml.bind-api/2.3.2/8d49996a4338670764d7ca4b85a1c4ccf7fe665d/jakarta.xml.bind-api-2.3.2.jar because:
  Build cache is disabled
  Caching not enabled.
Caching disabled for InstrumentationAnalysisTransform: /root/projects/PassVault/audit-runtime-linux-android-release-action03/gradle-home/caches/modules-2/files-2.1/org.glassfish.jaxb/txw2/2.3.2/ce5be7da2e442c25ec14c766cb60cb802741727b/txw2-2.3.2.jar because:
  Build cache is disabled
  Caching not enabled.
Caching disabled for InstrumentationAnalysisTransform: /root/projects/PassVault/audit-runtime-linux-android-release-action03/gradle-home/caches/modules-2/files-2.1/com.sun.istack/istack-commons-runtime/3.0.8/d6a97364045aa6b99bf2d3c566a3f98599c2d296/istack-commons-runtime-3.0.8.jar because:
  Build cache is disabled
  Caching not enabled.
Caching disabled for InstrumentationAnalysisTransform: /root/projects/PassVault/audit-runtime-linux-android-release-action03/gradle-home/caches/modules-2/files-2.1/com.sun.xml.fastinfoset/FastInfoset/1.2.16/4eb6a0adad553bf759ffe86927df6f3b848c8bea/FastInfoset-1.2.16.jar because:
  Build cache is disabled
  Caching not enabled.
Caching disabled for InstrumentationAnalysisTransform: /root/projects/PassVault/audit-runtime-linux-android-release-action03/gradle-home/caches/modules-2/files-2.1/jakarta.activation/jakarta.activation-api/1.2.1/562a587face36ec7eff2db7f2fc95425c6602bc1/jakarta.activation-api-1.2.1.jar because:
  Build cache is disabled
  Caching not enabled.
Caching disabled for InstrumentationAnalysisTransform: /root/projects/PassVault/audit-runtime-linux-android-release-action03/gradle-home/caches/modules-2/files-2.1/com.google.auto.value/auto-value-annotations/1.6.2/ed193d86e0af90cc2342aedbe73c5d86b03fa09b/auto-value-annotations-1.6.2.jar because:
  Build cache is disabled
  Caching not enabled.
Caching disabled for InstrumentationAnalysisTransform: /root/projects/PassVault/audit-runtime-linux-android-release-action03/gradle-home/caches/modules-2/files-2.1/com.google.errorprone/error_prone_annotations/2.36.0/227d4d4957ccc3dc5761bd897e3a0ee587e750a7/error_prone_annotations-2.36.0.jar because:
  Build cache is disabled
  Caching not enabled.
Caching disabled for InstrumentationAnalysisTransform: /root/projects/PassVault/audit-runtime-linux-android-release-action03/gradle-home/caches/modules-2/files-2.1/org.bitbucket.b_c/jose4j/0.9.5/e4ca26802488e6f16e24558d74ac8775a955fdd3/jose4j-0.9.5.jar because:
  Build cache is disabled
  Caching not enabled.
Caching disabled for InstrumentationAnalysisTransform: /root/projects/PassVault/audit-runtime-linux-android-release-action03/gradle-home/caches/modules-2/files-2.1/org.slf4j/slf4j-api/1.7.30/b5a4b6d16ab13e34a88fae84c35cd5d68cac922c/slf4j-api-1.7.30.jar because:
  Build cache is disabled
  Caching not enabled.
Caching disabled for InstrumentationAnalysisTransform: /root/projects/PassVault/audit-runtime-linux-android-release-action03/gradle-home/caches/modules-2/files-2.1/org.jdom/jdom2/2.0.6/6f14738ec2e9dd0011e343717fa624a10f8aab64/jdom2-2.0.6.jar because:
  Build cache is disabled
  Caching not enabled.
Caching disabled for InstrumentationAnalysisTransform: /root/projects/PassVault/audit-runtime-linux-android-release-action03/gradle-home/caches/modules-2/files-2.1/com.google.code.findbugs/jsr305/3.0.2/25ea2e8b0c338a877313bd4672d3fe056ea78f0d/jsr305-3.0.2.jar because:
  Build cache is disabled
  Caching not enabled.
Caching disabled for InstrumentationAnalysisTransform: /root/projects/PassVault/audit-runtime-linux-android-release-action03/gradle-home/caches/modules-2/files-2.1/com.google.j2objc/j2objc-annotations/3.0.0/7399e65dd7e9ff3404f4535b2f017093bdb134c7/j2objc-annotations-3.0.0.jar because:
  Build cache is disabled
  Caching not enabled.
Caching disabled for InstrumentationAnalysisTransform: /root/projects/PassVault/audit-runtime-linux-android-release-action03/gradle-home/caches/modules-2/files-2.1/org.checkerframework/checker-qual/3.43.0/9425eee39e56b116d2b998b7c2cebcbd11a3c98b/checker-qual-3.43.0.jar because:
  Build cache is disabled
  Caching not enabled.
Caching disabled for InstrumentationAnalysisTransform: /root/projects/PassVault/audit-runtime-linux-android-release-action03/gradle-home/caches/modules-2/files-2.1/com.google.flatbuffers/flatbuffers-java/1.12.0/8201cc7b511177a37071249e891f2f2fea4b32e9/flatbuffers-java-1.12.0.jar because:
  Build cache is disabled
  Caching not enabled.
Caching disabled for InstrumentationAnalysisTransform: /root/projects/PassVault/audit-runtime-linux-android-release-action03/gradle-home/caches/modules-2/files-2.1/com.android.tools.build/apksig/9.4.0/4b5fb2950c949258167c18b868e66d7a6f49ec3a/apksig-9.4.0.jar because:
  Build cache is disabled
  Caching not enabled.
Caching disabled for InstrumentationAnalysisTransform: /root/projects/PassVault/audit-runtime-linux-android-release-action03/gradle-home/caches/modules-2/files-2.1/com.squareup/javawriter/2.5.0/81241ff7078ef14f42ea2a8995fa09c096256e6b/javawriter-2.5.0.jar because:
  Build cache is disabled
  Caching not enabled.
Caching disabled for InstrumentationAnalysisTransform: /root/projects/PassVault/audit-runtime-linux-android-release-action03/gradle-home/caches/modules-2/files-2.1/com.google.guava/failureaccess/1.0.2/c4a06a64e650562f30b7bf9aaec1bfed43aca12b/failureaccess-1.0.2.jar because:
  Build cache is disabled
  Caching not enabled.
Caching disabled for InstrumentationAnalysisTransform: /root/projects/PassVault/audit-runtime-linux-android-release-action03/gradle-home/caches/modules-2/files-2.1/com.google.guava/listenablefuture/9999.0-empty-to-avoid-conflict-with-guava/b421526c5f297295adef1c886e5246c39d4ac629/listenablefuture-9999.0-empty-to-avoid-conflict-with-guava.jar because:
  Build cache is disabled
  Caching not enabled.
Caching disabled for InstrumentationAnalysisTransform: /root/projects/PassVault/audit-runtime-linux-android-release-action03/gradle-home/caches/modules-2/files-2.1/commons-codec/commons-codec/1.17.1/973638b7149d333563584137ebf13a691bb60579/commons-codec-1.17.1.jar because:
  Build cache is disabled
  Caching not enabled.
Caching disabled for InstrumentationAnalysisTransform: /root/projects/PassVault/audit-runtime-linux-android-release-action03/gradle-home/caches/modules-2/files-2.1/org.apache.commons/commons-lang3/3.16.0/3eb54effe40946dfb06dc5cd6c7ce4116cd51ea4/commons-lang3-3.16.0.jar because:
  Build cache is disabled
  Caching not enabled.
Caching disabled for InstrumentationAnalysisTransform: /root/projects/PassVault/audit-runtime-linux-android-release-action03/gradle-home/caches/modules-2/files-2.1/commons-logging/commons-logging/1.2/4bfc12adfe4842bf07b657f0369c4cb522955686/commons-logging-1.2.jar because:
  Build cache is disabled
  Caching not enabled.
Caching disabled for InstrumentationAnalysisTransform: /root/projects/PassVault/audit-runtime-linux-android-release-action03/gradle-home/caches/modules-2/files-2.1/net.java.dev.jna/jna/5.6.0/330f2244e9030119ab3030fc3fededc86713d9cc/jna-5.6.0.jar because:
  Build cache is disabled
  Caching not enabled.
Caching disabled for MergeInstrumentationAnalysisTransform: /root/projects/PassVault/audit-runtime-linux-android-release-action03/gradle-home/caches/9.7.1/transforms/4e2fc606d0954074d32af3780bb58a2c/transformed/.gradle-instrumented-classpath.marker because:
  Build cache is disabled
  Caching not enabled.
Caching disabled for MergeInstrumentationAnalysisTransform: /root/projects/PassVault/audit-runtime-linux-android-release-action03/gradle-home/caches/9.7.1/transforms/4e2fc606d0954074d32af3780bb58a2c/transformed/analysis/instrumentation-hierarchy.bin because:
  Build cache is disabled
  Caching not enabled.
Caching disabled for MergeInstrumentationAnalysisTransform: /root/projects/PassVault/audit-runtime-linux-android-release-action03/gradle-home/caches/9.7.1/transforms/4e2fc606d0954074d32af3780bb58a2c/transformed/analysis/instrumentation-dependencies.bin because:
  Build cache is disabled
  Caching not enabled.
Caching disabled for MergeInstrumentationAnalysisTransform: /root/projects/PassVault/audit-runtime-linux-android-release-action03/gradle-home/caches/modules-2/files-2.1/androidx.room/room-gradle-plugin/2.8.4/3f28d654bf30e354803b2d89f15fc227a799b325/room-gradle-plugin-2.8.4.jar because:
  Build cache is disabled
  Caching not enabled.
Caching disabled for ExternalDependencyInstrumentingArtifactTransform: /root/projects/PassVault/audit-runtime-linux-android-release-action03/gradle-home/caches/9.7.1/transforms/e597dcad2107dc1b1658eb0f3cf9eb5f/transformed/merge/instrumentation-dependencies.bin because:
  Build cache is disabled
  Caching not enabled.
Caching disabled for ExternalDependencyInstrumentingArtifactTransform: /root/projects/PassVault/audit-runtime-linux-android-release-action03/gradle-home/caches/modules-2/files-2.1/androidx.room/room-gradle-plugin/2.8.4/3f28d654bf30e354803b2d89f15fc227a799b325/room-gradle-plugin-2.8.4.jar because:
  Build cache is disabled
  Caching not enabled.
Caching disabled for MergeInstrumentationAnalysisTransform: /root/projects/PassVault/audit-runtime-linux-android-release-action03/gradle-home/caches/9.7.1/transforms/a071aa20d6c97d95683163a7d6c2b4e8/transformed/analysis/instrumentation-hierarchy.bin because:
  Build cache is disabled
  Caching not enabled.
Caching disabled for MergeInstrumentationAnalysisTransform: /root/projects/PassVault/audit-runtime-linux-android-release-action03/gradle-home/caches/9.7.1/transforms/a071aa20d6c97d95683163a7d6c2b4e8/transformed/analysis/instrumentation-dependencies.bin because:
  Build cache is disabled
  Caching not enabled.
Caching disabled for MergeInstrumentationAnalysisTransform: /root/projects/PassVault/audit-runtime-linux-android-release-action03/gradle-home/caches/modules-2/files-2.1/com.android.tools.build/gradle-settings-api/9.4.0/fcfedf9a56578511894c869f71eaecafbf5e49e6/gradle-settings-api-9.4.0.jar because:
  Build cache is disabled
  Caching not enabled.
Caching disabled for ExternalDependencyInstrumentingArtifactTransform: /root/projects/PassVault/audit-runtime-linux-android-release-action03/gradle-home/caches/9.7.1/transforms/315352dc79d95e16b2d40f575e73dbc5/transformed/merge/instrumentation-dependencies.bin because:
  Build cache is disabled
  Caching not enabled.
Caching disabled for ExternalDependencyInstrumentingArtifactTransform: /root/projects/PassVault/audit-runtime-linux-android-release-action03/gradle-home/caches/modules-2/files-2.1/com.android.tools.build/gradle-settings-api/9.4.0/fcfedf9a56578511894c869f71eaecafbf5e49e6/gradle-settings-api-9.4.0.jar because:
  Build cache is disabled
  Caching not enabled.
Caching disabled for MergeInstrumentationAnalysisTransform: /root/projects/PassVault/audit-runtime-linux-android-release-action03/gradle-home/caches/9.7.1/transforms/cbdb11bdc3c0e98bff81618a314a78a6/transformed/analysis/instrumentation-hierarchy.bin because:
  Build cache is disabled
  Caching not enabled.
Caching disabled for MergeInstrumentationAnalysisTransform: /root/projects/PassVault/audit-runtime-linux-android-release-action03/gradle-home/caches/9.7.1/transforms/cbdb11bdc3c0e98bff81618a314a78a6/transformed/analysis/instrumentation-dependencies.bin because:
  Build cache is disabled
  Caching not enabled.
Caching disabled for MergeInstrumentationAnalysisTransform: /root/projects/PassVault/audit-runtime-linux-android-release-action03/gradle-home/caches/modules-2/files-2.1/com.android.tools.build/gradle-common-api/9.4.0/188fc42710d4072ae7f02415b497fe311041b555/gradle-common-api-9.4.0.jar because:
  Build cache is disabled
  Caching not enabled.
Caching disabled for ExternalDependencyInstrumentingArtifactTransform: /root/projects/PassVault/audit-runtime-linux-android-release-action03/gradle-home/caches/9.7.1/transforms/a9b418f8693e063ab11a4ec17481172d/transformed/merge/instrumentation-dependencies.bin because:
  Build cache is disabled
  Caching not enabled.
Caching disabled for ExternalDependencyInstrumentingArtifactTransform: /root/projects/PassVault/audit-runtime-linux-android-release-action03/gradle-home/caches/modules-2/files-2.1/com.android.tools.build/gradle-common-api/9.4.0/188fc42710d4072ae7f02415b497fe311041b555/gradle-common-api-9.4.0.jar because:
  Build cache is disabled
  Caching not enabled.
Caching disabled for MergeInstrumentationAnalysisTransform: /root/projects/PassVault/audit-runtime-linux-android-release-action03/gradle-home/caches/9.7.1/transforms/cd03375ebf9923205c27bb2866605530/transformed/analysis/instrumentation-hierarchy.bin because:
  Build cache is disabled
  Caching not enabled.
Caching disabled for MergeInstrumentationAnalysisTransform: /root/projects/PassVault/audit-runtime-linux-android-release-action03/gradle-home/caches/9.7.1/transforms/cd03375ebf9923205c27bb2866605530/transformed/analysis/instrumentation-dependencies.bin because:
  Build cache is disabled
  Caching not enabled.
Caching disabled for MergeInstrumentationAnalysisTransform: /root/projects/PassVault/audit-runtime-linux-android-release-action03/gradle-home/caches/modules-2/files-2.1/com.android.tools.build/gradle-api/9.4.0/4b8d719df49cceafe003db8277780acfab8b0d0d/gradle-api-9.4.0.jar because:
  Build cache is disabled
  Caching not enabled.
Caching disabled for ExternalDependencyInstrumentingArtifactTransform: /root/projects/PassVault/audit-runtime-linux-android-release-action03/gradle-home/caches/9.7.1/transforms/b44a2ff2500e4e9b773ed5a5e52cc429/transformed/merge/instrumentation-dependencies.bin because:
  Build cache is disabled
  Caching not enabled.
Caching disabled for ExternalDependencyInstrumentingArtifactTransform: /root/projects/PassVault/audit-runtime-linux-android-release-action03/gradle-home/caches/modules-2/files-2.1/com.android.tools.build/gradle-api/9.4.0/4b8d719df49cceafe003db8277780acfab8b0d0d/gradle-api-9.4.0.jar because:
  Build cache is disabled
  Caching not enabled.
Caching disabled for MergeInstrumentationAnalysisTransform: /root/projects/PassVault/audit-runtime-linux-android-release-action03/gradle-home/caches/9.7.1/transforms/6ede40fdbbef3d9ac8b15260970bf17d/transformed/analysis/instrumentation-hierarchy.bin because:
  Build cache is disabled
  Caching not enabled.
Caching disabled for MergeInstrumentationAnalysisTransform: /root/projects/PassVault/audit-runtime-linux-android-release-action03/gradle-home/caches/9.7.1/transforms/6ede40fdbbef3d9ac8b15260970bf17d/transformed/analysis/instrumentation-dependencies.bin because:
  Build cache is disabled
  Caching not enabled.
Caching disabled for MergeInstrumentationAnalysisTransform: /root/projects/PassVault/audit-runtime-linux-android-release-action03/gradle-home/caches/modules-2/files-2.1/com.android.tools.build/gradle/9.4.0/4bf388abd58d7a14e9571c2524b3c5c54083a5c7/gradle-9.4.0.jar because:
  Build cache is disabled
  Caching not enabled.
Caching disabled for ExternalDependencyInstrumentingArtifactTransform: /root/projects/PassVault/audit-runtime-linux-android-release-action03/gradle-home/caches/9.7.1/transforms/a9945b61018f1bdd9ee7eb0813254df1/transformed/merge/instrumentation-dependencies.bin because:
  Build cache is disabled
  Caching not enabled.
Caching disabled for ExternalDependencyInstrumentingArtifactTransform: /root/projects/PassVault/audit-runtime-linux-android-release-action03/gradle-home/caches/modules-2/files-2.1/com.android.tools.build/gradle/9.4.0/4bf388abd58d7a14e9571c2524b3c5c54083a5c7/gradle-9.4.0.jar because:
  Build cache is disabled
  Caching not enabled.
Caching disabled for MergeInstrumentationAnalysisTransform: /root/projects/PassVault/audit-runtime-linux-android-release-action03/gradle-home/caches/9.7.1/transforms/6e59270b74f03407ece03359824c8c47/transformed/analysis/instrumentation-hierarchy.bin because:
  Build cache is disabled
  Caching not enabled.
Caching disabled for MergeInstrumentationAnalysisTransform: /root/projects/PassVault/audit-runtime-linux-android-release-action03/gradle-home/caches/9.7.1/transforms/6e59270b74f03407ece03359824c8c47/transformed/analysis/instrumentation-dependencies.bin because:
  Build cache is disabled
  Caching not enabled.
Caching disabled for MergeInstrumentationAnalysisTransform: /root/projects/PassVault/audit-runtime-linux-android-release-action03/gradle-home/caches/modules-2/files-2.1/com.google.devtools.ksp/symbol-processing-gradle-plugin/2.3.10/305dc21d624de19d002813606ff7251997ac90e4/symbol-processing-gradle-plugin-2.3.10.jar because:
  Build cache is disabled
  Caching not enabled.
Caching disabled for ExternalDependencyInstrumentingArtifactTransform: /root/projects/PassVault/audit-runtime-linux-android-release-action03/gradle-home/caches/9.7.1/transforms/1a8e36e31d8187b36aea35ea6605d67f/transformed/merge/instrumentation-dependencies.bin because:
  Build cache is disabled
  Caching not enabled.
Caching disabled for ExternalDependencyInstrumentingArtifactTransform: /root/projects/PassVault/audit-runtime-linux-android-release-action03/gradle-home/caches/modules-2/files-2.1/com.google.devtools.ksp/symbol-processing-gradle-plugin/2.3.10/305dc21d624de19d002813606ff7251997ac90e4/symbol-processing-gradle-plugin-2.3.10.jar because:
  Build cache is disabled
  Caching not enabled.
Caching disabled for MergeInstrumentationAnalysisTransform: /root/projects/PassVault/audit-runtime-linux-android-release-action03/gradle-home/caches/9.7.1/transforms/63e8855d2cfec5d7576a36e3d341d765/transformed/analysis/instrumentation-hierarchy.bin because:
  Build cache is disabled
  Caching not enabled.
Caching disabled for MergeInstrumentationAnalysisTransform: /root/projects/PassVault/audit-runtime-linux-android-release-action03/gradle-home/caches/9.7.1/transforms/63e8855d2cfec5d7576a36e3d341d765/transformed/analysis/instrumentation-dependencies.bin because:
  Build cache is disabled
  Caching not enabled.
Caching disabled for MergeInstrumentationAnalysisTransform: /root/projects/PassVault/audit-runtime-linux-android-release-action03/gradle-home/caches/modules-2/files-2.1/com.google.devtools.ksp/symbol-processing-api/2.3.10/a6f7d2f5cb6f63aed0e07eb53db1bf6ed07151d6/symbol-processing-api-2.3.10.jar because:
  Build cache is disabled
  Caching not enabled.
Caching disabled for ExternalDependencyInstrumentingArtifactTransform: /root/projects/PassVault/audit-runtime-linux-android-release-action03/gradle-home/caches/9.7.1/transforms/2800972122e063e81f17c1e1771ff80e/transformed/merge/instrumentation-dependencies.bin because:
  Build cache is disabled
  Caching not enabled.
Caching disabled for ExternalDependencyInstrumentingArtifactTransform: /root/projects/PassVault/audit-runtime-linux-android-release-action03/gradle-home/caches/modules-2/files-2.1/com.google.devtools.ksp/symbol-processing-api/2.3.10/a6f7d2f5cb6f63aed0e07eb53db1bf6ed07151d6/symbol-processing-api-2.3.10.jar because:
  Build cache is disabled
  Caching not enabled.
Caching disabled for MergeInstrumentationAnalysisTransform: /root/projects/PassVault/audit-runtime-linux-android-release-action03/gradle-home/caches/9.7.1/transforms/5c4af8020f2ed76cc2f9f806c57f0e2a/transformed/analysis/instrumentation-hierarchy.bin because:
  Build cache is disabled
  Caching not enabled.
Caching disabled for MergeInstrumentationAnalysisTransform: /root/projects/PassVault/audit-runtime-linux-android-release-action03/gradle-home/caches/9.7.1/transforms/5c4af8020f2ed76cc2f9f806c57f0e2a/transformed/analysis/instrumentation-dependencies.bin because:
  Build cache is disabled
  Caching not enabled.
Caching disabled for MergeInstrumentationAnalysisTransform: /root/projects/PassVault/audit-runtime-linux-android-release-action03/gradle-home/caches/modules-2/files-2.1/com.google.devtools.ksp/symbol-processing-common-deps/2.3.10/f0bb28d7b911d8bd53e480c4678badbdede9507b/symbol-processing-common-deps-2.3.10.jar because:
  Build cache is disabled
  Caching not enabled.
Caching disabled for ExternalDependencyInstrumentingArtifactTransform: /root/projects/PassVault/audit-runtime-linux-android-release-action03/gradle-home/caches/9.7.1/transforms/0a9374196563714f06587fe111c0c8b4/transformed/merge/instrumentation-dependencies.bin because:
  Build cache is disabled
  Caching not enabled.
Caching disabled for ExternalDependencyInstrumentingArtifactTransform: /root/projects/PassVault/audit-runtime-linux-android-release-action03/gradle-home/caches/modules-2/files-2.1/com.google.devtools.ksp/symbol-processing-common-deps/2.3.10/f0bb28d7b911d8bd53e480c4678badbdede9507b/symbol-processing-common-deps-2.3.10.jar because:
  Build cache is disabled
  Caching not enabled.
Caching disabled for MergeInstrumentationAnalysisTransform: /root/projects/PassVault/audit-runtime-linux-android-release-action03/gradle-home/caches/9.7.1/transforms/46f717dd02c9e37a7ccf98cbf502d548/transformed/analysis/instrumentation-hierarchy.bin because:
  Build cache is disabled
  Caching not enabled.
Caching disabled for MergeInstrumentationAnalysisTransform: /root/projects/PassVault/audit-runtime-linux-android-release-action03/gradle-home/caches/9.7.1/transforms/46f717dd02c9e37a7ccf98cbf502d548/transformed/analysis/instrumentation-dependencies.bin because:
  Build cache is disabled
  Caching not enabled.
Caching disabled for MergeInstrumentationAnalysisTransform: /root/projects/PassVault/audit-runtime-linux-android-release-action03/gradle-home/caches/modules-2/files-2.1/com.android.tools.build/aaptcompiler/9.4.0/618464e735fb0db6c4fad5906121ffd229a0afe9/aaptcompiler-9.4.0.jar because:
  Build cache is disabled
  Caching not enabled.
Caching disabled for ExternalDependencyInstrumentingArtifactTransform: /root/projects/PassVault/audit-runtime-linux-android-release-action03/gradle-home/caches/9.7.1/transforms/ed9bdf521ff905769c9fe65771b89419/transformed/merge/instrumentation-dependencies.bin because:
  Build cache is disabled
  Caching not enabled.
Caching disabled for ExternalDependencyInstrumentingArtifactTransform: /root/projects/PassVault/audit-runtime-linux-android-release-action03/gradle-home/caches/modules-2/files-2.1/com.android.tools.build/aaptcompiler/9.4.0/618464e735fb0db6c4fad5906121ffd229a0afe9/aaptcompiler-9.4.0.jar because:
  Build cache is disabled
  Caching not enabled.
Caching disabled for MergeInstrumentationAnalysisTransform: /root/projects/PassVault/audit-runtime-linux-android-release-action03/gradle-home/caches/9.7.1/transforms/9a762421d3b295bbaab950028e5ba8cb/transformed/analysis/instrumentation-hierarchy.bin because:
  Build cache is disabled
  Caching not enabled.
Caching disabled for MergeInstrumentationAnalysisTransform: /root/projects/PassVault/audit-runtime-linux-android-release-action03/gradle-home/caches/9.7.1/transforms/9a762421d3b295bbaab950028e5ba8cb/transformed/analysis/instrumentation-dependencies.bin because:
  Build cache is disabled
  Caching not enabled.
Caching disabled for MergeInstrumentationAnalysisTransform: /root/projects/PassVault/audit-runtime-linux-android-release-action03/gradle-home/caches/modules-2/files-2.1/com.android.tools.utp/gradle-work-action-api/32.4.0/a3b3019fa407b16a9b15e764f4b1ac5f2df9d11b/gradle-work-action-api-32.4.0.jar because:
  Build cache is disabled
  Caching not enabled.
Caching disabled for ExternalDependencyInstrumentingArtifactTransform: /root/projects/PassVault/audit-runtime-linux-android-release-action03/gradle-home/caches/9.7.1/transforms/c90290726d7561e7c104d5ae8d41a678/transformed/merge/instrumentation-dependencies.bin because:
  Build cache is disabled
  Caching not enabled.
Caching disabled for ExternalDependencyInstrumentingArtifactTransform: /root/projects/PassVault/audit-runtime-linux-android-release-action03/gradle-home/caches/modules-2/files-2.1/com.android.tools.utp/gradle-work-action-api/32.4.0/a3b3019fa407b16a9b15e764f4b1ac5f2df9d11b/gradle-work-action-api-32.4.0.jar because:
  Build cache is disabled
  Caching not enabled.
Caching disabled for MergeInstrumentationAnalysisTransform: /root/projects/PassVault/audit-runtime-linux-android-release-action03/gradle-home/caches/9.7.1/transforms/f795e401016967dc5cdb8c7aad57f141/transformed/analysis/instrumentation-hierarchy.bin because:
  Build cache is disabled
  Caching not enabled.
Caching disabled for MergeInstrumentationAnalysisTransform: /root/projects/PassVault/audit-runtime-linux-android-release-action03/gradle-home/caches/9.7.1/transforms/f795e401016967dc5cdb8c7aad57f141/transformed/analysis/instrumentation-dependencies.bin because:
  Build cache is disabled
  Caching not enabled.
Caching disabled for MergeInstrumentationAnalysisTransform: /root/projects/PassVault/audit-runtime-linux-android-release-action03/gradle-home/caches/modules-2/files-2.1/androidx.databinding/databinding-compiler-common/9.4.0/ee18738f9b4b0611aea6428eaad49fb9c168523e/databinding-compiler-common-9.4.0.jar because:
  Build cache is disabled
  Caching not enabled.
Caching disabled for ExternalDependencyInstrumentingArtifactTransform: /root/projects/PassVault/audit-runtime-linux-android-release-action03/gradle-home/caches/9.7.1/transforms/907dc837fffe25634afb7c2c6993d5b4/transformed/merge/instrumentation-dependencies.bin because:
  Build cache is disabled
  Caching not enabled.
Caching disabled for ExternalDependencyInstrumentingArtifactTransform: /root/projects/PassVault/audit-runtime-linux-android-release-action03/gradle-home/caches/modules-2/files-2.1/androidx.databinding/databinding-compiler-common/9.4.0/ee18738f9b4b0611aea6428eaad49fb9c168523e/databinding-compiler-common-9.4.0.jar because:
  Build cache is disabled
  Caching not enabled.
Caching disabled for MergeInstrumentationAnalysisTransform: /root/projects/PassVault/audit-runtime-linux-android-release-action03/gradle-home/caches/9.7.1/transforms/8b93082de4c3ecef036a45774c5ed35d/transformed/analysis/instrumentation-hierarchy.bin because:
  Build cache is disabled
  Caching not enabled.
Caching disabled for MergeInstrumentationAnalysisTransform: /root/projects/PassVault/audit-runtime-linux-android-release-action03/gradle-home/caches/9.7.1/transforms/8b93082de4c3ecef036a45774c5ed35d/transformed/analysis/instrumentation-dependencies.bin because:
  Build cache is disabled
  Caching not enabled.
Caching disabled for MergeInstrumentationAnalysisTransform: /root/projects/PassVault/audit-runtime-linux-android-release-action03/gradle-home/caches/modules-2/files-2.1/com.android.tools.build.jetifier/jetifier-processor/1.0.0-beta10/946c39eb0c052ff4f60a8939648a8b99af20d604/jetifier-processor-1.0.0-beta10.jar because:
  Build cache is disabled
  Caching not enabled.
Caching disabled for ExternalDependencyInstrumentingArtifactTransform: /root/projects/PassVault/audit-runtime-linux-android-release-action03/gradle-home/caches/9.7.1/transforms/a22313cf16e0b28bc7bb103b49401a7f/transformed/merge/instrumentation-dependencies.bin because:
  Build cache is disabled
  Caching not enabled.
Caching disabled for ExternalDependencyInstrumentingArtifactTransform: /root/projects/PassVault/audit-runtime-linux-android-release-action03/gradle-home/caches/modules-2/files-2.1/com.android.tools.build.jetifier/jetifier-processor/1.0.0-beta10/946c39eb0c052ff4f60a8939648a8b99af20d604/jetifier-processor-1.0.0-beta10.jar because:
  Build cache is disabled
  Caching not enabled.
Caching disabled for MergeInstrumentationAnalysisTransform: /root/projects/PassVault/audit-runtime-linux-android-release-action03/gradle-home/caches/9.7.1/transforms/c449837041688080111950291b2b032a/transformed/analysis/instrumentation-hierarchy.bin because:
  Build cache is disabled
  Caching not enabled.
Caching disabled for MergeInstrumentationAnalysisTransform: /root/projects/PassVault/audit-runtime-linux-android-release-action03/gradle-home/caches/9.7.1/transforms/c449837041688080111950291b2b032a/transformed/analysis/instrumentation-dependencies.bin because:
  Build cache is disabled
  Caching not enabled.
Caching disabled for MergeInstrumentationAnalysisTransform: /root/projects/PassVault/audit-runtime-linux-android-release-action03/gradle-home/caches/modules-2/files-2.1/com.android.tools.build.jetifier/jetifier-core/1.0.0-beta10/6e621022a9c95af12a7004d6b55805bbd1126837/jetifier-core-1.0.0-beta10.jar because:
  Build cache is disabled
  Caching not enabled.
Caching disabled for ExternalDependencyInstrumentingArtifactTransform: /root/projects/PassVault/audit-runtime-linux-android-release-action03/gradle-home/caches/9.7.1/transforms/19137e2dab3e1c80c5b07ba7dc04e34f/transformed/merge/instrumentation-dependencies.bin because:
  Build cache is disabled
  Caching not enabled.
Caching disabled for ExternalDependencyInstrumentingArtifactTransform: /root/projects/PassVault/audit-runtime-linux-android-release-action03/gradle-home/caches/modules-2/files-2.1/com.android.tools.build.jetifier/jetifier-core/1.0.0-beta10/6e621022a9c95af12a7004d6b55805bbd1126837/jetifier-core-1.0.0-beta10.jar because:
  Build cache is disabled
  Caching not enabled.
Caching disabled for MergeInstrumentationAnalysisTransform: /root/projects/PassVault/audit-runtime-linux-android-release-action03/gradle-home/caches/9.7.1/transforms/9b87b90661d37108c4898cf2b395ea31/transformed/analysis/instrumentation-hierarchy.bin because:
  Build cache is disabled
  Caching not enabled.
Caching disabled for MergeInstrumentationAnalysisTransform: /root/projects/PassVault/audit-runtime-linux-android-release-action03/gradle-home/caches/9.7.1/transforms/9b87b90661d37108c4898cf2b395ea31/transformed/analysis/instrumentation-dependencies.bin because:
  Build cache is disabled
  Caching not enabled.
Caching disabled for MergeInstrumentationAnalysisTransform: /root/projects/PassVault/audit-runtime-linux-android-release-action03/gradle-home/caches/modules-2/files-2.1/com.android.tools.build/builder/9.4.0/d1d5f9a479131e45d876213b674c9fd1a8a2d6ea/builder-9.4.0.jar because:
  Build cache is disabled
  Caching not enabled.
Caching disabled for ExternalDependencyInstrumentingArtifactTransform: /root/projects/PassVault/audit-runtime-linux-android-release-action03/gradle-home/caches/9.7.1/transforms/b28fc293c60775e83d0013a1e4de3383/transformed/merge/instrumentation-dependencies.bin because:
  Build cache is disabled
  Caching not enabled.
Caching disabled for ExternalDependencyInstrumentingArtifactTransform: /root/projects/PassVault/audit-runtime-linux-android-release-action03/gradle-home/caches/modules-2/files-2.1/com.android.tools.build/builder/9.4.0/d1d5f9a479131e45d876213b674c9fd1a8a2d6ea/builder-9.4.0.jar because:
  Build cache is disabled
  Caching not enabled.
Caching disabled for MergeInstrumentationAnalysisTransform: /root/projects/PassVault/audit-runtime-linux-android-release-action03/gradle-home/caches/9.7.1/transforms/8ec6b612ef68c7e82a84fd5c4501d9f2/transformed/analysis/instrumentation-hierarchy.bin because:
  Build cache is disabled
  Caching not enabled.
Caching disabled for MergeInstrumentationAnalysisTransform: /root/projects/PassVault/audit-runtime-linux-android-release-action03/gradle-home/caches/9.7.1/transforms/8ec6b612ef68c7e82a84fd5c4501d9f2/transformed/analysis/instrumentation-dependencies.bin because:
  Build cache is disabled
  Caching not enabled.
Caching disabled for MergeInstrumentationAnalysisTransform: /root/projects/PassVault/audit-runtime-linux-android-release-action03/gradle-home/caches/modules-2/files-2.1/com.android.tools.lint/lint-model/32.4.0/2a01476159d9ab4b0f12e84f41f5a3a142414c6/lint-model-32.4.0.jar because:
  Build cache is disabled
  Caching not enabled.
Caching disabled for ExternalDependencyInstrumentingArtifactTransform: /root/projects/PassVault/audit-runtime-linux-android-release-action03/gradle-home/caches/9.7.1/transforms/7275a14f3eb9103456d3e634187a3542/transformed/merge/instrumentation-dependencies.bin because:
  Build cache is disabled
  Caching not enabled.
Caching disabled for ExternalDependencyInstrumentingArtifactTransform: /root/projects/PassVault/audit-runtime-linux-android-release-action03/gradle-home/caches/modules-2/files-2.1/com.android.tools.lint/lint-model/32.4.0/2a01476159d9ab4b0f12e84f41f5a3a142414c6/lint-model-32.4.0.jar because:
  Build cache is disabled
  Caching not enabled.
Caching disabled for MergeInstrumentationAnalysisTransform: /root/projects/PassVault/audit-runtime-linux-android-release-action03/gradle-home/caches/9.7.1/transforms/1dd6dba579e88aa8ab9536a70f5cad17/transformed/analysis/instrumentation-hierarchy.bin because:
  Build cache is disabled
  Caching not enabled.
Caching disabled for MergeInstrumentationAnalysisTransform: /root/projects/PassVault/audit-runtime-linux-android-release-action03/gradle-home/caches/9.7.1/transforms/1dd6dba579e88aa8ab9536a70f5cad17/transformed/analysis/instrumentation-dependencies.bin because:
  Build cache is disabled
  Caching not enabled.
Caching disabled for MergeInstrumentationAnalysisTransform: /root/projects/PassVault/audit-runtime-linux-android-release-action03/gradle-home/caches/modules-2/files-2.1/com.android.tools.build/builder-model/9.4.0/2edee2cd225a6dc43276d3328a3ffac827694a9f/builder-model-9.4.0.jar because:
  Build cache is disabled
  Caching not enabled.
Caching disabled for ExternalDependencyInstrumentingArtifactTransform: /root/projects/PassVault/audit-runtime-linux-android-release-action03/gradle-home/caches/9.7.1/transforms/9a2c0936d67096d1d110fbef8d9410d9/transformed/merge/instrumentation-dependencies.bin because:
  Build cache is disabled
  Caching not enabled.
Caching disabled for ExternalDependencyInstrumentingArtifactTransform: /root/projects/PassVault/audit-runtime-linux-android-release-action03/gradle-home/caches/modules-2/files-2.1/com.android.tools.build/builder-model/9.4.0/2edee2cd225a6dc43276d3328a3ffac827694a9f/builder-model-9.4.0.jar because:
  Build cache is disabled
  Caching not enabled.
Caching disabled for MergeInstrumentationAnalysisTransform: /root/projects/PassVault/audit-runtime-linux-android-release-action03/gradle-home/caches/9.7.1/transforms/8b9c1bfa9b7e382f112652a4772d6268/transformed/analysis/instrumentation-hierarchy.bin because:
  Build cache is disabled
  Caching not enabled.
Caching disabled for MergeInstrumentationAnalysisTransform: /root/projects/PassVault/audit-runtime-linux-android-release-action03/gradle-home/caches/9.7.1/transforms/8b9c1bfa9b7e382f112652a4772d6268/transformed/analysis/instrumentation-dependencies.bin because:
  Build cache is disabled
  Caching not enabled.
Caching disabled for MergeInstrumentationAnalysisTransform: /root/projects/PassVault/audit-runtime-linux-android-release-action03/gradle-home/caches/modules-2/files-2.1/com.android.tools.build/manifest-merger/32.4.0/69a65bba12474ac5a1cf407def4f118bcd94b8dc/manifest-merger-32.4.0.jar because:
  Build cache is disabled
  Caching not enabled.
Caching disabled for ExternalDependencyInstrumentingArtifactTransform: /root/projects/PassVault/audit-runtime-linux-android-release-action03/gradle-home/caches/9.7.1/transforms/796c1bba5c3af7525bb5f997aee8a439/transformed/merge/instrumentation-dependencies.bin because:
  Build cache is disabled
  Caching not enabled.
Caching disabled for ExternalDependencyInstrumentingArtifactTransform: /root/projects/PassVault/audit-runtime-linux-android-release-action03/gradle-home/caches/modules-2/files-2.1/com.android.tools.build/manifest-merger/32.4.0/69a65bba12474ac5a1cf407def4f118bcd94b8dc/manifest-merger-32.4.0.jar because:
  Build cache is disabled
  Caching not enabled.
Caching disabled for MergeInstrumentationAnalysisTransform: /root/projects/PassVault/audit-runtime-linux-android-release-action03/gradle-home/caches/9.7.1/transforms/d554671a3597f0740953b68708416fd6/transformed/analysis/instrumentation-hierarchy.bin because:
  Build cache is disabled
  Caching not enabled.
Caching disabled for MergeInstrumentationAnalysisTransform: /root/projects/PassVault/audit-runtime-linux-android-release-action03/gradle-home/caches/9.7.1/transforms/d554671a3597f0740953b68708416fd6/transformed/analysis/instrumentation-dependencies.bin because:
  Build cache is disabled
  Caching not enabled.
Caching disabled for MergeInstrumentationAnalysisTransform: /root/projects/PassVault/audit-runtime-linux-android-release-action03/gradle-home/caches/modules-2/files-2.1/com.android.tools/sdk-common/32.4.0/aa7fdb85569977f294b4fba5b1451b5a14d6c422/sdk-common-32.4.0.jar because:
  Build cache is disabled
  Caching not enabled.
Caching disabled for ExternalDependencyInstrumentingArtifactTransform: /root/projects/PassVault/audit-runtime-linux-android-release-action03/gradle-home/caches/9.7.1/transforms/b1f86b13d70eaec7f679d1d575d3ad7c/transformed/merge/instrumentation-dependencies.bin because:
  Build cache is disabled
  Caching not enabled.
Caching disabled for ExternalDependencyInstrumentingArtifactTransform: /root/projects/PassVault/audit-runtime-linux-android-release-action03/gradle-home/caches/modules-2/files-2.1/com.android.tools/sdk-common/32.4.0/aa7fdb85569977f294b4fba5b1451b5a14d6c422/sdk-common-32.4.0.jar because:
  Build cache is disabled
  Caching not enabled.
Caching disabled for MergeInstrumentationAnalysisTransform: /root/projects/PassVault/audit-runtime-linux-android-release-action03/gradle-home/caches/9.7.1/transforms/de7c872effd46a75e242d09568ad2438/transformed/analysis/instrumentation-hierarchy.bin because:
  Build cache is disabled
  Caching not enabled.
Caching disabled for MergeInstrumentationAnalysisTransform: /root/projects/PassVault/audit-runtime-linux-android-release-action03/gradle-home/caches/9.7.1/transforms/de7c872effd46a75e242d09568ad2438/transformed/analysis/instrumentation-dependencies.bin because:
  Build cache is disabled
  Caching not enabled.
Caching disabled for MergeInstrumentationAnalysisTransform: /root/projects/PassVault/audit-runtime-linux-android-release-action03/gradle-home/caches/modules-2/files-2.1/org.jetbrains.kotlin/kotlin-reflect/2.4.0/532cc727c0960d12f4c9acb6a6c2c4a3e08187b/kotlin-reflect-2.4.0.jar because:
  Build cache is disabled
  Caching not enabled.
Caching disabled for ExternalDependencyInstrumentingArtifactTransform: /root/projects/PassVault/audit-runtime-linux-android-release-action03/gradle-home/caches/9.7.1/transforms/8c042b5839fb36fac367e8d68b262c89/transformed/merge/instrumentation-dependencies.bin because:
  Build cache is disabled
  Caching not enabled.
Caching disabled for ExternalDependencyInstrumentingArtifactTransform: /root/projects/PassVault/audit-runtime-linux-android-release-action03/gradle-home/caches/modules-2/files-2.1/org.jetbrains.kotlin/kotlin-reflect/2.4.0/532cc727c0960d12f4c9acb6a6c2c4a3e08187b/kotlin-reflect-2.4.0.jar because:
  Build cache is disabled
  Caching not enabled.
Caching disabled for MergeInstrumentationAnalysisTransform: /root/projects/PassVault/audit-runtime-linux-android-release-action03/gradle-home/caches/9.7.1/transforms/c7d223a254cc8ce596e19e487d511f5f/transformed/analysis/instrumentation-hierarchy.bin because:
  Build cache is disabled
  Caching not enabled.
Caching disabled for MergeInstrumentationAnalysisTransform: /root/projects/PassVault/audit-runtime-linux-android-release-action03/gradle-home/caches/9.7.1/transforms/c7d223a254cc8ce596e19e487d511f5f/transformed/analysis/instrumentation-dependencies.bin because:
  Build cache is disabled
  Caching not enabled.
Caching disabled for MergeInstrumentationAnalysisTransform: /root/projects/PassVault/audit-runtime-linux-android-release-action03/gradle-home/caches/modules-2/files-2.1/com.android.tools/sdklib/32.4.0/16b34ddee0d33385dbce03577a83b1c1e09aff3a/sdklib-32.4.0.jar because:
  Build cache is disabled
  Caching not enabled.
Caching disabled for ExternalDependencyInstrumentingArtifactTransform: /root/projects/PassVault/audit-runtime-linux-android-release-action03/gradle-home/caches/9.7.1/transforms/47d81b989cb3ca9974fc03a7ca4fba71/transformed/merge/instrumentation-dependencies.bin because:
  Build cache is disabled
  Caching not enabled.
Caching disabled for ExternalDependencyInstrumentingArtifactTransform: /root/projects/PassVault/audit-runtime-linux-android-release-action03/gradle-home/caches/modules-2/files-2.1/com.android.tools/sdklib/32.4.0/16b34ddee0d33385dbce03577a83b1c1e09aff3a/sdklib-32.4.0.jar because:
  Build cache is disabled
  Caching not enabled.
Caching disabled for MergeInstrumentationAnalysisTransform: /root/projects/PassVault/audit-runtime-linux-android-release-action03/gradle-home/caches/9.7.1/transforms/cfc14889272a909133065011eb6a19df/transformed/analysis/instrumentation-hierarchy.bin because:
  Build cache is disabled
  Caching not enabled.
Caching disabled for MergeInstrumentationAnalysisTransform: /root/projects/PassVault/audit-runtime-linux-android-release-action03/gradle-home/caches/9.7.1/transforms/cfc14889272a909133065011eb6a19df/transformed/analysis/instrumentation-dependencies.bin because:
  Build cache is disabled
  Caching not enabled.
Caching disabled for MergeInstrumentationAnalysisTransform: /root/projects/PassVault/audit-runtime-linux-android-release-action03/gradle-home/caches/modules-2/files-2.1/com.android.tools/repository/32.4.0/8b46d4a01e62b854aaad0f32b09b04576652d97b/repository-32.4.0.jar because:
  Build cache is disabled
  Caching not enabled.
Caching disabled for ExternalDependencyInstrumentingArtifactTransform: /root/projects/PassVault/audit-runtime-linux-android-release-action03/gradle-home/caches/9.7.1/transforms/7aa009ffc86c188bcac4429c98272a15/transformed/merge/instrumentation-dependencies.bin because:
  Build cache is disabled
  Caching not enabled.
Caching disabled for ExternalDependencyInstrumentingArtifactTransform: /root/projects/PassVault/audit-runtime-linux-android-release-action03/gradle-home/caches/modules-2/files-2.1/com.android.tools/repository/32.4.0/8b46d4a01e62b854aaad0f32b09b04576652d97b/repository-32.4.0.jar because:
  Build cache is disabled
  Caching not enabled.
Caching disabled for MergeInstrumentationAnalysisTransform: /root/projects/PassVault/audit-runtime-linux-android-release-action03/gradle-home/caches/9.7.1/transforms/1f63175a0fd140929131ebafe5571fd5/transformed/analysis/instrumentation-hierarchy.bin because:
  Build cache is disabled
  Caching not enabled.
Caching disabled for MergeInstrumentationAnalysisTransform: /root/projects/PassVault/audit-runtime-linux-android-release-action03/gradle-home/caches/9.7.1/transforms/1f63175a0fd140929131ebafe5571fd5/transformed/analysis/instrumentation-dependencies.bin because:
  Build cache is disabled
  Caching not enabled.
Caching disabled for MergeInstrumentationAnalysisTransform: /root/projects/PassVault/audit-runtime-linux-android-release-action03/gradle-home/caches/modules-2/files-2.1/com.android.tools.analytics-library/tracker/32.4.0/e5b8d9ea7f4dc2354d302a76b8b1eedb23557e78/tracker-32.4.0.jar because:
  Build cache is disabled
  Caching not enabled.
Caching disabled for ExternalDependencyInstrumentingArtifactTransform: /root/projects/PassVault/audit-runtime-linux-android-release-action03/gradle-home/caches/9.7.1/transforms/9c7973b6a8896cb7e921fb64a5723f49/transformed/merge/instrumentation-dependencies.bin because:
  Build cache is disabled
  Caching not enabled.
Caching disabled for ExternalDependencyInstrumentingArtifactTransform: /root/projects/PassVault/audit-runtime-linux-android-release-action03/gradle-home/caches/modules-2/files-2.1/com.android.tools.analytics-library/tracker/32.4.0/e5b8d9ea7f4dc2354d302a76b8b1eedb23557e78/tracker-32.4.0.jar because:
  Build cache is disabled
  Caching not enabled.
Caching disabled for MergeInstrumentationAnalysisTransform: /root/projects/PassVault/audit-runtime-linux-android-release-action03/gradle-home/caches/9.7.1/transforms/0abe0b71fbb462d1cbc1ab8a4cd319bb/transformed/analysis/instrumentation-hierarchy.bin because:
  Build cache is disabled
  Caching not enabled.
Caching disabled for MergeInstrumentationAnalysisTransform: /root/projects/PassVault/audit-runtime-linux-android-release-action03/gradle-home/caches/9.7.1/transforms/0abe0b71fbb462d1cbc1ab8a4cd319bb/transformed/analysis/instrumentation-dependencies.bin because:
  Build cache is disabled
  Caching not enabled.
Caching disabled for MergeInstrumentationAnalysisTransform: /root/projects/PassVault/audit-runtime-linux-android-release-action03/gradle-home/caches/modules-2/files-2.1/com.android.tools.analytics-library/shared/32.4.0/429c17cd9d8efce819180878b2375d4a5c4ff2aa/shared-32.4.0.jar because:
  Build cache is disabled
  Caching not enabled.
Caching disabled for ExternalDependencyInstrumentingArtifactTransform: /root/projects/PassVault/audit-runtime-linux-android-release-action03/gradle-home/caches/9.7.1/transforms/68681d912a9e23657cf5aeeead96d0d4/transformed/merge/instrumentation-dependencies.bin because:
  Build cache is disabled
  Caching not enabled.
Caching disabled for ExternalDependencyInstrumentingArtifactTransform: /root/projects/PassVault/audit-runtime-linux-android-release-action03/gradle-home/caches/modules-2/files-2.1/com.android.tools.analytics-library/shared/32.4.0/429c17cd9d8efce819180878b2375d4a5c4ff2aa/shared-32.4.0.jar because:
  Build cache is disabled
  Caching not enabled.
Caching disabled for MergeInstrumentationAnalysisTransform: /root/projects/PassVault/audit-runtime-linux-android-release-action03/gradle-home/caches/9.7.1/transforms/c165176ea2f5ad88879a3aa5cb2c4cd0/transformed/analysis/instrumentation-hierarchy.bin because:
  Build cache is disabled
  Caching not enabled.
Caching disabled for MergeInstrumentationAnalysisTransform: /root/projects/PassVault/audit-runtime-linux-android-release-action03/gradle-home/caches/9.7.1/transforms/c165176ea2f5ad88879a3aa5cb2c4cd0/transformed/analysis/instrumentation-dependencies.bin because:
  Build cache is disabled
  Caching not enabled.
Caching disabled for MergeInstrumentationAnalysisTransform: /root/projects/PassVault/audit-runtime-linux-android-release-action03/gradle-home/caches/modules-2/files-2.1/com.android.tools.build/builder-test-api/9.4.0/a6e38343c3f6fd6ce1f833e569bce4b2d85b0182/builder-test-api-9.4.0.jar because:
  Build cache is disabled
  Caching not enabled.
Caching disabled for ExternalDependencyInstrumentingArtifactTransform: /root/projects/PassVault/audit-runtime-linux-android-release-action03/gradle-home/caches/9.7.1/transforms/7dfc5e54a3d098b15e17146b0696a5f4/transformed/merge/instrumentation-dependencies.bin because:
  Build cache is disabled
  Caching not enabled.
Caching disabled for ExternalDependencyInstrumentingArtifactTransform: /root/projects/PassVault/audit-runtime-linux-android-release-action03/gradle-home/caches/modules-2/files-2.1/com.android.tools.build/builder-test-api/9.4.0/a6e38343c3f6fd6ce1f833e569bce4b2d85b0182/builder-test-api-9.4.0.jar because:
  Build cache is disabled
  Caching not enabled.
Caching disabled for MergeInstrumentationAnalysisTransform: /root/projects/PassVault/audit-runtime-linux-android-release-action03/gradle-home/caches/9.7.1/transforms/ec7f00c695ec105091aed6be7f084b74/transformed/analysis/instrumentation-hierarchy.bin because:
  Build cache is disabled
  Caching not enabled.
Caching disabled for MergeInstrumentationAnalysisTransform: /root/projects/PassVault/audit-runtime-linux-android-release-action03/gradle-home/caches/9.7.1/transforms/ec7f00c695ec105091aed6be7f084b74/transformed/analysis/instrumentation-dependencies.bin because:
  Build cache is disabled
  Caching not enabled.
Caching disabled for MergeInstrumentationAnalysisTransform: /root/projects/PassVault/audit-runtime-linux-android-release-action03/gradle-home/caches/modules-2/files-2.1/com.android.tools.ddms/ddmlib/32.4.0/47a5071917cd3269367f3a6b8e717abfe949db25/ddmlib-32.4.0.jar because:
  Build cache is disabled
  Caching not enabled.
Caching disabled for ExternalDependencyInstrumentingArtifactTransform: /root/projects/PassVault/audit-runtime-linux-android-release-action03/gradle-home/caches/9.7.1/transforms/e59bebe2d87f5a67c0ffb2ec086aba72/transformed/merge/instrumentation-dependencies.bin because:
  Build cache is disabled
  Caching not enabled.
Caching disabled for ExternalDependencyInstrumentingArtifactTransform: /root/projects/PassVault/audit-runtime-linux-android-release-action03/gradle-home/caches/modules-2/files-2.1/com.android.tools.ddms/ddmlib/32.4.0/47a5071917cd3269367f3a6b8e717abfe949db25/ddmlib-32.4.0.jar because:
  Build cache is disabled
  Caching not enabled.
Caching disabled for MergeInstrumentationAnalysisTransform: /root/projects/PassVault/audit-runtime-linux-android-release-action03/gradle-home/caches/9.7.1/transforms/9e68cdb48604f318c42a6ea943de320f/transformed/analysis/instrumentation-hierarchy.bin because:
  Build cache is disabled
  Caching not enabled.
Caching disabled for MergeInstrumentationAnalysisTransform: /root/projects/PassVault/audit-runtime-linux-android-release-action03/gradle-home/caches/9.7.1/transforms/9e68cdb48604f318c42a6ea943de320f/transformed/analysis/instrumentation-dependencies.bin because:
  Build cache is disabled
  Caching not enabled.
Caching disabled for MergeInstrumentationAnalysisTransform: /root/projects/PassVault/audit-runtime-linux-android-release-action03/gradle-home/caches/modules-2/files-2.1/com.android.tools.layoutlib/layoutlib-api/32.4.0/8f655b3d30a60639f6ece73c9721caa86966e9ed/layoutlib-api-32.4.0.jar because:
  Build cache is disabled
  Caching not enabled.
Caching disabled for ExternalDependencyInstrumentingArtifactTransform: /root/projects/PassVault/audit-runtime-linux-android-release-action03/gradle-home/caches/9.7.1/transforms/8748e7fef71a95e39f107af517746590/transformed/merge/instrumentation-dependencies.bin because:
  Build cache is disabled
  Caching not enabled.
Caching disabled for ExternalDependencyInstrumentingArtifactTransform: /root/projects/PassVault/audit-runtime-linux-android-release-action03/gradle-home/caches/modules-2/files-2.1/com.android.tools.layoutlib/layoutlib-api/32.4.0/8f655b3d30a60639f6ece73c9721caa86966e9ed/layoutlib-api-32.4.0.jar because:
  Build cache is disabled
  Caching not enabled.
Caching disabled for MergeInstrumentationAnalysisTransform: /root/projects/PassVault/audit-runtime-linux-android-release-action03/gradle-home/caches/9.7.1/transforms/8963e19d1575d43636f3136f02b7107e/transformed/analysis/instrumentation-hierarchy.bin because:
  Build cache is disabled
  Caching not enabled.
Caching disabled for MergeInstrumentationAnalysisTransform: /root/projects/PassVault/audit-runtime-linux-android-release-action03/gradle-home/caches/9.7.1/transforms/8963e19d1575d43636f3136f02b7107e/transformed/analysis/instrumentation-dependencies.bin because:
  Build cache is disabled
  Caching not enabled.
Caching disabled for MergeInstrumentationAnalysisTransform: /root/projects/PassVault/audit-runtime-linux-android-release-action03/gradle-home/caches/modules-2/files-2.1/com.android.tools/dvlib/32.4.0/ddf23cd64ef10c248076fc4d7011c7d8250385cd/dvlib-32.4.0.jar because:
  Build cache is disabled
  Caching not enabled.
Caching disabled for ExternalDependencyInstrumentingArtifactTransform: /root/projects/PassVault/audit-runtime-linux-android-release-action03/gradle-home/caches/9.7.1/transforms/7e3c8fe04615defd789ecd8955987cfe/transformed/merge/instrumentation-dependencies.bin because:
  Build cache is disabled
  Caching not enabled.
Caching disabled for ExternalDependencyInstrumentingArtifactTransform: /root/projects/PassVault/audit-runtime-linux-android-release-action03/gradle-home/caches/modules-2/files-2.1/com.android.tools/dvlib/32.4.0/ddf23cd64ef10c248076fc4d7011c7d8250385cd/dvlib-32.4.0.jar because:
  Build cache is disabled
  Caching not enabled.
Caching disabled for MergeInstrumentationAnalysisTransform: /root/projects/PassVault/audit-runtime-linux-android-release-action03/gradle-home/caches/9.7.1/transforms/d0bdb2a875c9a7393d1a1204d5023c17/transformed/analysis/instrumentation-hierarchy.bin because:
  Build cache is disabled
  Caching not enabled.
Caching disabled for MergeInstrumentationAnalysisTransform: /root/projects/PassVault/audit-runtime-linux-android-release-action03/gradle-home/caches/9.7.1/transforms/d0bdb2a875c9a7393d1a1204d5023c17/transformed/analysis/instrumentation-dependencies.bin because:
  Build cache is disabled
  Caching not enabled.
Caching disabled for MergeInstrumentationAnalysisTransform: /root/projects/PassVault/audit-runtime-linux-android-release-action03/gradle-home/caches/modules-2/files-2.1/com.android.tools/common/32.4.0/e726669a2e96bd6a0d68bb48d9a6bf09210f5c1a/common-32.4.0.jar because:
  Build cache is disabled
  Caching not enabled.
Caching disabled for ExternalDependencyInstrumentingArtifactTransform: /root/projects/PassVault/audit-runtime-linux-android-release-action03/gradle-home/caches/9.7.1/transforms/7875692627900e5c9cd102929d744a3d/transformed/merge/instrumentation-dependencies.bin because:
  Build cache is disabled
  Caching not enabled.
Caching disabled for ExternalDependencyInstrumentingArtifactTransform: /root/projects/PassVault/audit-runtime-linux-android-release-action03/gradle-home/caches/modules-2/files-2.1/com.android.tools/common/32.4.0/e726669a2e96bd6a0d68bb48d9a6bf09210f5c1a/common-32.4.0.jar because:
  Build cache is disabled
  Caching not enabled.
Caching disabled for MergeInstrumentationAnalysisTransform: /root/projects/PassVault/audit-runtime-linux-android-release-action03/gradle-home/caches/9.7.1/transforms/ba01a1ef951a5d4638db34e3bd3bd748/transformed/analysis/instrumentation-hierarchy.bin because:
  Build cache is disabled
  Caching not enabled.
Caching disabled for MergeInstrumentationAnalysisTransform: /root/projects/PassVault/audit-runtime-linux-android-release-action03/gradle-home/caches/9.7.1/transforms/ba01a1ef951a5d4638db34e3bd3bd748/transformed/analysis/instrumentation-dependencies.bin because:
  Build cache is disabled
  Caching not enabled.
Caching disabled for MergeInstrumentationAnalysisTransform: /root/projects/PassVault/audit-runtime-linux-android-release-action03/gradle-home/caches/modules-2/files-2.1/dev.detekt/detekt-gradle-plugin/2.0.0-alpha.6/ae5ae80c78324d77ef1513d7cc63ab9b698bd335/detekt-gradle-plugin-2.0.0-alpha.6.jar because:
  Build cache is disabled
  Caching not enabled.
Caching disabled for ExternalDependencyInstrumentingArtifactTransform: /root/projects/PassVault/audit-runtime-linux-android-release-action03/gradle-home/caches/9.7.1/transforms/6f56aa8da2c1c8de6961e696fc21bb0d/transformed/merge/instrumentation-dependencies.bin because:
  Build cache is disabled
  Caching not enabled.
Caching disabled for ExternalDependencyInstrumentingArtifactTransform: /root/projects/PassVault/audit-runtime-linux-android-release-action03/gradle-home/caches/modules-2/files-2.1/dev.detekt/detekt-gradle-plugin/2.0.0-alpha.6/ae5ae80c78324d77ef1513d7cc63ab9b698bd335/detekt-gradle-plugin-2.0.0-alpha.6.jar because:
  Build cache is disabled
  Caching not enabled.
Caching disabled for MergeInstrumentationAnalysisTransform: /root/projects/PassVault/audit-runtime-linux-android-release-action03/gradle-home/caches/9.7.1/transforms/b3d2c90a9b2cfea963b65fa3ea9247bd/transformed/analysis/instrumentation-hierarchy.bin because:
  Build cache is disabled
  Caching not enabled.
Caching disabled for MergeInstrumentationAnalysisTransform: /root/projects/PassVault/audit-runtime-linux-android-release-action03/gradle-home/caches/9.7.1/transforms/b3d2c90a9b2cfea963b65fa3ea9247bd/transformed/analysis/instrumentation-dependencies.bin because:
  Build cache is disabled
  Caching not enabled.
Caching disabled for MergeInstrumentationAnalysisTransform: /root/projects/PassVault/audit-runtime-linux-android-release-action03/gradle-home/caches/modules-2/files-2.1/io.github.detekt.sarif4k/sarif4k-jvm/0.6.0/a0f3805c3fdd35ff6619e8f057ce50ff1aac7145/sarif4k-jvm-0.6.0.jar because:
  Build cache is disabled
  Caching not enabled.
Caching disabled for ExternalDependencyInstrumentingArtifactTransform: /root/projects/PassVault/audit-runtime-linux-android-release-action03/gradle-home/caches/9.7.1/transforms/64852da5096f5feef6122e657c0b90eb/transformed/merge/instrumentation-dependencies.bin because:
  Build cache is disabled
  Caching not enabled.
Caching disabled for ExternalDependencyInstrumentingArtifactTransform: /root/projects/PassVault/audit-runtime-linux-android-release-action03/gradle-home/caches/modules-2/files-2.1/io.github.detekt.sarif4k/sarif4k-jvm/0.6.0/a0f3805c3fdd35ff6619e8f057ce50ff1aac7145/sarif4k-jvm-0.6.0.jar because:
  Build cache is disabled
  Caching not enabled.
Caching disabled for MergeInstrumentationAnalysisTransform: /root/projects/PassVault/audit-runtime-linux-android-release-action03/gradle-home/caches/9.7.1/transforms/2c53b140d910e3071a0a547c9a72351a/transformed/analysis/instrumentation-hierarchy.bin because:
  Build cache is disabled
  Caching not enabled.
Caching disabled for MergeInstrumentationAnalysisTransform: /root/projects/PassVault/audit-runtime-linux-android-release-action03/gradle-home/caches/9.7.1/transforms/2c53b140d910e3071a0a547c9a72351a/transformed/analysis/instrumentation-dependencies.bin because:
  Build cache is disabled
  Caching not enabled.
Caching disabled for MergeInstrumentationAnalysisTransform: /root/projects/PassVault/audit-runtime-linux-android-release-action03/gradle-home/caches/modules-2/files-2.1/org.jetbrains.kotlinx/kotlinx-serialization-json-jvm/1.4.1/e6430b33f06dcdff88998abfcb2e78bc3cd0a1f6/kotlinx-serialization-json-jvm-1.4.1.jar because:
  Build cache is disabled
  Caching not enabled.
Caching disabled for ExternalDependencyInstrumentingArtifactTransform: /root/projects/PassVault/audit-runtime-linux-android-release-action03/gradle-home/caches/9.7.1/transforms/f4afb6ad77b1622b6812112dc74df6df/transformed/merge/instrumentation-dependencies.bin because:
  Build cache is disabled
  Caching not enabled.
Caching disabled for ExternalDependencyInstrumentingArtifactTransform: /root/projects/PassVault/audit-runtime-linux-android-release-action03/gradle-home/caches/modules-2/files-2.1/org.jetbrains.kotlinx/kotlinx-serialization-json-jvm/1.4.1/e6430b33f06dcdff88998abfcb2e78bc3cd0a1f6/kotlinx-serialization-json-jvm-1.4.1.jar because:
  Build cache is disabled
  Caching not enabled.
Caching disabled for MergeInstrumentationAnalysisTransform: /root/projects/PassVault/audit-runtime-linux-android-release-action03/gradle-home/caches/9.7.1/transforms/ee71acca119e0bfa57d6caff8b976f51/transformed/analysis/instrumentation-hierarchy.bin because:
  Build cache is disabled
  Caching not enabled.
Caching disabled for MergeInstrumentationAnalysisTransform: /root/projects/PassVault/audit-runtime-linux-android-release-action03/gradle-home/caches/9.7.1/transforms/ee71acca119e0bfa57d6caff8b976f51/transformed/analysis/instrumentation-dependencies.bin because:
  Build cache is disabled
  Caching not enabled.
Caching disabled for MergeInstrumentationAnalysisTransform: /root/projects/PassVault/audit-runtime-linux-android-release-action03/gradle-home/caches/modules-2/files-2.1/org.jetbrains.kotlinx/kotlinx-serialization-core-jvm/1.4.1/e0c2c11e5d0d541ca343c8f09602c0c2287d15a1/kotlinx-serialization-core-jvm-1.4.1.jar because:
  Build cache is disabled
  Caching not enabled.
Caching disabled for ExternalDependencyInstrumentingArtifactTransform: /root/projects/PassVault/audit-runtime-linux-android-release-action03/gradle-home/caches/9.7.1/transforms/2794c927bc5de153968ca752cd78a93e/transformed/merge/instrumentation-dependencies.bin because:
  Build cache is disabled
  Caching not enabled.
Caching disabled for ExternalDependencyInstrumentingArtifactTransform: /root/projects/PassVault/audit-runtime-linux-android-release-action03/gradle-home/caches/modules-2/files-2.1/org.jetbrains.kotlinx/kotlinx-serialization-core-jvm/1.4.1/e0c2c11e5d0d541ca343c8f09602c0c2287d15a1/kotlinx-serialization-core-jvm-1.4.1.jar because:
  Build cache is disabled
  Caching not enabled.
Caching disabled for MergeInstrumentationAnalysisTransform: /root/projects/PassVault/audit-runtime-linux-android-release-action03/gradle-home/caches/9.7.1/transforms/62fd2bf5ff8fab7fbb70dd39b775ff9d/transformed/analysis/instrumentation-dependencies.bin because:
  Build cache is disabled
  Caching not enabled.
Caching disabled for MergeInstrumentationAnalysisTransform: /root/projects/PassVault/audit-runtime-linux-android-release-action03/gradle-home/caches/modules-2/files-2.1/org.jetbrains.kotlin/kotlin-stdlib-jdk8/2.2.10/80cc9a776a058eeda7053731350bc41af8858a5a/kotlin-stdlib-jdk8-2.2.10.jar because:
  Build cache is disabled
  Caching not enabled.
Caching disabled for ExternalDependencyInstrumentingArtifactTransform: /root/projects/PassVault/audit-runtime-linux-android-release-action03/gradle-home/caches/9.7.1/transforms/4d74143c5c023509bf8414f0f7687961/transformed/merge/instrumentation-dependencies.bin because:
  Build cache is disabled
  Caching not enabled.
Caching disabled for ExternalDependencyInstrumentingArtifactTransform: /root/projects/PassVault/audit-runtime-linux-android-release-action03/gradle-home/caches/modules-2/files-2.1/org.jetbrains.kotlin/kotlin-stdlib-jdk8/2.2.10/80cc9a776a058eeda7053731350bc41af8858a5a/kotlin-stdlib-jdk8-2.2.10.jar because:
  Build cache is disabled
  Caching not enabled.
Caching disabled for MergeInstrumentationAnalysisTransform: /root/projects/PassVault/audit-runtime-linux-android-release-action03/gradle-home/caches/9.7.1/transforms/5bce7a116393f1a468c185fa8c2a1eb7/transformed/analysis/instrumentation-hierarchy.bin because:
  Build cache is disabled
  Caching not enabled.
Caching disabled for MergeInstrumentationAnalysisTransform: /root/projects/PassVault/audit-runtime-linux-android-release-action03/gradle-home/caches/9.7.1/transforms/5bce7a116393f1a468c185fa8c2a1eb7/transformed/analysis/instrumentation-dependencies.bin because:
  Build cache is disabled
  Caching not enabled.
Caching disabled for MergeInstrumentationAnalysisTransform: /root/projects/PassVault/audit-runtime-linux-android-release-action03/gradle-home/caches/modules-2/files-2.1/org.jetbrains.kotlin/kotlin-serialization/2.4.10/44ea603b799fe4b3900cfdb5fc2879638258ccf/kotlin-serialization-2.4.10-gradle813.jar because:
  Build cache is disabled
  Caching not enabled.
Caching disabled for ExternalDependencyInstrumentingArtifactTransform: /root/projects/PassVault/audit-runtime-linux-android-release-action03/gradle-home/caches/9.7.1/transforms/7925a67c1a2cc6746777075abbc93a1e/transformed/merge/instrumentation-dependencies.bin because:
  Build cache is disabled
  Caching not enabled.
Caching disabled for ExternalDependencyInstrumentingArtifactTransform: /root/projects/PassVault/audit-runtime-linux-android-release-action03/gradle-home/caches/modules-2/files-2.1/org.jetbrains.kotlin/kotlin-serialization/2.4.10/44ea603b799fe4b3900cfdb5fc2879638258ccf/kotlin-serialization-2.4.10-gradle813.jar because:
  Build cache is disabled
  Caching not enabled.
Caching disabled for MergeInstrumentationAnalysisTransform: /root/projects/PassVault/audit-runtime-linux-android-release-action03/gradle-home/caches/9.7.1/transforms/7841a23685739c9307e3c6ad0aebaed8/transformed/analysis/instrumentation-hierarchy.bin because:
  Build cache is disabled
  Caching not enabled.
Caching disabled for MergeInstrumentationAnalysisTransform: /root/projects/PassVault/audit-runtime-linux-android-release-action03/gradle-home/caches/9.7.1/transforms/7841a23685739c9307e3c6ad0aebaed8/transformed/analysis/instrumentation-dependencies.bin because:
  Build cache is disabled
  Caching not enabled.
Caching disabled for MergeInstrumentationAnalysisTransform: /root/projects/PassVault/audit-runtime-linux-android-release-action03/gradle-home/caches/modules-2/files-2.1/org.jetbrains.kotlin/fus-statistics-gradle-plugin/2.4.10/9d2373587d4c591036e79e877b6b5f0a105a052d/fus-statistics-gradle-plugin-2.4.10-gradle813.jar because:
  Build cache is disabled
  Caching not enabled.
Caching disabled for ExternalDependencyInstrumentingArtifactTransform: /root/projects/PassVault/audit-runtime-linux-android-release-action03/gradle-home/caches/9.7.1/transforms/6aeff341533dc3587d159a7de4c3f0db/transformed/merge/instrumentation-dependencies.bin because:
  Build cache is disabled
  Caching not enabled.
Caching disabled for ExternalDependencyInstrumentingArtifactTransform: /root/projects/PassVault/audit-runtime-linux-android-release-action03/gradle-home/caches/modules-2/files-2.1/org.jetbrains.kotlin/fus-statistics-gradle-plugin/2.4.10/9d2373587d4c591036e79e877b6b5f0a105a052d/fus-statistics-gradle-plugin-2.4.10-gradle813.jar because:
  Build cache is disabled
  Caching not enabled.
Caching disabled for MergeInstrumentationAnalysisTransform: /root/projects/PassVault/audit-runtime-linux-android-release-action03/gradle-home/caches/9.7.1/transforms/31260ac1ef85de63928022f8e7a9fbf9/transformed/analysis/instrumentation-hierarchy.bin because:
  Build cache is disabled
  Caching not enabled.
Caching disabled for MergeInstrumentationAnalysisTransform: /root/projects/PassVault/audit-runtime-linux-android-release-action03/gradle-home/caches/9.7.1/transforms/31260ac1ef85de63928022f8e7a9fbf9/transformed/analysis/instrumentation-dependencies.bin because:
  Build cache is disabled
  Caching not enabled.
Caching disabled for MergeInstrumentationAnalysisTransform: /root/projects/PassVault/audit-runtime-linux-android-release-action03/gradle-home/caches/modules-2/files-2.1/org.jetbrains.kotlin/kotlin-gradle-plugin-api/2.4.10/57abfa0230a1ffc31556110bff4b946b55967ba3/kotlin-gradle-plugin-api-2.4.10-gradle813.jar because:
  Build cache is disabled
  Caching not enabled.
Caching disabled for ExternalDependencyInstrumentingArtifactTransform: /root/projects/PassVault/audit-runtime-linux-android-release-action03/gradle-home/caches/9.7.1/transforms/b7662c05f838960ada5c84b5473b2c65/transformed/merge/instrumentation-dependencies.bin because:
  Build cache is disabled
  Caching not enabled.
Caching disabled for ExternalDependencyInstrumentingArtifactTransform: /root/projects/PassVault/audit-runtime-linux-android-release-action03/gradle-home/caches/modules-2/files-2.1/org.jetbrains.kotlin/kotlin-gradle-plugin-api/2.4.10/57abfa0230a1ffc31556110bff4b946b55967ba3/kotlin-gradle-plugin-api-2.4.10-gradle813.jar because:
  Build cache is disabled
  Caching not enabled.
Caching disabled for MergeInstrumentationAnalysisTransform: /root/projects/PassVault/audit-runtime-linux-android-release-action03/gradle-home/caches/9.7.1/transforms/e688fdfefb987f39d2c06eba9d568708/transformed/analysis/instrumentation-hierarchy.bin because:
  Build cache is disabled
  Caching not enabled.
Caching disabled for MergeInstrumentationAnalysisTransform: /root/projects/PassVault/audit-runtime-linux-android-release-action03/gradle-home/caches/9.7.1/transforms/e688fdfefb987f39d2c06eba9d568708/transformed/analysis/instrumentation-dependencies.bin because:
  Build cache is disabled
  Caching not enabled.
Caching disabled for MergeInstrumentationAnalysisTransform: /root/projects/PassVault/audit-runtime-linux-android-release-action03/gradle-home/caches/modules-2/files-2.1/org.jetbrains.kotlin/compose-compiler-gradle-plugin/2.4.10/380183bbebcd293bd84e8738d012bc3b0403408c/compose-compiler-gradle-plugin-2.4.10-gradle813.jar because:
  Build cache is disabled
  Caching not enabled.
Caching disabled for ExternalDependencyInstrumentingArtifactTransform: /root/projects/PassVault/audit-runtime-linux-android-release-action03/gradle-home/caches/9.7.1/transforms/d4ea655971fa46d500d9b34f5b747b81/transformed/merge/instrumentation-dependencies.bin because:
  Build cache is disabled
  Caching not enabled.
Caching disabled for ExternalDependencyInstrumentingArtifactTransform: /root/projects/PassVault/audit-runtime-linux-android-release-action03/gradle-home/caches/modules-2/files-2.1/org.jetbrains.kotlin/compose-compiler-gradle-plugin/2.4.10/380183bbebcd293bd84e8738d012bc3b0403408c/compose-compiler-gradle-plugin-2.4.10-gradle813.jar because:
  Build cache is disabled
  Caching not enabled.
Caching disabled for MergeInstrumentationAnalysisTransform: /root/projects/PassVault/audit-runtime-linux-android-release-action03/gradle-home/caches/9.7.1/transforms/84367fc657e9bb63175ddf6b41b4d43b/transformed/analysis/instrumentation-hierarchy.bin because:
  Build cache is disabled
  Caching not enabled.
Caching disabled for MergeInstrumentationAnalysisTransform: /root/projects/PassVault/audit-runtime-linux-android-release-action03/gradle-home/caches/9.7.1/transforms/84367fc657e9bb63175ddf6b41b4d43b/transformed/analysis/instrumentation-dependencies.bin because:
  Build cache is disabled
  Caching not enabled.
Caching disabled for MergeInstrumentationAnalysisTransform: /root/projects/PassVault/audit-runtime-linux-android-release-action03/gradle-home/caches/modules-2/files-2.1/org.jetbrains.kotlin/kotlin-gradle-plugin/2.4.10/54e85b6639aa6819abc9985612e470576540e8ec/kotlin-gradle-plugin-2.4.10-gradle813.jar because:
  Build cache is disabled
  Caching not enabled.
Caching disabled for ExternalDependencyInstrumentingArtifactTransform: /root/projects/PassVault/audit-runtime-linux-android-release-action03/gradle-home/caches/9.7.1/transforms/1517f9585908a943dfadbd4f6dd130ee/transformed/merge/instrumentation-dependencies.bin because:
  Build cache is disabled
  Caching not enabled.
Caching disabled for ExternalDependencyInstrumentingArtifactTransform: /root/projects/PassVault/audit-runtime-linux-android-release-action03/gradle-home/caches/modules-2/files-2.1/org.jetbrains.kotlin/kotlin-gradle-plugin/2.4.10/54e85b6639aa6819abc9985612e470576540e8ec/kotlin-gradle-plugin-2.4.10-gradle813.jar because:
  Build cache is disabled
  Caching not enabled.
Caching disabled for MergeInstrumentationAnalysisTransform: /root/projects/PassVault/audit-runtime-linux-android-release-action03/gradle-home/caches/9.7.1/transforms/dfa3eb9a3e9cede2631918747296c921/transformed/analysis/instrumentation-hierarchy.bin because:
  Build cache is disabled
  Caching not enabled.
Caching disabled for MergeInstrumentationAnalysisTransform: /root/projects/PassVault/audit-runtime-linux-android-release-action03/gradle-home/caches/9.7.1/transforms/dfa3eb9a3e9cede2631918747296c921/transformed/analysis/instrumentation-dependencies.bin because:
  Build cache is disabled
  Caching not enabled.
Caching disabled for MergeInstrumentationAnalysisTransform: /root/projects/PassVault/audit-runtime-linux-android-release-action03/gradle-home/caches/modules-2/files-2.1/org.jetbrains.kotlin/kotlin-compiler-runner/2.4.10/db761b9c5e0a67bcea290bc7e0700a7075af97de/kotlin-compiler-runner-2.4.10.jar because:
  Build cache is disabled
  Caching not enabled.
Caching disabled for ExternalDependencyInstrumentingArtifactTransform: /root/projects/PassVault/audit-runtime-linux-android-release-action03/gradle-home/caches/9.7.1/transforms/a6835e4141bfea73d08e38923180abbb/transformed/merge/instrumentation-dependencies.bin because:
  Build cache is disabled
  Caching not enabled.
Caching disabled for ExternalDependencyInstrumentingArtifactTransform: /root/projects/PassVault/audit-runtime-linux-android-release-action03/gradle-home/caches/modules-2/files-2.1/org.jetbrains.kotlin/kotlin-compiler-runner/2.4.10/db761b9c5e0a67bcea290bc7e0700a7075af97de/kotlin-compiler-runner-2.4.10.jar because:
  Build cache is disabled
  Caching not enabled.
Caching disabled for MergeInstrumentationAnalysisTransform: /root/projects/PassVault/audit-runtime-linux-android-release-action03/gradle-home/caches/9.7.1/transforms/9b7cd23f7ff8be98da6d58ac2957529b/transformed/analysis/instrumentation-hierarchy.bin because:
  Build cache is disabled
  Caching not enabled.
Caching disabled for MergeInstrumentationAnalysisTransform: /root/projects/PassVault/audit-runtime-linux-android-release-action03/gradle-home/caches/9.7.1/transforms/9b7cd23f7ff8be98da6d58ac2957529b/transformed/analysis/instrumentation-dependencies.bin because:
  Build cache is disabled
  Caching not enabled.
Caching disabled for MergeInstrumentationAnalysisTransform: /root/projects/PassVault/audit-runtime-linux-android-release-action03/gradle-home/caches/modules-2/files-2.1/org.jetbrains.kotlinx/kotlinx-coroutines-core-jvm/1.9.0/9beade4c1c1569e4f36cbd2c37e02e3e41502601/kotlinx-coroutines-core-jvm-1.9.0.jar because:
  Build cache is disabled
  Caching not enabled.
Caching disabled for ExternalDependencyInstrumentingArtifactTransform: /root/projects/PassVault/audit-runtime-linux-android-release-action03/gradle-home/caches/9.7.1/transforms/4de5cb9c5ae05c63e2729fc7069ca0ac/transformed/merge/instrumentation-dependencies.bin because:
  Build cache is disabled
  Caching not enabled.
Caching disabled for ExternalDependencyInstrumentingArtifactTransform: /root/projects/PassVault/audit-runtime-linux-android-release-action03/gradle-home/caches/modules-2/files-2.1/org.jetbrains.kotlinx/kotlinx-coroutines-core-jvm/1.9.0/9beade4c1c1569e4f36cbd2c37e02e3e41502601/kotlinx-coroutines-core-jvm-1.9.0.jar because:
  Build cache is disabled
  Caching not enabled.
Caching disabled for MergeInstrumentationAnalysisTransform: /root/projects/PassVault/audit-runtime-linux-android-release-action03/gradle-home/caches/9.7.1/transforms/7622f8f2f526cbad69a9d449fff29593/transformed/analysis/instrumentation-dependencies.bin because:
  Build cache is disabled
  Caching not enabled.
Caching disabled for MergeInstrumentationAnalysisTransform: /root/projects/PassVault/audit-runtime-linux-android-release-action03/gradle-home/caches/modules-2/files-2.1/org.jetbrains.kotlin/kotlin-stdlib-jdk7/2.2.10/18cc96ae090a71726822631e1808c7d329faab5d/kotlin-stdlib-jdk7-2.2.10.jar because:
  Build cache is disabled
  Caching not enabled.
Caching disabled for ExternalDependencyInstrumentingArtifactTransform: /root/projects/PassVault/audit-runtime-linux-android-release-action03/gradle-home/caches/9.7.1/transforms/bb12aeceda699b8c3569d8ee78b86d15/transformed/merge/instrumentation-dependencies.bin because:
  Build cache is disabled
  Caching not enabled.
Caching disabled for ExternalDependencyInstrumentingArtifactTransform: /root/projects/PassVault/audit-runtime-linux-android-release-action03/gradle-home/caches/modules-2/files-2.1/org.jetbrains.kotlin/kotlin-stdlib-jdk7/2.2.10/18cc96ae090a71726822631e1808c7d329faab5d/kotlin-stdlib-jdk7-2.2.10.jar because:
  Build cache is disabled
  Caching not enabled.
Caching disabled for MergeInstrumentationAnalysisTransform: /root/projects/PassVault/audit-runtime-linux-android-release-action03/gradle-home/caches/9.7.1/transforms/b5d984a42c5870af0efdaee3ffa89944/transformed/analysis/instrumentation-hierarchy.bin because:
  Build cache is disabled
  Caching not enabled.
Caching disabled for MergeInstrumentationAnalysisTransform: /root/projects/PassVault/audit-runtime-linux-android-release-action03/gradle-home/caches/9.7.1/transforms/b5d984a42c5870af0efdaee3ffa89944/transformed/analysis/instrumentation-dependencies.bin because:
  Build cache is disabled
  Caching not enabled.
Caching disabled for MergeInstrumentationAnalysisTransform: /root/projects/PassVault/audit-runtime-linux-android-release-action03/gradle-home/caches/modules-2/files-2.1/org.jetbrains.kotlin/kotlin-stdlib/2.4.0/4e9f4b531dce5c7dee58ed2de9a8b9a763c8dc6c/kotlin-stdlib-2.4.0.jar because:
  Build cache is disabled
  Caching not enabled.
Caching disabled for ExternalDependencyInstrumentingArtifactTransform: /root/projects/PassVault/audit-runtime-linux-android-release-action03/gradle-home/caches/9.7.1/transforms/34011ab51407bc5460c6a1b8f7450a1d/transformed/merge/instrumentation-dependencies.bin because:
  Build cache is disabled
  Caching not enabled.
Caching disabled for ExternalDependencyInstrumentingArtifactTransform: /root/projects/PassVault/audit-runtime-linux-android-release-action03/gradle-home/caches/modules-2/files-2.1/org.jetbrains.kotlin/kotlin-stdlib/2.4.0/4e9f4b531dce5c7dee58ed2de9a8b9a763c8dc6c/kotlin-stdlib-2.4.0.jar because:
  Build cache is disabled
  Caching not enabled.
Caching disabled for MergeInstrumentationAnalysisTransform: /root/projects/PassVault/audit-runtime-linux-android-release-action03/gradle-home/caches/9.7.1/transforms/81a44ac670246dade6417ddea22886f3/transformed/analysis/instrumentation-dependencies.bin because:
  Build cache is disabled
  Caching not enabled.
Caching disabled for MergeInstrumentationAnalysisTransform: /root/projects/PassVault/audit-runtime-linux-android-release-action03/gradle-home/caches/modules-2/files-2.1/org.jetbrains/annotations/13.0/919f0dfe192fb4e063e7dacadee7f8bb9a2672a9/annotations-13.0.jar because:
  Build cache is disabled
  Caching not enabled.
Caching disabled for ExternalDependencyInstrumentingArtifactTransform: /root/projects/PassVault/audit-runtime-linux-android-release-action03/gradle-home/caches/9.7.1/transforms/8126f3cce5251585bdd0ad0b6c9abf43/transformed/merge/instrumentation-dependencies.bin because:
  Build cache is disabled
  Caching not enabled.
Caching disabled for ExternalDependencyInstrumentingArtifactTransform: /root/projects/PassVault/audit-runtime-linux-android-release-action03/gradle-home/caches/modules-2/files-2.1/org.jetbrains/annotations/13.0/919f0dfe192fb4e063e7dacadee7f8bb9a2672a9/annotations-13.0.jar because:
  Build cache is disabled
  Caching not enabled.
Caching disabled for MergeInstrumentationAnalysisTransform: /root/projects/PassVault/audit-runtime-linux-android-release-action03/gradle-home/caches/9.7.1/transforms/744bf07847b9240460e49bbfee5377af/transformed/analysis/instrumentation-hierarchy.bin because:
  Build cache is disabled
  Caching not enabled.
Caching disabled for MergeInstrumentationAnalysisTransform: /root/projects/PassVault/audit-runtime-linux-android-release-action03/gradle-home/caches/9.7.1/transforms/744bf07847b9240460e49bbfee5377af/transformed/analysis/instrumentation-dependencies.bin because:
  Build cache is disabled
  Caching not enabled.
Caching disabled for MergeInstrumentationAnalysisTransform: /root/projects/PassVault/audit-runtime-linux-android-release-action03/gradle-home/caches/modules-2/files-2.1/org.jetbrains.compose/compose-gradle-plugin/1.11.1/84e978c779bd496be8b922e87559e88190521ce5/compose-gradle-plugin-1.11.1.jar because:
  Build cache is disabled
  Caching not enabled.
Caching disabled for ExternalDependencyInstrumentingArtifactTransform: /root/projects/PassVault/audit-runtime-linux-android-release-action03/gradle-home/caches/9.7.1/transforms/48cae775defce0cb4961417fc2a70b95/transformed/merge/instrumentation-dependencies.bin because:
  Build cache is disabled
  Caching not enabled.
Caching disabled for ExternalDependencyInstrumentingArtifactTransform: /root/projects/PassVault/audit-runtime-linux-android-release-action03/gradle-home/caches/modules-2/files-2.1/org.jetbrains.compose/compose-gradle-plugin/1.11.1/84e978c779bd496be8b922e87559e88190521ce5/compose-gradle-plugin-1.11.1.jar because:
  Build cache is disabled
  Caching not enabled.
Caching disabled for MergeInstrumentationAnalysisTransform: /root/projects/PassVault/audit-runtime-linux-android-release-action03/gradle-home/caches/9.7.1/transforms/1fdaa35d85cc92aba93ba8cb66788155/transformed/analysis/instrumentation-hierarchy.bin because:
  Build cache is disabled
  Caching not enabled.
Caching disabled for MergeInstrumentationAnalysisTransform: /root/projects/PassVault/audit-runtime-linux-android-release-action03/gradle-home/caches/9.7.1/transforms/1fdaa35d85cc92aba93ba8cb66788155/transformed/analysis/instrumentation-dependencies.bin because:
  Build cache is disabled
  Caching not enabled.
Caching disabled for MergeInstrumentationAnalysisTransform: /root/projects/PassVault/audit-runtime-linux-android-release-action03/gradle-home/caches/modules-2/files-2.1/org.jetbrains.kotlin/kotlin-gradle-plugin-idea-proto/2.4.10/e3b327b851ffdd00917458e4e4240f349e04c234/kotlin-gradle-plugin-idea-proto-2.4.10.jar because:
  Build cache is disabled
  Caching not enabled.
Caching disabled for ExternalDependencyInstrumentingArtifactTransform: /root/projects/PassVault/audit-runtime-linux-android-release-action03/gradle-home/caches/9.7.1/transforms/137947850f8d62324f5d6b6b34663471/transformed/merge/instrumentation-dependencies.bin because:
  Build cache is disabled
  Caching not enabled.
Caching disabled for ExternalDependencyInstrumentingArtifactTransform: /root/projects/PassVault/audit-runtime-linux-android-release-action03/gradle-home/caches/modules-2/files-2.1/org.jetbrains.kotlin/kotlin-gradle-plugin-idea-proto/2.4.10/e3b327b851ffdd00917458e4e4240f349e04c234/kotlin-gradle-plugin-idea-proto-2.4.10.jar because:
  Build cache is disabled
  Caching not enabled.
Caching disabled for MergeInstrumentationAnalysisTransform: /root/projects/PassVault/audit-runtime-linux-android-release-action03/gradle-home/caches/9.7.1/transforms/de1b023f03ccc3734878960012fef141/transformed/analysis/instrumentation-hierarchy.bin because:
  Build cache is disabled
  Caching not enabled.
Caching disabled for MergeInstrumentationAnalysisTransform: /root/projects/PassVault/audit-runtime-linux-android-release-action03/gradle-home/caches/9.7.1/transforms/de1b023f03ccc3734878960012fef141/transformed/analysis/instrumentation-dependencies.bin because:
  Build cache is disabled
  Caching not enabled.
Caching disabled for MergeInstrumentationAnalysisTransform: /root/projects/PassVault/audit-runtime-linux-android-release-action03/gradle-home/caches/modules-2/files-2.1/org.jetbrains.kotlin/kotlin-gradle-plugin-idea/2.4.10/905431b905fbd7c516de862a1179d7ab5fae3955/kotlin-gradle-plugin-idea-2.4.10.jar because:
  Build cache is disabled
  Caching not enabled.
Caching disabled for ExternalDependencyInstrumentingArtifactTransform: /root/projects/PassVault/audit-runtime-linux-android-release-action03/gradle-home/caches/9.7.1/transforms/eff493ebb11696e93a7d8dcabab26e0b/transformed/merge/instrumentation-dependencies.bin because:
  Build cache is disabled
  Caching not enabled.
Caching disabled for ExternalDependencyInstrumentingArtifactTransform: /root/projects/PassVault/audit-runtime-linux-android-release-action03/gradle-home/caches/modules-2/files-2.1/org.jetbrains.kotlin/kotlin-gradle-plugin-idea/2.4.10/905431b905fbd7c516de862a1179d7ab5fae3955/kotlin-gradle-plugin-idea-2.4.10.jar because:
  Build cache is disabled
  Caching not enabled.
Caching disabled for MergeInstrumentationAnalysisTransform: /root/projects/PassVault/audit-runtime-linux-android-release-action03/gradle-home/caches/9.7.1/transforms/6f7b70293f653ef0c33617890bd31f39/transformed/analysis/instrumentation-hierarchy.bin because:
  Build cache is disabled
  Caching not enabled.
Caching disabled for MergeInstrumentationAnalysisTransform: /root/projects/PassVault/audit-runtime-linux-android-release-action03/gradle-home/caches/9.7.1/transforms/6f7b70293f653ef0c33617890bd31f39/transformed/analysis/instrumentation-dependencies.bin because:
  Build cache is disabled
  Caching not enabled.
Caching disabled for MergeInstrumentationAnalysisTransform: /root/projects/PassVault/audit-runtime-linux-android-release-action03/gradle-home/caches/modules-2/files-2.1/org.jetbrains.kotlin/kotlin-klib-commonizer-api/2.4.10/3339c9ce1b5f60fed1048142d9c71c7181662641/kotlin-klib-commonizer-api-2.4.10.jar because:
  Build cache is disabled
  Caching not enabled.
Caching disabled for ExternalDependencyInstrumentingArtifactTransform: /root/projects/PassVault/audit-runtime-linux-android-release-action03/gradle-home/caches/9.7.1/transforms/1387ad49c2326405809aadba6f7f3181/transformed/merge/instrumentation-dependencies.bin because:
  Build cache is disabled
  Caching not enabled.
Caching disabled for ExternalDependencyInstrumentingArtifactTransform: /root/projects/PassVault/audit-runtime-linux-android-release-action03/gradle-home/caches/modules-2/files-2.1/org.jetbrains.kotlin/kotlin-klib-commonizer-api/2.4.10/3339c9ce1b5f60fed1048142d9c71c7181662641/kotlin-klib-commonizer-api-2.4.10.jar because:
  Build cache is disabled
  Caching not enabled.
Caching disabled for MergeInstrumentationAnalysisTransform: /root/projects/PassVault/audit-runtime-linux-android-release-action03/gradle-home/caches/9.7.1/transforms/817b51ad4eb26eb708d9967cb27ce336/transformed/analysis/instrumentation-hierarchy.bin because:
  Build cache is disabled
  Caching not enabled.
Caching disabled for MergeInstrumentationAnalysisTransform: /root/projects/PassVault/audit-runtime-linux-android-release-action03/gradle-home/caches/9.7.1/transforms/817b51ad4eb26eb708d9967cb27ce336/transformed/analysis/instrumentation-dependencies.bin because:
  Build cache is disabled
  Caching not enabled.
Caching disabled for MergeInstrumentationAnalysisTransform: /root/projects/PassVault/audit-runtime-linux-android-release-action03/gradle-home/caches/modules-2/files-2.1/org.jetbrains.kotlin/kotlin-build-statistics/2.4.10/3e16cd72908cbc218f6b2124a4bdaa26d885de6b/kotlin-build-statistics-2.4.10.jar because:
  Build cache is disabled
  Caching not enabled.
Caching disabled for ExternalDependencyInstrumentingArtifactTransform: /root/projects/PassVault/audit-runtime-linux-android-release-action03/gradle-home/caches/9.7.1/transforms/4b1c9c2b9cdeb1553812aa335a04b247/transformed/merge/instrumentation-dependencies.bin because:
  Build cache is disabled
  Caching not enabled.
Caching disabled for ExternalDependencyInstrumentingArtifactTransform: /root/projects/PassVault/audit-runtime-linux-android-release-action03/gradle-home/caches/modules-2/files-2.1/org.jetbrains.kotlin/kotlin-build-statistics/2.4.10/3e16cd72908cbc218f6b2124a4bdaa26d885de6b/kotlin-build-statistics-2.4.10.jar because:
  Build cache is disabled
  Caching not enabled.
Caching disabled for MergeInstrumentationAnalysisTransform: /root/projects/PassVault/audit-runtime-linux-android-release-action03/gradle-home/caches/9.7.1/transforms/59d27df745c5229b84eb8056ab71ec9f/transformed/analysis/instrumentation-hierarchy.bin because:
  Build cache is disabled
  Caching not enabled.
Caching disabled for MergeInstrumentationAnalysisTransform: /root/projects/PassVault/audit-runtime-linux-android-release-action03/gradle-home/caches/9.7.1/transforms/59d27df745c5229b84eb8056ab71ec9f/transformed/analysis/instrumentation-dependencies.bin because:
  Build cache is disabled
  Caching not enabled.
Caching disabled for MergeInstrumentationAnalysisTransform: /root/projects/PassVault/audit-runtime-linux-android-release-action03/gradle-home/caches/modules-2/files-2.1/org.jetbrains.kotlin/kotlin-util-klib-metadata/2.4.10/5d0b35631780153637205c66a75aa61c3fa2adc8/kotlin-util-klib-metadata-2.4.10.jar because:
  Build cache is disabled
  Caching not enabled.
Caching disabled for ExternalDependencyInstrumentingArtifactTransform: /root/projects/PassVault/audit-runtime-linux-android-release-action03/gradle-home/caches/9.7.1/transforms/43f5e0074f5a1acfabddaeb8928fb9d9/transformed/merge/instrumentation-dependencies.bin because:
  Build cache is disabled
  Caching not enabled.
Caching disabled for ExternalDependencyInstrumentingArtifactTransform: /root/projects/PassVault/audit-runtime-linux-android-release-action03/gradle-home/caches/modules-2/files-2.1/org.jetbrains.kotlin/kotlin-util-klib-metadata/2.4.10/5d0b35631780153637205c66a75aa61c3fa2adc8/kotlin-util-klib-metadata-2.4.10.jar because:
  Build cache is disabled
  Caching not enabled.
Caching disabled for MergeInstrumentationAnalysisTransform: /root/projects/PassVault/audit-runtime-linux-android-release-action03/gradle-home/caches/9.7.1/transforms/6537b034dc13c3e53f223b54f2e4b8ad/transformed/analysis/instrumentation-hierarchy.bin because:
  Build cache is disabled
  Caching not enabled.
Caching disabled for MergeInstrumentationAnalysisTransform: /root/projects/PassVault/audit-runtime-linux-android-release-action03/gradle-home/caches/9.7.1/transforms/6537b034dc13c3e53f223b54f2e4b8ad/transformed/analysis/instrumentation-dependencies.bin because:
  Build cache is disabled
  Caching not enabled.
Caching disabled for MergeInstrumentationAnalysisTransform: /root/projects/PassVault/audit-runtime-linux-android-release-action03/gradle-home/caches/modules-2/files-2.1/org.jetbrains.compose.hot-reload/hot-reload-gradle-plugin/1.1.1/6d3c8fc18f34ab5ebce4fc736bcf301bf01f43d/hot-reload-gradle-plugin-1.1.1.jar because:
  Build cache is disabled
  Caching not enabled.
Caching disabled for ExternalDependencyInstrumentingArtifactTransform: /root/projects/PassVault/audit-runtime-linux-android-release-action03/gradle-home/caches/9.7.1/transforms/32cbcad76941fb6ec82120d060f356c7/transformed/merge/instrumentation-dependencies.bin because:
  Build cache is disabled
  Caching not enabled.
Caching disabled for ExternalDependencyInstrumentingArtifactTransform: /root/projects/PassVault/audit-runtime-linux-android-release-action03/gradle-home/caches/modules-2/files-2.1/org.jetbrains.compose.hot-reload/hot-reload-gradle-plugin/1.1.1/6d3c8fc18f34ab5ebce4fc736bcf301bf01f43d/hot-reload-gradle-plugin-1.1.1.jar because:
  Build cache is disabled
  Caching not enabled.
Caching disabled for MergeInstrumentationAnalysisTransform: /root/projects/PassVault/audit-runtime-linux-android-release-action03/gradle-home/caches/9.7.1/transforms/d38116a0e618c3b3a2e8fff7ea0d9604/transformed/analysis/instrumentation-hierarchy.bin because:
  Build cache is disabled
  Caching not enabled.
Caching disabled for MergeInstrumentationAnalysisTransform: /root/projects/PassVault/audit-runtime-linux-android-release-action03/gradle-home/caches/9.7.1/transforms/d38116a0e618c3b3a2e8fff7ea0d9604/transformed/analysis/instrumentation-dependencies.bin because:
  Build cache is disabled
  Caching not enabled.
Caching disabled for MergeInstrumentationAnalysisTransform: /root/projects/PassVault/audit-runtime-linux-android-release-action03/gradle-home/caches/modules-2/files-2.1/com.android.tools.build/bundletool/1.18.3/8d7bee8e57a4158a872ed99190a60a498c2adc8d/bundletool-1.18.3.jar because:
  Build cache is disabled
  Caching not enabled.
Caching disabled for ExternalDependencyInstrumentingArtifactTransform: /root/projects/PassVault/audit-runtime-linux-android-release-action03/gradle-home/caches/9.7.1/transforms/1b3a7aa043e469b0b2641f295c117a12/transformed/merge/instrumentation-dependencies.bin because:
  Build cache is disabled
  Caching not enabled.
Caching disabled for ExternalDependencyInstrumentingArtifactTransform: /root/projects/PassVault/audit-runtime-linux-android-release-action03/gradle-home/caches/modules-2/files-2.1/com.android.tools.build/bundletool/1.18.3/8d7bee8e57a4158a872ed99190a60a498c2adc8d/bundletool-1.18.3.jar because:
  Build cache is disabled
  Caching not enabled.
Caching disabled for MergeInstrumentationAnalysisTransform: /root/projects/PassVault/audit-runtime-linux-android-release-action03/gradle-home/caches/9.7.1/transforms/f1bb5f8e8f75cef5aa5a875dcf29000e/transformed/analysis/instrumentation-hierarchy.bin because:
  Build cache is disabled
  Caching not enabled.
Caching disabled for MergeInstrumentationAnalysisTransform: /root/projects/PassVault/audit-runtime-linux-android-release-action03/gradle-home/caches/9.7.1/transforms/f1bb5f8e8f75cef5aa5a875dcf29000e/transformed/analysis/instrumentation-dependencies.bin because:
  Build cache is disabled
  Caching not enabled.
Caching disabled for MergeInstrumentationAnalysisTransform: /root/projects/PassVault/audit-runtime-linux-android-release-action03/gradle-home/caches/modules-2/files-2.1/com.android.tools.build/aapt2-proto/9.4.0-15978811/cbffec6e4effe25da0382f547eafab6d38847f9c/aapt2-proto-9.4.0-15978811.jar because:
  Build cache is disabled
  Caching not enabled.
Caching disabled for ExternalDependencyInstrumentingArtifactTransform: /root/projects/PassVault/audit-runtime-linux-android-release-action03/gradle-home/caches/9.7.1/transforms/f2a762d3438fb3c5ccb3e82cbdc8a775/transformed/merge/instrumentation-dependencies.bin because:
  Build cache is disabled
  Caching not enabled.
Caching disabled for ExternalDependencyInstrumentingArtifactTransform: /root/projects/PassVault/audit-runtime-linux-android-release-action03/gradle-home/caches/modules-2/files-2.1/com.android.tools.build/aapt2-proto/9.4.0-15978811/cbffec6e4effe25da0382f547eafab6d38847f9c/aapt2-proto-9.4.0-15978811.jar because:
  Build cache is disabled
  Caching not enabled.
Caching disabled for MergeInstrumentationAnalysisTransform: /root/projects/PassVault/audit-runtime-linux-android-release-action03/gradle-home/caches/9.7.1/transforms/4d031d43122d5b860e95df66c9bdc266/transformed/analysis/instrumentation-hierarchy.bin because:
  Build cache is disabled
  Caching not enabled.
Caching disabled for MergeInstrumentationAnalysisTransform: /root/projects/PassVault/audit-runtime-linux-android-release-action03/gradle-home/caches/9.7.1/transforms/4d031d43122d5b860e95df66c9bdc266/transformed/analysis/instrumentation-dependencies.bin because:
  Build cache is disabled
  Caching not enabled.
Caching disabled for MergeInstrumentationAnalysisTransform: /root/projects/PassVault/audit-runtime-linux-android-release-action03/gradle-home/caches/modules-2/files-2.1/com.android.tools.analytics-library/crash/32.4.0/e7c2cc7bcc18c49f1eeb778f61be590cc32fbfdd/crash-32.4.0.jar because:
  Build cache is disabled
  Caching not enabled.
Caching disabled for ExternalDependencyInstrumentingArtifactTransform: /root/projects/PassVault/audit-runtime-linux-android-release-action03/gradle-home/caches/9.7.1/transforms/c5fa26e7b18e682d06b785651392aeb6/transformed/merge/instrumentation-dependencies.bin because:
  Build cache is disabled
  Caching not enabled.
Caching disabled for ExternalDependencyInstrumentingArtifactTransform: /root/projects/PassVault/audit-runtime-linux-android-release-action03/gradle-home/caches/modules-2/files-2.1/com.android.tools.analytics-library/crash/32.4.0/e7c2cc7bcc18c49f1eeb778f61be590cc32fbfdd/crash-32.4.0.jar because:
  Build cache is disabled
  Caching not enabled.
Caching disabled for MergeInstrumentationAnalysisTransform: /root/projects/PassVault/audit-runtime-linux-android-release-action03/gradle-home/caches/9.7.1/transforms/3af58ef9d22a43055ba4941bf1a5be8c/transformed/analysis/instrumentation-hierarchy.bin because:
  Build cache is disabled
  Caching not enabled.
Caching disabled for MergeInstrumentationAnalysisTransform: /root/projects/PassVault/audit-runtime-linux-android-release-action03/gradle-home/caches/9.7.1/transforms/3af58ef9d22a43055ba4941bf1a5be8c/transformed/analysis/instrumentation-dependencies.bin because:
  Build cache is disabled
  Caching not enabled.
Caching disabled for MergeInstrumentationAnalysisTransform: /root/projects/PassVault/audit-runtime-linux-android-release-action03/gradle-home/caches/modules-2/files-2.1/com.android.tools.lint/lint-typedef-remover/32.4.0/b8665f5c42647d7d4088cd386d5d1d10e40fd9a2/lint-typedef-remover-32.4.0.jar because:
  Build cache is disabled
  Caching not enabled.
Caching disabled for ExternalDependencyInstrumentingArtifactTransform: /root/projects/PassVault/audit-runtime-linux-android-release-action03/gradle-home/caches/9.7.1/transforms/d44f54d109eeb8560ab347b3785985d9/transformed/merge/instrumentation-dependencies.bin because:
  Build cache is disabled
  Caching not enabled.
Caching disabled for ExternalDependencyInstrumentingArtifactTransform: /root/projects/PassVault/audit-runtime-linux-android-release-action03/gradle-home/caches/modules-2/files-2.1/com.android.tools.lint/lint-typedef-remover/32.4.0/b8665f5c42647d7d4088cd386d5d1d10e40fd9a2/lint-typedef-remover-32.4.0.jar because:
  Build cache is disabled
  Caching not enabled.
Caching disabled for MergeInstrumentationAnalysisTransform: /root/projects/PassVault/audit-runtime-linux-android-release-action03/gradle-home/caches/9.7.1/transforms/f71160501322ea07b20651db54d292ea/transformed/analysis/instrumentation-hierarchy.bin because:
  Build cache is disabled
  Caching not enabled.
Caching disabled for MergeInstrumentationAnalysisTransform: /root/projects/PassVault/audit-runtime-linux-android-release-action03/gradle-home/caches/9.7.1/transforms/f71160501322ea07b20651db54d292ea/transformed/analysis/instrumentation-dependencies.bin because:
  Build cache is disabled
  Caching not enabled.
Caching disabled for MergeInstrumentationAnalysisTransform: /root/projects/PassVault/audit-runtime-linux-android-release-action03/gradle-home/caches/modules-2/files-2.1/androidx.databinding/databinding-common/9.4.0/6f14d56ba3258fd1e803e71bc6c589235141c317/databinding-common-9.4.0.jar because:
  Build cache is disabled
  Caching not enabled.
Caching disabled for ExternalDependencyInstrumentingArtifactTransform: /root/projects/PassVault/audit-runtime-linux-android-release-action03/gradle-home/caches/9.7.1/transforms/c806cbc44a4d35df32cb88f088a8dd90/transformed/merge/instrumentation-dependencies.bin because:
  Build cache is disabled
  Caching not enabled.
Caching disabled for ExternalDependencyInstrumentingArtifactTransform: /root/projects/PassVault/audit-runtime-linux-android-release-action03/gradle-home/caches/modules-2/files-2.1/androidx.databinding/databinding-common/9.4.0/6f14d56ba3258fd1e803e71bc6c589235141c317/databinding-common-9.4.0.jar because:
  Build cache is disabled
  Caching not enabled.
Caching disabled for MergeInstrumentationAnalysisTransform: /root/projects/PassVault/audit-runtime-linux-android-release-action03/gradle-home/caches/9.7.1/transforms/60d1708d14d3c68d0864b9ba7e468b45/transformed/analysis/instrumentation-hierarchy.bin because:
  Build cache is disabled
  Caching not enabled.
Caching disabled for MergeInstrumentationAnalysisTransform: /root/projects/PassVault/audit-runtime-linux-android-release-action03/gradle-home/caches/9.7.1/transforms/60d1708d14d3c68d0864b9ba7e468b45/transformed/analysis/instrumentation-dependencies.bin because:
  Build cache is disabled
  Caching not enabled.
Caching disabled for MergeInstrumentationAnalysisTransform: /root/projects/PassVault/audit-runtime-linux-android-release-action03/gradle-home/caches/modules-2/files-2.1/com.android.databinding/baseLibrary/9.4.0/a3e410a22b3d7b2608151d2052d044cd3a35ae06/baseLibrary-9.4.0.jar because:
  Build cache is disabled
  Caching not enabled.
Caching disabled for ExternalDependencyInstrumentingArtifactTransform: /root/projects/PassVault/audit-runtime-linux-android-release-action03/gradle-home/caches/9.7.1/transforms/5d0a5c9ce76cefd9beb5095c10896586/transformed/merge/instrumentation-dependencies.bin because:
  Build cache is disabled
  Caching not enabled.
Caching disabled for ExternalDependencyInstrumentingArtifactTransform: /root/projects/PassVault/audit-runtime-linux-android-release-action03/gradle-home/caches/modules-2/files-2.1/com.android.databinding/baseLibrary/9.4.0/a3e410a22b3d7b2608151d2052d044cd3a35ae06/baseLibrary-9.4.0.jar because:
  Build cache is disabled
  Caching not enabled.
Caching disabled for MergeInstrumentationAnalysisTransform: /root/projects/PassVault/audit-runtime-linux-android-release-action03/gradle-home/caches/9.7.1/transforms/3da17a1ebf87cf10b10b5c5a69baddc6/transformed/analysis/instrumentation-hierarchy.bin because:
  Build cache is disabled
  Caching not enabled.
Caching disabled for MergeInstrumentationAnalysisTransform: /root/projects/PassVault/audit-runtime-linux-android-release-action03/gradle-home/caches/9.7.1/transforms/3da17a1ebf87cf10b10b5c5a69baddc6/transformed/analysis/instrumentation-dependencies.bin because:
  Build cache is disabled
  Caching not enabled.
Caching disabled for MergeInstrumentationAnalysisTransform: /root/projects/PassVault/audit-runtime-linux-android-release-action03/gradle-home/caches/modules-2/files-2.1/org.apache.httpcomponents/httpmime/4.5.6/164343da11db817e81e24e0d9869527e069850c9/httpmime-4.5.6.jar because:
  Build cache is disabled
  Caching not enabled.
Caching disabled for ExternalDependencyInstrumentingArtifactTransform: /root/projects/PassVault/audit-runtime-linux-android-release-action03/gradle-home/caches/9.7.1/transforms/6c3f314c84751f908e36394467cd8928/transformed/merge/instrumentation-dependencies.bin because:
  Build cache is disabled
  Caching not enabled.
Caching disabled for ExternalDependencyInstrumentingArtifactTransform: /root/projects/PassVault/audit-runtime-linux-android-release-action03/gradle-home/caches/modules-2/files-2.1/org.apache.httpcomponents/httpmime/4.5.6/164343da11db817e81e24e0d9869527e069850c9/httpmime-4.5.6.jar because:
  Build cache is disabled
  Caching not enabled.
Caching disabled for MergeInstrumentationAnalysisTransform: /root/projects/PassVault/audit-runtime-linux-android-release-action03/gradle-home/caches/9.7.1/transforms/65bf582757d0561aa00b3df16395620a/transformed/analysis/instrumentation-hierarchy.bin because:
  Build cache is disabled
  Caching not enabled.
Caching disabled for MergeInstrumentationAnalysisTransform: /root/projects/PassVault/audit-runtime-linux-android-release-action03/gradle-home/caches/9.7.1/transforms/65bf582757d0561aa00b3df16395620a/transformed/analysis/instrumentation-dependencies.bin because:
  Build cache is disabled
  Caching not enabled.
Caching disabled for MergeInstrumentationAnalysisTransform: /root/projects/PassVault/audit-runtime-linux-android-release-action03/gradle-home/caches/modules-2/files-2.1/org.apache.commons/commons-compress/1.27.1/a19151084758e2fbb6b41eddaa88e7b8ff4e6599/commons-compress-1.27.1.jar because:
  Build cache is disabled
  Caching not enabled.
Caching disabled for ExternalDependencyInstrumentingArtifactTransform: /root/projects/PassVault/audit-runtime-linux-android-release-action03/gradle-home/caches/9.7.1/transforms/d0418743f7c52920ee5c733bdbcf61ff/transformed/merge/instrumentation-dependencies.bin because:
  Build cache is disabled
  Caching not enabled.
Caching disabled for ExternalDependencyInstrumentingArtifactTransform: /root/projects/PassVault/audit-runtime-linux-android-release-action03/gradle-home/caches/modules-2/files-2.1/org.apache.commons/commons-compress/1.27.1/a19151084758e2fbb6b41eddaa88e7b8ff4e6599/commons-compress-1.27.1.jar because:
  Build cache is disabled
  Caching not enabled.
Caching disabled for MergeInstrumentationAnalysisTransform: /root/projects/PassVault/audit-runtime-linux-android-release-action03/gradle-home/caches/9.7.1/transforms/8df1666bbd904587907c57fa07f3dd4c/transformed/analysis/instrumentation-hierarchy.bin because:
  Build cache is disabled
  Caching not enabled.
Caching disabled for MergeInstrumentationAnalysisTransform: /root/projects/PassVault/audit-runtime-linux-android-release-action03/gradle-home/caches/9.7.1/transforms/8df1666bbd904587907c57fa07f3dd4c/transformed/analysis/instrumentation-dependencies.bin because:
  Build cache is disabled
  Caching not enabled.
Caching disabled for MergeInstrumentationAnalysisTransform: /root/projects/PassVault/audit-runtime-linux-android-release-action03/gradle-home/caches/modules-2/files-2.1/commons-io/commons-io/2.16.1/377d592e740dc77124e0901291dbfaa6810a200e/commons-io-2.16.1.jar because:
  Build cache is disabled
  Caching not enabled.
Caching disabled for ExternalDependencyInstrumentingArtifactTransform: /root/projects/PassVault/audit-runtime-linux-android-release-action03/gradle-home/caches/9.7.1/transforms/273a8ed42f8081c6e602bc0169620655/transformed/merge/instrumentation-dependencies.bin because:
  Build cache is disabled
  Caching not enabled.
Caching disabled for ExternalDependencyInstrumentingArtifactTransform: /root/projects/PassVault/audit-runtime-linux-android-release-action03/gradle-home/caches/modules-2/files-2.1/commons-io/commons-io/2.16.1/377d592e740dc77124e0901291dbfaa6810a200e/commons-io-2.16.1.jar because:
  Build cache is disabled
  Caching not enabled.
Caching disabled for MergeInstrumentationAnalysisTransform: /root/projects/PassVault/audit-runtime-linux-android-release-action03/gradle-home/caches/9.7.1/transforms/3626f01c02e9accd2941321f1dbacd40/transformed/analysis/instrumentation-hierarchy.bin because:
  Build cache is disabled
  Caching not enabled.
Caching disabled for MergeInstrumentationAnalysisTransform: /root/projects/PassVault/audit-runtime-linux-android-release-action03/gradle-home/caches/9.7.1/transforms/3626f01c02e9accd2941321f1dbacd40/transformed/analysis/instrumentation-dependencies.bin because:
  Build cache is disabled
  Caching not enabled.
Caching disabled for MergeInstrumentationAnalysisTransform: /root/projects/PassVault/audit-runtime-linux-android-release-action03/gradle-home/caches/modules-2/files-2.1/org.ow2.asm/asm-commons/9.9/db9165a3bf908ded6b08612d583a15d1d0c7bda0/asm-commons-9.9.jar because:
  Build cache is disabled
  Caching not enabled.
Caching disabled for ExternalDependencyInstrumentingArtifactTransform: /root/projects/PassVault/audit-runtime-linux-android-release-action03/gradle-home/caches/9.7.1/transforms/d6181f0189f7e79694c199d42afdf7fd/transformed/merge/instrumentation-dependencies.bin because:
  Build cache is disabled
  Caching not enabled.
Caching disabled for ExternalDependencyInstrumentingArtifactTransform: /root/projects/PassVault/audit-runtime-linux-android-release-action03/gradle-home/caches/modules-2/files-2.1/org.ow2.asm/asm-commons/9.9/db9165a3bf908ded6b08612d583a15d1d0c7bda0/asm-commons-9.9.jar because:
  Build cache is disabled
  Caching not enabled.
Caching disabled for MergeInstrumentationAnalysisTransform: /root/projects/PassVault/audit-runtime-linux-android-release-action03/gradle-home/caches/9.7.1/transforms/f02a46af4b04fad15e6ac996470cbda5/transformed/analysis/instrumentation-hierarchy.bin because:
  Build cache is disabled
  Caching not enabled.
Caching disabled for MergeInstrumentationAnalysisTransform: /root/projects/PassVault/audit-runtime-linux-android-release-action03/gradle-home/caches/9.7.1/transforms/f02a46af4b04fad15e6ac996470cbda5/transformed/analysis/instrumentation-dependencies.bin because:
  Build cache is disabled
  Caching not enabled.
Caching disabled for MergeInstrumentationAnalysisTransform: /root/projects/PassVault/audit-runtime-linux-android-release-action03/gradle-home/caches/modules-2/files-2.1/org.ow2.asm/asm-util/9.9/42fdfc0508b43807c8078d6e82ecff2ce2112ae8/asm-util-9.9.jar because:
  Build cache is disabled
  Caching not enabled.
Caching disabled for ExternalDependencyInstrumentingArtifactTransform: /root/projects/PassVault/audit-runtime-linux-android-release-action03/gradle-home/caches/9.7.1/transforms/f8da1e56c5ba206cfb4c89afcc56fec4/transformed/merge/instrumentation-dependencies.bin because:
  Build cache is disabled
  Caching not enabled.
Caching disabled for ExternalDependencyInstrumentingArtifactTransform: /root/projects/PassVault/audit-runtime-linux-android-release-action03/gradle-home/caches/modules-2/files-2.1/org.ow2.asm/asm-util/9.9/42fdfc0508b43807c8078d6e82ecff2ce2112ae8/asm-util-9.9.jar because:
  Build cache is disabled
  Caching not enabled.
Caching disabled for MergeInstrumentationAnalysisTransform: /root/projects/PassVault/audit-runtime-linux-android-release-action03/gradle-home/caches/9.7.1/transforms/a5b70382906a57a3892a566be03508ba/transformed/analysis/instrumentation-hierarchy.bin because:
  Build cache is disabled
  Caching not enabled.
Caching disabled for MergeInstrumentationAnalysisTransform: /root/projects/PassVault/audit-runtime-linux-android-release-action03/gradle-home/caches/9.7.1/transforms/a5b70382906a57a3892a566be03508ba/transformed/analysis/instrumentation-dependencies.bin because:
  Build cache is disabled
  Caching not enabled.
Caching disabled for MergeInstrumentationAnalysisTransform: /root/projects/PassVault/audit-runtime-linux-android-release-action03/gradle-home/caches/modules-2/files-2.1/org.ow2.asm/asm-analysis/9.9/bf4fa6e66638851c1cd22c2caea0c3ee5d5f437/asm-analysis-9.9.jar because:
  Build cache is disabled
  Caching not enabled.
Caching disabled for ExternalDependencyInstrumentingArtifactTransform: /root/projects/PassVault/audit-runtime-linux-android-release-action03/gradle-home/caches/9.7.1/transforms/c656ceea8715255e1c854a23440cb191/transformed/merge/instrumentation-dependencies.bin because:
  Build cache is disabled
  Caching not enabled.
Caching disabled for ExternalDependencyInstrumentingArtifactTransform: /root/projects/PassVault/audit-runtime-linux-android-release-action03/gradle-home/caches/modules-2/files-2.1/org.ow2.asm/asm-analysis/9.9/bf4fa6e66638851c1cd22c2caea0c3ee5d5f437/asm-analysis-9.9.jar because:
  Build cache is disabled
  Caching not enabled.
Caching disabled for MergeInstrumentationAnalysisTransform: /root/projects/PassVault/audit-runtime-linux-android-release-action03/gradle-home/caches/9.7.1/transforms/3eb39da5ce6ba662d64ff6830eca21c9/transformed/analysis/instrumentation-hierarchy.bin because:
  Build cache is disabled
  Caching not enabled.
Caching disabled for MergeInstrumentationAnalysisTransform: /root/projects/PassVault/audit-runtime-linux-android-release-action03/gradle-home/caches/9.7.1/transforms/3eb39da5ce6ba662d64ff6830eca21c9/transformed/analysis/instrumentation-dependencies.bin because:
  Build cache is disabled
  Caching not enabled.
Caching disabled for MergeInstrumentationAnalysisTransform: /root/projects/PassVault/audit-runtime-linux-android-release-action03/gradle-home/caches/modules-2/files-2.1/org.ow2.asm/asm-tree/9.9/f8de6eead6d24dd0f45bd065bbe112b2cda6ea21/asm-tree-9.9.jar because:
  Build cache is disabled
  Caching not enabled.
Caching disabled for ExternalDependencyInstrumentingArtifactTransform: /root/projects/PassVault/audit-runtime-linux-android-release-action03/gradle-home/caches/9.7.1/transforms/fc1d3fab3333558b7b160fb041d1184a/transformed/merge/instrumentation-dependencies.bin because:
  Build cache is disabled
  Caching not enabled.
Caching disabled for ExternalDependencyInstrumentingArtifactTransform: /root/projects/PassVault/audit-runtime-linux-android-release-action03/gradle-home/caches/modules-2/files-2.1/org.ow2.asm/asm-tree/9.9/f8de6eead6d24dd0f45bd065bbe112b2cda6ea21/asm-tree-9.9.jar because:
  Build cache is disabled
  Caching not enabled.
Caching disabled for MergeInstrumentationAnalysisTransform: /root/projects/PassVault/audit-runtime-linux-android-release-action03/gradle-home/caches/9.7.1/transforms/e778a32725cf7a751eb9232dfb9273f7/transformed/analysis/instrumentation-hierarchy.bin because:
  Build cache is disabled
  Caching not enabled.
Caching disabled for MergeInstrumentationAnalysisTransform: /root/projects/PassVault/audit-runtime-linux-android-release-action03/gradle-home/caches/9.7.1/transforms/e778a32725cf7a751eb9232dfb9273f7/transformed/analysis/instrumentation-dependencies.bin because:
  Build cache is disabled
  Caching not enabled.
Caching disabled for MergeInstrumentationAnalysisTransform: /root/projects/PassVault/audit-runtime-linux-android-release-action03/gradle-home/caches/modules-2/files-2.1/org.ow2.asm/asm/9.9/c29635c8a7afa03d74b33c1884df8abb2b3f3dcc/asm-9.9.jar because:
  Build cache is disabled
  Caching not enabled.
Caching disabled for ExternalDependencyInstrumentingArtifactTransform: /root/projects/PassVault/audit-runtime-linux-android-release-action03/gradle-home/caches/9.7.1/transforms/5564523a2b10141be9cb452346e4f82c/transformed/merge/instrumentation-dependencies.bin because:
  Build cache is disabled
  Caching not enabled.
Caching disabled for ExternalDependencyInstrumentingArtifactTransform: /root/projects/PassVault/audit-runtime-linux-android-release-action03/gradle-home/caches/modules-2/files-2.1/org.ow2.asm/asm/9.9/c29635c8a7afa03d74b33c1884df8abb2b3f3dcc/asm-9.9.jar because:
  Build cache is disabled
  Caching not enabled.
Caching disabled for MergeInstrumentationAnalysisTransform: /root/projects/PassVault/audit-runtime-linux-android-release-action03/gradle-home/caches/9.7.1/transforms/d7fc341ce1d82c88e8cd91111d840f04/transformed/analysis/instrumentation-hierarchy.bin because:
  Build cache is disabled
  Caching not enabled.
Caching disabled for MergeInstrumentationAnalysisTransform: /root/projects/PassVault/audit-runtime-linux-android-release-action03/gradle-home/caches/9.7.1/transforms/d7fc341ce1d82c88e8cd91111d840f04/transformed/analysis/instrumentation-dependencies.bin because:
  Build cache is disabled
  Caching not enabled.
Caching disabled for MergeInstrumentationAnalysisTransform: /root/projects/PassVault/audit-runtime-linux-android-release-action03/gradle-home/caches/modules-2/files-2.1/org.glassfish.jaxb/jaxb-runtime/2.3.2/5528bc882ea499a09d720b42af11785c4fc6be2a/jaxb-runtime-2.3.2.jar because:
  Build cache is disabled
  Caching not enabled.
Caching disabled for ExternalDependencyInstrumentingArtifactTransform: /root/projects/PassVault/audit-runtime-linux-android-release-action03/gradle-home/caches/9.7.1/transforms/f3b65d2dec35b131335963248dfc4ff4/transformed/merge/instrumentation-dependencies.bin because:
  Build cache is disabled
  Caching not enabled.
Caching disabled for ExternalDependencyInstrumentingArtifactTransform: /root/projects/PassVault/audit-runtime-linux-android-release-action03/gradle-home/caches/modules-2/files-2.1/org.glassfish.jaxb/jaxb-runtime/2.3.2/5528bc882ea499a09d720b42af11785c4fc6be2a/jaxb-runtime-2.3.2.jar because:
  Build cache is disabled
  Caching not enabled.
Caching disabled for MergeInstrumentationAnalysisTransform: /root/projects/PassVault/audit-runtime-linux-android-release-action03/gradle-home/caches/9.7.1/transforms/40478a03a919694946f924dbf88598f1/transformed/analysis/instrumentation-hierarchy.bin because:
  Build cache is disabled
  Caching not enabled.
Caching disabled for MergeInstrumentationAnalysisTransform: /root/projects/PassVault/audit-runtime-linux-android-release-action03/gradle-home/caches/9.7.1/transforms/40478a03a919694946f924dbf88598f1/transformed/analysis/instrumentation-dependencies.bin because:
  Build cache is disabled
  Caching not enabled.
Caching disabled for MergeInstrumentationAnalysisTransform: /root/projects/PassVault/audit-runtime-linux-android-release-action03/gradle-home/caches/modules-2/files-2.1/net.sf.jopt-simple/jopt-simple/4.9/ee9e9eaa0a35360dcfeac129ff4923215fd65904/jopt-simple-4.9.jar because:
  Build cache is disabled
  Caching not enabled.
Caching disabled for ExternalDependencyInstrumentingArtifactTransform: /root/projects/PassVault/audit-runtime-linux-android-release-action03/gradle-home/caches/9.7.1/transforms/f64b7346c244d7ea3718d5e889f335d9/transformed/merge/instrumentation-dependencies.bin because:
  Build cache is disabled
  Caching not enabled.
Caching disabled for ExternalDependencyInstrumentingArtifactTransform: /root/projects/PassVault/audit-runtime-linux-android-release-action03/gradle-home/caches/modules-2/files-2.1/net.sf.jopt-simple/jopt-simple/4.9/ee9e9eaa0a35360dcfeac129ff4923215fd65904/jopt-simple-4.9.jar because:
  Build cache is disabled
  Caching not enabled.
Caching disabled for MergeInstrumentationAnalysisTransform: /root/projects/PassVault/audit-runtime-linux-android-release-action03/gradle-home/caches/9.7.1/transforms/31e3a9c7776bdc756603de7938fec007/transformed/analysis/instrumentation-hierarchy.bin because:
  Build cache is disabled
  Caching not enabled.
Caching disabled for MergeInstrumentationAnalysisTransform: /root/projects/PassVault/audit-runtime-linux-android-release-action03/gradle-home/caches/9.7.1/transforms/31e3a9c7776bdc756603de7938fec007/transformed/analysis/instrumentation-dependencies.bin because:
  Build cache is disabled
  Caching not enabled.
Caching disabled for MergeInstrumentationAnalysisTransform: /root/projects/PassVault/audit-runtime-linux-android-release-action03/gradle-home/caches/modules-2/files-2.1/com.squareup/javapoet/1.13.0/d6562d385049f35eb50403fa86bb11cce76b866a/javapoet-1.13.0.jar because:
  Build cache is disabled
  Caching not enabled.
Caching disabled for ExternalDependencyInstrumentingArtifactTransform: /root/projects/PassVault/audit-runtime-linux-android-release-action03/gradle-home/caches/9.7.1/transforms/f43a807497d2b293de794d38e3c0c516/transformed/merge/instrumentation-dependencies.bin because:
  Build cache is disabled
  Caching not enabled.
Caching disabled for ExternalDependencyInstrumentingArtifactTransform: /root/projects/PassVault/audit-runtime-linux-android-release-action03/gradle-home/caches/modules-2/files-2.1/com.squareup/javapoet/1.13.0/d6562d385049f35eb50403fa86bb11cce76b866a/javapoet-1.13.0.jar because:
  Build cache is disabled
  Caching not enabled.
Caching disabled for MergeInstrumentationAnalysisTransform: /root/projects/PassVault/audit-runtime-linux-android-release-action03/gradle-home/caches/9.7.1/transforms/931fa2eac88d48be41f8d526eb435fda/transformed/analysis/instrumentation-hierarchy.bin because:
  Build cache is disabled
  Caching not enabled.
Caching disabled for MergeInstrumentationAnalysisTransform: /root/projects/PassVault/audit-runtime-linux-android-release-action03/gradle-home/caches/9.7.1/transforms/931fa2eac88d48be41f8d526eb435fda/transformed/analysis/instrumentation-dependencies.bin because:
  Build cache is disabled
  Caching not enabled.
Caching disabled for MergeInstrumentationAnalysisTransform: /root/projects/PassVault/audit-runtime-linux-android-release-action03/gradle-home/caches/modules-2/files-2.1/com.google.protobuf/protobuf-java-util/3.25.5/38cc5ce479603e36466feda2a9f1dfdb2210ef00/protobuf-java-util-3.25.5.jar because:
  Build cache is disabled
  Caching not enabled.
Caching disabled for ExternalDependencyInstrumentingArtifactTransform: /root/projects/PassVault/audit-runtime-linux-android-release-action03/gradle-home/caches/9.7.1/transforms/d4c041554f1eb6df6af8789970193d73/transformed/merge/instrumentation-dependencies.bin because:
  Build cache is disabled
  Caching not enabled.
Caching disabled for ExternalDependencyInstrumentingArtifactTransform: /root/projects/PassVault/audit-runtime-linux-android-release-action03/gradle-home/caches/modules-2/files-2.1/com.google.protobuf/protobuf-java-util/3.25.5/38cc5ce479603e36466feda2a9f1dfdb2210ef00/protobuf-java-util-3.25.5.jar because:
  Build cache is disabled
  Caching not enabled.
Caching disabled for MergeInstrumentationAnalysisTransform: /root/projects/PassVault/audit-runtime-linux-android-release-action03/gradle-home/caches/9.7.1/transforms/1fe73ced6bcc0ee3ca8e3de0cece73ef/transformed/analysis/instrumentation-hierarchy.bin because:
  Build cache is disabled
  Caching not enabled.
Caching disabled for MergeInstrumentationAnalysisTransform: /root/projects/PassVault/audit-runtime-linux-android-release-action03/gradle-home/caches/9.7.1/transforms/1fe73ced6bcc0ee3ca8e3de0cece73ef/transformed/analysis/instrumentation-dependencies.bin because:
  Build cache is disabled
  Caching not enabled.
Caching disabled for MergeInstrumentationAnalysisTransform: /root/projects/PassVault/audit-runtime-linux-android-release-action03/gradle-home/caches/modules-2/files-2.1/com.google.crypto.tink/tink/1.7.0/668b57f109d32349b2870448f06ae6f202713edc/tink-1.7.0.jar because:
  Build cache is disabled
  Caching not enabled.
Caching disabled for ExternalDependencyInstrumentingArtifactTransform: /root/projects/PassVault/audit-runtime-linux-android-release-action03/gradle-home/caches/9.7.1/transforms/cc68d08fd608edf0eeecfcc600955364/transformed/merge/instrumentation-dependencies.bin because:
  Build cache is disabled
  Caching not enabled.
Caching disabled for ExternalDependencyInstrumentingArtifactTransform: /root/projects/PassVault/audit-runtime-linux-android-release-action03/gradle-home/caches/modules-2/files-2.1/com.google.crypto.tink/tink/1.7.0/668b57f109d32349b2870448f06ae6f202713edc/tink-1.7.0.jar because:
  Build cache is disabled
  Caching not enabled.
Caching disabled for MergeInstrumentationAnalysisTransform: /root/projects/PassVault/audit-runtime-linux-android-release-action03/gradle-home/caches/9.7.1/transforms/445800d5f37d135a9daf17f23681f4b7/transformed/analysis/instrumentation-hierarchy.bin because:
  Build cache is disabled
  Caching not enabled.
Caching disabled for MergeInstrumentationAnalysisTransform: /root/projects/PassVault/audit-runtime-linux-android-release-action03/gradle-home/caches/9.7.1/transforms/445800d5f37d135a9daf17f23681f4b7/transformed/analysis/instrumentation-dependencies.bin because:
  Build cache is disabled
  Caching not enabled.
Caching disabled for MergeInstrumentationAnalysisTransform: /root/projects/PassVault/audit-runtime-linux-android-release-action03/gradle-home/caches/modules-2/files-2.1/com.android.tools.analytics-library/protos/32.4.0/72ce19690099b238b9214e35e08d0641bd4e726d/protos-32.4.0.jar because:
  Build cache is disabled
  Caching not enabled.
Caching disabled for ExternalDependencyInstrumentingArtifactTransform: /root/projects/PassVault/audit-runtime-linux-android-release-action03/gradle-home/caches/9.7.1/transforms/f2bb65bdf199a4986c471064c88dfad1/transformed/merge/instrumentation-dependencies.bin because:
  Build cache is disabled
  Caching not enabled.
Caching disabled for ExternalDependencyInstrumentingArtifactTransform: /root/projects/PassVault/audit-runtime-linux-android-release-action03/gradle-home/caches/modules-2/files-2.1/com.android.tools.analytics-library/protos/32.4.0/72ce19690099b238b9214e35e08d0641bd4e726d/protos-32.4.0.jar because:
  Build cache is disabled
  Caching not enabled.
Caching disabled for MergeInstrumentationAnalysisTransform: /root/projects/PassVault/audit-runtime-linux-android-release-action03/gradle-home/caches/9.7.1/transforms/17b606efad8503ea91ad1e7a741ad1a8/transformed/analysis/instrumentation-hierarchy.bin because:
  Build cache is disabled
  Caching not enabled.
Caching disabled for MergeInstrumentationAnalysisTransform: /root/projects/PassVault/audit-runtime-linux-android-release-action03/gradle-home/caches/9.7.1/transforms/17b606efad8503ea91ad1e7a741ad1a8/transformed/analysis/instrumentation-dependencies.bin because:
  Build cache is disabled
  Caching not enabled.
Caching disabled for MergeInstrumentationAnalysisTransform: /root/projects/PassVault/audit-runtime-linux-android-release-action03/gradle-home/caches/modules-2/files-2.1/com.google.protobuf/protobuf-java/3.25.5/5ae5c9ec39930ae9b5a61b32b93288818ec05ec1/protobuf-java-3.25.5.jar because:
  Build cache is disabled
  Caching not enabled.
Caching disabled for ExternalDependencyInstrumentingArtifactTransform: /root/projects/PassVault/audit-runtime-linux-android-release-action03/gradle-home/caches/9.7.1/transforms/550c39950c749462586c2a3fe669758f/transformed/merge/instrumentation-dependencies.bin because:
  Build cache is disabled
  Caching not enabled.
Caching disabled for ExternalDependencyInstrumentingArtifactTransform: /root/projects/PassVault/audit-runtime-linux-android-release-action03/gradle-home/caches/modules-2/files-2.1/com.google.protobuf/protobuf-java/3.25.5/5ae5c9ec39930ae9b5a61b32b93288818ec05ec1/protobuf-java-3.25.5.jar because:
  Build cache is disabled
  Caching not enabled.
Caching disabled for MergeInstrumentationAnalysisTransform: /root/projects/PassVault/audit-runtime-linux-android-release-action03/gradle-home/caches/9.7.1/transforms/7a08eb6d0b24ae46f004bed095a34e79/transformed/analysis/instrumentation-hierarchy.bin because:
  Build cache is disabled
  Caching not enabled.
Caching disabled for MergeInstrumentationAnalysisTransform: /root/projects/PassVault/audit-runtime-linux-android-release-action03/gradle-home/caches/9.7.1/transforms/7a08eb6d0b24ae46f004bed095a34e79/transformed/analysis/instrumentation-dependencies.bin because:
  Build cache is disabled
  Caching not enabled.
Caching disabled for MergeInstrumentationAnalysisTransform: /root/projects/PassVault/audit-runtime-linux-android-release-action03/gradle-home/caches/modules-2/files-2.1/com.google.code.gson/gson/2.11.0/527175ca6d81050b53bdd4c457a6d6e017626b0e/gson-2.11.0.jar because:
  Build cache is disabled
  Caching not enabled.
Caching disabled for ExternalDependencyInstrumentingArtifactTransform: /root/projects/PassVault/audit-runtime-linux-android-release-action03/gradle-home/caches/9.7.1/transforms/9139fc90b458302ecfa928d1e5e1a4e2/transformed/merge/instrumentation-dependencies.bin because:
  Build cache is disabled
  Caching not enabled.
Caching disabled for ExternalDependencyInstrumentingArtifactTransform: /root/projects/PassVault/audit-runtime-linux-android-release-action03/gradle-home/caches/modules-2/files-2.1/com.google.code.gson/gson/2.11.0/527175ca6d81050b53bdd4c457a6d6e017626b0e/gson-2.11.0.jar because:
  Build cache is disabled
  Caching not enabled.
Caching disabled for MergeInstrumentationAnalysisTransform: /root/projects/PassVault/audit-runtime-linux-android-release-action03/gradle-home/caches/9.7.1/transforms/e1b4ed7ec6cd2a86696da966a26dbffc/transformed/analysis/instrumentation-hierarchy.bin because:
  Build cache is disabled
  Caching not enabled.
Caching disabled for MergeInstrumentationAnalysisTransform: /root/projects/PassVault/audit-runtime-linux-android-release-action03/gradle-home/caches/9.7.1/transforms/e1b4ed7ec6cd2a86696da966a26dbffc/transformed/analysis/instrumentation-dependencies.bin because:
  Build cache is disabled
  Caching not enabled.
Caching disabled for MergeInstrumentationAnalysisTransform: /root/projects/PassVault/audit-runtime-linux-android-release-action03/gradle-home/caches/modules-2/files-2.1/org.tensorflow/tensorflow-lite-metadata/0.2.0/7dbe8f75ae5c0ef7093c43c3ac8b560bbc7ea4b6/tensorflow-lite-metadata-0.2.0.jar because:
  Build cache is disabled
  Caching not enabled.
Caching disabled for ExternalDependencyInstrumentingArtifactTransform: /root/projects/PassVault/audit-runtime-linux-android-release-action03/gradle-home/caches/9.7.1/transforms/082768b4fbaec179f3b538040de78002/transformed/merge/instrumentation-dependencies.bin because:
  Build cache is disabled
  Caching not enabled.
Caching disabled for ExternalDependencyInstrumentingArtifactTransform: /root/projects/PassVault/audit-runtime-linux-android-release-action03/gradle-home/caches/modules-2/files-2.1/org.tensorflow/tensorflow-lite-metadata/0.2.0/7dbe8f75ae5c0ef7093c43c3ac8b560bbc7ea4b6/tensorflow-lite-metadata-0.2.0.jar because:
  Build cache is disabled
  Caching not enabled.
Caching disabled for MergeInstrumentationAnalysisTransform: /root/projects/PassVault/audit-runtime-linux-android-release-action03/gradle-home/caches/9.7.1/transforms/0367b4a13f937f635a429a3a576947ac/transformed/analysis/instrumentation-dependencies.bin because:
  Build cache is disabled
  Caching not enabled.
Caching disabled for MergeInstrumentationAnalysisTransform: /root/projects/PassVault/audit-runtime-linux-android-release-action03/gradle-home/caches/modules-2/files-2.1/org.jetbrains.kotlin/kotlin-gradle-plugin-annotations/2.4.10/d7e21334dd356764357f26dd1044975cb63e820f/kotlin-gradle-plugin-annotations-2.4.10.jar because:
  Build cache is disabled
  Caching not enabled.
Caching disabled for ExternalDependencyInstrumentingArtifactTransform: /root/projects/PassVault/audit-runtime-linux-android-release-action03/gradle-home/caches/9.7.1/transforms/3976e289277675415d9362e67a82083a/transformed/merge/instrumentation-dependencies.bin because:
  Build cache is disabled
  Caching not enabled.
Caching disabled for ExternalDependencyInstrumentingArtifactTransform: /root/projects/PassVault/audit-runtime-linux-android-release-action03/gradle-home/caches/modules-2/files-2.1/org.jetbrains.kotlin/kotlin-gradle-plugin-annotations/2.4.10/d7e21334dd356764357f26dd1044975cb63e820f/kotlin-gradle-plugin-annotations-2.4.10.jar because:
  Build cache is disabled
  Caching not enabled.
Caching disabled for MergeInstrumentationAnalysisTransform: /root/projects/PassVault/audit-runtime-linux-android-release-action03/gradle-home/caches/9.7.1/transforms/28bdc1203607bed9432af1fd41940e29/transformed/analysis/instrumentation-hierarchy.bin because:
  Build cache is disabled
  Caching not enabled.
Caching disabled for MergeInstrumentationAnalysisTransform: /root/projects/PassVault/audit-runtime-linux-android-release-action03/gradle-home/caches/9.7.1/transforms/28bdc1203607bed9432af1fd41940e29/transformed/analysis/instrumentation-dependencies.bin because:
  Build cache is disabled
  Caching not enabled.
Caching disabled for MergeInstrumentationAnalysisTransform: /root/projects/PassVault/audit-runtime-linux-android-release-action03/gradle-home/caches/modules-2/files-2.1/org.jetbrains.kotlin/kotlin-native-utils/2.4.10/ffa1a46704f3172c99f23fd024965ebb24055ab6/kotlin-native-utils-2.4.10.jar because:
  Build cache is disabled
  Caching not enabled.
Caching disabled for ExternalDependencyInstrumentingArtifactTransform: /root/projects/PassVault/audit-runtime-linux-android-release-action03/gradle-home/caches/9.7.1/transforms/b3ab5ac2fc01d2e289a98735199dafbd/transformed/merge/instrumentation-dependencies.bin because:
  Build cache is disabled
  Caching not enabled.
Caching disabled for ExternalDependencyInstrumentingArtifactTransform: /root/projects/PassVault/audit-runtime-linux-android-release-action03/gradle-home/caches/modules-2/files-2.1/org.jetbrains.kotlin/kotlin-native-utils/2.4.10/ffa1a46704f3172c99f23fd024965ebb24055ab6/kotlin-native-utils-2.4.10.jar because:
  Build cache is disabled
  Caching not enabled.
Caching disabled for MergeInstrumentationAnalysisTransform: /root/projects/PassVault/audit-runtime-linux-android-release-action03/gradle-home/caches/9.7.1/transforms/2204220f833f8a3cb5cbbc96bd04a4db/transformed/analysis/instrumentation-hierarchy.bin because:
  Build cache is disabled
  Caching not enabled.
Caching disabled for MergeInstrumentationAnalysisTransform: /root/projects/PassVault/audit-runtime-linux-android-release-action03/gradle-home/caches/9.7.1/transforms/2204220f833f8a3cb5cbbc96bd04a4db/transformed/analysis/instrumentation-dependencies.bin because:
  Build cache is disabled
  Caching not enabled.
Caching disabled for MergeInstrumentationAnalysisTransform: /root/projects/PassVault/audit-runtime-linux-android-release-action03/gradle-home/caches/modules-2/files-2.1/org.jetbrains.kotlin/kotlin-tooling-core/2.4.10/75970f5a2a9cb4d25557965bbec0a7ccd55bfbcf/kotlin-tooling-core-2.4.10.jar because:
  Build cache is disabled
  Caching not enabled.
Caching disabled for ExternalDependencyInstrumentingArtifactTransform: /root/projects/PassVault/audit-runtime-linux-android-release-action03/gradle-home/caches/9.7.1/transforms/2613e430d5ba737db5a05e8577b9bbe9/transformed/merge/instrumentation-dependencies.bin because:
  Build cache is disabled
  Caching not enabled.
Caching disabled for ExternalDependencyInstrumentingArtifactTransform: /root/projects/PassVault/audit-runtime-linux-android-release-action03/gradle-home/caches/modules-2/files-2.1/org.jetbrains.kotlin/kotlin-tooling-core/2.4.10/75970f5a2a9cb4d25557965bbec0a7ccd55bfbcf/kotlin-tooling-core-2.4.10.jar because:
  Build cache is disabled
  Caching not enabled.
Caching disabled for MergeInstrumentationAnalysisTransform: /root/projects/PassVault/audit-runtime-linux-android-release-action03/gradle-home/caches/9.7.1/transforms/fa8785dff862722b0844292be840d6a6/transformed/analysis/instrumentation-hierarchy.bin because:
  Build cache is disabled
  Caching not enabled.
Caching disabled for MergeInstrumentationAnalysisTransform: /root/projects/PassVault/audit-runtime-linux-android-release-action03/gradle-home/caches/9.7.1/transforms/fa8785dff862722b0844292be840d6a6/transformed/analysis/instrumentation-dependencies.bin because:
  Build cache is disabled
  Caching not enabled.
Caching disabled for MergeInstrumentationAnalysisTransform: /root/projects/PassVault/audit-runtime-linux-android-release-action03/gradle-home/caches/modules-2/files-2.1/org.jetbrains.kotlin/kotlin-build-tools-api/2.4.10/c88fe54d8d8c568de500b26fd459853c7202de39/kotlin-build-tools-api-2.4.10.jar because:
  Build cache is disabled
  Caching not enabled.
Caching disabled for ExternalDependencyInstrumentingArtifactTransform: /root/projects/PassVault/audit-runtime-linux-android-release-action03/gradle-home/caches/9.7.1/transforms/4825ec5fdd84f8265b7bc36f43995313/transformed/merge/instrumentation-dependencies.bin because:
  Build cache is disabled
  Caching not enabled.
Caching disabled for ExternalDependencyInstrumentingArtifactTransform: /root/projects/PassVault/audit-runtime-linux-android-release-action03/gradle-home/caches/modules-2/files-2.1/org.jetbrains.kotlin/kotlin-build-tools-api/2.4.10/c88fe54d8d8c568de500b26fd459853c7202de39/kotlin-build-tools-api-2.4.10.jar because:
  Build cache is disabled
  Caching not enabled.
Caching disabled for MergeInstrumentationAnalysisTransform: /root/projects/PassVault/audit-runtime-linux-android-release-action03/gradle-home/caches/9.7.1/transforms/d63b8fdf354364cb8e7019016e41e372/transformed/analysis/instrumentation-hierarchy.bin because:
  Build cache is disabled
  Caching not enabled.
Caching disabled for MergeInstrumentationAnalysisTransform: /root/projects/PassVault/audit-runtime-linux-android-release-action03/gradle-home/caches/9.7.1/transforms/d63b8fdf354364cb8e7019016e41e372/transformed/analysis/instrumentation-dependencies.bin because:
  Build cache is disabled
  Caching not enabled.
Caching disabled for MergeInstrumentationAnalysisTransform: /root/projects/PassVault/audit-runtime-linux-android-release-action03/gradle-home/caches/modules-2/files-2.1/org.jetbrains.kotlin/kotlin-util-klib/2.4.10/4c70cfc757d717d056b9cec24932506677bb0f52/kotlin-util-klib-2.4.10.jar because:
  Build cache is disabled
  Caching not enabled.
Caching disabled for ExternalDependencyInstrumentingArtifactTransform: /root/projects/PassVault/audit-runtime-linux-android-release-action03/gradle-home/caches/9.7.1/transforms/6fe031cda8fb78bff21348cba3e0bec3/transformed/merge/instrumentation-dependencies.bin because:
  Build cache is disabled
  Caching not enabled.
Caching disabled for ExternalDependencyInstrumentingArtifactTransform: /root/projects/PassVault/audit-runtime-linux-android-release-action03/gradle-home/caches/modules-2/files-2.1/org.jetbrains.kotlin/kotlin-util-klib/2.4.10/4c70cfc757d717d056b9cec24932506677bb0f52/kotlin-util-klib-2.4.10.jar because:
  Build cache is disabled
  Caching not enabled.
Caching disabled for MergeInstrumentationAnalysisTransform: /root/projects/PassVault/audit-runtime-linux-android-release-action03/gradle-home/caches/9.7.1/transforms/eb613282374489dcbe96d9df48d07a0e/transformed/analysis/instrumentation-hierarchy.bin because:
  Build cache is disabled
  Caching not enabled.
Caching disabled for MergeInstrumentationAnalysisTransform: /root/projects/PassVault/audit-runtime-linux-android-release-action03/gradle-home/caches/9.7.1/transforms/eb613282374489dcbe96d9df48d07a0e/transformed/analysis/instrumentation-dependencies.bin because:
  Build cache is disabled
  Caching not enabled.
Caching disabled for MergeInstrumentationAnalysisTransform: /root/projects/PassVault/audit-runtime-linux-android-release-action03/gradle-home/caches/modules-2/files-2.1/org.jetbrains.kotlin/kotlin-util-io/2.4.10/22c395cc2a2833b5dd1aa368155c491b8a04be6d/kotlin-util-io-2.4.10.jar because:
  Build cache is disabled
  Caching not enabled.
Caching disabled for ExternalDependencyInstrumentingArtifactTransform: /root/projects/PassVault/audit-runtime-linux-android-release-action03/gradle-home/caches/9.7.1/transforms/c41104bcc2388c1f181b231d22ec1403/transformed/merge/instrumentation-dependencies.bin because:
  Build cache is disabled
  Caching not enabled.
Caching disabled for ExternalDependencyInstrumentingArtifactTransform: /root/projects/PassVault/audit-runtime-linux-android-release-action03/gradle-home/caches/modules-2/files-2.1/org.jetbrains.kotlin/kotlin-util-io/2.4.10/22c395cc2a2833b5dd1aa368155c491b8a04be6d/kotlin-util-io-2.4.10.jar because:
  Build cache is disabled
  Caching not enabled.
Caching disabled for MergeInstrumentationAnalysisTransform: /root/projects/PassVault/audit-runtime-linux-android-release-action03/gradle-home/caches/9.7.1/transforms/fb4da546fe684629e47ee03cda883ea9/transformed/analysis/instrumentation-hierarchy.bin because:
  Build cache is disabled
  Caching not enabled.
Caching disabled for MergeInstrumentationAnalysisTransform: /root/projects/PassVault/audit-runtime-linux-android-release-action03/gradle-home/caches/9.7.1/transforms/fb4da546fe684629e47ee03cda883ea9/transformed/analysis/instrumentation-dependencies.bin because:
  Build cache is disabled
  Caching not enabled.
Caching disabled for MergeInstrumentationAnalysisTransform: /root/projects/PassVault/audit-runtime-linux-android-release-action03/gradle-home/caches/modules-2/files-2.1/org.jetbrains.kotlin/kotlin-daemon-client/2.4.10/8c3aa7a03a90240de365985d93bc8ed39163f852/kotlin-daemon-client-2.4.10.jar because:
  Build cache is disabled
  Caching not enabled.
Caching disabled for ExternalDependencyInstrumentingArtifactTransform: /root/projects/PassVault/audit-runtime-linux-android-release-action03/gradle-home/caches/9.7.1/transforms/169c346de421d5f2fc6dd1c4b6ba2f94/transformed/merge/instrumentation-dependencies.bin because:
  Build cache is disabled
  Caching not enabled.
Caching disabled for ExternalDependencyInstrumentingArtifactTransform: /root/projects/PassVault/audit-runtime-linux-android-release-action03/gradle-home/caches/modules-2/files-2.1/org.jetbrains.kotlin/kotlin-daemon-client/2.4.10/8c3aa7a03a90240de365985d93bc8ed39163f852/kotlin-daemon-client-2.4.10.jar because:
  Build cache is disabled
  Caching not enabled.
Caching disabled for MergeInstrumentationAnalysisTransform: /root/projects/PassVault/audit-runtime-linux-android-release-action03/gradle-home/caches/9.7.1/transforms/845bb3c4f75e9675c51e90670c81034d/transformed/analysis/instrumentation-hierarchy.bin because:
  Build cache is disabled
  Caching not enabled.
Caching disabled for MergeInstrumentationAnalysisTransform: /root/projects/PassVault/audit-runtime-linux-android-release-action03/gradle-home/caches/9.7.1/transforms/845bb3c4f75e9675c51e90670c81034d/transformed/analysis/instrumentation-dependencies.bin because:
  Build cache is disabled
  Caching not enabled.
Caching disabled for MergeInstrumentationAnalysisTransform: /root/projects/PassVault/audit-runtime-linux-android-release-action03/gradle-home/caches/modules-2/files-2.1/com.google.jimfs/jimfs/1.1/8fbd0579dc68aba6186935cc1bee21d2f3e7ec1c/jimfs-1.1.jar because:
  Build cache is disabled
  Caching not enabled.
Caching disabled for ExternalDependencyInstrumentingArtifactTransform: /root/projects/PassVault/audit-runtime-linux-android-release-action03/gradle-home/caches/9.7.1/transforms/5e42c8b56b1d2f81a55bd036d98da98f/transformed/merge/instrumentation-dependencies.bin because:
  Build cache is disabled
  Caching not enabled.
Caching disabled for ExternalDependencyInstrumentingArtifactTransform: /root/projects/PassVault/audit-runtime-linux-android-release-action03/gradle-home/caches/modules-2/files-2.1/com.google.jimfs/jimfs/1.1/8fbd0579dc68aba6186935cc1bee21d2f3e7ec1c/jimfs-1.1.jar because:
  Build cache is disabled
  Caching not enabled.
Caching disabled for MergeInstrumentationAnalysisTransform: /root/projects/PassVault/audit-runtime-linux-android-release-action03/gradle-home/caches/9.7.1/transforms/aca89e3e4b19a40e795b5f0f4e4c53a5/transformed/analysis/instrumentation-hierarchy.bin because:
  Build cache is disabled
  Caching not enabled.
Caching disabled for MergeInstrumentationAnalysisTransform: /root/projects/PassVault/audit-runtime-linux-android-release-action03/gradle-home/caches/9.7.1/transforms/aca89e3e4b19a40e795b5f0f4e4c53a5/transformed/analysis/instrumentation-dependencies.bin because:
  Build cache is disabled
  Caching not enabled.
Caching disabled for MergeInstrumentationAnalysisTransform: /root/projects/PassVault/audit-runtime-linux-android-release-action03/gradle-home/caches/modules-2/files-2.1/com.android.tools.build/apkzlib/9.4.0/81e69e9fd7e45be473e784f6220d09bea36115cc/apkzlib-9.4.0.jar because:
  Build cache is disabled
  Caching not enabled.
Caching disabled for ExternalDependencyInstrumentingArtifactTransform: /root/projects/PassVault/audit-runtime-linux-android-release-action03/gradle-home/caches/9.7.1/transforms/ee7da3b891a38f181d17cb0bdc74ab8e/transformed/merge/instrumentation-dependencies.bin because:
  Build cache is disabled
  Caching not enabled.
Caching disabled for ExternalDependencyInstrumentingArtifactTransform: /root/projects/PassVault/audit-runtime-linux-android-release-action03/gradle-home/caches/modules-2/files-2.1/com.android.tools.build/apkzlib/9.4.0/81e69e9fd7e45be473e784f6220d09bea36115cc/apkzlib-9.4.0.jar because:
  Build cache is disabled
  Caching not enabled.
Caching disabled for MergeInstrumentationAnalysisTransform: /root/projects/PassVault/audit-runtime-linux-android-release-action03/gradle-home/caches/9.7.1/transforms/f5cc598891b10bb36aca1a800912fa1e/transformed/analysis/instrumentation-hierarchy.bin because:
  Build cache is disabled
  Caching not enabled.
Caching disabled for MergeInstrumentationAnalysisTransform: /root/projects/PassVault/audit-runtime-linux-android-release-action03/gradle-home/caches/9.7.1/transforms/f5cc598891b10bb36aca1a800912fa1e/transformed/analysis/instrumentation-dependencies.bin because:
  Build cache is disabled
  Caching not enabled.
Caching disabled for MergeInstrumentationAnalysisTransform: /root/projects/PassVault/audit-runtime-linux-android-release-action03/gradle-home/caches/modules-2/files-2.1/com.google.guava/guava/33.4.0-jre/3fcc0a259f724c7de54a6a55ea7e26d3d5c0cac/guava-33.4.0-jre.jar because:
  Build cache is disabled
  Caching not enabled.
Caching disabled for ExternalDependencyInstrumentingArtifactTransform: /root/projects/PassVault/audit-runtime-linux-android-release-action03/gradle-home/caches/9.7.1/transforms/de3cfc8b787a228bcba79772a8f4fe4d/transformed/merge/instrumentation-dependencies.bin because:
  Build cache is disabled
  Caching not enabled.
Caching disabled for ExternalDependencyInstrumentingArtifactTransform: /root/projects/PassVault/audit-runtime-linux-android-release-action03/gradle-home/caches/modules-2/files-2.1/com.google.guava/guava/33.4.0-jre/3fcc0a259f724c7de54a6a55ea7e26d3d5c0cac/guava-33.4.0-jre.jar because:
  Build cache is disabled
  Caching not enabled.
Caching disabled for MergeInstrumentationAnalysisTransform: /root/projects/PassVault/audit-runtime-linux-android-release-action03/gradle-home/caches/9.7.1/transforms/c08061cc85075eb440aa9c2baf06236a/transformed/analysis/instrumentation-hierarchy.bin because:
  Build cache is disabled
  Caching not enabled.
Caching disabled for MergeInstrumentationAnalysisTransform: /root/projects/PassVault/audit-runtime-linux-android-release-action03/gradle-home/caches/9.7.1/transforms/c08061cc85075eb440aa9c2baf06236a/transformed/analysis/instrumentation-dependencies.bin because:
  Build cache is disabled
  Caching not enabled.
Caching disabled for MergeInstrumentationAnalysisTransform: /root/projects/PassVault/audit-runtime-linux-android-release-action03/gradle-home/caches/modules-2/files-2.1/com.google.dagger/dagger/2.28.3/10d83810ef9e19714116ed518896c90c6606d633/dagger-2.28.3.jar because:
  Build cache is disabled
  Caching not enabled.
Caching disabled for ExternalDependencyInstrumentingArtifactTransform: /root/projects/PassVault/audit-runtime-linux-android-release-action03/gradle-home/caches/9.7.1/transforms/d609e9daaaeafb529fd8b6e4c542b6ff/transformed/merge/instrumentation-dependencies.bin because:
  Build cache is disabled
  Caching not enabled.
Caching disabled for ExternalDependencyInstrumentingArtifactTransform: /root/projects/PassVault/audit-runtime-linux-android-release-action03/gradle-home/caches/modules-2/files-2.1/com.google.dagger/dagger/2.28.3/10d83810ef9e19714116ed518896c90c6606d633/dagger-2.28.3.jar because:
  Build cache is disabled
  Caching not enabled.
Caching disabled for MergeInstrumentationAnalysisTransform: /root/projects/PassVault/audit-runtime-linux-android-release-action03/gradle-home/caches/9.7.1/transforms/60674c83291875d44bda9f6eb6496792/transformed/analysis/instrumentation-dependencies.bin because:
  Build cache is disabled
  Caching not enabled.
Caching disabled for MergeInstrumentationAnalysisTransform: /root/projects/PassVault/audit-runtime-linux-android-release-action03/gradle-home/caches/modules-2/files-2.1/javax.inject/javax.inject/1/6975da39a7040257bd51d21a231b76c915872d38/javax.inject-1.jar because:
  Build cache is disabled
  Caching not enabled.
Caching disabled for ExternalDependencyInstrumentingArtifactTransform: /root/projects/PassVault/audit-runtime-linux-android-release-action03/gradle-home/caches/9.7.1/transforms/6ffad1652eb1bc749fdfb8ae61774cfb/transformed/merge/instrumentation-dependencies.bin because:
  Build cache is disabled
  Caching not enabled.
Caching disabled for ExternalDependencyInstrumentingArtifactTransform: /root/projects/PassVault/audit-runtime-linux-android-release-action03/gradle-home/caches/modules-2/files-2.1/javax.inject/javax.inject/1/6975da39a7040257bd51d21a231b76c915872d38/javax.inject-1.jar because:
  Build cache is disabled
  Caching not enabled.
Caching disabled for MergeInstrumentationAnalysisTransform: /root/projects/PassVault/audit-runtime-linux-android-release-action03/gradle-home/caches/9.7.1/transforms/c2b1ea5b67d2782bb5e2dcb4c02f1a84/transformed/analysis/instrumentation-hierarchy.bin because:
  Build cache is disabled
  Caching not enabled.
Caching disabled for MergeInstrumentationAnalysisTransform: /root/projects/PassVault/audit-runtime-linux-android-release-action03/gradle-home/caches/9.7.1/transforms/c2b1ea5b67d2782bb5e2dcb4c02f1a84/transformed/analysis/instrumentation-dependencies.bin because:
  Build cache is disabled
  Caching not enabled.
Caching disabled for MergeInstrumentationAnalysisTransform: /root/projects/PassVault/audit-runtime-linux-android-release-action03/gradle-home/caches/modules-2/files-2.1/net.sf.kxml/kxml2/2.3.0/ccbc77a5fd907ef863c29f3596c6f54ffa4e9442/kxml2-2.3.0.jar because:
  Build cache is disabled
  Caching not enabled.
Caching disabled for ExternalDependencyInstrumentingArtifactTransform: /root/projects/PassVault/audit-runtime-linux-android-release-action03/gradle-home/caches/9.7.1/transforms/126b80274fc658356e527ee1459ff1f5/transformed/merge/instrumentation-dependencies.bin because:
  Build cache is disabled
  Caching not enabled.
Caching disabled for ExternalDependencyInstrumentingArtifactTransform: /root/projects/PassVault/audit-runtime-linux-android-release-action03/gradle-home/caches/modules-2/files-2.1/net.sf.kxml/kxml2/2.3.0/ccbc77a5fd907ef863c29f3596c6f54ffa4e9442/kxml2-2.3.0.jar because:
  Build cache is disabled
  Caching not enabled.
Caching disabled for MergeInstrumentationAnalysisTransform: /root/projects/PassVault/audit-runtime-linux-android-release-action03/gradle-home/caches/9.7.1/transforms/3ab15090e92fc75794c91edfa1cf89fa/transformed/analysis/instrumentation-hierarchy.bin because:
  Build cache is disabled
  Caching not enabled.
Caching disabled for MergeInstrumentationAnalysisTransform: /root/projects/PassVault/audit-runtime-linux-android-release-action03/gradle-home/caches/9.7.1/transforms/3ab15090e92fc75794c91edfa1cf89fa/transformed/analysis/instrumentation-dependencies.bin because:
  Build cache is disabled
  Caching not enabled.
Caching disabled for MergeInstrumentationAnalysisTransform: /root/projects/PassVault/audit-runtime-linux-android-release-action03/gradle-home/caches/modules-2/files-2.1/org.bouncycastle/bcpkix-jdk18on/1.80.2/cc97199b13ed4166079aec30e020bd684ead274c/bcpkix-jdk18on-1.80.2.jar because:
  Build cache is disabled
  Caching not enabled.
Caching disabled for ExternalDependencyInstrumentingArtifactTransform: /root/projects/PassVault/audit-runtime-linux-android-release-action03/gradle-home/caches/9.7.1/transforms/bd5d7c0790a4adcfe507671ef0cfe4a3/transformed/merge/instrumentation-dependencies.bin because:
  Build cache is disabled
  Caching not enabled.
Caching disabled for ExternalDependencyInstrumentingArtifactTransform: /root/projects/PassVault/audit-runtime-linux-android-release-action03/gradle-home/caches/modules-2/files-2.1/org.bouncycastle/bcpkix-jdk18on/1.80.2/cc97199b13ed4166079aec30e020bd684ead274c/bcpkix-jdk18on-1.80.2.jar because:
  Build cache is disabled
  Caching not enabled.
Caching disabled for MergeInstrumentationAnalysisTransform: /root/projects/PassVault/audit-runtime-linux-android-release-action03/gradle-home/caches/9.7.1/transforms/dd28feafbbbb990afe97722b8a128881/transformed/analysis/instrumentation-hierarchy.bin because:
  Build cache is disabled
  Caching not enabled.
Caching disabled for MergeInstrumentationAnalysisTransform: /root/projects/PassVault/audit-runtime-linux-android-release-action03/gradle-home/caches/9.7.1/transforms/dd28feafbbbb990afe97722b8a128881/transformed/analysis/instrumentation-dependencies.bin because:
  Build cache is disabled
  Caching not enabled.
Caching disabled for MergeInstrumentationAnalysisTransform: /root/projects/PassVault/audit-runtime-linux-android-release-action03/gradle-home/caches/modules-2/files-2.1/org.bouncycastle/bcutil-jdk18on/1.80.2/5aa52bcc7b7d5dc8975a3df9e657abdb5cea62be/bcutil-jdk18on-1.80.2.jar because:
  Build cache is disabled
  Caching not enabled.
Caching disabled for ExternalDependencyInstrumentingArtifactTransform: /root/projects/PassVault/audit-runtime-linux-android-release-action03/gradle-home/caches/9.7.1/transforms/7588192300ff5d91dc850feef3c4da75/transformed/merge/instrumentation-dependencies.bin because:
  Build cache is disabled
  Caching not enabled.
Caching disabled for ExternalDependencyInstrumentingArtifactTransform: /root/projects/PassVault/audit-runtime-linux-android-release-action03/gradle-home/caches/modules-2/files-2.1/org.bouncycastle/bcutil-jdk18on/1.80.2/5aa52bcc7b7d5dc8975a3df9e657abdb5cea62be/bcutil-jdk18on-1.80.2.jar because:
  Build cache is disabled
  Caching not enabled.
Caching disabled for MergeInstrumentationAnalysisTransform: /root/projects/PassVault/audit-runtime-linux-android-release-action03/gradle-home/caches/9.7.1/transforms/3cc98381e209f2b86496b9726414c295/transformed/analysis/instrumentation-hierarchy.bin because:
  Build cache is disabled
  Caching not enabled.
Caching disabled for MergeInstrumentationAnalysisTransform: /root/projects/PassVault/audit-runtime-linux-android-release-action03/gradle-home/caches/9.7.1/transforms/3cc98381e209f2b86496b9726414c295/transformed/analysis/instrumentation-dependencies.bin because:
  Build cache is disabled
  Caching not enabled.
Caching disabled for MergeInstrumentationAnalysisTransform: /root/projects/PassVault/audit-runtime-linux-android-release-action03/gradle-home/caches/modules-2/files-2.1/org.bouncycastle/bcprov-jdk18on/1.80.2/698ebb5539a939849576a6854bd52e191cbe1c5c/bcprov-jdk18on-1.80.2.jar because:
  Build cache is disabled
  Caching not enabled.
Caching disabled for ExternalDependencyInstrumentingArtifactTransform: /root/projects/PassVault/audit-runtime-linux-android-release-action03/gradle-home/caches/9.7.1/transforms/c3b91ce2e2682e393f7e83414752ba65/transformed/merge/instrumentation-dependencies.bin because:
  Build cache is disabled
  Caching not enabled.
Caching disabled for ExternalDependencyInstrumentingArtifactTransform: /root/projects/PassVault/audit-runtime-linux-android-release-action03/gradle-home/caches/modules-2/files-2.1/org.bouncycastle/bcprov-jdk18on/1.80.2/698ebb5539a939849576a6854bd52e191cbe1c5c/bcprov-jdk18on-1.80.2.jar because:
  Build cache is disabled
  Caching not enabled.
Caching disabled for MergeInstrumentationAnalysisTransform: /root/projects/PassVault/audit-runtime-linux-android-release-action03/gradle-home/caches/9.7.1/transforms/cc0f4a96529e4dd8cd282d8d922e8b31/transformed/analysis/instrumentation-hierarchy.bin because:
  Build cache is disabled
  Caching not enabled.
Caching disabled for MergeInstrumentationAnalysisTransform: /root/projects/PassVault/audit-runtime-linux-android-release-action03/gradle-home/caches/9.7.1/transforms/cc0f4a96529e4dd8cd282d8d922e8b31/transformed/analysis/instrumentation-dependencies.bin because:
  Build cache is disabled
  Caching not enabled.
Caching disabled for MergeInstrumentationAnalysisTransform: /root/projects/PassVault/audit-runtime-linux-android-release-action03/gradle-home/caches/modules-2/files-2.1/org.apache.httpcomponents/httpclient/4.5.14/1194890e6f56ec29177673f2f12d0b8e627dec98/httpclient-4.5.14.jar because:
  Build cache is disabled
  Caching not enabled.
Caching disabled for ExternalDependencyInstrumentingArtifactTransform: /root/projects/PassVault/audit-runtime-linux-android-release-action03/gradle-home/caches/9.7.1/transforms/79758e47697340de6d8af8d5b4245c25/transformed/merge/instrumentation-dependencies.bin because:
  Build cache is disabled
  Caching not enabled.
Caching disabled for ExternalDependencyInstrumentingArtifactTransform: /root/projects/PassVault/audit-runtime-linux-android-release-action03/gradle-home/caches/modules-2/files-2.1/org.apache.httpcomponents/httpclient/4.5.14/1194890e6f56ec29177673f2f12d0b8e627dec98/httpclient-4.5.14.jar because:
  Build cache is disabled
  Caching not enabled.
Caching disabled for MergeInstrumentationAnalysisTransform: /root/projects/PassVault/audit-runtime-linux-android-release-action03/gradle-home/caches/9.7.1/transforms/31d9d8a638847bb4431a84f1799832b7/transformed/analysis/instrumentation-hierarchy.bin because:
  Build cache is disabled
  Caching not enabled.
Caching disabled for MergeInstrumentationAnalysisTransform: /root/projects/PassVault/audit-runtime-linux-android-release-action03/gradle-home/caches/9.7.1/transforms/31d9d8a638847bb4431a84f1799832b7/transformed/analysis/instrumentation-dependencies.bin because:
  Build cache is disabled
  Caching not enabled.
Caching disabled for MergeInstrumentationAnalysisTransform: /root/projects/PassVault/audit-runtime-linux-android-release-action03/gradle-home/caches/modules-2/files-2.1/org.apache.httpcomponents/httpcore/4.4.16/51cf043c87253c9f58b539c9f7e44c8894223850/httpcore-4.4.16.jar because:
  Build cache is disabled
  Caching not enabled.
Caching disabled for ExternalDependencyInstrumentingArtifactTransform: /root/projects/PassVault/audit-runtime-linux-android-release-action03/gradle-home/caches/9.7.1/transforms/07822c53f1cb7dd8ef46f6e3b9387c02/transformed/merge/instrumentation-dependencies.bin because:
  Build cache is disabled
  Caching not enabled.
Caching disabled for ExternalDependencyInstrumentingArtifactTransform: /root/projects/PassVault/audit-runtime-linux-android-release-action03/gradle-home/caches/modules-2/files-2.1/org.apache.httpcomponents/httpcore/4.4.16/51cf043c87253c9f58b539c9f7e44c8894223850/httpcore-4.4.16.jar because:
  Build cache is disabled
  Caching not enabled.
Caching disabled for MergeInstrumentationAnalysisTransform: /root/projects/PassVault/audit-runtime-linux-android-release-action03/gradle-home/caches/9.7.1/transforms/f91bb7f1ebe7a21a548c13ed242a01b9/transformed/analysis/instrumentation-hierarchy.bin because:
  Build cache is disabled
  Caching not enabled.
Caching disabled for MergeInstrumentationAnalysisTransform: /root/projects/PassVault/audit-runtime-linux-android-release-action03/gradle-home/caches/9.7.1/transforms/f91bb7f1ebe7a21a548c13ed242a01b9/transformed/analysis/instrumentation-dependencies.bin because:
  Build cache is disabled
  Caching not enabled.
Caching disabled for MergeInstrumentationAnalysisTransform: /root/projects/PassVault/audit-runtime-linux-android-release-action03/gradle-home/caches/modules-2/files-2.1/com.android/signflinger/9.4.0/931575c0547261e249124c8749ece3b1664763a5/signflinger-9.4.0.jar because:
  Build cache is disabled
  Caching not enabled.
Caching disabled for ExternalDependencyInstrumentingArtifactTransform: /root/projects/PassVault/audit-runtime-linux-android-release-action03/gradle-home/caches/9.7.1/transforms/decb7ead719c4d014e64e9a237ec2e8e/transformed/merge/instrumentation-dependencies.bin because:
  Build cache is disabled
  Caching not enabled.
Caching disabled for ExternalDependencyInstrumentingArtifactTransform: /root/projects/PassVault/audit-runtime-linux-android-release-action03/gradle-home/caches/modules-2/files-2.1/com.android/signflinger/9.4.0/931575c0547261e249124c8749ece3b1664763a5/signflinger-9.4.0.jar because:
  Build cache is disabled
  Caching not enabled.
Caching disabled for MergeInstrumentationAnalysisTransform: /root/projects/PassVault/audit-runtime-linux-android-release-action03/gradle-home/caches/9.7.1/transforms/295a6db3665573f8bbba40fb079de830/transformed/analysis/instrumentation-hierarchy.bin because:
  Build cache is disabled
  Caching not enabled.
Caching disabled for MergeInstrumentationAnalysisTransform: /root/projects/PassVault/audit-runtime-linux-android-release-action03/gradle-home/caches/9.7.1/transforms/295a6db3665573f8bbba40fb079de830/transformed/analysis/instrumentation-dependencies.bin because:
  Build cache is disabled
  Caching not enabled.
Caching disabled for MergeInstrumentationAnalysisTransform: /root/projects/PassVault/audit-runtime-linux-android-release-action03/gradle-home/caches/modules-2/files-2.1/com.android/zipflinger/9.4.0/468d84015634e21c1607b7cb298fff3017dbe19/zipflinger-9.4.0.jar because:
  Build cache is disabled
  Caching not enabled.
Caching disabled for ExternalDependencyInstrumentingArtifactTransform: /root/projects/PassVault/audit-runtime-linux-android-release-action03/gradle-home/caches/9.7.1/transforms/011134460310e7099da3bdb482379058/transformed/merge/instrumentation-dependencies.bin because:
  Build cache is disabled
  Caching not enabled.
Caching disabled for ExternalDependencyInstrumentingArtifactTransform: /root/projects/PassVault/audit-runtime-linux-android-release-action03/gradle-home/caches/modules-2/files-2.1/com.android/zipflinger/9.4.0/468d84015634e21c1607b7cb298fff3017dbe19/zipflinger-9.4.0.jar because:
  Build cache is disabled
  Caching not enabled.
Caching disabled for MergeInstrumentationAnalysisTransform: /root/projects/PassVault/audit-runtime-linux-android-release-action03/gradle-home/caches/9.7.1/transforms/489e58f98c40bce34654df51d3313672/transformed/analysis/instrumentation-dependencies.bin because:
  Build cache is disabled
  Caching not enabled.
Caching disabled for MergeInstrumentationAnalysisTransform: /root/projects/PassVault/audit-runtime-linux-android-release-action03/gradle-home/caches/modules-2/files-2.1/com.android.tools/annotations/32.4.0/755aa98f446d71a443d30a732b42f906cce94a44/annotations-32.4.0.jar because:
  Build cache is disabled
  Caching not enabled.
Caching disabled for ExternalDependencyInstrumentingArtifactTransform: /root/projects/PassVault/audit-runtime-linux-android-release-action03/gradle-home/caches/9.7.1/transforms/341fefe2feefe32e6ceb9e8fe63121d7/transformed/merge/instrumentation-dependencies.bin because:
  Build cache is disabled
  Caching not enabled.
Caching disabled for ExternalDependencyInstrumentingArtifactTransform: /root/projects/PassVault/audit-runtime-linux-android-release-action03/gradle-home/caches/modules-2/files-2.1/com.android.tools/annotations/32.4.0/755aa98f446d71a443d30a732b42f906cce94a44/annotations-32.4.0.jar because:
  Build cache is disabled
  Caching not enabled.
Caching disabled for MergeInstrumentationAnalysisTransform: /root/projects/PassVault/audit-runtime-linux-android-release-action03/gradle-home/caches/9.7.1/transforms/418acdc60d36c8825b7a81b7140a2368/transformed/analysis/instrumentation-hierarchy.bin because:
  Build cache is disabled
  Caching not enabled.
Caching disabled for MergeInstrumentationAnalysisTransform: /root/projects/PassVault/audit-runtime-linux-android-release-action03/gradle-home/caches/9.7.1/transforms/418acdc60d36c8825b7a81b7140a2368/transformed/analysis/instrumentation-dependencies.bin because:
  Build cache is disabled
  Caching not enabled.
Caching disabled for MergeInstrumentationAnalysisTransform: /root/projects/PassVault/audit-runtime-linux-android-release-action03/gradle-home/caches/modules-2/files-2.1/net.java.dev.jna/jna-platform/5.6.0/d18424ffb8bbfd036d71bcaab9b546858f2ef986/jna-platform-5.6.0.jar because:
  Build cache is disabled
  Caching not enabled.
Caching disabled for ExternalDependencyInstrumentingArtifactTransform: /root/projects/PassVault/audit-runtime-linux-android-release-action03/gradle-home/caches/9.7.1/transforms/f7bfd7cda920754866bb4d79a171dd8b/transformed/merge/instrumentation-dependencies.bin because:
  Build cache is disabled
  Caching not enabled.
Caching disabled for ExternalDependencyInstrumentingArtifactTransform: /root/projects/PassVault/audit-runtime-linux-android-release-action03/gradle-home/caches/modules-2/files-2.1/net.java.dev.jna/jna-platform/5.6.0/d18424ffb8bbfd036d71bcaab9b546858f2ef986/jna-platform-5.6.0.jar because:
  Build cache is disabled
  Caching not enabled.
Caching disabled for MergeInstrumentationAnalysisTransform: /root/projects/PassVault/audit-runtime-linux-android-release-action03/gradle-home/caches/9.7.1/transforms/52a672ea120bec7fc8d540098b4936a6/transformed/analysis/instrumentation-hierarchy.bin because:
  Build cache is disabled
  Caching not enabled.
Caching disabled for MergeInstrumentationAnalysisTransform: /root/projects/PassVault/audit-runtime-linux-android-release-action03/gradle-home/caches/9.7.1/transforms/52a672ea120bec7fc8d540098b4936a6/transformed/analysis/instrumentation-dependencies.bin because:
  Build cache is disabled
  Caching not enabled.
Caching disabled for MergeInstrumentationAnalysisTransform: /root/projects/PassVault/audit-runtime-linux-android-release-action03/gradle-home/caches/modules-2/files-2.1/com.googlecode.juniversalchardet/juniversalchardet/1.0.3/cd49678784c46aa8789c060538e0154013bb421b/juniversalchardet-1.0.3.jar because:
  Build cache is disabled
  Caching not enabled.
Caching disabled for ExternalDependencyInstrumentingArtifactTransform: /root/projects/PassVault/audit-runtime-linux-android-release-action03/gradle-home/caches/9.7.1/transforms/81eff2f31cac98c60e80f818230959e5/transformed/merge/instrumentation-dependencies.bin because:
  Build cache is disabled
  Caching not enabled.
Caching disabled for ExternalDependencyInstrumentingArtifactTransform: /root/projects/PassVault/audit-runtime-linux-android-release-action03/gradle-home/caches/modules-2/files-2.1/com.googlecode.juniversalchardet/juniversalchardet/1.0.3/cd49678784c46aa8789c060538e0154013bb421b/juniversalchardet-1.0.3.jar because:
  Build cache is disabled
  Caching not enabled.
Caching disabled for MergeInstrumentationAnalysisTransform: /root/projects/PassVault/audit-runtime-linux-android-release-action03/gradle-home/caches/9.7.1/transforms/519355526de068562868b8fefab36674/transformed/analysis/instrumentation-hierarchy.bin because:
  Build cache is disabled
  Caching not enabled.
Caching disabled for MergeInstrumentationAnalysisTransform: /root/projects/PassVault/audit-runtime-linux-android-release-action03/gradle-home/caches/9.7.1/transforms/519355526de068562868b8fefab36674/transformed/analysis/instrumentation-dependencies.bin because:
  Build cache is disabled
  Caching not enabled.
Caching disabled for MergeInstrumentationAnalysisTransform: /root/projects/PassVault/audit-runtime-linux-android-release-action03/gradle-home/caches/modules-2/files-2.1/org.jvnet.staxex/stax-ex/1.8.1/78011e483a21102fb4858f3e8f269a677e50aa23/stax-ex-1.8.1.jar because:
  Build cache is disabled
  Caching not enabled.
Caching disabled for ExternalDependencyInstrumentingArtifactTransform: /root/projects/PassVault/audit-runtime-linux-android-release-action03/gradle-home/caches/9.7.1/transforms/4a52e2982a53a1ecb56dc81f066e698d/transformed/merge/instrumentation-dependencies.bin because:
  Build cache is disabled
  Caching not enabled.
Caching disabled for ExternalDependencyInstrumentingArtifactTransform: /root/projects/PassVault/audit-runtime-linux-android-release-action03/gradle-home/caches/modules-2/files-2.1/org.jvnet.staxex/stax-ex/1.8.1/78011e483a21102fb4858f3e8f269a677e50aa23/stax-ex-1.8.1.jar because:
  Build cache is disabled
  Caching not enabled.
Caching disabled for MergeInstrumentationAnalysisTransform: /root/projects/PassVault/audit-runtime-linux-android-release-action03/gradle-home/caches/9.7.1/transforms/02101700b2b96c2a474a89a2a8272f27/transformed/analysis/instrumentation-hierarchy.bin because:
  Build cache is disabled
  Caching not enabled.
Caching disabled for MergeInstrumentationAnalysisTransform: /root/projects/PassVault/audit-runtime-linux-android-release-action03/gradle-home/caches/9.7.1/transforms/02101700b2b96c2a474a89a2a8272f27/transformed/analysis/instrumentation-dependencies.bin because:
  Build cache is disabled
  Caching not enabled.
Caching disabled for MergeInstrumentationAnalysisTransform: /root/projects/PassVault/audit-runtime-linux-android-release-action03/gradle-home/caches/modules-2/files-2.1/jakarta.xml.bind/jakarta.xml.bind-api/2.3.2/8d49996a4338670764d7ca4b85a1c4ccf7fe665d/jakarta.xml.bind-api-2.3.2.jar because:
  Build cache is disabled
  Caching not enabled.
Caching disabled for ExternalDependencyInstrumentingArtifactTransform: /root/projects/PassVault/audit-runtime-linux-android-release-action03/gradle-home/caches/9.7.1/transforms/e68c9f766525a108a913814cb8189a62/transformed/merge/instrumentation-dependencies.bin because:
  Build cache is disabled
  Caching not enabled.
Caching disabled for ExternalDependencyInstrumentingArtifactTransform: /root/projects/PassVault/audit-runtime-linux-android-release-action03/gradle-home/caches/modules-2/files-2.1/jakarta.xml.bind/jakarta.xml.bind-api/2.3.2/8d49996a4338670764d7ca4b85a1c4ccf7fe665d/jakarta.xml.bind-api-2.3.2.jar because:
  Build cache is disabled
  Caching not enabled.
Caching disabled for MergeInstrumentationAnalysisTransform: /root/projects/PassVault/audit-runtime-linux-android-release-action03/gradle-home/caches/9.7.1/transforms/fa1b3367dd0eb7e9c57f7d8a99039563/transformed/analysis/instrumentation-hierarchy.bin because:
  Build cache is disabled
  Caching not enabled.
Caching disabled for MergeInstrumentationAnalysisTransform: /root/projects/PassVault/audit-runtime-linux-android-release-action03/gradle-home/caches/9.7.1/transforms/fa1b3367dd0eb7e9c57f7d8a99039563/transformed/analysis/instrumentation-dependencies.bin because:
  Build cache is disabled
  Caching not enabled.
Caching disabled for MergeInstrumentationAnalysisTransform: /root/projects/PassVault/audit-runtime-linux-android-release-action03/gradle-home/caches/modules-2/files-2.1/org.glassfish.jaxb/txw2/2.3.2/ce5be7da2e442c25ec14c766cb60cb802741727b/txw2-2.3.2.jar because:
  Build cache is disabled
  Caching not enabled.
Caching disabled for ExternalDependencyInstrumentingArtifactTransform: /root/projects/PassVault/audit-runtime-linux-android-release-action03/gradle-home/caches/9.7.1/transforms/a2d10a403ca8d50fca935c6bc4da535f/transformed/merge/instrumentation-dependencies.bin because:
  Build cache is disabled
  Caching not enabled.
Caching disabled for ExternalDependencyInstrumentingArtifactTransform: /root/projects/PassVault/audit-runtime-linux-android-release-action03/gradle-home/caches/modules-2/files-2.1/org.glassfish.jaxb/txw2/2.3.2/ce5be7da2e442c25ec14c766cb60cb802741727b/txw2-2.3.2.jar because:
  Build cache is disabled
  Caching not enabled.
Caching disabled for MergeInstrumentationAnalysisTransform: /root/projects/PassVault/audit-runtime-linux-android-release-action03/gradle-home/caches/9.7.1/transforms/ae037bd8b281be6b380af6fb2373809b/transformed/analysis/instrumentation-hierarchy.bin because:
  Build cache is disabled
  Caching not enabled.
Caching disabled for MergeInstrumentationAnalysisTransform: /root/projects/PassVault/audit-runtime-linux-android-release-action03/gradle-home/caches/9.7.1/transforms/ae037bd8b281be6b380af6fb2373809b/transformed/analysis/instrumentation-dependencies.bin because:
  Build cache is disabled
  Caching not enabled.
Caching disabled for MergeInstrumentationAnalysisTransform: /root/projects/PassVault/audit-runtime-linux-android-release-action03/gradle-home/caches/modules-2/files-2.1/com.sun.istack/istack-commons-runtime/3.0.8/d6a97364045aa6b99bf2d3c566a3f98599c2d296/istack-commons-runtime-3.0.8.jar because:
  Build cache is disabled
  Caching not enabled.
Caching disabled for ExternalDependencyInstrumentingArtifactTransform: /root/projects/PassVault/audit-runtime-linux-android-release-action03/gradle-home/caches/9.7.1/transforms/e9c758f377bd09300ab0a14c2873998c/transformed/merge/instrumentation-dependencies.bin because:
  Build cache is disabled
  Caching not enabled.
Caching disabled for ExternalDependencyInstrumentingArtifactTransform: /root/projects/PassVault/audit-runtime-linux-android-release-action03/gradle-home/caches/modules-2/files-2.1/com.sun.istack/istack-commons-runtime/3.0.8/d6a97364045aa6b99bf2d3c566a3f98599c2d296/istack-commons-runtime-3.0.8.jar because:
  Build cache is disabled
  Caching not enabled.
Caching disabled for MergeInstrumentationAnalysisTransform: /root/projects/PassVault/audit-runtime-linux-android-release-action03/gradle-home/caches/9.7.1/transforms/7ce254947106a21a3381087443bbad9c/transformed/analysis/instrumentation-hierarchy.bin because:
  Build cache is disabled
  Caching not enabled.
Caching disabled for MergeInstrumentationAnalysisTransform: /root/projects/PassVault/audit-runtime-linux-android-release-action03/gradle-home/caches/9.7.1/transforms/7ce254947106a21a3381087443bbad9c/transformed/analysis/instrumentation-dependencies.bin because:
  Build cache is disabled
  Caching not enabled.
Caching disabled for MergeInstrumentationAnalysisTransform: /root/projects/PassVault/audit-runtime-linux-android-release-action03/gradle-home/caches/modules-2/files-2.1/com.sun.xml.fastinfoset/FastInfoset/1.2.16/4eb6a0adad553bf759ffe86927df6f3b848c8bea/FastInfoset-1.2.16.jar because:
  Build cache is disabled
  Caching not enabled.
Caching disabled for ExternalDependencyInstrumentingArtifactTransform: /root/projects/PassVault/audit-runtime-linux-android-release-action03/gradle-home/caches/9.7.1/transforms/8e02ad396870aedcd503c66f8416ca75/transformed/merge/instrumentation-dependencies.bin because:
  Build cache is disabled
  Caching not enabled.
Caching disabled for ExternalDependencyInstrumentingArtifactTransform: /root/projects/PassVault/audit-runtime-linux-android-release-action03/gradle-home/caches/modules-2/files-2.1/com.sun.xml.fastinfoset/FastInfoset/1.2.16/4eb6a0adad553bf759ffe86927df6f3b848c8bea/FastInfoset-1.2.16.jar because:
  Build cache is disabled
  Caching not enabled.
Caching disabled for MergeInstrumentationAnalysisTransform: /root/projects/PassVault/audit-runtime-linux-android-release-action03/gradle-home/caches/9.7.1/transforms/0e5245cedaf833c4b7197430d3a4e62f/transformed/analysis/instrumentation-hierarchy.bin because:
  Build cache is disabled
  Caching not enabled.
Caching disabled for MergeInstrumentationAnalysisTransform: /root/projects/PassVault/audit-runtime-linux-android-release-action03/gradle-home/caches/9.7.1/transforms/0e5245cedaf833c4b7197430d3a4e62f/transformed/analysis/instrumentation-dependencies.bin because:
  Build cache is disabled
  Caching not enabled.
Caching disabled for MergeInstrumentationAnalysisTransform: /root/projects/PassVault/audit-runtime-linux-android-release-action03/gradle-home/caches/modules-2/files-2.1/jakarta.activation/jakarta.activation-api/1.2.1/562a587face36ec7eff2db7f2fc95425c6602bc1/jakarta.activation-api-1.2.1.jar because:
  Build cache is disabled
  Caching not enabled.
Caching disabled for ExternalDependencyInstrumentingArtifactTransform: /root/projects/PassVault/audit-runtime-linux-android-release-action03/gradle-home/caches/9.7.1/transforms/beed509e8990915a2b68bbbdfdbc875f/transformed/merge/instrumentation-dependencies.bin because:
  Build cache is disabled
  Caching not enabled.
Caching disabled for ExternalDependencyInstrumentingArtifactTransform: /root/projects/PassVault/audit-runtime-linux-android-release-action03/gradle-home/caches/modules-2/files-2.1/jakarta.activation/jakarta.activation-api/1.2.1/562a587face36ec7eff2db7f2fc95425c6602bc1/jakarta.activation-api-1.2.1.jar because:
  Build cache is disabled
  Caching not enabled.
Caching disabled for MergeInstrumentationAnalysisTransform: /root/projects/PassVault/audit-runtime-linux-android-release-action03/gradle-home/caches/9.7.1/transforms/a750bdb5bbc4eb48e7b24e35c2354d15/transformed/analysis/instrumentation-dependencies.bin because:
  Build cache is disabled
  Caching not enabled.
Caching disabled for MergeInstrumentationAnalysisTransform: /root/projects/PassVault/audit-runtime-linux-android-release-action03/gradle-home/caches/modules-2/files-2.1/com.google.auto.value/auto-value-annotations/1.6.2/ed193d86e0af90cc2342aedbe73c5d86b03fa09b/auto-value-annotations-1.6.2.jar because:
  Build cache is disabled
  Caching not enabled.
Caching disabled for ExternalDependencyInstrumentingArtifactTransform: /root/projects/PassVault/audit-runtime-linux-android-release-action03/gradle-home/caches/9.7.1/transforms/8b7961da3a711d0e98172b2175bb82c3/transformed/merge/instrumentation-dependencies.bin because:
  Build cache is disabled
  Caching not enabled.
Caching disabled for ExternalDependencyInstrumentingArtifactTransform: /root/projects/PassVault/audit-runtime-linux-android-release-action03/gradle-home/caches/modules-2/files-2.1/com.google.auto.value/auto-value-annotations/1.6.2/ed193d86e0af90cc2342aedbe73c5d86b03fa09b/auto-value-annotations-1.6.2.jar because:
  Build cache is disabled
  Caching not enabled.
Caching disabled for MergeInstrumentationAnalysisTransform: /root/projects/PassVault/audit-runtime-linux-android-release-action03/gradle-home/caches/9.7.1/transforms/fda10334247ba28c692fe205cda12b2e/transformed/analysis/instrumentation-dependencies.bin because:
  Build cache is disabled
  Caching not enabled.
Caching disabled for MergeInstrumentationAnalysisTransform: /root/projects/PassVault/audit-runtime-linux-android-release-action03/gradle-home/caches/modules-2/files-2.1/com.google.errorprone/error_prone_annotations/2.36.0/227d4d4957ccc3dc5761bd897e3a0ee587e750a7/error_prone_annotations-2.36.0.jar because:
  Build cache is disabled
  Caching not enabled.
Caching disabled for ExternalDependencyInstrumentingArtifactTransform: /root/projects/PassVault/audit-runtime-linux-android-release-action03/gradle-home/caches/9.7.1/transforms/e6c8c9681f469a6867b03e0114f959ff/transformed/merge/instrumentation-dependencies.bin because:
  Build cache is disabled
  Caching not enabled.
Caching disabled for ExternalDependencyInstrumentingArtifactTransform: /root/projects/PassVault/audit-runtime-linux-android-release-action03/gradle-home/caches/modules-2/files-2.1/com.google.errorprone/error_prone_annotations/2.36.0/227d4d4957ccc3dc5761bd897e3a0ee587e750a7/error_prone_annotations-2.36.0.jar because:
  Build cache is disabled
  Caching not enabled.
Caching disabled for MergeInstrumentationAnalysisTransform: /root/projects/PassVault/audit-runtime-linux-android-release-action03/gradle-home/caches/9.7.1/transforms/d3f84dfac77982d0c3189c9678c95bf5/transformed/analysis/instrumentation-hierarchy.bin because:
  Build cache is disabled
  Caching not enabled.
Caching disabled for MergeInstrumentationAnalysisTransform: /root/projects/PassVault/audit-runtime-linux-android-release-action03/gradle-home/caches/9.7.1/transforms/d3f84dfac77982d0c3189c9678c95bf5/transformed/analysis/instrumentation-dependencies.bin because:
  Build cache is disabled
  Caching not enabled.
Caching disabled for MergeInstrumentationAnalysisTransform: /root/projects/PassVault/audit-runtime-linux-android-release-action03/gradle-home/caches/modules-2/files-2.1/org.bitbucket.b_c/jose4j/0.9.5/e4ca26802488e6f16e24558d74ac8775a955fdd3/jose4j-0.9.5.jar because:
  Build cache is disabled
  Caching not enabled.
Caching disabled for ExternalDependencyInstrumentingArtifactTransform: /root/projects/PassVault/audit-runtime-linux-android-release-action03/gradle-home/caches/9.7.1/transforms/d95680cd6a570c1c54eedfacded8d880/transformed/merge/instrumentation-dependencies.bin because:
  Build cache is disabled
  Caching not enabled.
Caching disabled for ExternalDependencyInstrumentingArtifactTransform: /root/projects/PassVault/audit-runtime-linux-android-release-action03/gradle-home/caches/modules-2/files-2.1/org.bitbucket.b_c/jose4j/0.9.5/e4ca26802488e6f16e24558d74ac8775a955fdd3/jose4j-0.9.5.jar because:
  Build cache is disabled
  Caching not enabled.
Caching disabled for MergeInstrumentationAnalysisTransform: /root/projects/PassVault/audit-runtime-linux-android-release-action03/gradle-home/caches/9.7.1/transforms/ed64cb312e97f8982bdd177cd5a1c91c/transformed/analysis/instrumentation-hierarchy.bin because:
  Build cache is disabled
  Caching not enabled.
Caching disabled for MergeInstrumentationAnalysisTransform: /root/projects/PassVault/audit-runtime-linux-android-release-action03/gradle-home/caches/9.7.1/transforms/ed64cb312e97f8982bdd177cd5a1c91c/transformed/analysis/instrumentation-dependencies.bin because:
  Build cache is disabled
  Caching not enabled.
Caching disabled for MergeInstrumentationAnalysisTransform: /root/projects/PassVault/audit-runtime-linux-android-release-action03/gradle-home/caches/modules-2/files-2.1/org.slf4j/slf4j-api/1.7.30/b5a4b6d16ab13e34a88fae84c35cd5d68cac922c/slf4j-api-1.7.30.jar because:
  Build cache is disabled
  Caching not enabled.
Caching disabled for ExternalDependencyInstrumentingArtifactTransform: /root/projects/PassVault/audit-runtime-linux-android-release-action03/gradle-home/caches/9.7.1/transforms/51d88b711ba4f3c13d2e5426b591608f/transformed/merge/instrumentation-dependencies.bin because:
  Build cache is disabled
  Caching not enabled.
Caching disabled for ExternalDependencyInstrumentingArtifactTransform: /root/projects/PassVault/audit-runtime-linux-android-release-action03/gradle-home/caches/modules-2/files-2.1/org.slf4j/slf4j-api/1.7.30/b5a4b6d16ab13e34a88fae84c35cd5d68cac922c/slf4j-api-1.7.30.jar because:
  Build cache is disabled
  Caching not enabled.
Caching disabled for MergeInstrumentationAnalysisTransform: /root/projects/PassVault/audit-runtime-linux-android-release-action03/gradle-home/caches/9.7.1/transforms/f4685bcdb7d9e4f703ad739725c03aa0/transformed/analysis/instrumentation-hierarchy.bin because:
  Build cache is disabled
  Caching not enabled.
Caching disabled for MergeInstrumentationAnalysisTransform: /root/projects/PassVault/audit-runtime-linux-android-release-action03/gradle-home/caches/9.7.1/transforms/f4685bcdb7d9e4f703ad739725c03aa0/transformed/analysis/instrumentation-dependencies.bin because:
  Build cache is disabled
  Caching not enabled.
Caching disabled for MergeInstrumentationAnalysisTransform: /root/projects/PassVault/audit-runtime-linux-android-release-action03/gradle-home/caches/modules-2/files-2.1/org.jdom/jdom2/2.0.6/6f14738ec2e9dd0011e343717fa624a10f8aab64/jdom2-2.0.6.jar because:
  Build cache is disabled
  Caching not enabled.
Caching disabled for ExternalDependencyInstrumentingArtifactTransform: /root/projects/PassVault/audit-runtime-linux-android-release-action03/gradle-home/caches/9.7.1/transforms/5e077f057919b67278d333758ed2fe78/transformed/merge/instrumentation-dependencies.bin because:
  Build cache is disabled
  Caching not enabled.
Caching disabled for ExternalDependencyInstrumentingArtifactTransform: /root/projects/PassVault/audit-runtime-linux-android-release-action03/gradle-home/caches/modules-2/files-2.1/org.jdom/jdom2/2.0.6/6f14738ec2e9dd0011e343717fa624a10f8aab64/jdom2-2.0.6.jar because:
  Build cache is disabled
  Caching not enabled.
Caching disabled for MergeInstrumentationAnalysisTransform: /root/projects/PassVault/audit-runtime-linux-android-release-action03/gradle-home/caches/9.7.1/transforms/9357dd5df4ffad234426bcec56e5a7e2/transformed/analysis/instrumentation-hierarchy.bin because:
  Build cache is disabled
  Caching not enabled.
Caching disabled for MergeInstrumentationAnalysisTransform: /root/projects/PassVault/audit-runtime-linux-android-release-action03/gradle-home/caches/9.7.1/transforms/9357dd5df4ffad234426bcec56e5a7e2/transformed/analysis/instrumentation-dependencies.bin because:
  Build cache is disabled
  Caching not enabled.
Caching disabled for MergeInstrumentationAnalysisTransform: /root/projects/PassVault/audit-runtime-linux-android-release-action03/gradle-home/caches/modules-2/files-2.1/com.google.code.findbugs/jsr305/3.0.2/25ea2e8b0c338a877313bd4672d3fe056ea78f0d/jsr305-3.0.2.jar because:
  Build cache is disabled
  Caching not enabled.
Caching disabled for ExternalDependencyInstrumentingArtifactTransform: /root/projects/PassVault/audit-runtime-linux-android-release-action03/gradle-home/caches/9.7.1/transforms/37369a77849638a8e0bed449a6703e38/transformed/merge/instrumentation-dependencies.bin because:
  Build cache is disabled
  Caching not enabled.
Caching disabled for ExternalDependencyInstrumentingArtifactTransform: /root/projects/PassVault/audit-runtime-linux-android-release-action03/gradle-home/caches/modules-2/files-2.1/com.google.code.findbugs/jsr305/3.0.2/25ea2e8b0c338a877313bd4672d3fe056ea78f0d/jsr305-3.0.2.jar because:
  Build cache is disabled
  Caching not enabled.
Caching disabled for MergeInstrumentationAnalysisTransform: /root/projects/PassVault/audit-runtime-linux-android-release-action03/gradle-home/caches/9.7.1/transforms/d42e2e1fc04df266a817a81badaf06aa/transformed/analysis/instrumentation-dependencies.bin because:
  Build cache is disabled
  Caching not enabled.
Caching disabled for MergeInstrumentationAnalysisTransform: /root/projects/PassVault/audit-runtime-linux-android-release-action03/gradle-home/caches/modules-2/files-2.1/com.google.j2objc/j2objc-annotations/3.0.0/7399e65dd7e9ff3404f4535b2f017093bdb134c7/j2objc-annotations-3.0.0.jar because:
  Build cache is disabled
  Caching not enabled.
Caching disabled for ExternalDependencyInstrumentingArtifactTransform: /root/projects/PassVault/audit-runtime-linux-android-release-action03/gradle-home/caches/9.7.1/transforms/5ac7b0284f2ee8e5af3999221284dc6e/transformed/merge/instrumentation-dependencies.bin because:
  Build cache is disabled
  Caching not enabled.
Caching disabled for ExternalDependencyInstrumentingArtifactTransform: /root/projects/PassVault/audit-runtime-linux-android-release-action03/gradle-home/caches/modules-2/files-2.1/com.google.j2objc/j2objc-annotations/3.0.0/7399e65dd7e9ff3404f4535b2f017093bdb134c7/j2objc-annotations-3.0.0.jar because:
  Build cache is disabled
  Caching not enabled.
Caching disabled for MergeInstrumentationAnalysisTransform: /root/projects/PassVault/audit-runtime-linux-android-release-action03/gradle-home/caches/9.7.1/transforms/fbb08e0a53a0a2bfc3d4d9d0b0f868d3/transformed/analysis/instrumentation-dependencies.bin because:
  Build cache is disabled
  Caching not enabled.
Caching disabled for MergeInstrumentationAnalysisTransform: /root/projects/PassVault/audit-runtime-linux-android-release-action03/gradle-home/caches/modules-2/files-2.1/org.checkerframework/checker-qual/3.43.0/9425eee39e56b116d2b998b7c2cebcbd11a3c98b/checker-qual-3.43.0.jar because:
  Build cache is disabled
  Caching not enabled.
Caching disabled for ExternalDependencyInstrumentingArtifactTransform: /root/projects/PassVault/audit-runtime-linux-android-release-action03/gradle-home/caches/9.7.1/transforms/e3270d33851941cceb6e93b3d56f6eaf/transformed/merge/instrumentation-dependencies.bin because:
  Build cache is disabled
  Caching not enabled.
Caching disabled for ExternalDependencyInstrumentingArtifactTransform: /root/projects/PassVault/audit-runtime-linux-android-release-action03/gradle-home/caches/modules-2/files-2.1/org.checkerframework/checker-qual/3.43.0/9425eee39e56b116d2b998b7c2cebcbd11a3c98b/checker-qual-3.43.0.jar because:
  Build cache is disabled
  Caching not enabled.
Caching disabled for MergeInstrumentationAnalysisTransform: /root/projects/PassVault/audit-runtime-linux-android-release-action03/gradle-home/caches/9.7.1/transforms/aacde1b5d23c6d549fe95d949804ac15/transformed/analysis/instrumentation-hierarchy.bin because:
  Build cache is disabled
  Caching not enabled.
Caching disabled for MergeInstrumentationAnalysisTransform: /root/projects/PassVault/audit-runtime-linux-android-release-action03/gradle-home/caches/9.7.1/transforms/aacde1b5d23c6d549fe95d949804ac15/transformed/analysis/instrumentation-dependencies.bin because:
  Build cache is disabled
  Caching not enabled.
Caching disabled for MergeInstrumentationAnalysisTransform: /root/projects/PassVault/audit-runtime-linux-android-release-action03/gradle-home/caches/modules-2/files-2.1/com.google.flatbuffers/flatbuffers-java/1.12.0/8201cc7b511177a37071249e891f2f2fea4b32e9/flatbuffers-java-1.12.0.jar because:
  Build cache is disabled
  Caching not enabled.
Caching disabled for ExternalDependencyInstrumentingArtifactTransform: /root/projects/PassVault/audit-runtime-linux-android-release-action03/gradle-home/caches/9.7.1/transforms/acaed3bdc5d534de7d516efbf9fa998d/transformed/merge/instrumentation-dependencies.bin because:
  Build cache is disabled
  Caching not enabled.
Caching disabled for ExternalDependencyInstrumentingArtifactTransform: /root/projects/PassVault/audit-runtime-linux-android-release-action03/gradle-home/caches/modules-2/files-2.1/com.google.flatbuffers/flatbuffers-java/1.12.0/8201cc7b511177a37071249e891f2f2fea4b32e9/flatbuffers-java-1.12.0.jar because:
  Build cache is disabled
  Caching not enabled.
Caching disabled for MergeInstrumentationAnalysisTransform: /root/projects/PassVault/audit-runtime-linux-android-release-action03/gradle-home/caches/9.7.1/transforms/517123a72d2ceab0c1b4cb80ddc3b76c/transformed/analysis/instrumentation-hierarchy.bin because:
  Build cache is disabled
  Caching not enabled.
Caching disabled for MergeInstrumentationAnalysisTransform: /root/projects/PassVault/audit-runtime-linux-android-release-action03/gradle-home/caches/9.7.1/transforms/517123a72d2ceab0c1b4cb80ddc3b76c/transformed/analysis/instrumentation-dependencies.bin because:
  Build cache is disabled
  Caching not enabled.
Caching disabled for MergeInstrumentationAnalysisTransform: /root/projects/PassVault/audit-runtime-linux-android-release-action03/gradle-home/caches/modules-2/files-2.1/com.android.tools.build/apksig/9.4.0/4b5fb2950c949258167c18b868e66d7a6f49ec3a/apksig-9.4.0.jar because:
  Build cache is disabled
  Caching not enabled.
Caching disabled for ExternalDependencyInstrumentingArtifactTransform: /root/projects/PassVault/audit-runtime-linux-android-release-action03/gradle-home/caches/9.7.1/transforms/df3da54f9cec1c8a342b449ca30a736a/transformed/merge/instrumentation-dependencies.bin because:
  Build cache is disabled
  Caching not enabled.
Caching disabled for ExternalDependencyInstrumentingArtifactTransform: /root/projects/PassVault/audit-runtime-linux-android-release-action03/gradle-home/caches/modules-2/files-2.1/com.android.tools.build/apksig/9.4.0/4b5fb2950c949258167c18b868e66d7a6f49ec3a/apksig-9.4.0.jar because:
  Build cache is disabled
  Caching not enabled.
Caching disabled for MergeInstrumentationAnalysisTransform: /root/projects/PassVault/audit-runtime-linux-android-release-action03/gradle-home/caches/9.7.1/transforms/3e5df928086fe09743bcaaa1177e9ef4/transformed/analysis/instrumentation-hierarchy.bin because:
  Build cache is disabled
  Caching not enabled.
Caching disabled for MergeInstrumentationAnalysisTransform: /root/projects/PassVault/audit-runtime-linux-android-release-action03/gradle-home/caches/9.7.1/transforms/3e5df928086fe09743bcaaa1177e9ef4/transformed/analysis/instrumentation-dependencies.bin because:
  Build cache is disabled
  Caching not enabled.
Caching disabled for MergeInstrumentationAnalysisTransform: /root/projects/PassVault/audit-runtime-linux-android-release-action03/gradle-home/caches/modules-2/files-2.1/com.squareup/javawriter/2.5.0/81241ff7078ef14f42ea2a8995fa09c096256e6b/javawriter-2.5.0.jar because:
  Build cache is disabled
  Caching not enabled.
Caching disabled for ExternalDependencyInstrumentingArtifactTransform: /root/projects/PassVault/audit-runtime-linux-android-release-action03/gradle-home/caches/9.7.1/transforms/771ec1c8f98cf3f59ba61cf3db1b82d6/transformed/merge/instrumentation-dependencies.bin because:
  Build cache is disabled
  Caching not enabled.
Caching disabled for ExternalDependencyInstrumentingArtifactTransform: /root/projects/PassVault/audit-runtime-linux-android-release-action03/gradle-home/caches/modules-2/files-2.1/com.squareup/javawriter/2.5.0/81241ff7078ef14f42ea2a8995fa09c096256e6b/javawriter-2.5.0.jar because:
  Build cache is disabled
  Caching not enabled.
Caching disabled for MergeInstrumentationAnalysisTransform: /root/projects/PassVault/audit-runtime-linux-android-release-action03/gradle-home/caches/9.7.1/transforms/3291fd13fbf197eb24008368798b5b3b/transformed/analysis/instrumentation-dependencies.bin because:
  Build cache is disabled
  Caching not enabled.
Caching disabled for MergeInstrumentationAnalysisTransform: /root/projects/PassVault/audit-runtime-linux-android-release-action03/gradle-home/caches/modules-2/files-2.1/com.google.guava/failureaccess/1.0.2/c4a06a64e650562f30b7bf9aaec1bfed43aca12b/failureaccess-1.0.2.jar because:
  Build cache is disabled
  Caching not enabled.
Caching disabled for ExternalDependencyInstrumentingArtifactTransform: /root/projects/PassVault/audit-runtime-linux-android-release-action03/gradle-home/caches/9.7.1/transforms/f79df8df205458ab4ae00e237bfe1db5/transformed/merge/instrumentation-dependencies.bin because:
  Build cache is disabled
  Caching not enabled.
Caching disabled for ExternalDependencyInstrumentingArtifactTransform: /root/projects/PassVault/audit-runtime-linux-android-release-action03/gradle-home/caches/modules-2/files-2.1/com.google.guava/failureaccess/1.0.2/c4a06a64e650562f30b7bf9aaec1bfed43aca12b/failureaccess-1.0.2.jar because:
  Build cache is disabled
  Caching not enabled.
Caching disabled for MergeInstrumentationAnalysisTransform: /root/projects/PassVault/audit-runtime-linux-android-release-action03/gradle-home/caches/9.7.1/transforms/a426ee8af50d95148e204101d0590264/transformed/analysis/instrumentation-dependencies.bin because:
  Build cache is disabled
  Caching not enabled.
Caching disabled for MergeInstrumentationAnalysisTransform: /root/projects/PassVault/audit-runtime-linux-android-release-action03/gradle-home/caches/modules-2/files-2.1/com.google.guava/listenablefuture/9999.0-empty-to-avoid-conflict-with-guava/b421526c5f297295adef1c886e5246c39d4ac629/listenablefuture-9999.0-empty-to-avoid-conflict-with-guava.jar because:
  Build cache is disabled
  Caching not enabled.
Caching disabled for ExternalDependencyInstrumentingArtifactTransform: /root/projects/PassVault/audit-runtime-linux-android-release-action03/gradle-home/caches/9.7.1/transforms/81d6d371d8d1e4d19e65ab6927e45575/transformed/merge/instrumentation-dependencies.bin because:
  Build cache is disabled
  Caching not enabled.
Caching disabled for ExternalDependencyInstrumentingArtifactTransform: /root/projects/PassVault/audit-runtime-linux-android-release-action03/gradle-home/caches/modules-2/files-2.1/com.google.guava/listenablefuture/9999.0-empty-to-avoid-conflict-with-guava/b421526c5f297295adef1c886e5246c39d4ac629/listenablefuture-9999.0-empty-to-avoid-conflict-with-guava.jar because:
  Build cache is disabled
  Caching not enabled.
Caching disabled for MergeInstrumentationAnalysisTransform: /root/projects/PassVault/audit-runtime-linux-android-release-action03/gradle-home/caches/9.7.1/transforms/39b1542f181b86eba995bb7763f1524f/transformed/analysis/instrumentation-hierarchy.bin because:
  Build cache is disabled
  Caching not enabled.
Caching disabled for MergeInstrumentationAnalysisTransform: /root/projects/PassVault/audit-runtime-linux-android-release-action03/gradle-home/caches/9.7.1/transforms/39b1542f181b86eba995bb7763f1524f/transformed/analysis/instrumentation-dependencies.bin because:
  Build cache is disabled
  Caching not enabled.
Caching disabled for MergeInstrumentationAnalysisTransform: /root/projects/PassVault/audit-runtime-linux-android-release-action03/gradle-home/caches/modules-2/files-2.1/commons-codec/commons-codec/1.17.1/973638b7149d333563584137ebf13a691bb60579/commons-codec-1.17.1.jar because:
  Build cache is disabled
  Caching not enabled.
Caching disabled for ExternalDependencyInstrumentingArtifactTransform: /root/projects/PassVault/audit-runtime-linux-android-release-action03/gradle-home/caches/9.7.1/transforms/2ae78a9bc06e55d94d6cdfef23e9d267/transformed/merge/instrumentation-dependencies.bin because:
  Build cache is disabled
  Caching not enabled.
Caching disabled for ExternalDependencyInstrumentingArtifactTransform: /root/projects/PassVault/audit-runtime-linux-android-release-action03/gradle-home/caches/modules-2/files-2.1/commons-codec/commons-codec/1.17.1/973638b7149d333563584137ebf13a691bb60579/commons-codec-1.17.1.jar because:
  Build cache is disabled
  Caching not enabled.
Caching disabled for MergeInstrumentationAnalysisTransform: /root/projects/PassVault/audit-runtime-linux-android-release-action03/gradle-home/caches/9.7.1/transforms/09b11410174e4f99f582724a2bbeb2a7/transformed/analysis/instrumentation-hierarchy.bin because:
  Build cache is disabled
  Caching not enabled.
Caching disabled for MergeInstrumentationAnalysisTransform: /root/projects/PassVault/audit-runtime-linux-android-release-action03/gradle-home/caches/9.7.1/transforms/09b11410174e4f99f582724a2bbeb2a7/transformed/analysis/instrumentation-dependencies.bin because:
  Build cache is disabled
  Caching not enabled.
Caching disabled for MergeInstrumentationAnalysisTransform: /root/projects/PassVault/audit-runtime-linux-android-release-action03/gradle-home/caches/modules-2/files-2.1/org.apache.commons/commons-lang3/3.16.0/3eb54effe40946dfb06dc5cd6c7ce4116cd51ea4/commons-lang3-3.16.0.jar because:
  Build cache is disabled
  Caching not enabled.
Caching disabled for ExternalDependencyInstrumentingArtifactTransform: /root/projects/PassVault/audit-runtime-linux-android-release-action03/gradle-home/caches/9.7.1/transforms/de59a6f490f8abaf58c5ff6b7f8d71a4/transformed/merge/instrumentation-dependencies.bin because:
  Build cache is disabled
  Caching not enabled.
Caching disabled for ExternalDependencyInstrumentingArtifactTransform: /root/projects/PassVault/audit-runtime-linux-android-release-action03/gradle-home/caches/modules-2/files-2.1/org.apache.commons/commons-lang3/3.16.0/3eb54effe40946dfb06dc5cd6c7ce4116cd51ea4/commons-lang3-3.16.0.jar because:
  Build cache is disabled
  Caching not enabled.
Caching disabled for MergeInstrumentationAnalysisTransform: /root/projects/PassVault/audit-runtime-linux-android-release-action03/gradle-home/caches/9.7.1/transforms/723be355e9161e2e88be628f9ad8b527/transformed/analysis/instrumentation-hierarchy.bin because:
  Build cache is disabled
  Caching not enabled.
Caching disabled for MergeInstrumentationAnalysisTransform: /root/projects/PassVault/audit-runtime-linux-android-release-action03/gradle-home/caches/9.7.1/transforms/723be355e9161e2e88be628f9ad8b527/transformed/analysis/instrumentation-dependencies.bin because:
  Build cache is disabled
  Caching not enabled.
Caching disabled for MergeInstrumentationAnalysisTransform: /root/projects/PassVault/audit-runtime-linux-android-release-action03/gradle-home/caches/modules-2/files-2.1/commons-logging/commons-logging/1.2/4bfc12adfe4842bf07b657f0369c4cb522955686/commons-logging-1.2.jar because:
  Build cache is disabled
  Caching not enabled.
Caching disabled for ExternalDependencyInstrumentingArtifactTransform: /root/projects/PassVault/audit-runtime-linux-android-release-action03/gradle-home/caches/9.7.1/transforms/c1dcfa8e55df364a31d95445d036f816/transformed/merge/instrumentation-dependencies.bin because:
  Build cache is disabled
  Caching not enabled.
Caching disabled for ExternalDependencyInstrumentingArtifactTransform: /root/projects/PassVault/audit-runtime-linux-android-release-action03/gradle-home/caches/modules-2/files-2.1/commons-logging/commons-logging/1.2/4bfc12adfe4842bf07b657f0369c4cb522955686/commons-logging-1.2.jar because:
  Build cache is disabled
  Caching not enabled.
Caching disabled for MergeInstrumentationAnalysisTransform: /root/projects/PassVault/audit-runtime-linux-android-release-action03/gradle-home/caches/9.7.1/transforms/107a90d5038e7ca46c15e2d3de0f57a5/transformed/analysis/instrumentation-hierarchy.bin because:
  Build cache is disabled
  Caching not enabled.
Caching disabled for MergeInstrumentationAnalysisTransform: /root/projects/PassVault/audit-runtime-linux-android-release-action03/gradle-home/caches/9.7.1/transforms/107a90d5038e7ca46c15e2d3de0f57a5/transformed/analysis/instrumentation-dependencies.bin because:
  Build cache is disabled
  Caching not enabled.
Caching disabled for MergeInstrumentationAnalysisTransform: /root/projects/PassVault/audit-runtime-linux-android-release-action03/gradle-home/caches/modules-2/files-2.1/net.java.dev.jna/jna/5.6.0/330f2244e9030119ab3030fc3fededc86713d9cc/jna-5.6.0.jar because:
  Build cache is disabled
  Caching not enabled.
Caching disabled for ExternalDependencyInstrumentingArtifactTransform: /root/projects/PassVault/audit-runtime-linux-android-release-action03/gradle-home/caches/9.7.1/transforms/0b498f95e00a76157023db6ab9f07cc9/transformed/merge/instrumentation-dependencies.bin because:
  Build cache is disabled
  Caching not enabled.
Caching disabled for ExternalDependencyInstrumentingArtifactTransform: /root/projects/PassVault/audit-runtime-linux-android-release-action03/gradle-home/caches/modules-2/files-2.1/net.java.dev.jna/jna/5.6.0/330f2244e9030119ab3030fc3fededc86713d9cc/jna-5.6.0.jar because:
  Build cache is disabled
  Caching not enabled.
Caching disabled for Kotlin DSL accessors for root project 'passvault' because:
  Build cache is disabled
  Build caching of Kotlin script accessor generation disabled by property
Caching disabled for Kotlin DSL script compilation (Project/TopLevel/stage2) because:
  Build cache is disabled

> Configure project :app-android
Evaluating project ':app-android' using build file '/root/projects/PassVault/audit-runtime-linux-android-release-action03/checkout/app-android/build.gradle.kts'.
Caching disabled for Kotlin DSL script compilation (Project/TopLevel/stage1) because:
  Build cache is disabled
Resolved plugin [id: 'com.android.application', version: '9.4.0']
Resolved plugin [id: 'org.jetbrains.compose', version: '1.11.1']
Resolved plugin [id: 'org.jetbrains.kotlin.plugin.compose', version: '2.4.10']
Build 138ae600-117d-4b1d-9e98-41efd45df0fa is started
Using default execution profile
Caching disabled for Kotlin DSL accessors for project ':app-android' because:
  Build cache is disabled
  Build caching of Kotlin script accessor generation disabled by property
Caching disabled for Kotlin DSL script compilation (Project/TopLevel/stage2) because:
  Build cache is disabled
Detected Android Gradle Plugin compose compiler configuration
Detected Android Gradle Plugin compose compiler configuration
Detected Android Gradle Plugin compose compiler configuration
Detected Android Gradle Plugin compose compiler configuration
Detected Android Gradle Plugin compose compiler configuration

> Configure project :app-desktop
Evaluating project ':app-desktop' using build file '/root/projects/PassVault/audit-runtime-linux-android-release-action03/checkout/app-desktop/build.gradle.kts'.
Caching disabled for Kotlin DSL script compilation (Project/TopLevel/stage1) because:
  Build cache is disabled
Resolved plugin [id: 'org.jetbrains.kotlin.multiplatform', version: '2.4.10']
Resolved plugin [id: 'org.jetbrains.compose', version: '1.11.1']
Resolved plugin [id: 'org.jetbrains.kotlin.plugin.compose', version: '2.4.10']
Using Kotlin Gradle Plugin gradle813 variant
Configure multi-module compose resources
Configure compose resources generation
Configure Res object generation for commonMain
Configure resource accessors generation for commonMain
Configure resource accessors generation for commonTest
Configure expect resource collectors generation for commonMain
Caching disabled for Kotlin DSL accessors for project ':app-desktop' because:
  Build cache is disabled
  Build caching of Kotlin script accessor generation disabled by property
Caching disabled for Kotlin DSL script compilation (Project/TopLevel/stage2) because:
  Build cache is disabled
Configure resource accessors generation for desktopMain
kotlin scripting plugin: created the scripting discovery configuration: kotlinScriptDef
Configure resource accessors generation for desktopTest
kotlin scripting plugin: created the scripting discovery configuration: testKotlinScriptDef
Configure actual resource collectors generation for desktopMain
Configure main resources for 'desktop' target
Configure test resources for 'desktop' target
Check that new 'org.jetbrains.kotlin.plugin.compose' was applied
Configure resource accessors generation for desktopDev
kotlin scripting plugin: created the scripting discovery configuration: devKotlinScriptDef
Configure dev resources for 'desktop' target

> Configure project :core
Evaluating project ':core' using build file '/root/projects/PassVault/audit-runtime-linux-android-release-action03/checkout/core/build.gradle'.

> Configure project :feature
Evaluating project ':feature' using build file '/root/projects/PassVault/audit-runtime-linux-android-release-action03/checkout/feature/build.gradle'.

> Configure project :shared
Evaluating project ':shared' using build file '/root/projects/PassVault/audit-runtime-linux-android-release-action03/checkout/shared/build.gradle.kts'.
Caching disabled for Kotlin DSL script compilation (Project/TopLevel/stage1) because:
  Build cache is disabled
Resolved plugin [id: 'org.jetbrains.kotlin.multiplatform', version: '2.4.10']
Resolved plugin [id: 'com.android.kotlin.multiplatform.library', version: '9.4.0']
Resolved plugin [id: 'org.jetbrains.compose', version: '1.11.1']
Resolved plugin [id: 'org.jetbrains.kotlin.plugin.compose', version: '2.4.10']
Using Kotlin Gradle Plugin gradle813 variant
Created androidJvm target
kotlin scripting plugin: created the scripting discovery configuration: kotlinScriptDef
Created compile task: compileAndroidMain
Using default execution profile
Configure multi-module compose resources
Configure compose resources generation
Configure resource accessors generation for androidMain
Configure Res object generation for commonMain
Configure resource accessors generation for commonMain
Configure resource accessors generation for commonTest
Configure expect resource collectors generation for commonMain
Configure actual resource collectors generation for androidMain
Configure compose resources with KotlinMultiplatformAndroidComponentsExtension
Caching disabled for Kotlin DSL accessors for project ':shared' because:
  Build cache is disabled
  Build caching of Kotlin script accessor generation disabled by property
Caching disabled for Kotlin DSL script compilation (Project/TopLevel/stage2) because:
  Build cache is disabled
Configure resource accessors generation for androidHostTest
kotlin scripting plugin: created the scripting discovery configuration: hostTestKotlinScriptDef
Created compile task: compileAndroidHostTest
Configure resource accessors generation for desktopMain
kotlin scripting plugin: created the scripting discovery configuration: kotlinScriptDef
Configure resource accessors generation for desktopTest
kotlin scripting plugin: created the scripting discovery configuration: testKotlinScriptDef
Configure actual resource collectors generation for desktopMain
Configure main resources for 'desktop' target
Configure test resources for 'desktop' target
Configure resource accessors generation for iosArm64Main
Configure resource accessors generation for iosArm64Test
Configure actual resource collectors generation for iosArm64Main
Configure main resources for 'iosArm64' target
Configure KMP component publication for 'iosArm64'
Collect resolved main resources for 'iosArm64'
Configure test resources for 'iosArm64' target
Configure resource accessors generation for iosSimulatorArm64Main
Configure resource accessors generation for iosSimulatorArm64Test
Configure actual resource collectors generation for iosSimulatorArm64Main
Configure main resources for 'iosSimulatorArm64' target
Configure KMP component publication for 'iosSimulatorArm64'
Collect resolved main resources for 'iosSimulatorArm64'
Configure test resources for 'iosSimulatorArm64' target
compileSdkVersion=android-37.0
Configure androidMain resources for 'android' target
Check that new 'org.jetbrains.kotlin.plugin.compose' was applied
Configure resource accessors generation for desktopDev
kotlin scripting plugin: created the scripting discovery configuration: devKotlinScriptDef
Configure dev resources for 'desktop' target
Configure resource accessors generation for nativeMain
Configure resource accessors generation for appleMain
Configure resource accessors generation for iosMain
Configure resource accessors generation for nativeTest
Configure resource accessors generation for appleTest
Configure resource accessors generation for iosTest
w: ⚠️ Native task 'iosSimulatorArm64Test' is disabled
Task 'iosSimulatorArm64Test' for target 'ios_simulator_arm64' cannot run on the current host (linux-x86_64).
Reason: simulator tests require macOS
Solution: To suppress this warning, add 'kotlin.native.ignoreDisabledTargets=true' to gradle.properties.


> Configure project :core:crypto
Evaluating project ':core:crypto' using build file '/root/projects/PassVault/audit-runtime-linux-android-release-action03/checkout/core/crypto/build.gradle.kts'.
Caching disabled for Kotlin DSL script compilation (Project/TopLevel/stage1) because:
  Build cache is disabled
Resolved plugin [id: 'org.jetbrains.kotlin.multiplatform', version: '2.4.10']
Resolved plugin [id: 'com.android.kotlin.multiplatform.library', version: '9.4.0']
Using Kotlin Gradle Plugin gradle813 variant
Created androidJvm target
kotlin scripting plugin: created the scripting discovery configuration: kotlinScriptDef
Created compile task: compileAndroidMain
Using default execution profile
Caching disabled for Kotlin DSL accessors for project ':core:crypto' because:
  Build cache is disabled
  Build caching of Kotlin script accessor generation disabled by property
Caching disabled for Kotlin DSL script compilation (Project/TopLevel/stage2) because:
  Build cache is disabled
kotlin scripting plugin: created the scripting discovery configuration: hostTestKotlinScriptDef
Created compile task: compileAndroidHostTest
kotlin scripting plugin: created the scripting discovery configuration: deviceTestKotlinScriptDef
Created compile task: compileAndroidDeviceTest
kotlin scripting plugin: created the scripting discovery configuration: kotlinScriptDef
kotlin scripting plugin: created the scripting discovery configuration: testKotlinScriptDef
compileSdkVersion=android-37.0
w: ⚠️ Cross Compilation with Cinterop Not Supported in Project 'crypto'
In project 'crypto', cross compilation to target 'iosArm64' has been disabled because it contains cinterops: 'rawSodium' which cannot be processed on host 'linux_x64'.
Cinterop libraries require platform-specific native toolchains that aren't available on the current host system.
Solutions:
 * Remove the cinterop dependencies 'rawSodium' from target 'iosArm64'
 * Build on a compatible host platform for this target/cinterop combination
 * To disable klib cross compilation entirely, add 'kotlin.native.enableKlibsCrossCompilation=false' to your Gradle properties

w: ⚠️ Cross Compilation with Cinterop Not Supported in Project 'crypto'
In project 'crypto', cross compilation to target 'iosSimulatorArm64' has been disabled because it contains cinterops: 'rawSodium' which cannot be processed on host 'linux_x64'.
Cinterop libraries require platform-specific native toolchains that aren't available on the current host system.
Solutions:
 * Remove the cinterop dependencies 'rawSodium' from target 'iosSimulatorArm64'
 * Build on a compatible host platform for this target/cinterop combination
 * To disable klib cross compilation entirely, add 'kotlin.native.enableKlibsCrossCompilation=false' to your Gradle properties

w: ⚠️ Disabled Kotlin/Native Targets
The following Kotlin/Native targets cannot be built on this machine and are disabled:
iosArm64, iosSimulatorArm64
Solution: To hide this message, add 'kotlin.native.ignoreDisabledTargets=true' to the Gradle properties.


> Configure project :core:database
Evaluating project ':core:database' using build file '/root/projects/PassVault/audit-runtime-linux-android-release-action03/checkout/core/database/build.gradle.kts'.
Caching disabled for Kotlin DSL script compilation (Project/TopLevel/stage1) because:
  Build cache is disabled
Resolved plugin [id: 'org.jetbrains.kotlin.multiplatform', version: '2.4.10']
Resolved plugin [id: 'com.android.kotlin.multiplatform.library', version: '9.4.0']
Resolved plugin [id: 'org.jetbrains.kotlin.plugin.serialization', version: '2.4.10']
Resolved plugin [id: 'com.google.devtools.ksp', version: '2.3.10']
Resolved plugin [id: 'androidx.room', version: '2.8.4']
Using Kotlin Gradle Plugin gradle813 variant
Created androidJvm target
kotlin scripting plugin: created the scripting discovery configuration: kotlinScriptDef
Created compile task: compileAndroidMain
Using default execution profile
Caching disabled for Kotlin DSL accessors for project ':core:database' because:
  Build cache is disabled
  Build caching of Kotlin script accessor generation disabled by property
Caching disabled for Kotlin DSL script compilation (Project/TopLevel/stage2) because:
  Build cache is disabled
kotlin scripting plugin: created the scripting discovery configuration: hostTestKotlinScriptDef
Created compile task: compileAndroidHostTest
kotlin scripting plugin: created the scripting discovery configuration: kotlinScriptDef
kotlin scripting plugin: created the scripting discovery configuration: testKotlinScriptDef
compileSdkVersion=android-37.0

> Configure project :core:designsystem
Evaluating project ':core:designsystem' using build file '/root/projects/PassVault/audit-runtime-linux-android-release-action03/checkout/core/designsystem/build.gradle.kts'.
Caching disabled for Kotlin DSL script compilation (Project/TopLevel/stage1) because:
  Build cache is disabled
Resolved plugin [id: 'org.jetbrains.kotlin.multiplatform', version: '2.4.10']
Resolved plugin [id: 'com.android.kotlin.multiplatform.library', version: '9.4.0']
Resolved plugin [id: 'org.jetbrains.compose', version: '1.11.1']
Resolved plugin [id: 'org.jetbrains.kotlin.plugin.compose', version: '2.4.10']
Using Kotlin Gradle Plugin gradle813 variant
Created androidJvm target
kotlin scripting plugin: created the scripting discovery configuration: kotlinScriptDef
Created compile task: compileAndroidMain
Using default execution profile
Configure multi-module compose resources
Configure compose resources generation
Configure resource accessors generation for androidMain
Configure Res object generation for commonMain
Configure resource accessors generation for commonMain
Configure resource accessors generation for commonTest
Configure expect resource collectors generation for commonMain
Configure actual resource collectors generation for androidMain
Configure compose resources with KotlinMultiplatformAndroidComponentsExtension
Caching disabled for Kotlin DSL script compilation (Project/TopLevel/stage2) because:
  Build cache is disabled
Configure resource accessors generation for androidHostTest
kotlin scripting plugin: created the scripting discovery configuration: hostTestKotlinScriptDef
Created compile task: compileAndroidHostTest
Configure resource accessors generation for desktopMain
kotlin scripting plugin: created the scripting discovery configuration: kotlinScriptDef
Configure resource accessors generation for desktopTest
kotlin scripting plugin: created the scripting discovery configuration: testKotlinScriptDef
Configure actual resource collectors generation for desktopMain
Configure main resources for 'desktop' target
Configure test resources for 'desktop' target
Configure resource accessors generation for iosArm64Main
Configure resource accessors generation for iosArm64Test
Configure actual resource collectors generation for iosArm64Main
Configure main resources for 'iosArm64' target
Configure KMP component publication for 'iosArm64'
Collect resolved main resources for 'iosArm64'
Configure test resources for 'iosArm64' target
Configure resource accessors generation for iosSimulatorArm64Main
Configure resource accessors generation for iosSimulatorArm64Test
Configure actual resource collectors generation for iosSimulatorArm64Main
Configure main resources for 'iosSimulatorArm64' target
Configure KMP component publication for 'iosSimulatorArm64'
Collect resolved main resources for 'iosSimulatorArm64'
Configure test resources for 'iosSimulatorArm64' target
compileSdkVersion=android-37.0
Configure androidMain resources for 'android' target
Check that new 'org.jetbrains.kotlin.plugin.compose' was applied
Configure resource accessors generation for desktopDev
kotlin scripting plugin: created the scripting discovery configuration: devKotlinScriptDef
Configure dev resources for 'desktop' target
Configure resource accessors generation for nativeMain
Configure resource accessors generation for appleMain
Configure resource accessors generation for iosMain
Configure resource accessors generation for nativeTest
Configure resource accessors generation for appleTest
Configure resource accessors generation for iosTest

> Configure project :core:domain
Evaluating project ':core:domain' using build file '/root/projects/PassVault/audit-runtime-linux-android-release-action03/checkout/core/domain/build.gradle.kts'.
Caching disabled for Kotlin DSL script compilation (Project/TopLevel/stage1) because:
  Build cache is disabled
Resolved plugin [id: 'org.jetbrains.kotlin.multiplatform', version: '2.4.10']
Resolved plugin [id: 'com.android.kotlin.multiplatform.library', version: '9.4.0']
Resolved plugin [id: 'org.jetbrains.kotlin.plugin.serialization', version: '2.4.10']
Using Kotlin Gradle Plugin gradle813 variant
Created androidJvm target
kotlin scripting plugin: created the scripting discovery configuration: kotlinScriptDef
Created compile task: compileAndroidMain
Using default execution profile
Caching disabled for Kotlin DSL script compilation (Project/TopLevel/stage2) because:
  Build cache is disabled
kotlin scripting plugin: created the scripting discovery configuration: hostTestKotlinScriptDef
Created compile task: compileAndroidHostTest
kotlin scripting plugin: created the scripting discovery configuration: kotlinScriptDef
kotlin scripting plugin: created the scripting discovery configuration: testKotlinScriptDef
compileSdkVersion=android-37.0

> Configure project :core:navigation
Evaluating project ':core:navigation' using build file '/root/projects/PassVault/audit-runtime-linux-android-release-action03/checkout/core/navigation/build.gradle.kts'.
Caching disabled for Kotlin DSL script compilation (Project/TopLevel/stage1) because:
  Build cache is disabled
Resolved plugin [id: 'org.jetbrains.kotlin.multiplatform', version: '2.4.10']
Resolved plugin [id: 'com.android.kotlin.multiplatform.library', version: '9.4.0']
Resolved plugin [id: 'org.jetbrains.kotlin.plugin.serialization', version: '2.4.10']
Using Kotlin Gradle Plugin gradle813 variant
Created androidJvm target
kotlin scripting plugin: created the scripting discovery configuration: kotlinScriptDef
Created compile task: compileAndroidMain
Using default execution profile
Caching disabled for Kotlin DSL script compilation (Project/TopLevel/stage2) because:
  Build cache is disabled
kotlin scripting plugin: created the scripting discovery configuration: hostTestKotlinScriptDef
Created compile task: compileAndroidHostTest
kotlin scripting plugin: created the scripting discovery configuration: kotlinScriptDef
kotlin scripting plugin: created the scripting discovery configuration: testKotlinScriptDef
compileSdkVersion=android-37.0

> Configure project :core:otp
Evaluating project ':core:otp' using build file '/root/projects/PassVault/audit-runtime-linux-android-release-action03/checkout/core/otp/build.gradle.kts'.
Caching disabled for Kotlin DSL script compilation (Project/TopLevel/stage1) because:
  Build cache is disabled
Resolved plugin [id: 'org.jetbrains.kotlin.multiplatform', version: '2.4.10']
Resolved plugin [id: 'com.android.kotlin.multiplatform.library', version: '9.4.0']
Using Kotlin Gradle Plugin gradle813 variant
Created androidJvm target
kotlin scripting plugin: created the scripting discovery configuration: kotlinScriptDef
Created compile task: compileAndroidMain
Using default execution profile
Caching disabled for Kotlin DSL script compilation (Project/TopLevel/stage2) because:
  Build cache is disabled
kotlin scripting plugin: created the scripting discovery configuration: hostTestKotlinScriptDef
Created compile task: compileAndroidHostTest
kotlin scripting plugin: created the scripting discovery configuration: kotlinScriptDef
kotlin scripting plugin: created the scripting discovery configuration: testKotlinScriptDef
compileSdkVersion=android-37.0

> Configure project :core:security
Evaluating project ':core:security' using build file '/root/projects/PassVault/audit-runtime-linux-android-release-action03/checkout/core/security/build.gradle.kts'.
Caching disabled for Kotlin DSL script compilation (Project/TopLevel/stage1) because:
  Build cache is disabled
Resolved plugin [id: 'org.jetbrains.kotlin.multiplatform', version: '2.4.10']
Resolved plugin [id: 'com.android.kotlin.multiplatform.library', version: '9.4.0']
Using Kotlin Gradle Plugin gradle813 variant
Created androidJvm target
kotlin scripting plugin: created the scripting discovery configuration: kotlinScriptDef
Created compile task: compileAndroidMain
Using default execution profile
Caching disabled for Kotlin DSL script compilation (Project/TopLevel/stage2) because:
  Build cache is disabled
kotlin scripting plugin: created the scripting discovery configuration: hostTestKotlinScriptDef
Created compile task: compileAndroidHostTest
kotlin scripting plugin: created the scripting discovery configuration: kotlinScriptDef
kotlin scripting plugin: created the scripting discovery configuration: testKotlinScriptDef
compileSdkVersion=android-37.0

> Configure project :core:testing
Evaluating project ':core:testing' using build file '/root/projects/PassVault/audit-runtime-linux-android-release-action03/checkout/core/testing/build.gradle.kts'.
Caching disabled for Kotlin DSL script compilation (Project/TopLevel/stage1) because:
  Build cache is disabled
Resolved plugin [id: 'org.jetbrains.kotlin.multiplatform', version: '2.4.10']
Resolved plugin [id: 'com.android.kotlin.multiplatform.library', version: '9.4.0']
Using Kotlin Gradle Plugin gradle813 variant
Created androidJvm target
kotlin scripting plugin: created the scripting discovery configuration: kotlinScriptDef
Created compile task: compileAndroidMain
Using default execution profile
Caching disabled for Kotlin DSL script compilation (Project/TopLevel/stage2) because:
  Build cache is disabled
kotlin scripting plugin: created the scripting discovery configuration: hostTestKotlinScriptDef
Created compile task: compileAndroidHostTest
kotlin scripting plugin: created the scripting discovery configuration: kotlinScriptDef
kotlin scripting plugin: created the scripting discovery configuration: testKotlinScriptDef
compileSdkVersion=android-37.0

> Configure project :feature:backup
Evaluating project ':feature:backup' using build file '/root/projects/PassVault/audit-runtime-linux-android-release-action03/checkout/feature/backup/build.gradle.kts'.
Caching disabled for Kotlin DSL script compilation (Project/TopLevel/stage1) because:
  Build cache is disabled
Resolved plugin [id: 'org.jetbrains.kotlin.multiplatform', version: '2.4.10']
Resolved plugin [id: 'com.android.kotlin.multiplatform.library', version: '9.4.0']
Resolved plugin [id: 'org.jetbrains.compose', version: '1.11.1']
Resolved plugin [id: 'org.jetbrains.kotlin.plugin.compose', version: '2.4.10']
Using Kotlin Gradle Plugin gradle813 variant
Created androidJvm target
kotlin scripting plugin: created the scripting discovery configuration: kotlinScriptDef
Created compile task: compileAndroidMain
Using default execution profile
Configure multi-module compose resources
Configure compose resources generation
Configure resource accessors generation for androidMain
Configure Res object generation for commonMain
Configure resource accessors generation for commonMain
Configure resource accessors generation for commonTest
Configure expect resource collectors generation for commonMain
Configure actual resource collectors generation for androidMain
Configure compose resources with KotlinMultiplatformAndroidComponentsExtension
Caching disabled for Kotlin DSL script compilation (Project/TopLevel/stage2) because:
  Build cache is disabled
Configure resource accessors generation for androidHostTest
kotlin scripting plugin: created the scripting discovery configuration: hostTestKotlinScriptDef
Created compile task: compileAndroidHostTest
Configure resource accessors generation for desktopMain
kotlin scripting plugin: created the scripting discovery configuration: kotlinScriptDef
Configure resource accessors generation for desktopTest
kotlin scripting plugin: created the scripting discovery configuration: testKotlinScriptDef
Configure actual resource collectors generation for desktopMain
Configure main resources for 'desktop' target
Configure test resources for 'desktop' target
Configure resource accessors generation for iosArm64Main
Configure resource accessors generation for iosArm64Test
Configure actual resource collectors generation for iosArm64Main
Configure main resources for 'iosArm64' target
Configure KMP component publication for 'iosArm64'
Collect resolved main resources for 'iosArm64'
Configure test resources for 'iosArm64' target
Configure resource accessors generation for iosSimulatorArm64Main
Configure resource accessors generation for iosSimulatorArm64Test
Configure actual resource collectors generation for iosSimulatorArm64Main
Configure main resources for 'iosSimulatorArm64' target
Configure KMP component publication for 'iosSimulatorArm64'
Collect resolved main resources for 'iosSimulatorArm64'
Configure test resources for 'iosSimulatorArm64' target
compileSdkVersion=android-37.0
Configure androidMain resources for 'android' target
Check that new 'org.jetbrains.kotlin.plugin.compose' was applied
Configure resource accessors generation for desktopDev
kotlin scripting plugin: created the scripting discovery configuration: devKotlinScriptDef
Configure dev resources for 'desktop' target
Configure resource accessors generation for nativeMain
Configure resource accessors generation for appleMain
Configure resource accessors generation for iosMain
Configure resource accessors generation for nativeTest
Configure resource accessors generation for appleTest
Configure resource accessors generation for iosTest

> Configure project :feature:credential
Evaluating project ':feature:credential' using build file '/root/projects/PassVault/audit-runtime-linux-android-release-action03/checkout/feature/credential/build.gradle.kts'.
Caching disabled for Kotlin DSL script compilation (Project/TopLevel/stage1) because:
  Build cache is disabled
Resolved plugin [id: 'org.jetbrains.kotlin.multiplatform', version: '2.4.10']
Resolved plugin [id: 'com.android.kotlin.multiplatform.library', version: '9.4.0']
Resolved plugin [id: 'org.jetbrains.compose', version: '1.11.1']
Resolved plugin [id: 'org.jetbrains.kotlin.plugin.compose', version: '2.4.10']
Using Kotlin Gradle Plugin gradle813 variant
Created androidJvm target
kotlin scripting plugin: created the scripting discovery configuration: kotlinScriptDef
Created compile task: compileAndroidMain
Using default execution profile
Configure multi-module compose resources
Configure compose resources generation
Configure resource accessors generation for androidMain
Configure Res object generation for commonMain
Configure resource accessors generation for commonMain
Configure resource accessors generation for commonTest
Configure expect resource collectors generation for commonMain
Configure actual resource collectors generation for androidMain
Configure compose resources with KotlinMultiplatformAndroidComponentsExtension
Caching disabled for Kotlin DSL script compilation (Project/TopLevel/stage2) because:
  Build cache is disabled
Configure resource accessors generation for androidHostTest
kotlin scripting plugin: created the scripting discovery configuration: hostTestKotlinScriptDef
Created compile task: compileAndroidHostTest
Configure resource accessors generation for desktopMain
kotlin scripting plugin: created the scripting discovery configuration: kotlinScriptDef
Configure resource accessors generation for desktopTest
kotlin scripting plugin: created the scripting discovery configuration: testKotlinScriptDef
Configure actual resource collectors generation for desktopMain
Configure main resources for 'desktop' target
Configure test resources for 'desktop' target
Configure resource accessors generation for iosArm64Main
Configure resource accessors generation for iosArm64Test
Configure actual resource collectors generation for iosArm64Main
Configure main resources for 'iosArm64' target
Configure KMP component publication for 'iosArm64'
Collect resolved main resources for 'iosArm64'
Configure test resources for 'iosArm64' target
Configure resource accessors generation for iosSimulatorArm64Main
Configure resource accessors generation for iosSimulatorArm64Test
Configure actual resource collectors generation for iosSimulatorArm64Main
Configure main resources for 'iosSimulatorArm64' target
Configure KMP component publication for 'iosSimulatorArm64'
Collect resolved main resources for 'iosSimulatorArm64'
Configure test resources for 'iosSimulatorArm64' target
compileSdkVersion=android-37.0
Configure androidMain resources for 'android' target
Check that new 'org.jetbrains.kotlin.plugin.compose' was applied
Configure resource accessors generation for desktopDev
kotlin scripting plugin: created the scripting discovery configuration: devKotlinScriptDef
Configure dev resources for 'desktop' target
Configure resource accessors generation for nativeMain
Configure resource accessors generation for appleMain
Configure resource accessors generation for iosMain
Configure resource accessors generation for nativeTest
Configure resource accessors generation for appleTest
Configure resource accessors generation for iosTest

> Configure project :feature:generator
Evaluating project ':feature:generator' using build file '/root/projects/PassVault/audit-runtime-linux-android-release-action03/checkout/feature/generator/build.gradle.kts'.
Caching disabled for Kotlin DSL script compilation (Project/TopLevel/stage1) because:
  Build cache is disabled
Resolved plugin [id: 'org.jetbrains.kotlin.multiplatform', version: '2.4.10']
Resolved plugin [id: 'com.android.kotlin.multiplatform.library', version: '9.4.0']
Resolved plugin [id: 'org.jetbrains.compose', version: '1.11.1']
Resolved plugin [id: 'org.jetbrains.kotlin.plugin.compose', version: '2.4.10']
Using Kotlin Gradle Plugin gradle813 variant
Created androidJvm target
kotlin scripting plugin: created the scripting discovery configuration: kotlinScriptDef
Created compile task: compileAndroidMain
Using default execution profile
Configure multi-module compose resources
Configure compose resources generation
Configure resource accessors generation for androidMain
Configure Res object generation for commonMain
Configure resource accessors generation for commonMain
Configure resource accessors generation for commonTest
Configure expect resource collectors generation for commonMain
Configure actual resource collectors generation for androidMain
Configure compose resources with KotlinMultiplatformAndroidComponentsExtension
Caching disabled for Kotlin DSL script compilation (Project/TopLevel/stage2) because:
  Build cache is disabled
Configure resource accessors generation for androidHostTest
kotlin scripting plugin: created the scripting discovery configuration: hostTestKotlinScriptDef
Created compile task: compileAndroidHostTest
Configure resource accessors generation for desktopMain
kotlin scripting plugin: created the scripting discovery configuration: kotlinScriptDef
Configure resource accessors generation for desktopTest
kotlin scripting plugin: created the scripting discovery configuration: testKotlinScriptDef
Configure actual resource collectors generation for desktopMain
Configure main resources for 'desktop' target
Configure test resources for 'desktop' target
Configure resource accessors generation for iosArm64Main
Configure resource accessors generation for iosArm64Test
Configure actual resource collectors generation for iosArm64Main
Configure main resources for 'iosArm64' target
Configure KMP component publication for 'iosArm64'
Collect resolved main resources for 'iosArm64'
Configure test resources for 'iosArm64' target
Configure resource accessors generation for iosSimulatorArm64Main
Configure resource accessors generation for iosSimulatorArm64Test
Configure actual resource collectors generation for iosSimulatorArm64Main
Configure main resources for 'iosSimulatorArm64' target
Configure KMP component publication for 'iosSimulatorArm64'
Collect resolved main resources for 'iosSimulatorArm64'
Configure test resources for 'iosSimulatorArm64' target
compileSdkVersion=android-37.0
Configure androidMain resources for 'android' target
Check that new 'org.jetbrains.kotlin.plugin.compose' was applied
Configure resource accessors generation for desktopDev
kotlin scripting plugin: created the scripting discovery configuration: devKotlinScriptDef
Configure dev resources for 'desktop' target
Configure resource accessors generation for nativeMain
Configure resource accessors generation for appleMain
Configure resource accessors generation for iosMain
Configure resource accessors generation for nativeTest
Configure resource accessors generation for appleTest
Configure resource accessors generation for iosTest

> Configure project :feature:health
Evaluating project ':feature:health' using build file '/root/projects/PassVault/audit-runtime-linux-android-release-action03/checkout/feature/health/build.gradle.kts'.
Caching disabled for Kotlin DSL script compilation (Project/TopLevel/stage1) because:
  Build cache is disabled
Resolved plugin [id: 'org.jetbrains.kotlin.multiplatform', version: '2.4.10']
Resolved plugin [id: 'com.android.kotlin.multiplatform.library', version: '9.4.0']
Resolved plugin [id: 'org.jetbrains.compose', version: '1.11.1']
Resolved plugin [id: 'org.jetbrains.kotlin.plugin.compose', version: '2.4.10']
Using Kotlin Gradle Plugin gradle813 variant
Created androidJvm target
kotlin scripting plugin: created the scripting discovery configuration: kotlinScriptDef
Created compile task: compileAndroidMain
Using default execution profile
Configure multi-module compose resources
Configure compose resources generation
Configure resource accessors generation for androidMain
Configure Res object generation for commonMain
Configure resource accessors generation for commonMain
Configure resource accessors generation for commonTest
Configure expect resource collectors generation for commonMain
Configure actual resource collectors generation for androidMain
Configure compose resources with KotlinMultiplatformAndroidComponentsExtension
Caching disabled for Kotlin DSL script compilation (Project/TopLevel/stage2) because:
  Build cache is disabled
Configure resource accessors generation for androidHostTest
kotlin scripting plugin: created the scripting discovery configuration: hostTestKotlinScriptDef
Created compile task: compileAndroidHostTest
Configure resource accessors generation for desktopMain
kotlin scripting plugin: created the scripting discovery configuration: kotlinScriptDef
Configure resource accessors generation for desktopTest
kotlin scripting plugin: created the scripting discovery configuration: testKotlinScriptDef
Configure actual resource collectors generation for desktopMain
Configure main resources for 'desktop' target
Configure test resources for 'desktop' target
Configure resource accessors generation for iosArm64Main
Configure resource accessors generation for iosArm64Test
Configure actual resource collectors generation for iosArm64Main
Configure main resources for 'iosArm64' target
Configure KMP component publication for 'iosArm64'
Collect resolved main resources for 'iosArm64'
Configure test resources for 'iosArm64' target
Configure resource accessors generation for iosSimulatorArm64Main
Configure resource accessors generation for iosSimulatorArm64Test
Configure actual resource collectors generation for iosSimulatorArm64Main
Configure main resources for 'iosSimulatorArm64' target
Configure KMP component publication for 'iosSimulatorArm64'
Collect resolved main resources for 'iosSimulatorArm64'
Configure test resources for 'iosSimulatorArm64' target
compileSdkVersion=android-37.0
Configure androidMain resources for 'android' target
Check that new 'org.jetbrains.kotlin.plugin.compose' was applied
Configure resource accessors generation for desktopDev
kotlin scripting plugin: created the scripting discovery configuration: devKotlinScriptDef
Configure dev resources for 'desktop' target
Configure resource accessors generation for nativeMain
Configure resource accessors generation for appleMain
Configure resource accessors generation for iosMain
Configure resource accessors generation for nativeTest
Configure resource accessors generation for appleTest
Configure resource accessors generation for iosTest

> Configure project :feature:onboarding
Evaluating project ':feature:onboarding' using build file '/root/projects/PassVault/audit-runtime-linux-android-release-action03/checkout/feature/onboarding/build.gradle.kts'.
Caching disabled for Kotlin DSL script compilation (Project/TopLevel/stage1) because:
  Build cache is disabled
Resolved plugin [id: 'org.jetbrains.kotlin.multiplatform', version: '2.4.10']
Resolved plugin [id: 'com.android.kotlin.multiplatform.library', version: '9.4.0']
Resolved plugin [id: 'org.jetbrains.compose', version: '1.11.1']
Resolved plugin [id: 'org.jetbrains.kotlin.plugin.compose', version: '2.4.10']
Using Kotlin Gradle Plugin gradle813 variant
Created androidJvm target
kotlin scripting plugin: created the scripting discovery configuration: kotlinScriptDef
Created compile task: compileAndroidMain
Using default execution profile
Configure multi-module compose resources
Configure compose resources generation
Configure resource accessors generation for androidMain
Configure Res object generation for commonMain
Configure resource accessors generation for commonMain
Configure resource accessors generation for commonTest
Configure expect resource collectors generation for commonMain
Configure actual resource collectors generation for androidMain
Configure compose resources with KotlinMultiplatformAndroidComponentsExtension
Caching disabled for Kotlin DSL script compilation (Project/TopLevel/stage2) because:
  Build cache is disabled
Configure resource accessors generation for androidHostTest
kotlin scripting plugin: created the scripting discovery configuration: hostTestKotlinScriptDef
Created compile task: compileAndroidHostTest
Configure resource accessors generation for desktopMain
kotlin scripting plugin: created the scripting discovery configuration: kotlinScriptDef
Configure resource accessors generation for desktopTest
kotlin scripting plugin: created the scripting discovery configuration: testKotlinScriptDef
Configure actual resource collectors generation for desktopMain
Configure main resources for 'desktop' target
Configure test resources for 'desktop' target
Configure resource accessors generation for iosArm64Main
Configure resource accessors generation for iosArm64Test
Configure actual resource collectors generation for iosArm64Main
Configure main resources for 'iosArm64' target
Configure KMP component publication for 'iosArm64'
Collect resolved main resources for 'iosArm64'
Configure test resources for 'iosArm64' target
Configure resource accessors generation for iosSimulatorArm64Main
Configure resource accessors generation for iosSimulatorArm64Test
Configure actual resource collectors generation for iosSimulatorArm64Main
Configure main resources for 'iosSimulatorArm64' target
Configure KMP component publication for 'iosSimulatorArm64'
Collect resolved main resources for 'iosSimulatorArm64'
Configure test resources for 'iosSimulatorArm64' target
compileSdkVersion=android-37.0
Configure androidMain resources for 'android' target
Check that new 'org.jetbrains.kotlin.plugin.compose' was applied
Configure resource accessors generation for desktopDev
kotlin scripting plugin: created the scripting discovery configuration: devKotlinScriptDef
Configure dev resources for 'desktop' target
Configure resource accessors generation for nativeMain
Configure resource accessors generation for appleMain
Configure resource accessors generation for iosMain
Configure resource accessors generation for nativeTest
Configure resource accessors generation for appleTest
Configure resource accessors generation for iosTest

> Configure project :feature:settings
Evaluating project ':feature:settings' using build file '/root/projects/PassVault/audit-runtime-linux-android-release-action03/checkout/feature/settings/build.gradle.kts'.
Caching disabled for Kotlin DSL script compilation (Project/TopLevel/stage1) because:
  Build cache is disabled
Resolved plugin [id: 'org.jetbrains.kotlin.multiplatform', version: '2.4.10']
Resolved plugin [id: 'com.android.kotlin.multiplatform.library', version: '9.4.0']
Resolved plugin [id: 'org.jetbrains.compose', version: '1.11.1']
Resolved plugin [id: 'org.jetbrains.kotlin.plugin.compose', version: '2.4.10']
Using Kotlin Gradle Plugin gradle813 variant
Created androidJvm target
kotlin scripting plugin: created the scripting discovery configuration: kotlinScriptDef
Created compile task: compileAndroidMain
Using default execution profile
Configure multi-module compose resources
Configure compose resources generation
Configure resource accessors generation for androidMain
Configure Res object generation for commonMain
Configure resource accessors generation for commonMain
Configure resource accessors generation for commonTest
Configure expect resource collectors generation for commonMain
Configure actual resource collectors generation for androidMain
Configure compose resources with KotlinMultiplatformAndroidComponentsExtension
Caching disabled for Kotlin DSL script compilation (Project/TopLevel/stage2) because:
  Build cache is disabled
Configure resource accessors generation for androidHostTest
kotlin scripting plugin: created the scripting discovery configuration: hostTestKotlinScriptDef
Created compile task: compileAndroidHostTest
Configure resource accessors generation for desktopMain
kotlin scripting plugin: created the scripting discovery configuration: kotlinScriptDef
Configure resource accessors generation for desktopTest
kotlin scripting plugin: created the scripting discovery configuration: testKotlinScriptDef
Configure actual resource collectors generation for desktopMain
Configure main resources for 'desktop' target
Configure test resources for 'desktop' target
Configure resource accessors generation for iosArm64Main
Configure resource accessors generation for iosArm64Test
Configure actual resource collectors generation for iosArm64Main
Configure main resources for 'iosArm64' target
Configure KMP component publication for 'iosArm64'
Collect resolved main resources for 'iosArm64'
Configure test resources for 'iosArm64' target
Configure resource accessors generation for iosSimulatorArm64Main
Configure resource accessors generation for iosSimulatorArm64Test
Configure actual resource collectors generation for iosSimulatorArm64Main
Configure main resources for 'iosSimulatorArm64' target
Configure KMP component publication for 'iosSimulatorArm64'
Collect resolved main resources for 'iosSimulatorArm64'
Configure test resources for 'iosSimulatorArm64' target
compileSdkVersion=android-37.0
Configure androidMain resources for 'android' target
Check that new 'org.jetbrains.kotlin.plugin.compose' was applied
Configure resource accessors generation for desktopDev
kotlin scripting plugin: created the scripting discovery configuration: devKotlinScriptDef
Configure dev resources for 'desktop' target
Configure resource accessors generation for nativeMain
Configure resource accessors generation for appleMain
Configure resource accessors generation for iosMain
Configure resource accessors generation for nativeTest
Configure resource accessors generation for appleTest
Configure resource accessors generation for iosTest

> Configure project :feature:unlock
Evaluating project ':feature:unlock' using build file '/root/projects/PassVault/audit-runtime-linux-android-release-action03/checkout/feature/unlock/build.gradle.kts'.
Caching disabled for Kotlin DSL script compilation (Project/TopLevel/stage1) because:
  Build cache is disabled
Resolved plugin [id: 'org.jetbrains.kotlin.multiplatform', version: '2.4.10']
Resolved plugin [id: 'com.android.kotlin.multiplatform.library', version: '9.4.0']
Resolved plugin [id: 'org.jetbrains.compose', version: '1.11.1']
Resolved plugin [id: 'org.jetbrains.kotlin.plugin.compose', version: '2.4.10']
Using Kotlin Gradle Plugin gradle813 variant
Created androidJvm target
kotlin scripting plugin: created the scripting discovery configuration: kotlinScriptDef
Created compile task: compileAndroidMain
Using default execution profile
Configure multi-module compose resources
Configure compose resources generation
Configure resource accessors generation for androidMain
Configure Res object generation for commonMain
Configure resource accessors generation for commonMain
Configure resource accessors generation for commonTest
Configure expect resource collectors generation for commonMain
Configure actual resource collectors generation for androidMain
Configure compose resources with KotlinMultiplatformAndroidComponentsExtension
Caching disabled for Kotlin DSL script compilation (Project/TopLevel/stage2) because:
  Build cache is disabled
Configure resource accessors generation for androidHostTest
kotlin scripting plugin: created the scripting discovery configuration: hostTestKotlinScriptDef
Created compile task: compileAndroidHostTest
Configure resource accessors generation for desktopMain
kotlin scripting plugin: created the scripting discovery configuration: kotlinScriptDef
Configure resource accessors generation for desktopTest
kotlin scripting plugin: created the scripting discovery configuration: testKotlinScriptDef
Configure actual resource collectors generation for desktopMain
Configure main resources for 'desktop' target
Configure test resources for 'desktop' target
Configure resource accessors generation for iosArm64Main
Configure resource accessors generation for iosArm64Test
Configure actual resource collectors generation for iosArm64Main
Configure main resources for 'iosArm64' target
Configure KMP component publication for 'iosArm64'
Collect resolved main resources for 'iosArm64'
Configure test resources for 'iosArm64' target
Configure resource accessors generation for iosSimulatorArm64Main
Configure resource accessors generation for iosSimulatorArm64Test
Configure actual resource collectors generation for iosSimulatorArm64Main
Configure main resources for 'iosSimulatorArm64' target
Configure KMP component publication for 'iosSimulatorArm64'
Collect resolved main resources for 'iosSimulatorArm64'
Configure test resources for 'iosSimulatorArm64' target
compileSdkVersion=android-37.0
Configure androidMain resources for 'android' target
Check that new 'org.jetbrains.kotlin.plugin.compose' was applied
Configure resource accessors generation for desktopDev
kotlin scripting plugin: created the scripting discovery configuration: devKotlinScriptDef
Configure dev resources for 'desktop' target
Configure resource accessors generation for nativeMain
Configure resource accessors generation for appleMain
Configure resource accessors generation for iosMain
Configure resource accessors generation for nativeTest
Configure resource accessors generation for appleTest
Configure resource accessors generation for iosTest

> Configure project :feature:vault
Evaluating project ':feature:vault' using build file '/root/projects/PassVault/audit-runtime-linux-android-release-action03/checkout/feature/vault/build.gradle.kts'.
Caching disabled for Kotlin DSL script compilation (Project/TopLevel/stage1) because:
  Build cache is disabled
Resolved plugin [id: 'org.jetbrains.kotlin.multiplatform', version: '2.4.10']
Resolved plugin [id: 'com.android.kotlin.multiplatform.library', version: '9.4.0']
Resolved plugin [id: 'org.jetbrains.compose', version: '1.11.1']
Resolved plugin [id: 'org.jetbrains.kotlin.plugin.compose', version: '2.4.10']
Using Kotlin Gradle Plugin gradle813 variant
Created androidJvm target
kotlin scripting plugin: created the scripting discovery configuration: kotlinScriptDef
Created compile task: compileAndroidMain
Using default execution profile
Configure multi-module compose resources
Configure compose resources generation
Configure resource accessors generation for androidMain
Configure Res object generation for commonMain
Configure resource accessors generation for commonMain
Configure resource accessors generation for commonTest
Configure expect resource collectors generation for commonMain
Configure actual resource collectors generation for androidMain
Configure compose resources with KotlinMultiplatformAndroidComponentsExtension
Caching disabled for Kotlin DSL script compilation (Project/TopLevel/stage2) because:
  Build cache is disabled
Configure resource accessors generation for androidHostTest
kotlin scripting plugin: created the scripting discovery configuration: hostTestKotlinScriptDef
Created compile task: compileAndroidHostTest
Configure resource accessors generation for desktopMain
kotlin scripting plugin: created the scripting discovery configuration: kotlinScriptDef
Configure resource accessors generation for desktopTest
kotlin scripting plugin: created the scripting discovery configuration: testKotlinScriptDef
Configure actual resource collectors generation for desktopMain
Configure main resources for 'desktop' target
Configure test resources for 'desktop' target
Configure resource accessors generation for iosArm64Main
Configure resource accessors generation for iosArm64Test
Configure actual resource collectors generation for iosArm64Main
Configure main resources for 'iosArm64' target
Configure KMP component publication for 'iosArm64'
Collect resolved main resources for 'iosArm64'
Configure test resources for 'iosArm64' target
Configure resource accessors generation for iosSimulatorArm64Main
Configure resource accessors generation for iosSimulatorArm64Test
Configure actual resource collectors generation for iosSimulatorArm64Main
Configure main resources for 'iosSimulatorArm64' target
Configure KMP component publication for 'iosSimulatorArm64'
Collect resolved main resources for 'iosSimulatorArm64'
Configure test resources for 'iosSimulatorArm64' target
compileSdkVersion=android-37.0
Configure androidMain resources for 'android' target
Check that new 'org.jetbrains.kotlin.plugin.compose' was applied
Configure resource accessors generation for desktopDev
kotlin scripting plugin: created the scripting discovery configuration: devKotlinScriptDef
Configure dev resources for 'desktop' target
Configure resource accessors generation for nativeMain
Configure resource accessors generation for appleMain
Configure resource accessors generation for iosMain
Configure resource accessors generation for nativeTest
Configure resource accessors generation for appleTest
Configure resource accessors generation for iosTest
All projects evaluated.
Task path ':app-android:minifyReleaseWithR8' matched project ':app-android'
Task name matched 'minifyReleaseWithR8'
Task path ':app-android:mergeReleaseNativeLibs' matched project ':app-android'
Task name matched 'mergeReleaseNativeLibs'
Selected primary task 'minifyReleaseWithR8' from project :app-android
compileSdkVersion=android-37.0
compileSdkVersion=android-37.0
compileSdkVersion=android-37.0
compileSdkVersion=android-37.0
compileSdkVersion=android-37.0
compileSdkVersion=android-37.0
compileSdkVersion=android-37.0
compileSdkVersion=android-37.0
compileSdkVersion=android-37.0
compileSdkVersion=android-37.0
compileSdkVersion=android-37.0
compileSdkVersion=android-37.0
compileSdkVersion=android-37.0
compileSdkVersion=android-37.0
compileSdkVersion=android-37.0
compileSdkVersion=android-37.0
compileSdkVersion=android-37.0
compileSdkVersion=android-37.0
compileSdkVersion=android-37.0
compileSdkVersion=android-37.0
compileSdkVersion=android-37.0
compileSdkVersion=android-37.0
compileSdkVersion=android-37.0
compileSdkVersion=android-37.0
compileSdkVersion=android-37.0
compileSdkVersion=android-37.0
compileSdkVersion=android-37.0
compileSdkVersion=android-37.0
compileSdkVersion=android-37.0
compileSdkVersion=android-37.0
compileSdkVersion=android-37.0
compileSdkVersion=android-37.0
compileSdkVersion=android-37.0
compileSdkVersion=android-37.0
compileSdkVersion=android-37.0
compileSdkVersion=android-37.0
compileSdkVersion=android-37.0
compileSdkVersion=android-37.0
compileSdkVersion=android-37.0
compileSdkVersion=android-37.0
compileSdkVersion=android-37.0
compileSdkVersion=android-37.0
compileSdkVersion=android-37.0
compileSdkVersion=android-37.0
compileSdkVersion=android-37.0
compileSdkVersion=android-37.0
compileSdkVersion=android-37.0
compileSdkVersion=android-37.0
compileSdkVersion=android-37.0
compileSdkVersion=android-37.0
compileSdkVersion=android-37.0
compileSdkVersion=android-37.0
compileSdkVersion=android-37.0
compileSdkVersion=android-37.0
compileSdkVersion=android-37.0
compileSdkVersion=android-37.0
compileSdkVersion=android-37.0
compileSdkVersion=android-37.0
compileSdkVersion=android-37.0
compileSdkVersion=android-37.0
compileSdkVersion=android-37.0
compileSdkVersion=android-37.0
compileSdkVersion=android-37.0
compileSdkVersion=android-37.0
compileSdkVersion=android-37.0
compileSdkVersion=android-37.0
compileSdkVersion=android-37.0
compileSdkVersion=android-37.0
compileSdkVersion=android-37.0
compileSdkVersion=android-37.0
compileSdkVersion=android-37.0
compileSdkVersion=android-37.0
compileSdkVersion=android-37.0
compileSdkVersion=android-37.0
compileSdkVersion=android-37.0
compileSdkVersion=android-37.0
compileSdkVersion=android-37.0
compileSdkVersion=android-37.0
compileSdkVersion=android-37.0
compileSdkVersion=android-37.0
compileSdkVersion=android-37.0
compileSdkVersion=android-37.0
compileSdkVersion=android-37.0
Selected primary task 'mergeReleaseNativeLibs' from project :app-android
Tasks to be executed: [task ':shared:kmpPartiallyResolvedDependenciesChecker', task ':shared:checkKotlinGradlePluginConfigurationErrors', task ':shared:convertXmlValueResourcesForAndroidMain', task ':shared:copyNonXmlValueResourcesForAndroidMain', task ':shared:prepareComposeResourcesTaskForAndroidMain', task ':shared:generateResourceAccessorsForAndroidMain', task ':shared:convertXmlValueResourcesForCommonMain', task ':shared:copyNonXmlValueResourcesForCommonMain', task ':shared:prepareComposeResourcesTaskForCommonMain', task ':shared:generateResourceAccessorsForCommonMain', task ':shared:generateActualResourceCollectorsForAndroidMain', task ':shared:generateComposeResClass', task ':shared:generateExpectResourceCollectorsForCommonMain', task ':core:crypto:kmpPartiallyResolvedDependenciesChecker', task ':core:crypto:checkKotlinGradlePluginConfigurationErrors', task ':core:crypto:compileAndroidMain', task ':core:crypto:androidPreBuild', task ':core:crypto:preAndroidMainBuild', task ':core:crypto:bundleAndroidMainClassesToCompileJar', task ':core:database:kmpPartiallyResolvedDependenciesChecker', task ':core:database:checkKotlinGradlePluginConfigurationErrors', task ':core:domain:kmpPartiallyResolvedDependenciesChecker', task ':core:domain:checkKotlinGradlePluginConfigurationErrors', task ':core:domain:compileAndroidMain', task ':core:domain:androidPreBuild', task ':core:domain:preAndroidMainBuild', task ':core:domain:bundleAndroidMainClassesToCompileJar', task ':core:security:kmpPartiallyResolvedDependenciesChecker', task ':core:security:checkKotlinGradlePluginConfigurationErrors', task ':core:security:compileAndroidMain', task ':core:security:androidPreBuild', task ':core:security:preAndroidMainBuild', task ':core:security:bundleAndroidMainClassesToCompileJar', task ':core:database:kspAndroidMain', task ':core:database:copyRoomSchemas', task ':core:database:compileAndroidMain', task ':core:database:androidPreBuild', task ':core:database:preAndroidMainBuild', task ':core:database:bundleAndroidMainClassesToCompileJar', task ':core:designsystem:kmpPartiallyResolvedDependenciesChecker', task ':core:designsystem:checkKotlinGradlePluginConfigurationErrors', task ':core:designsystem:convertXmlValueResourcesForAndroidMain', task ':core:designsystem:copyNonXmlValueResourcesForAndroidMain', task ':core:designsystem:prepareComposeResourcesTaskForAndroidMain', task ':core:designsystem:generateResourceAccessorsForAndroidMain', task ':core:designsystem:convertXmlValueResourcesForCommonMain', task ':core:designsystem:copyNonXmlValueResourcesForCommonMain', task ':core:designsystem:prepareComposeResourcesTaskForCommonMain', task ':core:designsystem:generateResourceAccessorsForCommonMain', task ':core:designsystem:generateActualResourceCollectorsForAndroidMain', task ':core:designsystem:androidPreBuild', task ':core:designsystem:preAndroidMainBuild', task ':core:designsystem:generateAndroidMainEmptyResourceFiles', task ':core:designsystem:copyAndroidMainComposeResourcesToAndroidAssets', task ':core:designsystem:packageAndroidMainResources', task ':core:designsystem:parseAndroidMainLocalResources', task ':core:designsystem:generateAndroidMainRFile', task ':core:designsystem:generateComposeResClass', task ':core:designsystem:generateExpectResourceCollectorsForCommonMain', task ':core:designsystem:compileAndroidMain', task ':core:designsystem:bundleAndroidMainClassesToCompileJar', task ':core:navigation:kmpPartiallyResolvedDependenciesChecker', task ':core:navigation:checkKotlinGradlePluginConfigurationErrors', task ':core:navigation:compileAndroidMain', task ':core:navigation:androidPreBuild', task ':core:navigation:preAndroidMainBuild', task ':core:navigation:bundleAndroidMainClassesToCompileJar', task ':core:otp:kmpPartiallyResolvedDependenciesChecker', task ':core:otp:checkKotlinGradlePluginConfigurationErrors', task ':core:otp:compileAndroidMain', task ':core:otp:androidPreBuild', task ':core:otp:preAndroidMainBuild', task ':core:otp:bundleAndroidMainClassesToCompileJar', task ':feature:backup:kmpPartiallyResolvedDependenciesChecker', task ':feature:backup:checkKotlinGradlePluginConfigurationErrors', task ':feature:backup:convertXmlValueResourcesForAndroidMain', task ':feature:backup:copyNonXmlValueResourcesForAndroidMain', task ':feature:backup:prepareComposeResourcesTaskForAndroidMain', task ':feature:backup:generateResourceAccessorsForAndroidMain', task ':feature:backup:convertXmlValueResourcesForCommonMain', task ':feature:backup:copyNonXmlValueResourcesForCommonMain', task ':feature:backup:prepareComposeResourcesTaskForCommonMain', task ':feature:backup:generateResourceAccessorsForCommonMain', task ':feature:backup:generateActualResourceCollectorsForAndroidMain', task ':feature:backup:generateComposeResClass', task ':feature:backup:generateExpectResourceCollectorsForCommonMain', task ':feature:backup:compileAndroidMain', task ':feature:backup:androidPreBuild', task ':feature:backup:preAndroidMainBuild', task ':feature:backup:bundleAndroidMainClassesToCompileJar', task ':feature:credential:kmpPartiallyResolvedDependenciesChecker', task ':feature:credential:checkKotlinGradlePluginConfigurationErrors', task ':feature:credential:convertXmlValueResourcesForAndroidMain', task ':feature:credential:copyNonXmlValueResourcesForAndroidMain', task ':feature:credential:prepareComposeResourcesTaskForAndroidMain', task ':feature:credential:generateResourceAccessorsForAndroidMain', task ':feature:credential:convertXmlValueResourcesForCommonMain', task ':feature:credential:copyNonXmlValueResourcesForCommonMain', task ':feature:credential:prepareComposeResourcesTaskForCommonMain', task ':feature:credential:generateResourceAccessorsForCommonMain', task ':feature:credential:generateActualResourceCollectorsForAndroidMain', task ':feature:credential:generateComposeResClass', task ':feature:credential:generateExpectResourceCollectorsForCommonMain', task ':feature:credential:compileAndroidMain', task ':feature:credential:androidPreBuild', task ':feature:credential:preAndroidMainBuild', task ':feature:credential:bundleAndroidMainClassesToCompileJar', task ':feature:generator:kmpPartiallyResolvedDependenciesChecker', task ':feature:generator:checkKotlinGradlePluginConfigurationErrors', task ':feature:generator:convertXmlValueResourcesForAndroidMain', task ':feature:generator:copyNonXmlValueResourcesForAndroidMain', task ':feature:generator:prepareComposeResourcesTaskForAndroidMain', task ':feature:generator:generateResourceAccessorsForAndroidMain', task ':feature:generator:convertXmlValueResourcesForCommonMain', task ':feature:generator:copyNonXmlValueResourcesForCommonMain', task ':feature:generator:prepareComposeResourcesTaskForCommonMain', task ':feature:generator:generateResourceAccessorsForCommonMain', task ':feature:generator:generateActualResourceCollectorsForAndroidMain', task ':feature:generator:generateComposeResClass', task ':feature:generator:generateExpectResourceCollectorsForCommonMain', task ':feature:generator:compileAndroidMain', task ':feature:generator:androidPreBuild', task ':feature:generator:preAndroidMainBuild', task ':feature:generator:bundleAndroidMainClassesToCompileJar', task ':feature:health:kmpPartiallyResolvedDependenciesChecker', task ':feature:health:checkKotlinGradlePluginConfigurationErrors', task ':feature:health:convertXmlValueResourcesForAndroidMain', task ':feature:health:copyNonXmlValueResourcesForAndroidMain', task ':feature:health:prepareComposeResourcesTaskForAndroidMain', task ':feature:health:generateResourceAccessorsForAndroidMain', task ':feature:health:convertXmlValueResourcesForCommonMain', task ':feature:health:copyNonXmlValueResourcesForCommonMain', task ':feature:health:prepareComposeResourcesTaskForCommonMain', task ':feature:health:generateResourceAccessorsForCommonMain', task ':feature:health:generateActualResourceCollectorsForAndroidMain', task ':feature:health:generateComposeResClass', task ':feature:health:generateExpectResourceCollectorsForCommonMain', task ':feature:health:compileAndroidMain', task ':feature:health:androidPreBuild', task ':feature:health:preAndroidMainBuild', task ':feature:health:bundleAndroidMainClassesToCompileJar', task ':feature:onboarding:kmpPartiallyResolvedDependenciesChecker', task ':feature:onboarding:checkKotlinGradlePluginConfigurationErrors', task ':feature:onboarding:convertXmlValueResourcesForAndroidMain', task ':feature:onboarding:copyNonXmlValueResourcesForAndroidMain', task ':feature:onboarding:prepareComposeResourcesTaskForAndroidMain', task ':feature:onboarding:generateResourceAccessorsForAndroidMain', task ':feature:onboarding:convertXmlValueResourcesForCommonMain', task ':feature:onboarding:copyNonXmlValueResourcesForCommonMain', task ':feature:onboarding:prepareComposeResourcesTaskForCommonMain', task ':feature:onboarding:generateResourceAccessorsForCommonMain', task ':feature:onboarding:generateActualResourceCollectorsForAndroidMain', task ':feature:onboarding:generateComposeResClass', task ':feature:onboarding:generateExpectResourceCollectorsForCommonMain', task ':feature:onboarding:compileAndroidMain', task ':feature:onboarding:androidPreBuild', task ':feature:onboarding:preAndroidMainBuild', task ':feature:onboarding:bundleAndroidMainClassesToCompileJar', task ':feature:settings:kmpPartiallyResolvedDependenciesChecker', task ':feature:settings:checkKotlinGradlePluginConfigurationErrors', task ':feature:settings:convertXmlValueResourcesForAndroidMain', task ':feature:settings:copyNonXmlValueResourcesForAndroidMain', task ':feature:settings:prepareComposeResourcesTaskForAndroidMain', task ':feature:settings:generateResourceAccessorsForAndroidMain', task ':feature:settings:convertXmlValueResourcesForCommonMain', task ':feature:settings:copyNonXmlValueResourcesForCommonMain', task ':feature:settings:prepareComposeResourcesTaskForCommonMain', task ':feature:settings:generateResourceAccessorsForCommonMain', task ':feature:settings:generateActualResourceCollectorsForAndroidMain', task ':feature:settings:generateComposeResClass', task ':feature:settings:generateExpectResourceCollectorsForCommonMain', task ':feature:settings:compileAndroidMain', task ':feature:settings:androidPreBuild', task ':feature:settings:preAndroidMainBuild', task ':feature:settings:bundleAndroidMainClassesToCompileJar', task ':feature:unlock:kmpPartiallyResolvedDependenciesChecker', task ':feature:unlock:checkKotlinGradlePluginConfigurationErrors', task ':feature:unlock:convertXmlValueResourcesForAndroidMain', task ':feature:unlock:copyNonXmlValueResourcesForAndroidMain', task ':feature:unlock:prepareComposeResourcesTaskForAndroidMain', task ':feature:unlock:generateResourceAccessorsForAndroidMain', task ':feature:unlock:convertXmlValueResourcesForCommonMain', task ':feature:unlock:copyNonXmlValueResourcesForCommonMain', task ':feature:unlock:prepareComposeResourcesTaskForCommonMain', task ':feature:unlock:generateResourceAccessorsForCommonMain', task ':feature:unlock:generateActualResourceCollectorsForAndroidMain', task ':feature:unlock:generateComposeResClass', task ':feature:unlock:generateExpectResourceCollectorsForCommonMain', task ':feature:unlock:compileAndroidMain', task ':feature:unlock:androidPreBuild', task ':feature:unlock:preAndroidMainBuild', task ':feature:unlock:bundleAndroidMainClassesToCompileJar', task ':feature:vault:kmpPartiallyResolvedDependenciesChecker', task ':feature:vault:checkKotlinGradlePluginConfigurationErrors', task ':feature:vault:convertXmlValueResourcesForAndroidMain', task ':feature:vault:copyNonXmlValueResourcesForAndroidMain', task ':feature:vault:prepareComposeResourcesTaskForAndroidMain', task ':feature:vault:generateResourceAccessorsForAndroidMain', task ':feature:vault:convertXmlValueResourcesForCommonMain', task ':feature:vault:copyNonXmlValueResourcesForCommonMain', task ':feature:vault:prepareComposeResourcesTaskForCommonMain', task ':feature:vault:generateResourceAccessorsForCommonMain', task ':feature:vault:generateActualResourceCollectorsForAndroidMain', task ':feature:vault:generateComposeResClass', task ':feature:vault:generateExpectResourceCollectorsForCommonMain', task ':feature:vault:compileAndroidMain', task ':feature:vault:androidPreBuild', task ':feature:vault:preAndroidMainBuild', task ':feature:vault:bundleAndroidMainClassesToCompileJar', task ':shared:compileAndroidMain', task ':shared:androidPreBuild', task ':shared:preAndroidMainBuild', task ':shared:mergeAndroidMainGeneratedProguardFiles', task ':shared:exportAndroidMainConsumerProguardFiles', task ':feature:backup:mergeAndroidMainGeneratedProguardFiles', task ':feature:backup:exportAndroidMainConsumerProguardFiles', task ':core:database:mergeAndroidMainGeneratedProguardFiles', task ':core:database:exportAndroidMainConsumerProguardFiles', task ':feature:vault:mergeAndroidMainGeneratedProguardFiles', task ':feature:vault:exportAndroidMainConsumerProguardFiles', task ':feature:credential:mergeAndroidMainGeneratedProguardFiles', task ':feature:credential:exportAndroidMainConsumerProguardFiles', task ':core:otp:mergeAndroidMainGeneratedProguardFiles', task ':core:otp:exportAndroidMainConsumerProguardFiles', task ':feature:onboarding:mergeAndroidMainGeneratedProguardFiles', task ':feature:onboarding:exportAndroidMainConsumerProguardFiles', task ':feature:unlock:mergeAndroidMainGeneratedProguardFiles', task ':feature:unlock:exportAndroidMainConsumerProguardFiles', task ':feature:generator:mergeAndroidMainGeneratedProguardFiles', task ':feature:generator:exportAndroidMainConsumerProguardFiles', task ':feature:health:mergeAndroidMainGeneratedProguardFiles', task ':feature:health:exportAndroidMainConsumerProguardFiles', task ':feature:settings:mergeAndroidMainGeneratedProguardFiles', task ':feature:settings:exportAndroidMainConsumerProguardFiles', task ':core:domain:mergeAndroidMainGeneratedProguardFiles', task ':core:domain:exportAndroidMainConsumerProguardFiles', task ':core:crypto:mergeAndroidMainGeneratedProguardFiles', task ':core:crypto:exportAndroidMainConsumerProguardFiles', task ':core:security:mergeAndroidMainGeneratedProguardFiles', task ':core:security:exportAndroidMainConsumerProguardFiles', task ':core:designsystem:mergeAndroidMainGeneratedProguardFiles', task ':core:designsystem:exportAndroidMainConsumerProguardFiles', task ':core:navigation:mergeAndroidMainGeneratedProguardFiles', task ':core:navigation:exportAndroidMainConsumerProguardFiles', task ':app-android:preBuild', task ':app-android:preReleaseBuild', task ':app-android:checkReleaseDuplicateClasses', task ':app-android:generateReleaseBuildConfig', task ':app-android:generateReleaseResources', task ':app-android:packageReleaseResources', task ':shared:generateAndroidMainEmptyResourceFiles', task ':core:crypto:generateAndroidMainEmptyResourceFiles', task ':core:database:generateAndroidMainEmptyResourceFiles', task ':core:domain:generateAndroidMainEmptyResourceFiles', task ':core:navigation:generateAndroidMainEmptyResourceFiles', task ':core:otp:generateAndroidMainEmptyResourceFiles', task ':core:security:generateAndroidMainEmptyResourceFiles', task ':feature:backup:generateAndroidMainEmptyResourceFiles', task ':feature:credential:generateAndroidMainEmptyResourceFiles', task ':feature:generator:generateAndroidMainEmptyResourceFiles', task ':feature:health:generateAndroidMainEmptyResourceFiles', task ':feature:onboarding:generateAndroidMainEmptyResourceFiles', task ':feature:settings:generateAndroidMainEmptyResourceFiles', task ':feature:unlock:generateAndroidMainEmptyResourceFiles', task ':feature:vault:generateAndroidMainEmptyResourceFiles', task ':app-android:processReleaseNavigationResources', task ':app-android:parseReleaseLocalResources', task ':app-android:generateReleaseRFile', task ':shared:bundleAndroidMainClassesToCompileJar', task ':app-android:compileReleaseKotlin', task ':app-android:javaPreCompileRelease', task ':app-android:compileReleaseJavaWithJavac', task ':shared:prepareAndroidMainArtProfile', task ':core:crypto:prepareAndroidMainArtProfile', task ':core:database:prepareAndroidMainArtProfile', task ':core:designsystem:prepareAndroidMainArtProfile', task ':core:domain:prepareAndroidMainArtProfile', task ':core:navigation:prepareAndroidMainArtProfile', task ':core:otp:prepareAndroidMainArtProfile', task ':core:security:prepareAndroidMainArtProfile', task ':feature:backup:prepareAndroidMainArtProfile', task ':feature:credential:prepareAndroidMainArtProfile', task ':feature:generator:prepareAndroidMainArtProfile', task ':feature:health:prepareAndroidMainArtProfile', task ':feature:onboarding:prepareAndroidMainArtProfile', task ':feature:settings:prepareAndroidMainArtProfile', task ':feature:unlock:prepareAndroidMainArtProfile', task ':feature:vault:prepareAndroidMainArtProfile', task ':app-android:mergeReleaseArtProfile', task ':shared:writeAndroidMainAarMetadata', task ':core:crypto:writeAndroidMainAarMetadata', task ':core:database:writeAndroidMainAarMetadata', task ':core:designsystem:writeAndroidMainAarMetadata', task ':core:domain:writeAndroidMainAarMetadata', task ':core:navigation:writeAndroidMainAarMetadata', task ':core:otp:writeAndroidMainAarMetadata', task ':core:security:writeAndroidMainAarMetadata', task ':feature:backup:writeAndroidMainAarMetadata', task ':feature:credential:writeAndroidMainAarMetadata', task ':feature:generator:writeAndroidMainAarMetadata', task ':feature:health:writeAndroidMainAarMetadata', task ':feature:onboarding:writeAndroidMainAarMetadata', task ':feature:settings:writeAndroidMainAarMetadata', task ':feature:unlock:writeAndroidMainAarMetadata', task ':feature:vault:writeAndroidMainAarMetadata', task ':app-android:checkReleaseAarMetadata', task ':app-android:mapReleaseSourceSetPaths', task ':app-android:compileReleaseNavigationResources', task ':app-android:mergeReleaseResources', task ':app-android:createReleaseCompatibleScreenManifests', task ':app-android:extractDeepLinksRelease', task ':shared:processAndroidMainManifest', task ':core:crypto:processAndroidMainManifest', task ':core:database:processAndroidMainManifest', task ':core:designsystem:processAndroidMainManifest', task ':core:domain:processAndroidMainManifest', task ':core:navigation:processAndroidMainManifest', task ':core:otp:processAndroidMainManifest', task ':core:security:processAndroidMainManifest', task ':feature:backup:processAndroidMainManifest', task ':feature:credential:processAndroidMainManifest', task ':feature:generator:processAndroidMainManifest', task ':feature:health:processAndroidMainManifest', task ':feature:onboarding:processAndroidMainManifest', task ':feature:settings:processAndroidMainManifest', task ':feature:unlock:processAndroidMainManifest', task ':feature:vault:processAndroidMainManifest', task ':app-android:processReleaseMainManifest', task ':app-android:processReleaseManifest', task ':app-android:processReleaseManifestForPackage', task ':core:designsystem:mapAndroidMainSourceSetPaths', task ':core:designsystem:compileAndroidMainLibraryResources', task ':app-android:processReleaseResources', task ':shared:bundleAndroidMainClassesToRuntimeJar', task ':core:crypto:bundleAndroidMainClassesToRuntimeJar', task ':core:database:bundleAndroidMainClassesToRuntimeJar', task ':core:designsystem:bundleAndroidMainClassesToRuntimeJar', task ':core:domain:bundleAndroidMainClassesToRuntimeJar', task ':core:navigation:bundleAndroidMainClassesToRuntimeJar', task ':core:otp:bundleAndroidMainClassesToRuntimeJar', task ':core:security:bundleAndroidMainClassesToRuntimeJar', task ':feature:backup:bundleAndroidMainClassesToRuntimeJar', task ':feature:credential:bundleAndroidMainClassesToRuntimeJar', task ':feature:generator:bundleAndroidMainClassesToRuntimeJar', task ':feature:health:bundleAndroidMainClassesToRuntimeJar', task ':feature:onboarding:bundleAndroidMainClassesToRuntimeJar', task ':feature:settings:bundleAndroidMainClassesToRuntimeJar', task ':feature:unlock:bundleAndroidMainClassesToRuntimeJar', task ':feature:vault:bundleAndroidMainClassesToRuntimeJar', task ':app-android:expandReleaseArtProfileWildcards', task ':app-android:extractProguardFiles', task ':app-android:mergeReleaseGeneratedProguardFiles', task ':app-android:processReleaseJavaRes', task ':shared:processAndroidMainJavaRes', task ':core:crypto:processAndroidMainJavaRes', task ':core:database:processAndroidMainJavaRes', task ':core:designsystem:processAndroidMainJavaRes', task ':core:domain:processAndroidMainJavaRes', task ':core:navigation:processAndroidMainJavaRes', task ':core:otp:processAndroidMainJavaRes', task ':core:security:processAndroidMainJavaRes', task ':feature:backup:processAndroidMainJavaRes', task ':feature:credential:processAndroidMainJavaRes', task ':feature:generator:processAndroidMainJavaRes', task ':feature:health:processAndroidMainJavaRes', task ':feature:onboarding:processAndroidMainJavaRes', task ':feature:settings:processAndroidMainJavaRes', task ':feature:unlock:processAndroidMainJavaRes', task ':feature:vault:processAndroidMainJavaRes', task ':app-android:mergeReleaseJavaResource', task ':app-android:mergeReleaseStartupProfile', task ':app-android:minifyReleaseWithR8', task ':app-android:mergeReleaseJniLibFolders', task ':shared:mergeAndroidMainJniLibFolders', task ':shared:mergeAndroidMainNativeLibs', task ':shared:copyAndroidMainJniLibsProjectOnly', task ':core:crypto:mergeAndroidMainJniLibFolders', task ':core:crypto:mergeAndroidMainNativeLibs', task ':core:crypto:copyAndroidMainJniLibsProjectOnly', task ':core:database:mergeAndroidMainJniLibFolders', task ':core:database:mergeAndroidMainNativeLibs', task ':core:database:copyAndroidMainJniLibsProjectOnly', task ':core:designsystem:mergeAndroidMainJniLibFolders', task ':core:designsystem:mergeAndroidMainNativeLibs', task ':core:designsystem:copyAndroidMainJniLibsProjectOnly', task ':core:domain:mergeAndroidMainJniLibFolders', task ':core:domain:mergeAndroidMainNativeLibs', task ':core:domain:copyAndroidMainJniLibsProjectOnly', task ':core:navigation:mergeAndroidMainJniLibFolders', task ':core:navigation:mergeAndroidMainNativeLibs', task ':core:navigation:copyAndroidMainJniLibsProjectOnly', task ':core:otp:mergeAndroidMainJniLibFolders', task ':core:otp:mergeAndroidMainNativeLibs', task ':core:otp:copyAndroidMainJniLibsProjectOnly', task ':core:security:mergeAndroidMainJniLibFolders', task ':core:security:mergeAndroidMainNativeLibs', task ':core:security:copyAndroidMainJniLibsProjectOnly', task ':feature:backup:mergeAndroidMainJniLibFolders', task ':feature:backup:mergeAndroidMainNativeLibs', task ':feature:backup:copyAndroidMainJniLibsProjectOnly', task ':feature:credential:mergeAndroidMainJniLibFolders', task ':feature:credential:mergeAndroidMainNativeLibs', task ':feature:credential:copyAndroidMainJniLibsProjectOnly', task ':feature:generator:mergeAndroidMainJniLibFolders', task ':feature:generator:mergeAndroidMainNativeLibs', task ':feature:generator:copyAndroidMainJniLibsProjectOnly', task ':feature:health:mergeAndroidMainJniLibFolders', task ':feature:health:mergeAndroidMainNativeLibs', task ':feature:health:copyAndroidMainJniLibsProjectOnly', task ':feature:onboarding:mergeAndroidMainJniLibFolders', task ':feature:onboarding:mergeAndroidMainNativeLibs', task ':feature:onboarding:copyAndroidMainJniLibsProjectOnly', task ':feature:settings:mergeAndroidMainJniLibFolders', task ':feature:settings:mergeAndroidMainNativeLibs', task ':feature:settings:copyAndroidMainJniLibsProjectOnly', task ':feature:unlock:mergeAndroidMainJniLibFolders', task ':feature:unlock:mergeAndroidMainNativeLibs', task ':feature:unlock:copyAndroidMainJniLibsProjectOnly', task ':feature:vault:mergeAndroidMainJniLibFolders', task ':feature:vault:mergeAndroidMainNativeLibs', task ':feature:vault:copyAndroidMainJniLibsProjectOnly', task ':app-android:mergeReleaseNativeLibs']
Tasks that were excluded: []
file or directory '/root/projects/PassVault/audit-runtime-linux-android-release-action03/checkout/shared/build/generated/compose/resourceGenerator/preparedResources/androidMain/composeResources', not found
file or directory '/root/projects/PassVault/audit-runtime-linux-android-release-action03/checkout/shared/build/generated/compose/resourceGenerator/preparedResources/androidMain/composeResources', not found
file or directory '/root/projects/PassVault/audit-runtime-linux-android-release-action03/checkout/shared/build/generated/compose/resourceGenerator/preparedResources/commonMain/composeResources', not found
file or directory '/root/projects/PassVault/audit-runtime-linux-android-release-action03/checkout/shared/build/generated/compose/resourceGenerator/preparedResources/commonMain/composeResources', not found
file or directory '/root/projects/PassVault/audit-runtime-linux-android-release-action03/checkout/core/designsystem/build/generated/compose/resourceGenerator/preparedResources/androidMain/composeResources', not found
file or directory '/root/projects/PassVault/audit-runtime-linux-android-release-action03/checkout/core/designsystem/build/generated/compose/resourceGenerator/preparedResources/androidMain/composeResources', not found
file or directory '/root/projects/PassVault/audit-runtime-linux-android-release-action03/checkout/core/designsystem/build/generated/compose/resourceGenerator/preparedResources/commonMain/composeResources', not found
file or directory '/root/projects/PassVault/audit-runtime-linux-android-release-action03/checkout/core/designsystem/build/generated/compose/resourceGenerator/preparedResources/commonMain/composeResources', not found
file or directory '/root/projects/PassVault/audit-runtime-linux-android-release-action03/checkout/feature/backup/build/generated/compose/resourceGenerator/preparedResources/androidMain/composeResources', not found
file or directory '/root/projects/PassVault/audit-runtime-linux-android-release-action03/checkout/feature/backup/build/generated/compose/resourceGenerator/preparedResources/androidMain/composeResources', not found
file or directory '/root/projects/PassVault/audit-runtime-linux-android-release-action03/checkout/feature/backup/build/generated/compose/resourceGenerator/preparedResources/commonMain/composeResources', not found
file or directory '/root/projects/PassVault/audit-runtime-linux-android-release-action03/checkout/feature/backup/build/generated/compose/resourceGenerator/preparedResources/commonMain/composeResources', not found
file or directory '/root/projects/PassVault/audit-runtime-linux-android-release-action03/checkout/feature/credential/build/generated/compose/resourceGenerator/preparedResources/androidMain/composeResources', not found
file or directory '/root/projects/PassVault/audit-runtime-linux-android-release-action03/checkout/feature/credential/build/generated/compose/resourceGenerator/preparedResources/androidMain/composeResources', not found
file or directory '/root/projects/PassVault/audit-runtime-linux-android-release-action03/checkout/feature/credential/build/generated/compose/resourceGenerator/preparedResources/commonMain/composeResources', not found
file or directory '/root/projects/PassVault/audit-runtime-linux-android-release-action03/checkout/feature/credential/build/generated/compose/resourceGenerator/preparedResources/commonMain/composeResources', not found
file or directory '/root/projects/PassVault/audit-runtime-linux-android-release-action03/checkout/feature/generator/build/generated/compose/resourceGenerator/preparedResources/androidMain/composeResources', not found
file or directory '/root/projects/PassVault/audit-runtime-linux-android-release-action03/checkout/feature/generator/build/generated/compose/resourceGenerator/preparedResources/androidMain/composeResources', not found
file or directory '/root/projects/PassVault/audit-runtime-linux-android-release-action03/checkout/feature/generator/build/generated/compose/resourceGenerator/preparedResources/commonMain/composeResources', not found
file or directory '/root/projects/PassVault/audit-runtime-linux-android-release-action03/checkout/feature/generator/build/generated/compose/resourceGenerator/preparedResources/commonMain/composeResources', not found
file or directory '/root/projects/PassVault/audit-runtime-linux-android-release-action03/checkout/feature/health/build/generated/compose/resourceGenerator/preparedResources/androidMain/composeResources', not found
file or directory '/root/projects/PassVault/audit-runtime-linux-android-release-action03/checkout/feature/health/build/generated/compose/resourceGenerator/preparedResources/androidMain/composeResources', not found
file or directory '/root/projects/PassVault/audit-runtime-linux-android-release-action03/checkout/feature/health/build/generated/compose/resourceGenerator/preparedResources/commonMain/composeResources', not found
file or directory '/root/projects/PassVault/audit-runtime-linux-android-release-action03/checkout/feature/health/build/generated/compose/resourceGenerator/preparedResources/commonMain/composeResources', not found
file or directory '/root/projects/PassVault/audit-runtime-linux-android-release-action03/checkout/feature/onboarding/build/generated/compose/resourceGenerator/preparedResources/androidMain/composeResources', not found
file or directory '/root/projects/PassVault/audit-runtime-linux-android-release-action03/checkout/feature/onboarding/build/generated/compose/resourceGenerator/preparedResources/androidMain/composeResources', not found
file or directory '/root/projects/PassVault/audit-runtime-linux-android-release-action03/checkout/feature/onboarding/build/generated/compose/resourceGenerator/preparedResources/commonMain/composeResources', not found
file or directory '/root/projects/PassVault/audit-runtime-linux-android-release-action03/checkout/feature/onboarding/build/generated/compose/resourceGenerator/preparedResources/commonMain/composeResources', not found
file or directory '/root/projects/PassVault/audit-runtime-linux-android-release-action03/checkout/feature/settings/build/generated/compose/resourceGenerator/preparedResources/androidMain/composeResources', not found
file or directory '/root/projects/PassVault/audit-runtime-linux-android-release-action03/checkout/feature/settings/build/generated/compose/resourceGenerator/preparedResources/androidMain/composeResources', not found
file or directory '/root/projects/PassVault/audit-runtime-linux-android-release-action03/checkout/feature/settings/build/generated/compose/resourceGenerator/preparedResources/commonMain/composeResources', not found
file or directory '/root/projects/PassVault/audit-runtime-linux-android-release-action03/checkout/feature/settings/build/generated/compose/resourceGenerator/preparedResources/commonMain/composeResources', not found
file or directory '/root/projects/PassVault/audit-runtime-linux-android-release-action03/checkout/feature/unlock/build/generated/compose/resourceGenerator/preparedResources/androidMain/composeResources', not found
file or directory '/root/projects/PassVault/audit-runtime-linux-android-release-action03/checkout/feature/unlock/build/generated/compose/resourceGenerator/preparedResources/androidMain/composeResources', not found
file or directory '/root/projects/PassVault/audit-runtime-linux-android-release-action03/checkout/feature/unlock/build/generated/compose/resourceGenerator/preparedResources/commonMain/composeResources', not found
file or directory '/root/projects/PassVault/audit-runtime-linux-android-release-action03/checkout/feature/unlock/build/generated/compose/resourceGenerator/preparedResources/commonMain/composeResources', not found
file or directory '/root/projects/PassVault/audit-runtime-linux-android-release-action03/checkout/feature/vault/build/generated/compose/resourceGenerator/preparedResources/androidMain/composeResources', not found
file or directory '/root/projects/PassVault/audit-runtime-linux-android-release-action03/checkout/feature/vault/build/generated/compose/resourceGenerator/preparedResources/androidMain/composeResources', not found
file or directory '/root/projects/PassVault/audit-runtime-linux-android-release-action03/checkout/feature/vault/build/generated/compose/resourceGenerator/preparedResources/commonMain/composeResources', not found
file or directory '/root/projects/PassVault/audit-runtime-linux-android-release-action03/checkout/feature/vault/build/generated/compose/resourceGenerator/preparedResources/commonMain/composeResources', not found
Build 138ae600-117d-4b1d-9e98-41efd45df0fa is closed
PASSVAULT_ANDROID_RELEASE_ACTION01={"format":"passvault-android-release-action01-receipt-v1","runId":"linux-android-release-action03","sourceManifestSha256":"5eed5ec803e336c3868d1fe4255f02535fda3672ed5455e7499d7b9ffc881aa6","subjectSha256":"c7a382773cb11383d583b6fd1dcead85aac30ccc0a38f81995f535dc1029da42","selector":[":app-android:minifyReleaseWithR8",":app-android:mergeReleaseNativeLibs"],"methodFilter":null,"graphOnly":false,"nativeBundleResolutionDenied":false,"kind":"finished","phase":"whole-graph-barrier","graphCount":0,"whenReadyEntries":1,"finishCallbacks":1,"beforeTaskEntries":0,"afterTaskEvents":0,"taskCount":0,"taskActionsAdmitted":false,"localProducerCollection":false,"failureType":"org.gradle.internal.exceptions.LocationAwareException","controlFailure":true,"schemaFinalizerComplete":false,"inputCompletions":[],"outputCompletions":[],"observedTestCases":0,"finalProcessAndLogReviewRequired":true,"qualification":"Callback-local finite producer evidence; original exit0, retained bytes, stop/settlement and independent review remain required. No final APK/AAB/signing/publication or PVA closure."}

[Incubating] Problems report is available at: file:///root/projects/PassVault/audit-runtime-linux-android-release-action03/checkout/build/reports/problems/problems-report.html

FAILURE: Build failed with an exception.

* Where:
Initialization script '/root/projects/PassVault/passvault-linux/docs/audit-continuation/2026-09-08-linux/reviews/team20/resume_disk/root/android-action-instance03/INIT.gradle' line: 582

* What went wrong:
Failed to notify task execution graph listener.
> com.android.build.gradle.internal.tasks.R8Task.getProgramClasses()

* Try:
> Run with --debug option to get more log output.
> Run with --scan to get full insights from a Build Scan (powered by Develocity).
> Get more help at https://help.gradle.org.

* Exception is:
org.gradle.internal.event.ListenerNotificationException: Failed to notify task execution graph listener.
	at org.gradle.internal.event.AbstractBroadcastDispatch.dispatch(AbstractBroadcastDispatch.java:112)
	at org.gradle.internal.event.AbstractBroadcastDispatch.dispatch(AbstractBroadcastDispatch.java:70)
	at org.gradle.internal.event.BroadcastDispatch$CompositeDispatch.dispatch(BroadcastDispatch.java:382)
	at org.gradle.internal.event.BroadcastDispatch$CompositeDispatch.dispatch(BroadcastDispatch.java:274)
	at org.gradle.internal.event.ListenerBroadcast.dispatch(ListenerBroadcast.java:160)
	at org.gradle.internal.event.ListenerBroadcast.dispatch(ListenerBroadcast.java:37)
	at org.gradle.internal.dispatch.ProxyDispatchAdapter$DispatchingInvocationHandler.invoke(ProxyDispatchAdapter.java:88)
	at jdk.proxy1/jdk.proxy1.$Proxy84.graphPopulated(Unknown Source)
	at org.gradle.execution.taskgraph.DefaultTaskExecutionGraph$NotifyTaskGraphWhenReady.run(DefaultTaskExecutionGraph.java:403)
	at org.gradle.internal.operations.DefaultBuildOperationRunner$1.execute(DefaultBuildOperationRunner.java:30)
	at org.gradle.internal.operations.DefaultBuildOperationRunner$1.execute(DefaultBuildOperationRunner.java:27)
	at org.gradle.internal.operations.DefaultBuildOperationRunner$2.execute(DefaultBuildOperationRunner.java:67)
	at org.gradle.internal.operations.DefaultBuildOperationRunner$2.execute(DefaultBuildOperationRunner.java:60)
	at org.gradle.internal.operations.DefaultBuildOperationRunner.execute(DefaultBuildOperationRunner.java:167)
	at org.gradle.internal.operations.DefaultBuildOperationRunner.execute(DefaultBuildOperationRunner.java:60)
	at org.gradle.internal.operations.DefaultBuildOperationRunner.run(DefaultBuildOperationRunner.java:48)
	at org.gradle.execution.taskgraph.DefaultTaskExecutionGraph.lambda$fireWhenReady$0(DefaultTaskExecutionGraph.java:383)
	at org.gradle.internal.build.BuildProjectRegistry.lambda$withMutableStateOfAllProjects$0(BuildProjectRegistry.java:60)
	at org.gradle.internal.build.BuildProjectRegistry.lambda$applyToMutableStateOfAllProjects$0(BuildProjectRegistry.java:78)
	at org.gradle.api.internal.project.DefaultProjectStateRegistry$DefaultBuildProjectRegistry.lambda$fromMutableStateOfAllProjects$0(DefaultProjectStateRegistry.java:278)
	at org.gradle.internal.work.DefaultWorkerLeaseService.lambda$runAndReleaseLocks$0(DefaultWorkerLeaseService.java:302)
	at org.gradle.internal.work.ResourceLockStatistics$1.measure(ResourceLockStatistics.java:43)
	at org.gradle.internal.work.DefaultWorkerLeaseService.runAndReleaseLocks(DefaultWorkerLeaseService.java:300)
	at org.gradle.internal.work.DefaultWorkerLeaseService.withLocksAcquired(DefaultWorkerLeaseService.java:296)
	at org.gradle.internal.work.DefaultWorkerLeaseService.lambda$withReplacedLocks$0(DefaultWorkerLeaseService.java:452)
	at org.gradle.internal.work.DefaultWorkerLeaseService.withoutLocks(DefaultWorkerLeaseService.java:374)
	at org.gradle.internal.work.DefaultWorkerLeaseService.withReplacedLocks(DefaultWorkerLeaseService.java:451)
	at org.gradle.api.internal.project.DefaultProjectStateRegistry$DefaultBuildProjectRegistry.fromMutableStateOfAllProjects(DefaultProjectStateRegistry.java:277)
	at org.gradle.internal.build.BuildProjectRegistry.applyToMutableStateOfAllProjects(BuildProjectRegistry.java:77)
	at org.gradle.internal.build.BuildProjectRegistry.withMutableStateOfAllProjects(BuildProjectRegistry.java:60)
	at org.gradle.execution.taskgraph.DefaultTaskExecutionGraph.fireWhenReady(DefaultTaskExecutionGraph.java:382)
	at org.gradle.execution.taskgraph.DefaultTaskExecutionGraph.populate(DefaultTaskExecutionGraph.java:114)
	at org.gradle.internal.build.DefaultBuildWorkPreparer.finalizeWorkGraph(DefaultBuildWorkPreparer.java:53)
	at org.gradle.internal.build.BuildOperationFiringBuildWorkPreparer.finalizeWorkGraph(BuildOperationFiringBuildWorkPreparer.java:72)
	at org.gradle.internal.build.DefaultBuildLifecycleController.lambda$finalizeWorkGraph$0(DefaultBuildLifecycleController.java:212)
	at org.gradle.internal.model.StateTransitionController.lambda$doTransition$0(StateTransitionController.java:313)
	at org.gradle.internal.model.StateTransitionController.doTransition(StateTransitionController.java:324)
	at org.gradle.internal.model.StateTransitionController.doTransition(StateTransitionController.java:312)
	at org.gradle.internal.model.StateTransitionController.lambda$transition$0(StateTransitionController.java:218)
	at org.gradle.internal.work.DefaultSynchronizer.withLock(DefaultSynchronizer.java:35)
	at org.gradle.internal.model.StateTransitionController.transition(StateTransitionController.java:218)
	at org.gradle.internal.build.DefaultBuildLifecycleController.finalizeWorkGraph(DefaultBuildLifecycleController.java:208)
	at org.gradle.internal.build.DefaultBuildWorkGraphController$DefaultBuildWorkGraph.finalizeGraph(DefaultBuildWorkGraphController.java:206)
	at org.gradle.composite.internal.DefaultBuildController.finalizeWorkGraph(DefaultBuildController.java:120)
	at org.gradle.composite.internal.DefaultBuildControllers.populateWorkGraphs(DefaultBuildControllers.java:79)
	at org.gradle.composite.internal.DefaultIncludedBuildTaskGraph$DefaultBuildTreeWorkGraph$1.run(DefaultIncludedBuildTaskGraph.java:213)
	at org.gradle.internal.operations.DefaultBuildOperationRunner$1.execute(DefaultBuildOperationRunner.java:30)
	at org.gradle.internal.operations.DefaultBuildOperationRunner$1.execute(DefaultBuildOperationRunner.java:27)
	at org.gradle.internal.operations.DefaultBuildOperationRunner$2.execute(DefaultBuildOperationRunner.java:67)
	at org.gradle.internal.operations.DefaultBuildOperationRunner$2.execute(DefaultBuildOperationRunner.java:60)
	at org.gradle.internal.operations.DefaultBuildOperationRunner.execute(DefaultBuildOperationRunner.java:167)
	at org.gradle.internal.operations.DefaultBuildOperationRunner.execute(DefaultBuildOperationRunner.java:60)
	at org.gradle.internal.operations.DefaultBuildOperationRunner.run(DefaultBuildOperationRunner.java:48)
	at org.gradle.composite.internal.DefaultIncludedBuildTaskGraph$DefaultBuildTreeWorkGraph.scheduleWork(DefaultIncludedBuildTaskGraph.java:207)
	at org.gradle.internal.buildtree.DefaultBuildTreeWorkPreparer.scheduleRequestedTasks(DefaultBuildTreeWorkPreparer.java:36)
	at org.gradle.internal.cc.impl.barrier.BarrierAwareBuildTreeWorkPreparer.scheduleRequestedTasks$lambda$0(BarrierAwareBuildTreeWorkPreparer.kt:34)
	at org.gradle.internal.cc.impl.barrier.VintageConfigurationTimeActionRunner.runConfigurationTimeAction(VintageConfigurationTimeActionRunner.kt:48)
	at org.gradle.internal.cc.impl.barrier.BarrierAwareBuildTreeWorkPreparer.scheduleRequestedTasks(BarrierAwareBuildTreeWorkPreparer.kt:33)
	at org.gradle.internal.cc.impl.VintageBuildTreeWorkController$scheduleAndRunRequestedTasks$1$finalizedGraph$1.call(VintageBuildTreeWorkController.kt:37)
	at org.gradle.internal.cc.impl.VintageBuildTreeWorkController$scheduleAndRunRequestedTasks$1$finalizedGraph$1.call(VintageBuildTreeWorkController.kt:37)
	at org.gradle.internal.Try.ofFailable(Try.java:46)
	at org.gradle.internal.cc.impl.VintageBuildTreeWorkController$scheduleAndRunRequestedTasks$1.apply(VintageBuildTreeWorkController.kt:37)
	at org.gradle.internal.cc.impl.VintageBuildTreeWorkController$scheduleAndRunRequestedTasks$1.apply(VintageBuildTreeWorkController.kt:36)
	at org.gradle.composite.internal.DefaultIncludedBuildTaskGraph.withNewWorkGraph(DefaultIncludedBuildTaskGraph.java:115)
	at org.gradle.internal.cc.impl.VintageBuildTreeWorkController.scheduleAndRunRequestedTasks(VintageBuildTreeWorkController.kt:36)
	at org.gradle.internal.buildtree.DefaultBuildTreeLifecycleController.lambda$scheduleAndRunTasks$0(DefaultBuildTreeLifecycleController.java:80)
	at org.gradle.internal.buildtree.DefaultBuildTreeLifecycleController.lambda$runBuild$0(DefaultBuildTreeLifecycleController.java:166)
	at org.gradle.internal.model.StateTransitionController.lambda$transition$2(StateTransitionController.java:227)
	at org.gradle.internal.model.StateTransitionController.doTransition(StateTransitionController.java:324)
	at org.gradle.internal.model.StateTransitionController.lambda$transition$1(StateTransitionController.java:227)
	at org.gradle.internal.work.DefaultSynchronizer.withLock(DefaultSynchronizer.java:45)
	at org.gradle.internal.model.StateTransitionController.transition(StateTransitionController.java:227)
	at org.gradle.internal.buildtree.DefaultBuildTreeLifecycleController.runBuild(DefaultBuildTreeLifecycleController.java:163)
	at org.gradle.internal.buildtree.DefaultBuildTreeLifecycleController.scheduleAndRunTasks(DefaultBuildTreeLifecycleController.java:80)
	at org.gradle.internal.buildtree.DefaultBuildTreeLifecycleController.scheduleAndRunTasks(DefaultBuildTreeLifecycleController.java:75)
	at org.gradle.tooling.internal.provider.ExecuteBuildActionRunner.run(ExecuteBuildActionRunner.java:31)
	at org.gradle.launcher.exec.ChainingBuildActionRunner.run(ChainingBuildActionRunner.java:35)
	at org.gradle.internal.buildtree.ProblemReportingBuildActionRunner.run(ProblemReportingBuildActionRunner.java:55)
	at org.gradle.launcher.exec.BuildOutcomeReportingBuildActionRunner.run(BuildOutcomeReportingBuildActionRunner.java:83)
	at org.gradle.tooling.internal.provider.FileSystemWatchingBuildActionRunner.run(FileSystemWatchingBuildActionRunner.java:118)
	at org.gradle.launcher.exec.BuildCompletionNotifyingBuildActionRunner.run(BuildCompletionNotifyingBuildActionRunner.java:64)
	at org.gradle.launcher.exec.RootBuildLifecycleBuildActionExecutor.lambda$execute$0(RootBuildLifecycleBuildActionExecutor.java:97)
	at org.gradle.composite.internal.DefaultRootBuildState.run(DefaultRootBuildState.java:119)
	at org.gradle.launcher.exec.RootBuildLifecycleBuildActionExecutor.execute(RootBuildLifecycleBuildActionExecutor.java:97)
	at org.gradle.launcher.exec.DefaultBuildTreeActionExecutor.runBuildTreeLifecycle(DefaultBuildTreeActionExecutor.java:126)
	at org.gradle.launcher.exec.DefaultBuildTreeActionExecutor.access$100(DefaultBuildTreeActionExecutor.java:52)
	at org.gradle.launcher.exec.DefaultBuildTreeActionExecutor$2.call(DefaultBuildTreeActionExecutor.java:98)
	at org.gradle.launcher.exec.DefaultBuildTreeActionExecutor$2.call(DefaultBuildTreeActionExecutor.java:94)
	at org.gradle.internal.operations.DefaultBuildOperationRunner$CallableBuildOperationWorker.execute(DefaultBuildOperationRunner.java:210)
	at org.gradle.internal.operations.DefaultBuildOperationRunner$CallableBuildOperationWorker.execute(DefaultBuildOperationRunner.java:205)
	at org.gradle.internal.operations.DefaultBuildOperationRunner$2.execute(DefaultBuildOperationRunner.java:67)
	at org.gradle.internal.operations.DefaultBuildOperationRunner$2.execute(DefaultBuildOperationRunner.java:60)
	at org.gradle.internal.operations.DefaultBuildOperationRunner.execute(DefaultBuildOperationRunner.java:167)
	at org.gradle.internal.operations.DefaultBuildOperationRunner.execute(DefaultBuildOperationRunner.java:60)
	at org.gradle.internal.operations.DefaultBuildOperationRunner.call(DefaultBuildOperationRunner.java:54)
	at org.gradle.launcher.exec.DefaultBuildTreeActionExecutor.runAsBuildOperation(DefaultBuildTreeActionExecutor.java:94)
	at org.gradle.launcher.exec.DefaultBuildTreeActionExecutor.lambda$runBuildTreeAction$0(DefaultBuildTreeActionExecutor.java:88)
	at org.gradle.internal.work.DefaultWorkerLeaseService.lambda$runAndReleaseLocks$0(DefaultWorkerLeaseService.java:302)
	at org.gradle.internal.work.ResourceLockStatistics$1.measure(ResourceLockStatistics.java:43)
	at org.gradle.internal.work.DefaultWorkerLeaseService.runAndReleaseLocks(DefaultWorkerLeaseService.java:300)
	at org.gradle.internal.work.DefaultWorkerLeaseService.withLocksAcquired(DefaultWorkerLeaseService.java:296)
	at org.gradle.internal.work.DefaultWorkerLeaseService.withLocks(DefaultWorkerLeaseService.java:288)
	at org.gradle.internal.work.DefaultWorkerLeaseService.runAsWorkerThread(DefaultWorkerLeaseService.java:131)
	at org.gradle.launcher.exec.DefaultBuildTreeActionExecutor.runBuildTreeAction(DefaultBuildTreeActionExecutor.java:88)
	at org.gradle.tooling.internal.provider.continuous.ContinuousBuildActionExecutor.execute(ContinuousBuildActionExecutor.java:111)
	at org.gradle.tooling.internal.provider.SubscribableBuildActionExecutor.execute(SubscribableBuildActionExecutor.java:64)
	at org.gradle.internal.session.DefaultBuildSessionContext.execute(DefaultBuildSessionContext.java:46)
	at org.gradle.internal.buildprocess.execution.BuildSessionLifecycleBuildActionExecutor$ActionImpl.apply(BuildSessionLifecycleBuildActionExecutor.java:106)
	at org.gradle.internal.buildprocess.execution.BuildSessionLifecycleBuildActionExecutor$ActionImpl.apply(BuildSessionLifecycleBuildActionExecutor.java:94)
	at org.gradle.internal.session.BuildSessionState.run(BuildSessionState.java:73)
	at org.gradle.internal.buildprocess.execution.BuildSessionLifecycleBuildActionExecutor.execute(BuildSessionLifecycleBuildActionExecutor.java:67)
	at org.gradle.internal.buildprocess.execution.BuildSessionLifecycleBuildActionExecutor.execute(BuildSessionLifecycleBuildActionExecutor.java:45)
	at org.gradle.internal.buildprocess.execution.StartParamsValidatingActionExecutor.execute(StartParamsValidatingActionExecutor.java:57)
	at org.gradle.internal.buildprocess.execution.StartParamsValidatingActionExecutor.execute(StartParamsValidatingActionExecutor.java:32)
	at org.gradle.internal.buildprocess.execution.SessionFailureReportingActionExecutor.execute(SessionFailureReportingActionExecutor.java:51)
	at org.gradle.internal.buildprocess.execution.SessionFailureReportingActionExecutor.execute(SessionFailureReportingActionExecutor.java:39)
	at org.gradle.internal.buildprocess.execution.SetupLoggingActionExecutor.execute(SetupLoggingActionExecutor.java:47)
	at org.gradle.internal.buildprocess.execution.SetupLoggingActionExecutor.execute(SetupLoggingActionExecutor.java:31)
	at org.gradle.launcher.daemon.server.exec.ExecuteBuild.doBuild(ExecuteBuild.java:70)
	at org.gradle.launcher.daemon.server.exec.BuildCommandOnly.execute(BuildCommandOnly.java:37)
	at org.gradle.launcher.daemon.server.api.DaemonCommandExecution.proceed(DaemonCommandExecution.java:104)
	at org.gradle.launcher.daemon.server.exec.WatchForDisconnection.execute(WatchForDisconnection.java:39)
	at org.gradle.launcher.daemon.server.api.DaemonCommandExecution.proceed(DaemonCommandExecution.java:104)
	at org.gradle.launcher.daemon.server.exec.ResetDeprecationLogger.execute(ResetDeprecationLogger.java:29)
	at org.gradle.launcher.daemon.server.api.DaemonCommandExecution.proceed(DaemonCommandExecution.java:104)
	at org.gradle.launcher.daemon.server.exec.RequestStopIfSingleUsedDaemon.execute(RequestStopIfSingleUsedDaemon.java:35)
	at org.gradle.launcher.daemon.server.api.DaemonCommandExecution.proceed(DaemonCommandExecution.java:104)
	at org.gradle.launcher.daemon.server.exec.ForwardClientInput.lambda$execute$0(ForwardClientInput.java:40)
	at org.gradle.internal.daemon.clientinput.ClientInputForwarder.forwardInput(ClientInputForwarder.java:80)
	at org.gradle.launcher.daemon.server.exec.ForwardClientInput.execute(ForwardClientInput.java:37)
	at org.gradle.launcher.daemon.server.api.DaemonCommandExecution.proceed(DaemonCommandExecution.java:104)
	at org.gradle.launcher.daemon.server.exec.LogAndCheckHealth.execute(LogAndCheckHealth.java:53)
	at org.gradle.launcher.daemon.server.api.DaemonCommandExecution.proceed(DaemonCommandExecution.java:104)
	at org.gradle.launcher.daemon.server.exec.ApplyClientEnvironmentVariables.doBuild(ApplyClientEnvironmentVariables.java:80)
	at org.gradle.launcher.daemon.server.exec.BuildCommandOnly.execute(BuildCommandOnly.java:37)
	at org.gradle.launcher.daemon.server.api.DaemonCommandExecution.proceed(DaemonCommandExecution.java:104)
	at org.gradle.launcher.daemon.server.exec.LogToClient.doBuild(LogToClient.java:63)
	at org.gradle.launcher.daemon.server.exec.BuildCommandOnly.execute(BuildCommandOnly.java:37)
	at org.gradle.launcher.daemon.server.api.DaemonCommandExecution.proceed(DaemonCommandExecution.java:104)
	at org.gradle.launcher.daemon.server.exec.EstablishBuildEnvironment.doBuild(EstablishBuildEnvironment.java:74)
	at org.gradle.launcher.daemon.server.exec.BuildCommandOnly.execute(BuildCommandOnly.java:37)
	at org.gradle.launcher.daemon.server.api.DaemonCommandExecution.proceed(DaemonCommandExecution.java:104)
	at org.gradle.launcher.daemon.server.exec.StartBuildOrRespondWithBusy$1.run(StartBuildOrRespondWithBusy.java:52)
	at org.gradle.launcher.daemon.server.DaemonStateCoordinator.lambda$runCommand$0(DaemonStateCoordinator.java:321)
	at org.gradle.internal.concurrent.ExecutorPolicy$CatchAndRecordFailures.onExecute(ExecutorPolicy.java:65)
	at org.gradle.internal.concurrent.AbstractManagedExecutor$1.run(AbstractManagedExecutor.java:47)
Caused by: java.lang.NoSuchMethodException: com.android.build.gradle.internal.tasks.R8Task.getProgramClasses()
	at INIT_6yup1ogbsj42ns8riaupx5pc4$_run_closure39$_closure69.doCall$original(/root/projects/PassVault/passvault-linux/docs/audit-continuation/2026-09-08-linux/reviews/team20/resume_disk/root/android-action-instance03/INIT.gradle:582)
	at INIT_6yup1ogbsj42ns8riaupx5pc4$_run_closure39$_closure69.doCall(/root/projects/PassVault/passvault-linux/docs/audit-continuation/2026-09-08-linux/reviews/team20/resume_disk/root/android-action-instance03/INIT.gradle)
	at INIT_6yup1ogbsj42ns8riaupx5pc4$_run_closure39$_closure76.doCall$original(/root/projects/PassVault/passvault-linux/docs/audit-continuation/2026-09-08-linux/reviews/team20/resume_disk/root/android-action-instance03/INIT.gradle:720)
	at INIT_6yup1ogbsj42ns8riaupx5pc4$_run_closure39$_closure76.doCall(/root/projects/PassVault/passvault-linux/docs/audit-continuation/2026-09-08-linux/reviews/team20/resume_disk/root/android-action-instance03/INIT.gradle)
	at INIT_6yup1ogbsj42ns8riaupx5pc4$_run_closure39.doCall$original(/root/projects/PassVault/passvault-linux/docs/audit-continuation/2026-09-08-linux/reviews/team20/resume_disk/root/android-action-instance03/INIT.gradle:718)
	at INIT_6yup1ogbsj42ns8riaupx5pc4$_run_closure39.doCall(/root/projects/PassVault/passvault-linux/docs/audit-continuation/2026-09-08-linux/reviews/team20/resume_disk/root/android-action-instance03/INIT.gradle)
	at INIT_6yup1ogbsj42ns8riaupx5pc4$_run_closure40.doCall$original(/root/projects/PassVault/passvault-linux/docs/audit-continuation/2026-09-08-linux/reviews/team20/resume_disk/root/android-action-instance03/INIT.gradle:737)
	at INIT_6yup1ogbsj42ns8riaupx5pc4$_run_closure40.doCall(/root/projects/PassVault/passvault-linux/docs/audit-continuation/2026-09-08-linux/reviews/team20/resume_disk/root/android-action-instance03/INIT.gradle)
	at INIT_6yup1ogbsj42ns8riaupx5pc4$_run_closure40.doCall$original(/root/projects/PassVault/passvault-linux/docs/audit-continuation/2026-09-08-linux/reviews/team20/resume_disk/root/android-action-instance03/INIT.gradle)
	at INIT_6yup1ogbsj42ns8riaupx5pc4$_run_closure40.doCall(/root/projects/PassVault/passvault-linux/docs/audit-continuation/2026-09-08-linux/reviews/team20/resume_disk/root/android-action-instance03/INIT.gradle)
	at INIT_6yup1ogbsj42ns8riaupx5pc4$_run_closure44.doCall$original(/root/projects/PassVault/passvault-linux/docs/audit-continuation/2026-09-08-linux/reviews/team20/resume_disk/root/android-action-instance03/INIT.gradle:926)
	at INIT_6yup1ogbsj42ns8riaupx5pc4$_run_closure44.doCall(/root/projects/PassVault/passvault-linux/docs/audit-continuation/2026-09-08-linux/reviews/team20/resume_disk/root/android-action-instance03/INIT.gradle)
	at org.gradle.configuration.internal.DefaultListenerBuildOperationDecorator$BuildOperationEmittingClosure$1.lambda$run$0(DefaultListenerBuildOperationDecorator.java:201)
	at org.gradle.internal.code.DefaultUserCodeApplicationContext$CurrentApplication.reapply(DefaultUserCodeApplicationContext.java:99)
	at org.gradle.configuration.internal.DefaultListenerBuildOperationDecorator$BuildOperationEmittingClosure$1.run(DefaultListenerBuildOperationDecorator.java:198)
	at org.gradle.internal.operations.DefaultBuildOperationRunner$1.execute(DefaultBuildOperationRunner.java:30)
	at org.gradle.internal.operations.DefaultBuildOperationRunner$1.execute(DefaultBuildOperationRunner.java:27)
	at org.gradle.internal.operations.DefaultBuildOperationRunner$2.execute(DefaultBuildOperationRunner.java:67)
	at org.gradle.internal.operations.DefaultBuildOperationRunner$2.execute(DefaultBuildOperationRunner.java:60)
	at org.gradle.internal.operations.DefaultBuildOperationRunner.execute(DefaultBuildOperationRunner.java:167)
	at org.gradle.internal.operations.DefaultBuildOperationRunner.execute(DefaultBuildOperationRunner.java:60)
	at org.gradle.internal.operations.DefaultBuildOperationRunner.run(DefaultBuildOperationRunner.java:48)
	at org.gradle.configuration.internal.DefaultListenerBuildOperationDecorator$BuildOperationEmittingClosure.doCall(DefaultListenerBuildOperationDecorator.java:195)
	at org.gradle.listener.ClosureBackedMethodInvocationDispatch.dispatch(ClosureBackedMethodInvocationDispatch.java:41)
	at org.gradle.listener.ClosureBackedMethodInvocationDispatch.dispatch(ClosureBackedMethodInvocationDispatch.java:25)
	at org.gradle.internal.event.AbstractBroadcastDispatch.dispatch(AbstractBroadcastDispatch.java:44)
	at org.gradle.internal.event.BroadcastDispatch$SingletonDispatch.dispatch(BroadcastDispatch.java:270)
	at org.gradle.internal.event.BroadcastDispatch$SingletonDispatch.dispatch(BroadcastDispatch.java:172)
	at org.gradle.internal.event.AbstractBroadcastDispatch.dispatch(AbstractBroadcastDispatch.java:84)
	... 145 more


BUILD FAILED in 1m 57s
Some of the file system contents retained in the virtual file system are on file systems that Gradle doesn't support watching. The relevant state was discarded to ensure changes to these locations are properly detected. You can override this by explicitly enabling file system watching.
