docs/audit-continuation/2026-09-08-linux/publication/CHECKPOINT-11-WHITESPACE.log:2: trailing whitespace.
++native-five	Retain only newly owned compact synthetic evidence	
docs/audit-continuation/2026-09-08-linux/publication/CHECKPOINT-11-WHITESPACE.log:4: trailing whitespace.
++  "backtraceGraph" : 
docs/audit-continuation/2026-09-08-linux/publication/CHECKPOINT-11-WHITESPACE.log:6: trailing whitespace.
++    "commands" : 
docs/audit-continuation/2026-09-08-linux/publication/CHECKPOINT-11-WHITESPACE.log:8: trailing whitespace.
++    "files" : 
docs/audit-continuation/2026-09-08-linux/publication/CHECKPOINT-11-WHITESPACE.log:10: trailing whitespace.
++    "nodes" : 
docs/audit-continuation/2026-09-08-linux/publication/CHECKPOINT-11-WHITESPACE.log:12: trailing whitespace.
++  "tests" : 
docs/audit-continuation/2026-09-08-linux/publication/CHECKPOINT-11-WHITESPACE.log:14: trailing whitespace.
++      "command" : 
docs/audit-continuation/2026-09-08-linux/publication/CHECKPOINT-11-WHITESPACE.log:16: trailing whitespace.
++      "properties" : 
docs/audit-continuation/2026-09-08-linux/publication/CHECKPOINT-11-WHITESPACE.log:18: trailing whitespace.
++      "command" : 
docs/audit-continuation/2026-09-08-linux/publication/CHECKPOINT-11-WHITESPACE.log:20: trailing whitespace.
++      "properties" : 
docs/audit-continuation/2026-09-08-linux/publication/CHECKPOINT-11-WHITESPACE.log:22: trailing whitespace.
++      "command" : 
docs/audit-continuation/2026-09-08-linux/publication/CHECKPOINT-11-WHITESPACE.log:24: trailing whitespace.
++      "properties" : 
docs/audit-continuation/2026-09-08-linux/publication/CHECKPOINT-11-WHITESPACE.log:26: trailing whitespace.
++      "command" : 
docs/audit-continuation/2026-09-08-linux/publication/CHECKPOINT-11-WHITESPACE.log:28: trailing whitespace.
++      "properties" : 
docs/audit-continuation/2026-09-08-linux/publication/CHECKPOINT-11-WHITESPACE.log:30: trailing whitespace.
++      "command" : 
docs/audit-continuation/2026-09-08-linux/publication/CHECKPOINT-11-WHITESPACE.log:32: trailing whitespace.
++      "properties" : 
docs/audit-continuation/2026-09-08-linux/publication/CHECKPOINT-11-WHITESPACE.log:34: trailing whitespace.
++  "version" : 
docs/audit-continuation/2026-09-08-linux/reviews/android32/runner-facts-01/macos-15-arm64-Readme.md:297: new blank line at EOF.
docs/audit-continuation/2026-09-08-linux/runs/linux-desktop-gui02/logs/prepare.log:17: trailing whitespace.
+Daemon will be stopped at the end of the build 
docs/audit-continuation/2026-09-08-linux/runs/linux-desktop-gui02/logs/render.log:3: trailing whitespace.
+Daemon will be stopped at the end of the build 
docs/audit-continuation/2026-09-08-linux/runs/windows-cohort05/07-build.log:3: trailing whitespace.
+Run Build Command(s): "C:/Program Files/Microsoft Visual Studio/2022/Enterprise/MSBuild/Current/Bin/amd64/MSBuild.exe" passvault_biometric_windows_security_test.vcxproj /p:Configuration=Release /p:Platform=x64 /p:VisualStudioVersion=17.0 /m:1 /v:n /nodeReuse:false && 
docs/audit-continuation/2026-09-08-linux/runs/windows-cohort05/07-build.log:4: trailing whitespace.
+MSBuild version 17.14.51+25f168cee for .NET Framework
docs/audit-continuation/2026-09-08-linux/runs/windows-cohort05/07-build.log:5: trailing whitespace.
+Build started 9/10/2026 5:07:17 AM.
docs/audit-continuation/2026-09-08-linux/runs/windows-cohort05/07-build.log:6: trailing whitespace.
+
docs/audit-continuation/2026-09-08-linux/runs/windows-cohort05/07-build.log:7: trailing whitespace.
+Project "D:\a\_temp\passvault-windows-cohort-05-34439762763-1-be5f25d196d98cb0dc091b0228e3e4e7\build\passvault_biometric_windows_security_test.vcxproj" on node 1 (default targets).
docs/audit-continuation/2026-09-08-linux/runs/windows-cohort05/07-build.log:8: trailing whitespace.
+Project "D:\a\_temp\passvault-windows-cohort-05-34439762763-1-be5f25d196d98cb0dc091b0228e3e4e7\build\passvault_biometric_windows_security_test.vcxproj" (1) is building "D:\a\_temp\passvault-windows-cohort-05-34439762763-1-be5f25d196d98cb0dc091b0228e3e4e7\build\ZERO_CHECK.vcxproj" (2) on node 1 (default targets).
docs/audit-continuation/2026-09-08-linux/runs/windows-cohort05/07-build.log:9: trailing whitespace.
+PrepareForBuild:
docs/audit-continuation/2026-09-08-linux/runs/windows-cohort05/07-build.log:10: trailing whitespace.
+  Creating directory "x64\Release\ZERO_CHECK\".
docs/audit-continuation/2026-09-08-linux/runs/windows-cohort05/07-build.log:11: trailing whitespace.
+  Structured output is enabled. The formatting of compiler diagnostics will reflect the error hierarchy. See https://aka.ms/cpp/structured-output for more details.
docs/audit-continuation/2026-09-08-linux/runs/windows-cohort05/07-build.log:12: trailing whitespace.
+  Creating directory "x64\Release\ZERO_CHECK\ZERO_CHECK.tlog\".
docs/audit-continuation/2026-09-08-linux/runs/windows-cohort05/07-build.log:13: trailing whitespace.
+InitializeBuildStatus:
docs/audit-continuation/2026-09-08-linux/runs/windows-cohort05/07-build.log:14: trailing whitespace.
+  Creating "x64\Release\ZERO_CHECK\ZERO_CHECK.tlog\unsuccessfulbuild" because "AlwaysCreate" was specified.
docs/audit-continuation/2026-09-08-linux/runs/windows-cohort05/07-build.log:15: trailing whitespace.
+  Touching "x64\Release\ZERO_CHECK\ZERO_CHECK.tlog\unsuccessfulbuild".
docs/audit-continuation/2026-09-08-linux/runs/windows-cohort05/07-build.log:16: trailing whitespace.
+CustomBuild:
docs/audit-continuation/2026-09-08-linux/runs/windows-cohort05/07-build.log:17: trailing whitespace.
+  1>Checking Build System
docs/audit-continuation/2026-09-08-linux/runs/windows-cohort05/07-build.log:18: trailing whitespace.
+FinalizeBuildStatus:
docs/audit-continuation/2026-09-08-linux/runs/windows-cohort05/07-build.log:19: trailing whitespace.
+  Deleting file "x64\Release\ZERO_CHECK\ZERO_CHECK.tlog\unsuccessfulbuild".
docs/audit-continuation/2026-09-08-linux/runs/windows-cohort05/07-build.log:20: trailing whitespace.
+  Touching "x64\Release\ZERO_CHECK\ZERO_CHECK.tlog\ZERO_CHECK.lastbuildstate".
docs/audit-continuation/2026-09-08-linux/runs/windows-cohort05/07-build.log:21: trailing whitespace.
+Done Building Project "D:\a\_temp\passvault-windows-cohort-05-34439762763-1-be5f25d196d98cb0dc091b0228e3e4e7\build\ZERO_CHECK.vcxproj" (default targets).
docs/audit-continuation/2026-09-08-linux/runs/windows-cohort05/07-build.log:22: trailing whitespace.
+PrepareForBuild:
docs/audit-continuation/2026-09-08-linux/runs/windows-cohort05/07-build.log:23: trailing whitespace.
+  Creating directory "passvault_biometric_windows_security_test.dir\Release\".
docs/audit-continuation/2026-09-08-linux/runs/windows-cohort05/07-build.log:24: trailing whitespace.
+  Structured output is enabled. The formatting of compiler diagnostics will reflect the error hierarchy. See https://aka.ms/cpp/structured-output for more details.
docs/audit-continuation/2026-09-08-linux/runs/windows-cohort05/07-build.log:25: trailing whitespace.
+  Creating directory "D:\a\_temp\passvault-windows-cohort-05-34439762763-1-be5f25d196d98cb0dc091b0228e3e4e7\build\Release\".
docs/audit-continuation/2026-09-08-linux/runs/windows-cohort05/07-build.log:26: trailing whitespace.
+  Creating directory "passvault_biometric_windows_security_test.dir\Release\passvaul.9D4DC77B.tlog\".
docs/audit-continuation/2026-09-08-linux/runs/windows-cohort05/07-build.log:27: trailing whitespace.
+InitializeBuildStatus:
docs/audit-continuation/2026-09-08-linux/runs/windows-cohort05/07-build.log:28: trailing whitespace.
+  Creating "passvault_biometric_windows_security_test.dir\Release\passvaul.9D4DC77B.tlog\unsuccessfulbuild" because "AlwaysCreate" was specified.
docs/audit-continuation/2026-09-08-linux/runs/windows-cohort05/07-build.log:29: trailing whitespace.
+  Touching "passvault_biometric_windows_security_test.dir\Release\passvaul.9D4DC77B.tlog\unsuccessfulbuild".
docs/audit-continuation/2026-09-08-linux/runs/windows-cohort05/07-build.log:30: trailing whitespace.
+CustomBuild:
docs/audit-continuation/2026-09-08-linux/runs/windows-cohort05/07-build.log:31: trailing whitespace.
+  Building Custom Rule D:/a/passvault/passvault/app-desktop/native/biometric-bridge/CMakeLists.txt
docs/audit-continuation/2026-09-08-linux/runs/windows-cohort05/07-build.log:32: trailing whitespace.
+ClCompile:
docs/audit-continuation/2026-09-08-linux/runs/windows-cohort05/07-build.log:33: trailing whitespace.
+  C:\Program Files\Microsoft Visual Studio\2022\Enterprise\VC\Tools\MSVC\14.44.35207\bin\HostX64\x64\CL.exe /c /I"D:\a\passvault\passvault\app-desktop\native\biometric-bridge\include" /nologo /W4 /WX /diagnostics:column /sdl /O2 /Ob2 /D _UNICODE /D UNICODE /D WIN32 /D _WINDOWS /D NDEBUG /D NOMINMAX /D UNICODE /D _UNICODE /D WIN32_LEAN_AND_MEAN /D WINVER=0x0A00 /D _WIN32_WINNT=0x0A00 /D PASSVAULT_BIOMETRIC_BUILD=1 /D "CMAKE_INTDIR=\"Release\"" /EHsc /MT /GS /guard:cf /fp:precise /Zc:wchar_t /Zc:forScope /Zc:inline /std:c++20 /Fo"passvault_biometric_windows_security_test.dir\Release\\" /Fd"passvault_biometric_windows_security_test.dir\Release\vc143.pdb" /external:W4 /Gd /TP /errorReport:queue "D:\a\passvault\passvault\app-desktop\native\biometric-bridge\tests\windows\passvault_biometric_windows_security_test.cpp"
docs/audit-continuation/2026-09-08-linux/runs/windows-cohort05/07-build.log:34: trailing whitespace.
+  passvault_biometric_windows_security_test.cpp
docs/audit-continuation/2026-09-08-linux/runs/windows-cohort05/07-build.log:35: trailing whitespace.
+Link:
docs/audit-continuation/2026-09-08-linux/runs/windows-cohort05/07-build.log:36: trailing whitespace.
+  C:\Program Files\Microsoft Visual Studio\2022\Enterprise\VC\Tools\MSVC\14.44.35207\bin\HostX64\x64\link.exe /ERRORREPORT:QUEUE /OUT:"D:\a\_temp\passvault-windows-cohort-05-34439762763-1-be5f25d196d98cb0dc091b0228e3e4e7\build\Release\passvault_biometric_windows_security_test.exe" /INCREMENTAL:NO /NOLOGO advapi32.lib bcrypt.lib ole32.lib runtimeobject.lib windowsapp.lib kernel32.lib user32.lib gdi32.lib winspool.lib shell32.lib ole32.lib oleaut32.lib uuid.lib comdlg32.lib advapi32.lib /MANIFEST /MANIFESTUAC:"level='asInvoker' uiAccess='false'" /manifest:embed /PDB:"D:/a/_temp/passvault-windows-cohort-05-34439762763-1-be5f25d196d98cb0dc091b0228e3e4e7/build/Release/passvault_biometric_windows_security_test.pdb" /SUBSYSTEM:CONSOLE /TLBID:1 /DYNAMICBASE /NXCOMPAT /IMPLIB:"D:/a/_temp/passvault-windows-cohort-05-34439762763-1-be5f25d196d98cb0dc091b0228e3e4e7/build/Release/passvault_biometric_windows_security_test.lib" /MACHINE:X64 /guard:cf  /machine:x64 /HIGHENTROPYVA /guard:cf passvault_biometric_windows_security_test.dir\Release\passvault_biometric_windows_security_test.obj
docs/audit-continuation/2026-09-08-linux/runs/windows-cohort05/07-build.log:37: trailing whitespace.
+     Creating library D:/a/_temp/passvault-windows-cohort-05-34439762763-1-be5f25d196d98cb0dc091b0228e3e4e7/build/Release/passvault_biometric_windows_security_test.lib and object D:/a/_temp/passvault-windows-cohort-05-34439762763-1-be5f25d196d98cb0dc091b0228e3e4e7/build/Release/passvault_biometric_windows_security_test.exp
docs/audit-continuation/2026-09-08-linux/runs/windows-cohort05/07-build.log:38: trailing whitespace.
+  passvault_biometric_windows_security_test.vcxproj -> D:\a\_temp\passvault-windows-cohort-05-34439762763-1-be5f25d196d98cb0dc091b0228e3e4e7\build\Release\passvault_biometric_windows_security_test.exe
docs/audit-continuation/2026-09-08-linux/runs/windows-cohort05/07-build.log:39: trailing whitespace.
+FinalizeBuildStatus:
docs/audit-continuation/2026-09-08-linux/runs/windows-cohort05/07-build.log:40: trailing whitespace.
+  Deleting file "passvault_biometric_windows_security_test.dir\Release\passvaul.9D4DC77B.tlog\unsuccessfulbuild".
docs/audit-continuation/2026-09-08-linux/runs/windows-cohort05/07-build.log:41: trailing whitespace.
+  Touching "passvault_biometric_windows_security_test.dir\Release\passvaul.9D4DC77B.tlog\passvault_biometric_windows_security_test.lastbuildstate".
docs/audit-continuation/2026-09-08-linux/runs/windows-cohort05/07-build.log:42: trailing whitespace.
+Done Building Project "D:\a\_temp\passvault-windows-cohort-05-34439762763-1-be5f25d196d98cb0dc091b0228e3e4e7\build\passvault_biometric_windows_security_test.vcxproj" (default targets).
docs/audit-continuation/2026-09-08-linux/runs/windows-cohort05/07-build.log:43: trailing whitespace.
+
docs/audit-continuation/2026-09-08-linux/runs/windows-cohort05/07-build.log:44: trailing whitespace.
+Build succeeded.
docs/audit-continuation/2026-09-08-linux/runs/windows-cohort05/07-build.log:45: trailing whitespace.
+    0 Warning(s)
docs/audit-continuation/2026-09-08-linux/runs/windows-cohort05/07-build.log:46: trailing whitespace.
+    0 Error(s)
docs/audit-continuation/2026-09-08-linux/runs/windows-cohort05/07-build.log:47: trailing whitespace.
+
docs/audit-continuation/2026-09-08-linux/runs/windows-cohort05/07-build.log:48: trailing whitespace.
+Time Elapsed 00:00:15.09
docs/audit-continuation/2026-09-08-linux/runs/windows-cohort05/07-build.log:49: trailing whitespace.
+"C:/Program Files/Microsoft Visual Studio/2022/Enterprise/MSBuild/Current/Bin/amd64/MSBuild.exe" passvault_biometric_abi_test.vcxproj /p:Configuration=Release /p:Platform=x64 /p:VisualStudioVersion=17.0 /m:1 /v:n /nodeReuse:false && 
docs/audit-continuation/2026-09-08-linux/runs/windows-cohort05/07-build.log:50: trailing whitespace.
+MSBuild version 17.14.51+25f168cee for .NET Framework
docs/audit-continuation/2026-09-08-linux/runs/windows-cohort05/07-build.log:51: trailing whitespace.
+Build started 9/10/2026 5:07:32 AM.
docs/audit-continuation/2026-09-08-linux/runs/windows-cohort05/07-build.log:52: trailing whitespace.
+
docs/audit-continuation/2026-09-08-linux/runs/windows-cohort05/07-build.log:53: trailing whitespace.
+Project "D:\a\_temp\passvault-windows-cohort-05-34439762763-1-be5f25d196d98cb0dc091b0228e3e4e7\build\passvault_biometric_abi_test.vcxproj" on node 1 (default targets).
docs/audit-continuation/2026-09-08-linux/runs/windows-cohort05/07-build.log:54: trailing whitespace.
+Project "D:\a\_temp\passvault-windows-cohort-05-34439762763-1-be5f25d196d98cb0dc091b0228e3e4e7\build\passvault_biometric_abi_test.vcxproj" (1) is building "D:\a\_temp\passvault-windows-cohort-05-34439762763-1-be5f25d196d98cb0dc091b0228e3e4e7\build\ZERO_CHECK.vcxproj" (2) on node 1 (default targets).
docs/audit-continuation/2026-09-08-linux/runs/windows-cohort05/07-build.log:55: trailing whitespace.
+PrepareForBuild:
docs/audit-continuation/2026-09-08-linux/runs/windows-cohort05/07-build.log:56: trailing whitespace.
+  Structured output is enabled. The formatting of compiler diagnostics will reflect the error hierarchy. See https://aka.ms/cpp/structured-output for more details.
docs/audit-continuation/2026-09-08-linux/runs/windows-cohort05/07-build.log:57: trailing whitespace.
+InitializeBuildStatus:
docs/audit-continuation/2026-09-08-linux/runs/windows-cohort05/07-build.log:58: trailing whitespace.
+  Creating "x64\Release\ZERO_CHECK\ZERO_CHECK.tlog\unsuccessfulbuild" because "AlwaysCreate" was specified.
docs/audit-continuation/2026-09-08-linux/runs/windows-cohort05/07-build.log:59: trailing whitespace.
+  Touching "x64\Release\ZERO_CHECK\ZERO_CHECK.tlog\unsuccessfulbuild".
docs/audit-continuation/2026-09-08-linux/runs/windows-cohort05/07-build.log:60: trailing whitespace.
+CustomBuild:
docs/audit-continuation/2026-09-08-linux/runs/windows-cohort05/07-build.log:61: trailing whitespace.
+  All outputs are up-to-date.
docs/audit-continuation/2026-09-08-linux/runs/windows-cohort05/07-build.log:62: trailing whitespace.
+FinalizeBuildStatus:
docs/audit-continuation/2026-09-08-linux/runs/windows-cohort05/07-build.log:63: trailing whitespace.
+  Deleting file "x64\Release\ZERO_CHECK\ZERO_CHECK.tlog\unsuccessfulbuild".
docs/audit-continuation/2026-09-08-linux/runs/windows-cohort05/07-build.log:64: trailing whitespace.
+  Touching "x64\Release\ZERO_CHECK\ZERO_CHECK.tlog\ZERO_CHECK.lastbuildstate".
docs/audit-continuation/2026-09-08-linux/runs/windows-cohort05/07-build.log:65: trailing whitespace.
+Done Building Project "D:\a\_temp\passvault-windows-cohort-05-34439762763-1-be5f25d196d98cb0dc091b0228e3e4e7\build\ZERO_CHECK.vcxproj" (default targets).
docs/audit-continuation/2026-09-08-linux/runs/windows-cohort05/07-build.log:66: trailing whitespace.
+Project "D:\a\_temp\passvault-windows-cohort-05-34439762763-1-be5f25d196d98cb0dc091b0228e3e4e7\build\passvault_biometric_abi_test.vcxproj" (1) is building "D:\a\_temp\passvault-windows-cohort-05-34439762763-1-be5f25d196d98cb0dc091b0228e3e4e7\build\passvault_biometric.vcxproj" (3) on node 1 (default targets).
docs/audit-continuation/2026-09-08-linux/runs/windows-cohort05/07-build.log:67: trailing whitespace.
+PrepareForBuild:
docs/audit-continuation/2026-09-08-linux/runs/windows-cohort05/07-build.log:68: trailing whitespace.
+  Creating directory "passvault_biometric.dir\Release\".
docs/audit-continuation/2026-09-08-linux/runs/windows-cohort05/07-build.log:69: trailing whitespace.
+  Structured output is enabled. The formatting of compiler diagnostics will reflect the error hierarchy. See https://aka.ms/cpp/structured-output for more details.
docs/audit-continuation/2026-09-08-linux/runs/windows-cohort05/07-build.log:70: trailing whitespace.
+  Creating directory "passvault_biometric.dir\Release\passvaul.E7E8F64D.tlog\".
docs/audit-continuation/2026-09-08-linux/runs/windows-cohort05/07-build.log:71: trailing whitespace.
+InitializeBuildStatus:
docs/audit-continuation/2026-09-08-linux/runs/windows-cohort05/07-build.log:72: trailing whitespace.
+  Creating "passvault_biometric.dir\Release\passvaul.E7E8F64D.tlog\unsuccessfulbuild" because "AlwaysCreate" was specified.
docs/audit-continuation/2026-09-08-linux/runs/windows-cohort05/07-build.log:73: trailing whitespace.
+  Touching "passvault_biometric.dir\Release\passvaul.E7E8F64D.tlog\unsuccessfulbuild".
docs/audit-continuation/2026-09-08-linux/runs/windows-cohort05/07-build.log:74: trailing whitespace.
+CustomBuild:
docs/audit-continuation/2026-09-08-linux/runs/windows-cohort05/07-build.log:75: trailing whitespace.
+  Building Custom Rule D:/a/passvault/passvault/app-desktop/native/biometric-bridge/CMakeLists.txt
docs/audit-continuation/2026-09-08-linux/runs/windows-cohort05/07-build.log:76: trailing whitespace.
+ClCompile:
docs/audit-continuation/2026-09-08-linux/runs/windows-cohort05/07-build.log:77: trailing whitespace.
+  C:\Program Files\Microsoft Visual Studio\2022\Enterprise\VC\Tools\MSVC\14.44.35207\bin\HostX64\x64\CL.exe /c /I"D:\a\passvault\passvault\app-desktop\native\biometric-bridge\include" /nologo /W4 /WX /diagnostics:column /sdl /O2 /Ob2 /D _WINDLL /D _UNICODE /D UNICODE /D WIN32 /D _WINDOWS /D NDEBUG /D NOMINMAX /D UNICODE /D _UNICODE /D WIN32_LEAN_AND_MEAN /D WINVER=0x0A00 /D _WIN32_WINNT=0x0A00 /D PASSVAULT_BIOMETRIC_BUILD=1 /D "CMAKE_INTDIR=\"Release\"" /D passvault_biometric_EXPORTS /EHsc /MT /GS /guard:cf /fp:precise /Zc:wchar_t /Zc:forScope /Zc:inline /std:c++20 /Fo"passvault_biometric.dir\Release\\" /Fd"passvault_biometric.dir\Release\vc143.pdb" /external:W4 /Gd /TP /errorReport:queue "D:\a\passvault\passvault\app-desktop\native\biometric-bridge\src\windows\passvault_biometric_windows.cpp"
docs/audit-continuation/2026-09-08-linux/runs/windows-cohort05/07-build.log:78: trailing whitespace.
+  passvault_biometric_windows.cpp
docs/audit-continuation/2026-09-08-linux/runs/windows-cohort05/07-build.log:79: trailing whitespace.
+ResourceCompile:
docs/audit-continuation/2026-09-08-linux/runs/windows-cohort05/07-build.log:80: trailing whitespace.
+  C:\Program Files (x86)\Windows Kits\10\bin\10.0.26100.0\x64\rc.exe /D _UNICODE /D UNICODE /D WIN32 /D _WINDOWS /D NDEBUG /D NOMINMAX /D UNICODE /D _UNICODE /D WIN32_LEAN_AND_MEAN /D WINVER=0x0A00 /D _WIN32_WINNT=0x0A00 /D PASSVAULT_BIOMETRIC_BUILD=1 /D "CMAKE_INTDIR=\\\"Release\\\"" /D passvault_biometric_EXPORTS /l"0x0409" /I"D:\a\passvault\passvault\app-desktop\native\biometric-bridge\include" /nologo /fo"passvault_biometric.dir\Release\passvault_biometric_windows.res" "D:\a\passvault\passvault\app-desktop\native\biometric-bridge\src\windows\passvault_biometric_windows.rc" 
docs/audit-continuation/2026-09-08-linux/runs/windows-cohort05/07-build.log:81: trailing whitespace.
+Link:
docs/audit-continuation/2026-09-08-linux/runs/windows-cohort05/07-build.log:82: trailing whitespace.
+  C:\Program Files\Microsoft Visual Studio\2022\Enterprise\VC\Tools\MSVC\14.44.35207\bin\HostX64\x64\link.exe /ERRORREPORT:QUEUE /OUT:"D:\a\_temp\passvault-windows-cohort-05-34439762763-1-be5f25d196d98cb0dc091b0228e3e4e7\build\Release\passvault_biometric.dll" /INCREMENTAL:NO /NOLOGO advapi32.lib bcrypt.lib ole32.lib runtimeobject.lib windowsapp.lib kernel32.lib user32.lib gdi32.lib winspool.lib shell32.lib ole32.lib oleaut32.lib uuid.lib comdlg32.lib advapi32.lib /MANIFEST /MANIFESTUAC:"level='asInvoker' uiAccess='false'" /manifest:embed /PDB:"D:/a/_temp/passvault-windows-cohort-05-34439762763-1-be5f25d196d98cb0dc091b0228e3e4e7/build/Release/passvault_biometric.pdb" /SUBSYSTEM:CONSOLE /TLBID:1 /DYNAMICBASE /NXCOMPAT /IMPLIB:"D:/a/_temp/passvault-windows-cohort-05-34439762763-1-be5f25d196d98cb0dc091b0228e3e4e7/build/Release/passvault_biometric.lib" /MACHINE:X64 /guard:cf  /machine:x64 /HIGHENTROPYVA /guard:cf /DLL passvault_biometric.dir\Release\passvault_biometric_windows.res
docs/audit-continuation/2026-09-08-linux/runs/windows-cohort05/07-build.log:83: trailing whitespace.
+  passvault_biometric.dir\Release\passvault_biometric_windows.obj
docs/audit-continuation/2026-09-08-linux/runs/windows-cohort05/07-build.log:84: trailing whitespace.
+     Creating library D:/a/_temp/passvault-windows-cohort-05-34439762763-1-be5f25d196d98cb0dc091b0228e3e4e7/build/Release/passvault_biometric.lib and object D:/a/_temp/passvault-windows-cohort-05-34439762763-1-be5f25d196d98cb0dc091b0228e3e4e7/build/Release/passvault_biometric.exp
docs/audit-continuation/2026-09-08-linux/runs/windows-cohort05/07-build.log:85: trailing whitespace.
+  passvault_biometric.vcxproj -> D:\a\_temp\passvault-windows-cohort-05-34439762763-1-be5f25d196d98cb0dc091b0228e3e4e7\build\Release\passvault_biometric.dll
docs/audit-continuation/2026-09-08-linux/runs/windows-cohort05/07-build.log:86: trailing whitespace.
+FinalizeBuildStatus:
docs/audit-continuation/2026-09-08-linux/runs/windows-cohort05/07-build.log:87: trailing whitespace.
+  Deleting file "passvault_biometric.dir\Release\passvaul.E7E8F64D.tlog\unsuccessfulbuild".
docs/audit-continuation/2026-09-08-linux/runs/windows-cohort05/07-build.log:88: trailing whitespace.
+  Touching "passvault_biometric.dir\Release\passvaul.E7E8F64D.tlog\passvault_biometric.lastbuildstate".
docs/audit-continuation/2026-09-08-linux/runs/windows-cohort05/07-build.log:89: trailing whitespace.
+Done Building Project "D:\a\_temp\passvault-windows-cohort-05-34439762763-1-be5f25d196d98cb0dc091b0228e3e4e7\build\passvault_biometric.vcxproj" (default targets).
docs/audit-continuation/2026-09-08-linux/runs/windows-cohort05/07-build.log:90: trailing whitespace.
+PrepareForBuild:
docs/audit-continuation/2026-09-08-linux/runs/windows-cohort05/07-build.log:91: trailing whitespace.
+  Creating directory "passvault_biometric_abi_test.dir\Release\".
docs/audit-continuation/2026-09-08-linux/runs/windows-cohort05/07-build.log:92: trailing whitespace.
+  Structured output is enabled. The formatting of compiler diagnostics will reflect the error hierarchy. See https://aka.ms/cpp/structured-output for more details.
docs/audit-continuation/2026-09-08-linux/runs/windows-cohort05/07-build.log:93: trailing whitespace.
+  Creating directory "passvault_biometric_abi_test.dir\Release\passvaul.27FCC9B5.tlog\".
docs/audit-continuation/2026-09-08-linux/runs/windows-cohort05/07-build.log:94: trailing whitespace.
+InitializeBuildStatus:
docs/audit-continuation/2026-09-08-linux/runs/windows-cohort05/07-build.log:95: trailing whitespace.
+  Creating "passvault_biometric_abi_test.dir\Release\passvaul.27FCC9B5.tlog\unsuccessfulbuild" because "AlwaysCreate" was specified.
docs/audit-continuation/2026-09-08-linux/runs/windows-cohort05/07-build.log:96: trailing whitespace.
+  Touching "passvault_biometric_abi_test.dir\Release\passvaul.27FCC9B5.tlog\unsuccessfulbuild".
docs/audit-continuation/2026-09-08-linux/runs/windows-cohort05/07-build.log:97: trailing whitespace.
+CustomBuild:
docs/audit-continuation/2026-09-08-linux/runs/windows-cohort05/07-build.log:98: trailing whitespace.
+  Building Custom Rule D:/a/passvault/passvault/app-desktop/native/biometric-bridge/CMakeLists.txt
docs/audit-continuation/2026-09-08-linux/runs/windows-cohort05/07-build.log:99: trailing whitespace.
+ClCompile:
docs/audit-continuation/2026-09-08-linux/runs/windows-cohort05/07-build.log:100: trailing whitespace.
+  C:\Program Files\Microsoft Visual Studio\2022\Enterprise\VC\Tools\MSVC\14.44.35207\bin\HostX64\x64\CL.exe /c /I"D:\a\passvault\passvault\app-desktop\native\biometric-bridge\include" /nologo /W1 /WX- /diagnostics:column /O2 /Ob2 /D _MBCS /D WIN32 /D _WINDOWS /D NDEBUG /D "CMAKE_INTDIR=\"Release\"" /EHsc /MD /GS /fp:precise /Zc:wchar_t /Zc:forScope /Zc:inline /std:c++20 /Fo"passvault_biometric_abi_test.dir\Release\\" /Fd"passvault_biometric_abi_test.dir\Release\vc143.pdb" /external:W1 /Gd /TP /errorReport:queue "D:\a\passvault\passvault\app-desktop\native\biometric-bridge\tests\passvault_biometric_abi_test.cpp"
docs/audit-continuation/2026-09-08-linux/runs/windows-cohort05/07-build.log:101: trailing whitespace.
+  passvault_biometric_abi_test.cpp
docs/audit-continuation/2026-09-08-linux/runs/windows-cohort05/07-build.log:102: trailing whitespace.
+Link:
docs/audit-continuation/2026-09-08-linux/runs/windows-cohort05/07-build.log:103: trailing whitespace.
+  C:\Program Files\Microsoft Visual Studio\2022\Enterprise\VC\Tools\MSVC\14.44.35207\bin\HostX64\x64\link.exe /ERRORREPORT:QUEUE /OUT:"D:\a\_temp\passvault-windows-cohort-05-34439762763-1-be5f25d196d98cb0dc091b0228e3e4e7\build\Release\passvault_biometric_abi_test.exe" /INCREMENTAL:NO /NOLOGO Release\passvault_biometric.lib kernel32.lib user32.lib gdi32.lib winspool.lib shell32.lib ole32.lib oleaut32.lib uuid.lib comdlg32.lib advapi32.lib /MANIFEST /MANIFESTUAC:"level='asInvoker' uiAccess='false'" /manifest:embed /PDB:"D:/a/_temp/passvault-windows-cohort-05-34439762763-1-be5f25d196d98cb0dc091b0228e3e4e7/build/Release/passvault_biometric_abi_test.pdb" /SUBSYSTEM:CONSOLE /TLBID:1 /DYNAMICBASE /NXCOMPAT /IMPLIB:"D:/a/_temp/passvault-windows-cohort-05-34439762763-1-be5f25d196d98cb0dc091b0228e3e4e7/build/Release/passvault_biometric_abi_test.lib" /MACHINE:X64  /machine:x64 passvault_biometric_abi_test.dir\Release\passvault_biometric_abi_test.obj
docs/audit-continuation/2026-09-08-linux/runs/windows-cohort05/07-build.log:104: trailing whitespace.
+  passvault_biometric_abi_test.vcxproj -> D:\a\_temp\passvault-windows-cohort-05-34439762763-1-be5f25d196d98cb0dc091b0228e3e4e7\build\Release\passvault_biometric_abi_test.exe
docs/audit-continuation/2026-09-08-linux/runs/windows-cohort05/07-build.log:105: trailing whitespace.
+FinalizeBuildStatus:
docs/audit-continuation/2026-09-08-linux/runs/windows-cohort05/07-build.log:106: trailing whitespace.
+  Deleting file "passvault_biometric_abi_test.dir\Release\passvaul.27FCC9B5.tlog\unsuccessfulbuild".
docs/audit-continuation/2026-09-08-linux/runs/windows-cohort05/07-build.log:107: trailing whitespace.
+  Touching "passvault_biometric_abi_test.dir\Release\passvaul.27FCC9B5.tlog\passvault_biometric_abi_test.lastbuildstate".
docs/audit-continuation/2026-09-08-linux/runs/windows-cohort05/07-build.log:108: trailing whitespace.
+Done Building Project "D:\a\_temp\passvault-windows-cohort-05-34439762763-1-be5f25d196d98cb0dc091b0228e3e4e7\build\passvault_biometric_abi_test.vcxproj" (default targets).
docs/audit-continuation/2026-09-08-linux/runs/windows-cohort05/07-build.log:109: trailing whitespace.
+
docs/audit-continuation/2026-09-08-linux/runs/windows-cohort05/07-build.log:110: trailing whitespace.
+Build succeeded.
docs/audit-continuation/2026-09-08-linux/runs/windows-cohort05/07-build.log:111: trailing whitespace.
+    0 Warning(s)
docs/audit-continuation/2026-09-08-linux/runs/windows-cohort05/07-build.log:112: trailing whitespace.
+    0 Error(s)
docs/audit-continuation/2026-09-08-linux/runs/windows-cohort05/07-build.log:113: trailing whitespace.
+
docs/audit-continuation/2026-09-08-linux/runs/windows-cohort05/07-build.log:114: trailing whitespace.
+Time Elapsed 00:00:04.47
docs/audit-continuation/2026-09-08-linux/runs/windows-cohort05/07-build.log:115: trailing whitespace.
+"C:/Program Files/Microsoft Visual Studio/2022/Enterprise/MSBuild/Current/Bin/amd64/MSBuild.exe" passvault_biometric_windows_historical_writer_test.vcxproj /p:Configuration=Release /p:Platform=x64 /p:VisualStudioVersion=17.0 /m:1 /v:n /nodeReuse:false && 
docs/audit-continuation/2026-09-08-linux/runs/windows-cohort05/07-build.log:116: trailing whitespace.
+MSBuild version 17.14.51+25f168cee for .NET Framework
docs/audit-continuation/2026-09-08-linux/runs/windows-cohort05/07-build.log:117: trailing whitespace.
+Build started 9/10/2026 5:07:37 AM.
docs/audit-continuation/2026-09-08-linux/runs/windows-cohort05/07-build.log:118: trailing whitespace.
+
docs/audit-continuation/2026-09-08-linux/runs/windows-cohort05/07-build.log:119: trailing whitespace.
+Project "D:\a\_temp\passvault-windows-cohort-05-34439762763-1-be5f25d196d98cb0dc091b0228e3e4e7\build\passvault_biometric_windows_historical_writer_test.vcxproj" on node 1 (default targets).
docs/audit-continuation/2026-09-08-linux/runs/windows-cohort05/07-build.log:120: trailing whitespace.
+Project "D:\a\_temp\passvault-windows-cohort-05-34439762763-1-be5f25d196d98cb0dc091b0228e3e4e7\build\passvault_biometric_windows_historical_writer_test.vcxproj" (1) is building "D:\a\_temp\passvault-windows-cohort-05-34439762763-1-be5f25d196d98cb0dc091b0228e3e4e7\build\ZERO_CHECK.vcxproj" (2) on node 1 (default targets).
docs/audit-continuation/2026-09-08-linux/runs/windows-cohort05/07-build.log:121: trailing whitespace.
+PrepareForBuild:
docs/audit-continuation/2026-09-08-linux/runs/windows-cohort05/07-build.log:122: trailing whitespace.
+  Structured output is enabled. The formatting of compiler diagnostics will reflect the error hierarchy. See https://aka.ms/cpp/structured-output for more details.
docs/audit-continuation/2026-09-08-linux/runs/windows-cohort05/07-build.log:123: trailing whitespace.
+InitializeBuildStatus:
docs/audit-continuation/2026-09-08-linux/runs/windows-cohort05/07-build.log:124: trailing whitespace.
+  Creating "x64\Release\ZERO_CHECK\ZERO_CHECK.tlog\unsuccessfulbuild" because "AlwaysCreate" was specified.
docs/audit-continuation/2026-09-08-linux/runs/windows-cohort05/07-build.log:125: trailing whitespace.
+  Touching "x64\Release\ZERO_CHECK\ZERO_CHECK.tlog\unsuccessfulbuild".
docs/audit-continuation/2026-09-08-linux/runs/windows-cohort05/07-build.log:126: trailing whitespace.
+CustomBuild:
docs/audit-continuation/2026-09-08-linux/runs/windows-cohort05/07-build.log:127: trailing whitespace.
+  All outputs are up-to-date.
docs/audit-continuation/2026-09-08-linux/runs/windows-cohort05/07-build.log:128: trailing whitespace.
+FinalizeBuildStatus:
docs/audit-continuation/2026-09-08-linux/runs/windows-cohort05/07-build.log:129: trailing whitespace.
+  Deleting file "x64\Release\ZERO_CHECK\ZERO_CHECK.tlog\unsuccessfulbuild".
docs/audit-continuation/2026-09-08-linux/runs/windows-cohort05/07-build.log:130: trailing whitespace.
+  Touching "x64\Release\ZERO_CHECK\ZERO_CHECK.tlog\ZERO_CHECK.lastbuildstate".
docs/audit-continuation/2026-09-08-linux/runs/windows-cohort05/07-build.log:131: trailing whitespace.
+Done Building Project "D:\a\_temp\passvault-windows-cohort-05-34439762763-1-be5f25d196d98cb0dc091b0228e3e4e7\build\ZERO_CHECK.vcxproj" (default targets).
docs/audit-continuation/2026-09-08-linux/runs/windows-cohort05/07-build.log:132: trailing whitespace.
+PrepareForBuild:
docs/audit-continuation/2026-09-08-linux/runs/windows-cohort05/07-build.log:133: trailing whitespace.
+  Creating directory "passvault_biometric_windows_historical_writer_test.dir\Release\".
docs/audit-continuation/2026-09-08-linux/runs/windows-cohort05/07-build.log:134: trailing whitespace.
+  Structured output is enabled. The formatting of compiler diagnostics will reflect the error hierarchy. See https://aka.ms/cpp/structured-output for more details.
docs/audit-continuation/2026-09-08-linux/runs/windows-cohort05/07-build.log:135: trailing whitespace.
+  Creating directory "passvault_biometric_windows_historical_writer_test.dir\Release\passvaul.177E5E0A.tlog\".
docs/audit-continuation/2026-09-08-linux/runs/windows-cohort05/07-build.log:136: trailing whitespace.
+InitializeBuildStatus:
docs/audit-continuation/2026-09-08-linux/runs/windows-cohort05/07-build.log:137: trailing whitespace.
+  Creating "passvault_biometric_windows_historical_writer_test.dir\Release\passvaul.177E5E0A.tlog\unsuccessfulbuild" because "AlwaysCreate" was specified.
docs/audit-continuation/2026-09-08-linux/runs/windows-cohort05/07-build.log:138: trailing whitespace.
+  Touching "passvault_biometric_windows_historical_writer_test.dir\Release\passvaul.177E5E0A.tlog\unsuccessfulbuild".
docs/audit-continuation/2026-09-08-linux/runs/windows-cohort05/07-build.log:139: trailing whitespace.
+CustomBuild:
docs/audit-continuation/2026-09-08-linux/runs/windows-cohort05/07-build.log:140: trailing whitespace.
+  Building Custom Rule D:/a/passvault/passvault/app-desktop/native/biometric-bridge/CMakeLists.txt
docs/audit-continuation/2026-09-08-linux/runs/windows-cohort05/07-build.log:141: trailing whitespace.
+ClCompile:
docs/audit-continuation/2026-09-08-linux/runs/windows-cohort05/07-build.log:142: trailing whitespace.
+  C:\Program Files\Microsoft Visual Studio\2022\Enterprise\VC\Tools\MSVC\14.44.35207\bin\HostX64\x64\CL.exe /c /I"D:\a\passvault\passvault\app-desktop\native\biometric-bridge\include" /nologo /W4 /WX /diagnostics:column /sdl /O2 /Ob2 /D _UNICODE /D UNICODE /D WIN32 /D _WINDOWS /D NDEBUG /D PASSVAULT_BIOMETRIC_PVA036_HISTORICAL_TEST=1 /D "PASSVAULT_BIOMETRIC_PVA036_SOURCE=\"D:/a/passvault/passvault/app-desktop/native/biometric-bridge/../../../docs/audit-continuation/2026-09-08-linux/reviews/native/HISTORICAL-PVA036-WINDOWS.cpp.txt\"" /D NOMINMAX /D UNICODE /D _UNICODE /D WIN32_LEAN_AND_MEAN /D WINVER=0x0A00 /D _WIN32_WINNT=0x0A00 /D PASSVAULT_BIOMETRIC_BUILD=1 /D "CMAKE_INTDIR=\"Release\"" /EHsc /MT /GS /guard:cf /fp:precise /Zc:wchar_t /Zc:forScope /Zc:inline /std:c++20 /Fo"passvault_biometric_windows_historical_writer_test.dir\Release\\" /Fd"passvault_biometric_windows_historical_writer_test.dir\Release\vc143.pdb" /external:W4 /Gd /TP /errorReport:queue "D:\a\passvault\passvault\app-desktop\native\biometric-bridge\tests\windows\passvault_biometric_windows_security_test.cpp"
docs/audit-continuation/2026-09-08-linux/runs/windows-cohort05/07-build.log:143: trailing whitespace.
+  passvault_biometric_windows_security_test.cpp
docs/audit-continuation/2026-09-08-linux/runs/windows-cohort05/07-build.log:144: trailing whitespace.
+Link:
docs/audit-continuation/2026-09-08-linux/runs/windows-cohort05/07-build.log:145: trailing whitespace.
+  C:\Program Files\Microsoft Visual Studio\2022\Enterprise\VC\Tools\MSVC\14.44.35207\bin\HostX64\x64\link.exe /ERRORREPORT:QUEUE /OUT:"D:\a\_temp\passvault-windows-cohort-05-34439762763-1-be5f25d196d98cb0dc091b0228e3e4e7\build\Release\passvault_biometric_windows_historical_writer_test.exe" /INCREMENTAL:NO /NOLOGO advapi32.lib bcrypt.lib ole32.lib runtimeobject.lib windowsapp.lib kernel32.lib user32.lib gdi32.lib winspool.lib shell32.lib ole32.lib oleaut32.lib uuid.lib comdlg32.lib advapi32.lib /MANIFEST /MANIFESTUAC:"level='asInvoker' uiAccess='false'" /manifest:embed /PDB:"D:/a/_temp/passvault-windows-cohort-05-34439762763-1-be5f25d196d98cb0dc091b0228e3e4e7/build/Release/passvault_biometric_windows_historical_writer_test.pdb" /SUBSYSTEM:CONSOLE /TLBID:1 /DYNAMICBASE /NXCOMPAT /IMPLIB:"D:/a/_temp/passvault-windows-cohort-05-34439762763-1-be5f25d196d98cb0dc091b0228e3e4e7/build/Release/passvault_biometric_windows_historical_writer_test.lib" /MACHINE:X64 /guard:cf  /machine:x64 /HIGHENTROPYVA /guard:cf passvault_biometric_windows_historical_writer_test.dir\Release\passvault_biometric_windows_security_test.obj
docs/audit-continuation/2026-09-08-linux/runs/windows-cohort05/07-build.log:146: trailing whitespace.
+     Creating library D:/a/_temp/passvault-windows-cohort-05-34439762763-1-be5f25d196d98cb0dc091b0228e3e4e7/build/Release/passvault_biometric_windows_historical_writer_test.lib and object D:/a/_temp/passvault-windows-cohort-05-34439762763-1-be5f25d196d98cb0dc091b0228e3e4e7/build/Release/passvault_biometric_windows_historical_writer_test.exp
docs/audit-continuation/2026-09-08-linux/runs/windows-cohort05/07-build.log:147: trailing whitespace.
+  passvault_biometric_windows_historical_writer_test.vcxproj -> D:\a\_temp\passvault-windows-cohort-05-34439762763-1-be5f25d196d98cb0dc091b0228e3e4e7\build\Release\passvault_biometric_windows_historical_writer_test.exe
docs/audit-continuation/2026-09-08-linux/runs/windows-cohort05/07-build.log:148: trailing whitespace.
+FinalizeBuildStatus:
docs/audit-continuation/2026-09-08-linux/runs/windows-cohort05/07-build.log:149: trailing whitespace.
+  Deleting file "passvault_biometric_windows_historical_writer_test.dir\Release\passvaul.177E5E0A.tlog\unsuccessfulbuild".
docs/audit-continuation/2026-09-08-linux/runs/windows-cohort05/07-build.log:150: trailing whitespace.
+  Touching "passvault_biometric_windows_historical_writer_test.dir\Release\passvaul.177E5E0A.tlog\passvault_biometric_windows_historical_writer_test.lastbuildstate".
docs/audit-continuation/2026-09-08-linux/runs/windows-cohort05/07-build.log:151: trailing whitespace.
+Done Building Project "D:\a\_temp\passvault-windows-cohort-05-34439762763-1-be5f25d196d98cb0dc091b0228e3e4e7\build\passvault_biometric_windows_historical_writer_test.vcxproj" (default targets).
docs/audit-continuation/2026-09-08-linux/runs/windows-cohort05/07-build.log:152: trailing whitespace.
+
docs/audit-continuation/2026-09-08-linux/runs/windows-cohort05/07-build.log:153: trailing whitespace.
+Build succeeded.
docs/audit-continuation/2026-09-08-linux/runs/windows-cohort05/07-build.log:154: trailing whitespace.
+    0 Warning(s)
docs/audit-continuation/2026-09-08-linux/runs/windows-cohort05/07-build.log:155: trailing whitespace.
+    0 Error(s)
docs/audit-continuation/2026-09-08-linux/runs/windows-cohort05/07-build.log:156: trailing whitespace.
+
docs/audit-continuation/2026-09-08-linux/runs/windows-cohort05/07-build.log:157: trailing whitespace.
+Time Elapsed 00:00:04.31
docs/audit-continuation/2026-09-08-linux/runs/windows-cohort05/07-build.log:159: trailing whitespace.
+MSBuild version 17.14.51+25f168cee for .NET Framework
docs/audit-continuation/2026-09-08-linux/runs/windows-cohort05/07-build.log:160: trailing whitespace.
+Build started 9/10/2026 5:07:41 AM.
docs/audit-continuation/2026-09-08-linux/runs/windows-cohort05/07-build.log:161: trailing whitespace.
+
docs/audit-continuation/2026-09-08-linux/runs/windows-cohort05/07-build.log:162: trailing whitespace.
+Project "D:\a\_temp\passvault-windows-cohort-05-34439762763-1-be5f25d196d98cb0dc091b0228e3e4e7\build\passvault_biometric_windows_prk_allocation_test.vcxproj" on node 1 (default targets).
docs/audit-continuation/2026-09-08-linux/runs/windows-cohort05/07-build.log:163: trailing whitespace.
+Project "D:\a\_temp\passvault-windows-cohort-05-34439762763-1-be5f25d196d98cb0dc091b0228e3e4e7\build\passvault_biometric_windows_prk_allocation_test.vcxproj" (1) is building "D:\a\_temp\passvault-windows-cohort-05-34439762763-1-be5f25d196d98cb0dc091b0228e3e4e7\build\ZERO_CHECK.vcxproj" (2) on node 1 (default targets).
docs/audit-continuation/2026-09-08-linux/runs/windows-cohort05/07-build.log:164: trailing whitespace.
+PrepareForBuild:
docs/audit-continuation/2026-09-08-linux/runs/windows-cohort05/07-build.log:165: trailing whitespace.
+  Structured output is enabled. The formatting of compiler diagnostics will reflect the error hierarchy. See https://aka.ms/cpp/structured-output for more details.
docs/audit-continuation/2026-09-08-linux/runs/windows-cohort05/07-build.log:166: trailing whitespace.
+InitializeBuildStatus:
docs/audit-continuation/2026-09-08-linux/runs/windows-cohort05/07-build.log:167: trailing whitespace.
+  Creating "x64\Release\ZERO_CHECK\ZERO_CHECK.tlog\unsuccessfulbuild" because "AlwaysCreate" was specified.
docs/audit-continuation/2026-09-08-linux/runs/windows-cohort05/07-build.log:168: trailing whitespace.
+  Touching "x64\Release\ZERO_CHECK\ZERO_CHECK.tlog\unsuccessfulbuild".
docs/audit-continuation/2026-09-08-linux/runs/windows-cohort05/07-build.log:169: trailing whitespace.
+CustomBuild:
docs/audit-continuation/2026-09-08-linux/runs/windows-cohort05/07-build.log:170: trailing whitespace.
+  All outputs are up-to-date.
docs/audit-continuation/2026-09-08-linux/runs/windows-cohort05/07-build.log:171: trailing whitespace.
+FinalizeBuildStatus:
docs/audit-continuation/2026-09-08-linux/runs/windows-cohort05/07-build.log:172: trailing whitespace.
+  Deleting file "x64\Release\ZERO_CHECK\ZERO_CHECK.tlog\unsuccessfulbuild".
docs/audit-continuation/2026-09-08-linux/runs/windows-cohort05/07-build.log:173: trailing whitespace.
+  Touching "x64\Release\ZERO_CHECK\ZERO_CHECK.tlog\ZERO_CHECK.lastbuildstate".
docs/audit-continuation/2026-09-08-linux/runs/windows-cohort05/07-build.log:174: trailing whitespace.
+Done Building Project "D:\a\_temp\passvault-windows-cohort-05-34439762763-1-be5f25d196d98cb0dc091b0228e3e4e7\build\ZERO_CHECK.vcxproj" (default targets).
docs/audit-continuation/2026-09-08-linux/runs/windows-cohort05/07-build.log:175: trailing whitespace.
+PrepareForBuild:
docs/audit-continuation/2026-09-08-linux/runs/windows-cohort05/07-build.log:176: trailing whitespace.
+  Creating directory "passvault_biometric_windows_prk_allocation_test.dir\Release\".
docs/audit-continuation/2026-09-08-linux/runs/windows-cohort05/07-build.log:177: trailing whitespace.
+  Structured output is enabled. The formatting of compiler diagnostics will reflect the error hierarchy. See https://aka.ms/cpp/structured-output for more details.
docs/audit-continuation/2026-09-08-linux/runs/windows-cohort05/07-build.log:178: trailing whitespace.
+  Creating directory "passvault_biometric_windows_prk_allocation_test.dir\Release\passvaul.06AC7BD1.tlog\".
docs/audit-continuation/2026-09-08-linux/runs/windows-cohort05/07-build.log:179: trailing whitespace.
+InitializeBuildStatus:
docs/audit-continuation/2026-09-08-linux/runs/windows-cohort05/07-build.log:180: trailing whitespace.
+  Creating "passvault_biometric_windows_prk_allocation_test.dir\Release\passvaul.06AC7BD1.tlog\unsuccessfulbuild" because "AlwaysCreate" was specified.
docs/audit-continuation/2026-09-08-linux/runs/windows-cohort05/07-build.log:181: trailing whitespace.
+  Touching "passvault_biometric_windows_prk_allocation_test.dir\Release\passvaul.06AC7BD1.tlog\unsuccessfulbuild".
docs/audit-continuation/2026-09-08-linux/runs/windows-cohort05/07-build.log:182: trailing whitespace.
+CustomBuild:
docs/audit-continuation/2026-09-08-linux/runs/windows-cohort05/07-build.log:183: trailing whitespace.
+  Building Custom Rule D:/a/passvault/passvault/app-desktop/native/biometric-bridge/CMakeLists.txt
docs/audit-continuation/2026-09-08-linux/runs/windows-cohort05/07-build.log:184: trailing whitespace.
+ClCompile:
docs/audit-continuation/2026-09-08-linux/runs/windows-cohort05/07-build.log:185: trailing whitespace.
+  C:\Program Files\Microsoft Visual Studio\2022\Enterprise\VC\Tools\MSVC\14.44.35207\bin\HostX64\x64\CL.exe /c /I"D:\a\passvault\passvault\app-desktop\native\biometric-bridge\include" /nologo /W4 /WX /diagnostics:column /sdl /O2 /Ob2 /D _UNICODE /D UNICODE /D WIN32 /D _WINDOWS /D NDEBUG /D PASSVAULT_BIOMETRIC_PRK_ALLOCATION_TEST=1 /D NOMINMAX /D UNICODE /D _UNICODE /D WIN32_LEAN_AND_MEAN /D WINVER=0x0A00 /D _WIN32_WINNT=0x0A00 /D PASSVAULT_BIOMETRIC_BUILD=1 /D "CMAKE_INTDIR=\"Release\"" /EHsc /MT /GS /guard:cf /fp:precise /Zc:wchar_t /Zc:forScope /Zc:inline /std:c++20 /Fo"passvault_biometric_windows_prk_allocation_test.dir\Release\\" /Fd"passvault_biometric_windows_prk_allocation_test.dir\Release\vc143.pdb" /external:W4 /Gd /TP /errorReport:queue "D:\a\passvault\passvault\app-desktop\native\biometric-bridge\tests\windows\passvault_biometric_windows_security_test.cpp"
docs/audit-continuation/2026-09-08-linux/runs/windows-cohort05/07-build.log:186: trailing whitespace.
+  passvault_biometric_windows_security_test.cpp
docs/audit-continuation/2026-09-08-linux/runs/windows-cohort05/07-build.log:187: trailing whitespace.
+Link:
docs/audit-continuation/2026-09-08-linux/runs/windows-cohort05/07-build.log:188: trailing whitespace.
+  C:\Program Files\Microsoft Visual Studio\2022\Enterprise\VC\Tools\MSVC\14.44.35207\bin\HostX64\x64\link.exe /ERRORREPORT:QUEUE /OUT:"D:\a\_temp\passvault-windows-cohort-05-34439762763-1-be5f25d196d98cb0dc091b0228e3e4e7\build\Release\passvault_biometric_windows_prk_allocation_test.exe" /INCREMENTAL:NO /NOLOGO advapi32.lib bcrypt.lib ole32.lib runtimeobject.lib windowsapp.lib kernel32.lib user32.lib gdi32.lib winspool.lib shell32.lib ole32.lib oleaut32.lib uuid.lib comdlg32.lib advapi32.lib /MANIFEST /MANIFESTUAC:"level='asInvoker' uiAccess='false'" /manifest:embed /PDB:"D:/a/_temp/passvault-windows-cohort-05-34439762763-1-be5f25d196d98cb0dc091b0228e3e4e7/build/Release/passvault_biometric_windows_prk_allocation_test.pdb" /SUBSYSTEM:CONSOLE /TLBID:1 /DYNAMICBASE /NXCOMPAT /IMPLIB:"D:/a/_temp/passvault-windows-cohort-05-34439762763-1-be5f25d196d98cb0dc091b0228e3e4e7/build/Release/passvault_biometric_windows_prk_allocation_test.lib" /MACHINE:X64 /guard:cf  /machine:x64 /HIGHENTROPYVA /guard:cf passvault_biometric_windows_prk_allocation_test.dir\Release\passvault_biometric_windows_security_test.obj
docs/audit-continuation/2026-09-08-linux/runs/windows-cohort05/07-build.log:189: trailing whitespace.
+     Creating library D:/a/_temp/passvault-windows-cohort-05-34439762763-1-be5f25d196d98cb0dc091b0228e3e4e7/build/Release/passvault_biometric_windows_prk_allocation_test.lib and object D:/a/_temp/passvault-windows-cohort-05-34439762763-1-be5f25d196d98cb0dc091b0228e3e4e7/build/Release/passvault_biometric_windows_prk_allocation_test.exp
docs/audit-continuation/2026-09-08-linux/runs/windows-cohort05/07-build.log:190: trailing whitespace.
+  passvault_biometric_windows_prk_allocation_test.vcxproj -> D:\a\_temp\passvault-windows-cohort-05-34439762763-1-be5f25d196d98cb0dc091b0228e3e4e7\build\Release\passvault_biometric_windows_prk_allocation_test.exe
docs/audit-continuation/2026-09-08-linux/runs/windows-cohort05/07-build.log:191: trailing whitespace.
+FinalizeBuildStatus:
docs/audit-continuation/2026-09-08-linux/runs/windows-cohort05/07-build.log:192: trailing whitespace.
+  Deleting file "passvault_biometric_windows_prk_allocation_test.dir\Release\passvaul.06AC7BD1.tlog\unsuccessfulbuild".
docs/audit-continuation/2026-09-08-linux/runs/windows-cohort05/07-build.log:193: trailing whitespace.
+  Touching "passvault_biometric_windows_prk_allocation_test.dir\Release\passvaul.06AC7BD1.tlog\passvault_biometric_windows_prk_allocation_test.lastbuildstate".
docs/audit-continuation/2026-09-08-linux/runs/windows-cohort05/07-build.log:194: trailing whitespace.
+Done Building Project "D:\a\_temp\passvault-windows-cohort-05-34439762763-1-be5f25d196d98cb0dc091b0228e3e4e7\build\passvault_biometric_windows_prk_allocation_test.vcxproj" (default targets).
docs/audit-continuation/2026-09-08-linux/runs/windows-cohort05/07-build.log:195: trailing whitespace.
+
docs/audit-continuation/2026-09-08-linux/runs/windows-cohort05/07-build.log:196: trailing whitespace.
+Build succeeded.
docs/audit-continuation/2026-09-08-linux/runs/windows-cohort05/07-build.log:197: trailing whitespace.
+    0 Warning(s)
docs/audit-continuation/2026-09-08-linux/runs/windows-cohort05/07-build.log:198: trailing whitespace.
+    0 Error(s)
docs/audit-continuation/2026-09-08-linux/runs/windows-cohort05/07-build.log:199: trailing whitespace.
+
docs/audit-continuation/2026-09-08-linux/runs/windows-cohort05/07-build.log:200: trailing whitespace.
+Time Elapsed 00:00:04.09
docs/audit-continuation/2026-09-08-linux/runs/windows-cohort05/07-build.log:201: new blank line at EOF.
docs/audit-continuation/2026-09-08-linux/runs/windows-cohort05/08-ctest-inventory.log:2: trailing whitespace.
+  "backtraceGraph" : 
docs/audit-continuation/2026-09-08-linux/runs/windows-cohort05/08-ctest-inventory.log:4: trailing whitespace.
+    "commands" : 
docs/audit-continuation/2026-09-08-linux/runs/windows-cohort05/08-ctest-inventory.log:8: trailing whitespace.
+    "files" : 
docs/audit-continuation/2026-09-08-linux/runs/windows-cohort05/08-ctest-inventory.log:12: trailing whitespace.
+    "nodes" : 
docs/audit-continuation/2026-09-08-linux/runs/windows-cohort05/08-ctest-inventory.log:233: trailing whitespace.
+  "tests" : 
docs/audit-continuation/2026-09-08-linux/runs/windows-cohort05/08-ctest-inventory.log:237: trailing whitespace.
+      "command" : 
docs/audit-continuation/2026-09-08-linux/runs/windows-cohort05/08-ctest-inventory.log:245: trailing whitespace.
+      "properties" : 
docs/audit-continuation/2026-09-08-linux/runs/windows-cohort05/08-ctest-inventory.log:255: trailing whitespace.
+      "command" : 
docs/audit-continuation/2026-09-08-linux/runs/windows-cohort05/08-ctest-inventory.log:263: trailing whitespace.
+      "properties" : 
docs/audit-continuation/2026-09-08-linux/runs/windows-cohort05/08-ctest-inventory.log:273: trailing whitespace.
+      "command" : 
docs/audit-continuation/2026-09-08-linux/runs/windows-cohort05/08-ctest-inventory.log:281: trailing whitespace.
+      "properties" : 
docs/audit-continuation/2026-09-08-linux/runs/windows-cohort05/08-ctest-inventory.log:291: trailing whitespace.
+      "command" : 
docs/audit-continuation/2026-09-08-linux/runs/windows-cohort05/08-ctest-inventory.log:299: trailing whitespace.
+      "properties" : 
docs/audit-continuation/2026-09-08-linux/runs/windows-cohort05/08-ctest-inventory.log:309: trailing whitespace.
+      "command" : 
docs/audit-continuation/2026-09-08-linux/runs/windows-cohort05/08-ctest-inventory.log:317: trailing whitespace.
+      "properties" : 
docs/audit-continuation/2026-09-08-linux/runs/windows-cohort05/08-ctest-inventory.log:327: trailing whitespace.
+      "command" : 
docs/audit-continuation/2026-09-08-linux/runs/windows-cohort05/08-ctest-inventory.log:335: trailing whitespace.
+      "properties" : 
docs/audit-continuation/2026-09-08-linux/runs/windows-cohort05/08-ctest-inventory.log:345: trailing whitespace.
+      "command" : 
docs/audit-continuation/2026-09-08-linux/runs/windows-cohort05/08-ctest-inventory.log:353: trailing whitespace.
+      "properties" : 
docs/audit-continuation/2026-09-08-linux/runs/windows-cohort05/08-ctest-inventory.log:363: trailing whitespace.
+      "command" : 
docs/audit-continuation/2026-09-08-linux/runs/windows-cohort05/08-ctest-inventory.log:371: trailing whitespace.
+      "properties" : 
docs/audit-continuation/2026-09-08-linux/runs/windows-cohort05/08-ctest-inventory.log:381: trailing whitespace.
+      "command" : 
docs/audit-continuation/2026-09-08-linux/runs/windows-cohort05/08-ctest-inventory.log:389: trailing whitespace.
+      "properties" : 
docs/audit-continuation/2026-09-08-linux/runs/windows-cohort05/08-ctest-inventory.log:399: trailing whitespace.
+      "command" : 
docs/audit-continuation/2026-09-08-linux/runs/windows-cohort05/08-ctest-inventory.log:407: trailing whitespace.
+      "properties" : 
docs/audit-continuation/2026-09-08-linux/runs/windows-cohort05/08-ctest-inventory.log:417: trailing whitespace.
+      "command" : 
docs/audit-continuation/2026-09-08-linux/runs/windows-cohort05/08-ctest-inventory.log:423: trailing whitespace.
+      "properties" : 
docs/audit-continuation/2026-09-08-linux/runs/windows-cohort05/08-ctest-inventory.log:433: trailing whitespace.
+      "command" : 
docs/audit-continuation/2026-09-08-linux/runs/windows-cohort05/08-ctest-inventory.log:441: trailing whitespace.
+      "properties" : 
docs/audit-continuation/2026-09-08-linux/runs/windows-cohort05/08-ctest-inventory.log:451: trailing whitespace.
+      "command" : 
docs/audit-continuation/2026-09-08-linux/runs/windows-cohort05/08-ctest-inventory.log:459: trailing whitespace.
+      "properties" : 
docs/audit-continuation/2026-09-08-linux/runs/windows-cohort05/08-ctest-inventory.log:469: trailing whitespace.
+      "command" : 
docs/audit-continuation/2026-09-08-linux/runs/windows-cohort05/08-ctest-inventory.log:477: trailing whitespace.
+      "properties" : 
docs/audit-continuation/2026-09-08-linux/runs/windows-cohort05/08-ctest-inventory.log:487: trailing whitespace.
+      "command" : 
docs/audit-continuation/2026-09-08-linux/runs/windows-cohort05/08-ctest-inventory.log:495: trailing whitespace.
+      "properties" : 
docs/audit-continuation/2026-09-08-linux/runs/windows-cohort05/08-ctest-inventory.log:505: trailing whitespace.
+      "command" : 
docs/audit-continuation/2026-09-08-linux/runs/windows-cohort05/08-ctest-inventory.log:513: trailing whitespace.
+      "properties" : 
docs/audit-continuation/2026-09-08-linux/runs/windows-cohort05/08-ctest-inventory.log:523: trailing whitespace.
+      "command" : 
docs/audit-continuation/2026-09-08-linux/runs/windows-cohort05/08-ctest-inventory.log:531: trailing whitespace.
+      "properties" : 
docs/audit-continuation/2026-09-08-linux/runs/windows-cohort05/08-ctest-inventory.log:541: trailing whitespace.
+      "command" : 
docs/audit-continuation/2026-09-08-linux/runs/windows-cohort05/08-ctest-inventory.log:549: trailing whitespace.
+      "properties" : 
docs/audit-continuation/2026-09-08-linux/runs/windows-cohort05/08-ctest-inventory.log:559: trailing whitespace.
+      "command" : 
docs/audit-continuation/2026-09-08-linux/runs/windows-cohort05/08-ctest-inventory.log:567: trailing whitespace.
+      "properties" : 
docs/audit-continuation/2026-09-08-linux/runs/windows-cohort05/08-ctest-inventory.log:577: trailing whitespace.
+      "command" : 
docs/audit-continuation/2026-09-08-linux/runs/windows-cohort05/08-ctest-inventory.log:585: trailing whitespace.
+      "properties" : 
docs/audit-continuation/2026-09-08-linux/runs/windows-cohort05/08-ctest-inventory.log:595: trailing whitespace.
+      "command" : 
docs/audit-continuation/2026-09-08-linux/runs/windows-cohort05/08-ctest-inventory.log:603: trailing whitespace.
+      "properties" : 
docs/audit-continuation/2026-09-08-linux/runs/windows-cohort05/08-ctest-inventory.log:613: trailing whitespace.
+      "command" : 
docs/audit-continuation/2026-09-08-linux/runs/windows-cohort05/08-ctest-inventory.log:621: trailing whitespace.
+      "properties" : 
docs/audit-continuation/2026-09-08-linux/runs/windows-cohort05/08-ctest-inventory.log:631: trailing whitespace.
+      "command" : 
docs/audit-continuation/2026-09-08-linux/runs/windows-cohort05/08-ctest-inventory.log:639: trailing whitespace.
+      "properties" : 
docs/audit-continuation/2026-09-08-linux/runs/windows-cohort05/08-ctest-inventory.log:649: trailing whitespace.
+      "command" : 
docs/audit-continuation/2026-09-08-linux/runs/windows-cohort05/08-ctest-inventory.log:655: trailing whitespace.
+      "properties" : 
docs/audit-continuation/2026-09-08-linux/runs/windows-cohort05/08-ctest-inventory.log:664: trailing whitespace.
+  "version" : 
docs/audit-continuation/2026-09-08-linux/runs/windows-cohort05/WORKFLOW.log:2: trailing whitespace.
+﻿2026-09-10T05:06:45.0112302Z Current runner version: '2.337.0'
docs/audit-continuation/2026-09-08-linux/runs/windows-cohort05/WORKFLOW.log:3: trailing whitespace.
+2026-09-10T05:06:45.0132597Z ##[group]Runner Image Provisioner
docs/audit-continuation/2026-09-08-linux/runs/windows-cohort05/WORKFLOW.log:4: trailing whitespace.
+2026-09-10T05:06:45.0133251Z Hosted Compute Agent
docs/audit-continuation/2026-09-08-linux/runs/windows-cohort05/WORKFLOW.log:5: trailing whitespace.
+2026-09-10T05:06:45.0133663Z Version: 20260828.587
docs/audit-continuation/2026-09-08-linux/runs/windows-cohort05/WORKFLOW.log:6: trailing whitespace.
+2026-09-10T05:06:45.0134135Z Commit: abac92662cab4cc7352de4f9f9d2e2419aad9c29
docs/audit-continuation/2026-09-08-linux/runs/windows-cohort05/WORKFLOW.log:7: trailing whitespace.
+2026-09-10T05:06:45.0134672Z Build Date: 2026-08-28T16:44:25Z
docs/audit-continuation/2026-09-08-linux/runs/windows-cohort05/WORKFLOW.log:8: trailing whitespace.
+2026-09-10T05:06:45.0135164Z Worker ID: {b52401f3-8a31-4ccb-8577-66dda48adfd4}
docs/audit-continuation/2026-09-08-linux/runs/windows-cohort05/WORKFLOW.log:9: trailing whitespace.
+2026-09-10T05:06:45.0135706Z Azure Region: westus3
docs/audit-continuation/2026-09-08-linux/runs/windows-cohort05/WORKFLOW.log:10: trailing whitespace.
+2026-09-10T05:06:45.0136100Z ##[endgroup]
docs/audit-continuation/2026-09-08-linux/runs/windows-cohort05/WORKFLOW.log:11: trailing whitespace.
+2026-09-10T05:06:45.0137076Z ##[group]Operating System
docs/audit-continuation/2026-09-08-linux/runs/windows-cohort05/WORKFLOW.log:12: trailing whitespace.
+2026-09-10T05:06:45.0137587Z Microsoft Windows Server 2022
docs/audit-continuation/2026-09-08-linux/runs/windows-cohort05/WORKFLOW.log:13: trailing whitespace.
+2026-09-10T05:06:45.0138016Z 10.0.20348
docs/audit-continuation/2026-09-08-linux/runs/windows-cohort05/WORKFLOW.log:14: trailing whitespace.
+2026-09-10T05:06:45.0138379Z Datacenter
docs/audit-continuation/2026-09-08-linux/runs/windows-cohort05/WORKFLOW.log:15: trailing whitespace.
+2026-09-10T05:06:45.0138739Z ##[endgroup]
docs/audit-continuation/2026-09-08-linux/runs/windows-cohort05/WORKFLOW.log:16: trailing whitespace.
+2026-09-10T05:06:45.0139162Z ##[group]Runner Image
docs/audit-continuation/2026-09-08-linux/runs/windows-cohort05/WORKFLOW.log:17: trailing whitespace.
+2026-09-10T05:06:45.0139604Z Image: windows-2022
docs/audit-continuation/2026-09-08-linux/runs/windows-cohort05/WORKFLOW.log:18: trailing whitespace.
+2026-09-10T05:06:45.0139993Z Version: 20260830.290.1
docs/audit-continuation/2026-09-08-linux/runs/windows-cohort05/WORKFLOW.log:19: trailing whitespace.
+2026-09-10T05:06:45.0141021Z Included Software: https://github.com/actions/runner-images/blob/win22/20260830.290/images/windows/Windows2022-Readme.md
docs/audit-continuation/2026-09-08-linux/runs/windows-cohort05/WORKFLOW.log:20: trailing whitespace.
+2026-09-10T05:06:45.0142115Z Image Release: https://github.com/actions/runner-images/releases/tag/win22%2F20260830.290
docs/audit-continuation/2026-09-08-linux/runs/windows-cohort05/WORKFLOW.log:21: trailing whitespace.
+2026-09-10T05:06:45.0142812Z ##[endgroup]
docs/audit-continuation/2026-09-08-linux/runs/windows-cohort05/WORKFLOW.log:22: trailing whitespace.
+2026-09-10T05:06:45.0143603Z ##[group]GITHUB_TOKEN Permissions
docs/audit-continuation/2026-09-08-linux/runs/windows-cohort05/WORKFLOW.log:23: trailing whitespace.
+2026-09-10T05:06:45.0144996Z Contents: read
docs/audit-continuation/2026-09-08-linux/runs/windows-cohort05/WORKFLOW.log:24: trailing whitespace.
+2026-09-10T05:06:45.0145399Z Metadata: read
docs/audit-continuation/2026-09-08-linux/runs/windows-cohort05/WORKFLOW.log:25: trailing whitespace.
+2026-09-10T05:06:45.0145781Z ##[endgroup]
docs/audit-continuation/2026-09-08-linux/runs/windows-cohort05/WORKFLOW.log:26: trailing whitespace.
+2026-09-10T05:06:45.0147344Z Secret source: Actions
docs/audit-continuation/2026-09-08-linux/runs/windows-cohort05/WORKFLOW.log:27: trailing whitespace.
+2026-09-10T05:06:45.0147997Z Cache mode: write
docs/audit-continuation/2026-09-08-linux/runs/windows-cohort05/WORKFLOW.log:28: trailing whitespace.
+2026-09-10T05:06:45.0148503Z Prepare workflow directory
docs/audit-continuation/2026-09-08-linux/runs/windows-cohort05/WORKFLOW.log:29: trailing whitespace.
+2026-09-10T05:06:45.0446324Z Prepare all required actions
docs/audit-continuation/2026-09-08-linux/runs/windows-cohort05/WORKFLOW.log:30: trailing whitespace.
+2026-09-10T05:06:45.0491977Z Getting action download info
docs/audit-continuation/2026-09-08-linux/runs/windows-cohort05/WORKFLOW.log:31: trailing whitespace.
+2026-09-10T05:06:45.3867543Z Download action repository 'actions/checkout@3d3c42e5aac5ba805825da76410c181273ba90b1' (SHA:3d3c42e5aac5ba805825da76410c181273ba90b1)
docs/audit-continuation/2026-09-08-linux/runs/windows-cohort05/WORKFLOW.log:32: trailing whitespace.
+2026-09-10T05:06:45.4707380Z Download action repository 'actions/upload-artifact@043fb46d1a93c77aae656e7c1c64a875d1fc6a0a' (SHA:043fb46d1a93c77aae656e7c1c64a875d1fc6a0a)
docs/audit-continuation/2026-09-08-linux/runs/windows-cohort05/WORKFLOW.log:33: trailing whitespace.
+2026-09-10T05:06:45.6850472Z Complete job name: native
docs/audit-continuation/2026-09-08-linux/runs/windows-cohort05/WORKFLOW.log:34: trailing whitespace.
+2026-09-10T05:06:45.8229596Z ##[group]Run actions/checkout@3d3c42e5aac5ba805825da76410c181273ba90b1
docs/audit-continuation/2026-09-08-linux/runs/windows-cohort05/WORKFLOW.log:35: trailing whitespace.
+2026-09-10T05:06:45.8230646Z with:
docs/audit-continuation/2026-09-08-linux/runs/windows-cohort05/WORKFLOW.log:36: trailing whitespace.
+2026-09-10T05:06:45.8230990Z   ref: b825df973ac3e3392dd99b251b8bb7fd48fecce6
docs/audit-continuation/2026-09-08-linux/runs/windows-cohort05/WORKFLOW.log:37: trailing whitespace.
+2026-09-10T05:06:45.8231422Z   fetch-depth: 2
docs/audit-continuation/2026-09-08-linux/runs/windows-cohort05/WORKFLOW.log:38: trailing whitespace.
+2026-09-10T05:06:45.8231745Z   persist-credentials: false
docs/audit-continuation/2026-09-08-linux/runs/windows-cohort05/WORKFLOW.log:39: trailing whitespace.
+2026-09-10T05:06:45.8232106Z   submodules: false
docs/audit-continuation/2026-09-08-linux/runs/windows-cohort05/WORKFLOW.log:40: trailing whitespace.
+2026-09-10T05:06:45.8232425Z   lfs: false
docs/audit-continuation/2026-09-08-linux/runs/windows-cohort05/WORKFLOW.log:41: trailing whitespace.
+2026-09-10T05:06:45.8232747Z   repository: Apdelrahman1911/passvault
docs/audit-continuation/2026-09-08-linux/runs/windows-cohort05/WORKFLOW.log:42: trailing whitespace.
+2026-09-10T05:06:45.8236074Z   token: ***
docs/audit-continuation/2026-09-08-linux/runs/windows-cohort05/WORKFLOW.log:43: trailing whitespace.
+2026-09-10T05:06:45.8236379Z   ssh-strict: true
docs/audit-continuation/2026-09-08-linux/runs/windows-cohort05/WORKFLOW.log:44: trailing whitespace.
+2026-09-10T05:06:45.8236690Z   ssh-user: git
docs/audit-continuation/2026-09-08-linux/runs/windows-cohort05/WORKFLOW.log:45: trailing whitespace.
+2026-09-10T05:06:45.8236987Z   clean: true
docs/audit-continuation/2026-09-08-linux/runs/windows-cohort05/WORKFLOW.log:46: trailing whitespace.
+2026-09-10T05:06:45.8237311Z   sparse-checkout-cone-mode: true
docs/audit-continuation/2026-09-08-linux/runs/windows-cohort05/WORKFLOW.log:47: trailing whitespace.
+2026-09-10T05:06:45.8237695Z   fetch-tags: false
docs/audit-continuation/2026-09-08-linux/runs/windows-cohort05/WORKFLOW.log:48: trailing whitespace.
+2026-09-10T05:06:45.8238014Z   show-progress: true
docs/audit-continuation/2026-09-08-linux/runs/windows-cohort05/WORKFLOW.log:49: trailing whitespace.
+2026-09-10T05:06:45.8238347Z   set-safe-directory: true
docs/audit-continuation/2026-09-08-linux/runs/windows-cohort05/WORKFLOW.log:50: trailing whitespace.
+2026-09-10T05:06:45.8239065Z   allow-unsafe-pr-checkout: false
docs/audit-continuation/2026-09-08-linux/runs/windows-cohort05/WORKFLOW.log:51: trailing whitespace.
+2026-09-10T05:06:45.8239697Z ##[endgroup]
docs/audit-continuation/2026-09-08-linux/runs/windows-cohort05/WORKFLOW.log:52: trailing whitespace.
+2026-09-10T05:06:45.9368346Z Syncing repository: Apdelrahman1911/passvault
docs/audit-continuation/2026-09-08-linux/runs/windows-cohort05/WORKFLOW.log:53: trailing whitespace.
+2026-09-10T05:06:45.9369717Z ##[group]Getting Git version info
docs/audit-continuation/2026-09-08-linux/runs/windows-cohort05/WORKFLOW.log:54: trailing whitespace.
+2026-09-10T05:06:45.9370177Z Working directory is 'D:\a\passvault\passvault'
docs/audit-continuation/2026-09-08-linux/runs/windows-cohort05/WORKFLOW.log:55: trailing whitespace.
+2026-09-10T05:06:46.0101341Z [command]"C:\Program Files\Git\bin\git.exe" version
docs/audit-continuation/2026-09-08-linux/runs/windows-cohort05/WORKFLOW.log:56: trailing whitespace.
+2026-09-10T05:06:46.3960358Z git version 2.55.0.windows.5
docs/audit-continuation/2026-09-08-linux/runs/windows-cohort05/WORKFLOW.log:57: trailing whitespace.
+2026-09-10T05:06:46.3987253Z ##[endgroup]
docs/audit-continuation/2026-09-08-linux/runs/windows-cohort05/WORKFLOW.log:58: trailing whitespace.
+2026-09-10T05:06:46.3998515Z Temporarily overriding HOME='D:\a\_temp\10a14838-9880-4c14-a1a8-8a748f28cf20' before making global git config changes
docs/audit-continuation/2026-09-08-linux/runs/windows-cohort05/WORKFLOW.log:59: trailing whitespace.
+2026-09-10T05:06:46.3999528Z Adding repository directory to the temporary git global config as a safe directory
docs/audit-continuation/2026-09-08-linux/runs/windows-cohort05/WORKFLOW.log:60: trailing whitespace.
+2026-09-10T05:06:46.4006699Z [command]"C:\Program Files\Git\bin\git.exe" config --global --add safe.directory D:\a\passvault\passvault
docs/audit-continuation/2026-09-08-linux/runs/windows-cohort05/WORKFLOW.log:61: trailing whitespace.
+2026-09-10T05:06:46.4585867Z Deleting the contents of 'D:\a\passvault\passvault'
docs/audit-continuation/2026-09-08-linux/runs/windows-cohort05/WORKFLOW.log:62: trailing whitespace.
+2026-09-10T05:06:46.4589213Z ##[group]Determining repository object format
docs/audit-continuation/2026-09-08-linux/runs/windows-cohort05/WORKFLOW.log:63: trailing whitespace.
+2026-09-10T05:06:46.4590621Z ##[endgroup]
docs/audit-continuation/2026-09-08-linux/runs/windows-cohort05/WORKFLOW.log:64: trailing whitespace.
+2026-09-10T05:06:46.4593203Z ##[group]Initializing the repository
docs/audit-continuation/2026-09-08-linux/runs/windows-cohort05/WORKFLOW.log:65: trailing whitespace.
+2026-09-10T05:06:46.4597680Z [command]"C:\Program Files\Git\bin\git.exe" init D:\a\passvault\passvault
docs/audit-continuation/2026-09-08-linux/runs/windows-cohort05/WORKFLOW.log:66: trailing whitespace.
+2026-09-10T05:06:46.5239785Z Initialized empty Git repository in D:/a/passvault/passvault/.git/
docs/audit-continuation/2026-09-08-linux/runs/windows-cohort05/WORKFLOW.log:67: trailing whitespace.
+2026-09-10T05:06:46.5266549Z [command]"C:\Program Files\Git\bin\git.exe" remote add origin https://github.com/Apdelrahman1911/passvault
docs/audit-continuation/2026-09-08-linux/runs/windows-cohort05/WORKFLOW.log:68: trailing whitespace.
+2026-09-10T05:06:46.5728336Z ##[endgroup]
docs/audit-continuation/2026-09-08-linux/runs/windows-cohort05/WORKFLOW.log:69: trailing whitespace.
+2026-09-10T05:06:46.5728948Z ##[group]Disabling automatic garbage collection
docs/audit-continuation/2026-09-08-linux/runs/windows-cohort05/WORKFLOW.log:70: trailing whitespace.
+2026-09-10T05:06:46.5735172Z [command]"C:\Program Files\Git\bin\git.exe" config --local gc.auto 0
docs/audit-continuation/2026-09-08-linux/runs/windows-cohort05/WORKFLOW.log:71: trailing whitespace.
+2026-09-10T05:06:46.5904382Z ##[endgroup]
docs/audit-continuation/2026-09-08-linux/runs/windows-cohort05/WORKFLOW.log:72: trailing whitespace.
+2026-09-10T05:06:46.5905541Z ##[group]Setting up auth
docs/audit-continuation/2026-09-08-linux/runs/windows-cohort05/WORKFLOW.log:73: trailing whitespace.
+2026-09-10T05:06:46.5906237Z Removing SSH command configuration
docs/audit-continuation/2026-09-08-linux/runs/windows-cohort05/WORKFLOW.log:74: trailing whitespace.
+2026-09-10T05:06:46.5913093Z [command]"C:\Program Files\Git\bin\git.exe" config --local --name-only --get-regexp core\.sshCommand
docs/audit-continuation/2026-09-08-linux/runs/windows-cohort05/WORKFLOW.log:75: trailing whitespace.
+2026-09-10T05:06:46.6084680Z [command]"C:\Program Files\Git\bin\git.exe" submodule foreach --recursive "sh -c \"git config --local --name-only --get-regexp 'core\.sshCommand' && git config --local --unset-all 'core.sshCommand' || :\""
docs/audit-continuation/2026-09-08-linux/runs/windows-cohort05/WORKFLOW.log:76: trailing whitespace.
+2026-09-10T05:06:48.3650330Z Removing HTTP extra header
docs/audit-continuation/2026-09-08-linux/runs/windows-cohort05/WORKFLOW.log:77: trailing whitespace.
+2026-09-10T05:06:48.3658060Z [command]"C:\Program Files\Git\bin\git.exe" config --local --name-only --get-regexp http\.https\:\/\/github\.com\/\.extraheader
docs/audit-continuation/2026-09-08-linux/runs/windows-cohort05/WORKFLOW.log:78: trailing whitespace.
+2026-09-10T05:06:48.3835359Z [command]"C:\Program Files\Git\bin\git.exe" submodule foreach --recursive "sh -c \"git config --local --name-only --get-regexp 'http\.https\:\/\/github\.com\/\.extraheader' && git config --local --unset-all 'http.https://github.com/.extraheader' || :\""
docs/audit-continuation/2026-09-08-linux/runs/windows-cohort05/WORKFLOW.log:79: trailing whitespace.
+2026-09-10T05:06:48.7055263Z Removing includeIf entries pointing to credentials config files
docs/audit-continuation/2026-09-08-linux/runs/windows-cohort05/WORKFLOW.log:80: trailing whitespace.
+2026-09-10T05:06:48.7063008Z [command]"C:\Program Files\Git\bin\git.exe" config --local --name-only --get-regexp ^includeIf\.gitdir:
docs/audit-continuation/2026-09-08-linux/runs/windows-cohort05/WORKFLOW.log:81: trailing whitespace.
+2026-09-10T05:06:48.7236846Z [command]"C:\Program Files\Git\bin\git.exe" submodule foreach --recursive "git config --local --show-origin --name-only --get-regexp remote.origin.url"
docs/audit-continuation/2026-09-08-linux/runs/windows-cohort05/WORKFLOW.log:82: trailing whitespace.
+2026-09-10T05:06:49.0664855Z [command]"C:\Program Files\Git\bin\git.exe" config --file D:\a\_temp\git-credentials-c14e7b1b-1ba9-4f11-906d-eb68341be8fe.config http.https://github.com/.extraheader "AUTHORIZATION: basic ***"
docs/audit-continuation/2026-09-08-linux/runs/windows-cohort05/WORKFLOW.log:83: trailing whitespace.
+2026-09-10T05:06:49.0839879Z [command]"C:\Program Files\Git\bin\git.exe" config --local includeIf.gitdir:D:/a/passvault/passvault/.git.path D:\a\_temp\git-credentials-c14e7b1b-1ba9-4f11-906d-eb68341be8fe.config
docs/audit-continuation/2026-09-08-linux/runs/windows-cohort05/WORKFLOW.log:84: trailing whitespace.
+2026-09-10T05:06:49.1010086Z [command]"C:\Program Files\Git\bin\git.exe" config --local includeIf.gitdir:D:/a/passvault/passvault/.git/worktrees/*.path D:\a\_temp\git-credentials-c14e7b1b-1ba9-4f11-906d-eb68341be8fe.config
docs/audit-continuation/2026-09-08-linux/runs/windows-cohort05/WORKFLOW.log:85: trailing whitespace.
+2026-09-10T05:06:49.1235033Z [command]"C:\Program Files\Git\bin\git.exe" config --local includeIf.gitdir:/github/workspace/.git.path /github/runner_temp/git-credentials-c14e7b1b-1ba9-4f11-906d-eb68341be8fe.config
docs/audit-continuation/2026-09-08-linux/runs/windows-cohort05/WORKFLOW.log:86: trailing whitespace.
+2026-09-10T05:06:49.1409521Z [command]"C:\Program Files\Git\bin\git.exe" config --local includeIf.gitdir:/github/workspace/.git/worktrees/*.path /github/runner_temp/git-credentials-c14e7b1b-1ba9-4f11-906d-eb68341be8fe.config
docs/audit-continuation/2026-09-08-linux/runs/windows-cohort05/WORKFLOW.log:87: trailing whitespace.
+2026-09-10T05:06:49.1577354Z ##[endgroup]
docs/audit-continuation/2026-09-08-linux/runs/windows-cohort05/WORKFLOW.log:88: trailing whitespace.
+2026-09-10T05:06:49.1577723Z ##[group]Fetching the repository
docs/audit-continuation/2026-09-08-linux/runs/windows-cohort05/WORKFLOW.log:89: trailing whitespace.
+2026-09-10T05:06:49.1585844Z [command]"C:\Program Files\Git\bin\git.exe" -c protocol.version=2 fetch --no-tags --prune --no-recurse-submodules --depth=2 origin b825df973ac3e3392dd99b251b8bb7fd48fecce6
docs/audit-continuation/2026-09-08-linux/runs/windows-cohort05/WORKFLOW.log:90: trailing whitespace.
+2026-09-10T05:06:52.3548566Z From https://github.com/Apdelrahman1911/passvault
docs/audit-continuation/2026-09-08-linux/runs/windows-cohort05/WORKFLOW.log:91: trailing whitespace.
+2026-09-10T05:06:52.3549675Z  * branch            b825df973ac3e3392dd99b251b8bb7fd48fecce6 -> FETCH_HEAD
docs/audit-continuation/2026-09-08-linux/runs/windows-cohort05/WORKFLOW.log:92: trailing whitespace.
+2026-09-10T05:06:52.3577976Z [command]"C:\Program Files\Git\bin\git.exe" rev-parse --verify --quiet b825df973ac3e3392dd99b251b8bb7fd48fecce6^{object}
docs/audit-continuation/2026-09-08-linux/runs/windows-cohort05/WORKFLOW.log:93: trailing whitespace.
+2026-09-10T05:06:52.4030118Z b825df973ac3e3392dd99b251b8bb7fd48fecce6
docs/audit-continuation/2026-09-08-linux/runs/windows-cohort05/WORKFLOW.log:94: trailing whitespace.
+2026-09-10T05:06:52.4047336Z ##[endgroup]
docs/audit-continuation/2026-09-08-linux/runs/windows-cohort05/WORKFLOW.log:95: trailing whitespace.
+2026-09-10T05:06:52.4047701Z ##[group]Determining the checkout info
docs/audit-continuation/2026-09-08-linux/runs/windows-cohort05/WORKFLOW.log:96: trailing whitespace.
+2026-09-10T05:06:52.4048361Z ##[endgroup]
docs/audit-continuation/2026-09-08-linux/runs/windows-cohort05/WORKFLOW.log:97: trailing whitespace.
+2026-09-10T05:06:52.4055267Z [command]"C:\Program Files\Git\bin\git.exe" sparse-checkout disable
docs/audit-continuation/2026-09-08-linux/runs/windows-cohort05/WORKFLOW.log:98: trailing whitespace.
+2026-09-10T05:06:52.4354201Z [command]"C:\Program Files\Git\bin\git.exe" config --local --unset-all extensions.worktreeConfig
docs/audit-continuation/2026-09-08-linux/runs/windows-cohort05/WORKFLOW.log:99: trailing whitespace.
+2026-09-10T05:06:52.4556920Z ##[group]Checking out the ref
docs/audit-continuation/2026-09-08-linux/runs/windows-cohort05/WORKFLOW.log:100: trailing whitespace.
+2026-09-10T05:06:52.4562865Z [command]"C:\Program Files\Git\bin\git.exe" checkout --progress --force b825df973ac3e3392dd99b251b8bb7fd48fecce6
docs/audit-continuation/2026-09-08-linux/runs/windows-cohort05/WORKFLOW.log:101: trailing whitespace.
+2026-09-10T05:06:53.0287613Z Note: switching to 'b825df973ac3e3392dd99b251b8bb7fd48fecce6'.
docs/audit-continuation/2026-09-08-linux/runs/windows-cohort05/WORKFLOW.log:102: trailing whitespace.
+2026-09-10T05:06:53.0288024Z 
docs/audit-continuation/2026-09-08-linux/runs/windows-cohort05/WORKFLOW.log:103: trailing whitespace.
+2026-09-10T05:06:53.0288240Z You are in 'detached HEAD' state. You can look around, make experimental
docs/audit-continuation/2026-09-08-linux/runs/windows-cohort05/WORKFLOW.log:104: trailing whitespace.
+2026-09-10T05:06:53.0288622Z changes and commit them, and you can discard any commits you make in this
docs/audit-continuation/2026-09-08-linux/runs/windows-cohort05/WORKFLOW.log:105: trailing whitespace.
+2026-09-10T05:06:53.0289019Z state without impacting any branches by switching back to a branch.
docs/audit-continuation/2026-09-08-linux/runs/windows-cohort05/WORKFLOW.log:106: trailing whitespace.
+2026-09-10T05:06:53.0289293Z 
docs/audit-continuation/2026-09-08-linux/runs/windows-cohort05/WORKFLOW.log:107: trailing whitespace.
+2026-09-10T05:06:53.0289438Z If you want to create a new branch to retain commits you create, you may
docs/audit-continuation/2026-09-08-linux/runs/windows-cohort05/WORKFLOW.log:108: trailing whitespace.
+2026-09-10T05:06:53.0289794Z do so (now or later) by using -c with the switch command. Example:
docs/audit-continuation/2026-09-08-linux/runs/windows-cohort05/WORKFLOW.log:109: trailing whitespace.
+2026-09-10T05:06:53.0290073Z 
docs/audit-continuation/2026-09-08-linux/runs/windows-cohort05/WORKFLOW.log:110: trailing whitespace.
+2026-09-10T05:06:53.0290235Z   git switch -c <new-branch-name>
docs/audit-continuation/2026-09-08-linux/runs/windows-cohort05/WORKFLOW.log:111: trailing whitespace.
+2026-09-10T05:06:53.0290454Z 
docs/audit-continuation/2026-09-08-linux/runs/windows-cohort05/WORKFLOW.log:112: trailing whitespace.
+2026-09-10T05:06:53.0290545Z Or undo this operation with:
docs/audit-continuation/2026-09-08-linux/runs/windows-cohort05/WORKFLOW.log:113: trailing whitespace.
+2026-09-10T05:06:53.0290688Z 
docs/audit-continuation/2026-09-08-linux/runs/windows-cohort05/WORKFLOW.log:114: trailing whitespace.
+2026-09-10T05:06:53.0290751Z   git switch -
docs/audit-continuation/2026-09-08-linux/runs/windows-cohort05/WORKFLOW.log:115: trailing whitespace.
+2026-09-10T05:06:53.0290853Z 
docs/audit-continuation/2026-09-08-linux/runs/windows-cohort05/WORKFLOW.log:116: trailing whitespace.
+2026-09-10T05:06:53.0291049Z Turn off this advice by setting config variable advice.detachedHead to false
docs/audit-continuation/2026-09-08-linux/runs/windows-cohort05/WORKFLOW.log:117: trailing whitespace.
+2026-09-10T05:06:53.0291295Z 
docs/audit-continuation/2026-09-08-linux/runs/windows-cohort05/WORKFLOW.log:118: trailing whitespace.
+2026-09-10T05:06:53.0291535Z HEAD is now at b825df9 Validate Windows native writer and secret-lifetime controls
docs/audit-continuation/2026-09-08-linux/runs/windows-cohort05/WORKFLOW.log:119: trailing whitespace.
+2026-09-10T05:06:53.0410635Z ##[endgroup]
docs/audit-continuation/2026-09-08-linux/runs/windows-cohort05/WORKFLOW.log:120: trailing whitespace.
+2026-09-10T05:06:53.0705122Z [command]"C:\Program Files\Git\bin\git.exe" log -1 --format=%H
docs/audit-continuation/2026-09-08-linux/runs/windows-cohort05/WORKFLOW.log:121: trailing whitespace.
+2026-09-10T05:06:53.0876236Z b825df973ac3e3392dd99b251b8bb7fd48fecce6
docs/audit-continuation/2026-09-08-linux/runs/windows-cohort05/WORKFLOW.log:122: trailing whitespace.
+2026-09-10T05:06:53.0899896Z ##[group]Removing auth
docs/audit-continuation/2026-09-08-linux/runs/windows-cohort05/WORKFLOW.log:123: trailing whitespace.
+2026-09-10T05:06:53.0900524Z Removing SSH command configuration
docs/audit-continuation/2026-09-08-linux/runs/windows-cohort05/WORKFLOW.log:124: trailing whitespace.
+2026-09-10T05:06:53.0907442Z [command]"C:\Program Files\Git\bin\git.exe" config --local --name-only --get-regexp core\.sshCommand
docs/audit-continuation/2026-09-08-linux/runs/windows-cohort05/WORKFLOW.log:125: trailing whitespace.
+2026-09-10T05:06:53.1089500Z [command]"C:\Program Files\Git\bin\git.exe" submodule foreach --recursive "sh -c \"git config --local --name-only --get-regexp 'core\.sshCommand' && git config --local --unset-all 'core.sshCommand' || :\""
docs/audit-continuation/2026-09-08-linux/runs/windows-cohort05/WORKFLOW.log:126: trailing whitespace.
+2026-09-10T05:06:53.5172141Z Removing HTTP extra header
docs/audit-continuation/2026-09-08-linux/runs/windows-cohort05/WORKFLOW.log:127: trailing whitespace.
+2026-09-10T05:06:53.5179253Z [command]"C:\Program Files\Git\bin\git.exe" config --local --name-only --get-regexp http\.https\:\/\/github\.com\/\.extraheader
docs/audit-continuation/2026-09-08-linux/runs/windows-cohort05/WORKFLOW.log:128: trailing whitespace.
+2026-09-10T05:06:53.5363445Z [command]"C:\Program Files\Git\bin\git.exe" submodule foreach --recursive "sh -c \"git config --local --name-only --get-regexp 'http\.https\:\/\/github\.com\/\.extraheader' && git config --local --unset-all 'http.https://github.com/.extraheader' || :\""
docs/audit-continuation/2026-09-08-linux/runs/windows-cohort05/WORKFLOW.log:129: trailing whitespace.
+2026-09-10T05:06:53.9854598Z Removing includeIf entries pointing to credentials config files
docs/audit-continuation/2026-09-08-linux/runs/windows-cohort05/WORKFLOW.log:130: trailing whitespace.
+2026-09-10T05:06:53.9866496Z [command]"C:\Program Files\Git\bin\git.exe" config --local --name-only --get-regexp ^includeIf\.gitdir:
docs/audit-continuation/2026-09-08-linux/runs/windows-cohort05/WORKFLOW.log:131: trailing whitespace.
+2026-09-10T05:06:54.0024807Z includeif.gitdir:D:/a/passvault/passvault/.git.path
docs/audit-continuation/2026-09-08-linux/runs/windows-cohort05/WORKFLOW.log:132: trailing whitespace.
+2026-09-10T05:06:54.0025541Z includeif.gitdir:D:/a/passvault/passvault/.git/worktrees/*.path
docs/audit-continuation/2026-09-08-linux/runs/windows-cohort05/WORKFLOW.log:133: trailing whitespace.
+2026-09-10T05:06:54.0026004Z includeif.gitdir:/github/workspace/.git.path
docs/audit-continuation/2026-09-08-linux/runs/windows-cohort05/WORKFLOW.log:134: trailing whitespace.
+2026-09-10T05:06:54.0026454Z includeif.gitdir:/github/workspace/.git/worktrees/*.path
docs/audit-continuation/2026-09-08-linux/runs/windows-cohort05/WORKFLOW.log:135: trailing whitespace.
+2026-09-10T05:06:54.0051643Z [command]"C:\Program Files\Git\bin\git.exe" config --local --get-all includeif.gitdir:D:/a/passvault/passvault/.git.path
docs/audit-continuation/2026-09-08-linux/runs/windows-cohort05/WORKFLOW.log:136: trailing whitespace.
+2026-09-10T05:06:54.0205245Z D:\a\_temp\git-credentials-c14e7b1b-1ba9-4f11-906d-eb68341be8fe.config
docs/audit-continuation/2026-09-08-linux/runs/windows-cohort05/WORKFLOW.log:137: trailing whitespace.
+2026-09-10T05:06:54.0229018Z [command]"C:\Program Files\Git\bin\git.exe" config --local --unset includeif.gitdir:D:/a/passvault/passvault/.git.path D\:\\a\\_temp\\git\-credentials\-c14e7b1b\-1ba9\-4f11\-906d\-eb68341be8fe\.config
docs/audit-continuation/2026-09-08-linux/runs/windows-cohort05/WORKFLOW.log:138: trailing whitespace.
+2026-09-10T05:06:54.0401569Z [command]"C:\Program Files\Git\bin\git.exe" config --local --get-all includeif.gitdir:D:/a/passvault/passvault/.git/worktrees/*.path
docs/audit-continuation/2026-09-08-linux/runs/windows-cohort05/WORKFLOW.log:139: trailing whitespace.
+2026-09-10T05:06:54.0550061Z D:\a\_temp\git-credentials-c14e7b1b-1ba9-4f11-906d-eb68341be8fe.config
docs/audit-continuation/2026-09-08-linux/runs/windows-cohort05/WORKFLOW.log:140: trailing whitespace.
+2026-09-10T05:06:54.0573849Z [command]"C:\Program Files\Git\bin\git.exe" config --local --unset includeif.gitdir:D:/a/passvault/passvault/.git/worktrees/*.path D\:\\a\\_temp\\git\-credentials\-c14e7b1b\-1ba9\-4f11\-906d\-eb68341be8fe\.config
docs/audit-continuation/2026-09-08-linux/runs/windows-cohort05/WORKFLOW.log:141: trailing whitespace.
+2026-09-10T05:06:54.0749899Z [command]"C:\Program Files\Git\bin\git.exe" config --local --get-all includeif.gitdir:/github/workspace/.git.path
docs/audit-continuation/2026-09-08-linux/runs/windows-cohort05/WORKFLOW.log:142: trailing whitespace.
+2026-09-10T05:06:54.0898707Z /github/runner_temp/git-credentials-c14e7b1b-1ba9-4f11-906d-eb68341be8fe.config
docs/audit-continuation/2026-09-08-linux/runs/windows-cohort05/WORKFLOW.log:143: trailing whitespace.
+2026-09-10T05:06:54.0920608Z [command]"C:\Program Files\Git\bin\git.exe" config --local --unset includeif.gitdir:/github/workspace/.git.path \/github\/runner_temp\/git\-credentials\-c14e7b1b\-1ba9\-4f11\-906d\-eb68341be8fe\.config
docs/audit-continuation/2026-09-08-linux/runs/windows-cohort05/WORKFLOW.log:144: trailing whitespace.
+2026-09-10T05:06:54.1098524Z [command]"C:\Program Files\Git\bin\git.exe" config --local --get-all includeif.gitdir:/github/workspace/.git/worktrees/*.path
docs/audit-continuation/2026-09-08-linux/runs/windows-cohort05/WORKFLOW.log:145: trailing whitespace.
+2026-09-10T05:06:54.1247560Z /github/runner_temp/git-credentials-c14e7b1b-1ba9-4f11-906d-eb68341be8fe.config
docs/audit-continuation/2026-09-08-linux/runs/windows-cohort05/WORKFLOW.log:146: trailing whitespace.
+2026-09-10T05:06:54.1268278Z [command]"C:\Program Files\Git\bin\git.exe" config --local --unset includeif.gitdir:/github/workspace/.git/worktrees/*.path \/github\/runner_temp\/git\-credentials\-c14e7b1b\-1ba9\-4f11\-906d\-eb68341be8fe\.config
docs/audit-continuation/2026-09-08-linux/runs/windows-cohort05/WORKFLOW.log:147: trailing whitespace.
+2026-09-10T05:06:54.1438600Z [command]"C:\Program Files\Git\bin\git.exe" submodule foreach --recursive "git config --local --show-origin --name-only --get-regexp remote.origin.url"
docs/audit-continuation/2026-09-08-linux/runs/windows-cohort05/WORKFLOW.log:148: trailing whitespace.
+2026-09-10T05:06:54.4696772Z Removing credentials config 'D:\a\_temp\git-credentials-c14e7b1b-1ba9-4f11-906d-eb68341be8fe.config'
docs/audit-continuation/2026-09-08-linux/runs/windows-cohort05/WORKFLOW.log:149: trailing whitespace.
+2026-09-10T05:06:54.4706731Z ##[endgroup]
docs/audit-continuation/2026-09-08-linux/runs/windows-cohort05/WORKFLOW.log:150: trailing whitespace.
+2026-09-10T05:06:54.4953034Z ##[group]Run python -I -B scripts/audit/windows_native_validation.py
docs/audit-continuation/2026-09-08-linux/runs/windows-cohort05/WORKFLOW.log:151: trailing whitespace.
+2026-09-10T05:06:54.4953567Z [36;1mpython -I -B scripts/audit/windows_native_validation.py[0m
docs/audit-continuation/2026-09-08-linux/runs/windows-cohort05/WORKFLOW.log:152: trailing whitespace.
+2026-09-10T05:06:54.9044422Z shell: C:\Program Files\PowerShell\7\pwsh.EXE -command ". '{0}'"
docs/audit-continuation/2026-09-08-linux/runs/windows-cohort05/WORKFLOW.log:153: trailing whitespace.
+2026-09-10T05:06:54.9044736Z ##[endgroup]
docs/audit-continuation/2026-09-08-linux/runs/windows-cohort05/WORKFLOW.log:154: trailing whitespace.
+2026-09-10T05:07:56.8787715Z {"case_scoring": "NOT_PERFORMED; raw XML requires independent actual-case review", "cases": {"passvault_biometric_abi": {"ctest_exit_code": 0, "raw_xml": "case-13.xml", "state": "CTEST_EXIT_OBSERVED; XML_PENDING", "xml_bytes": 389, "xml_scoring": "NOT_PERFORMED; independent actual-case review required", "xml_sha256": "e716b6849879432462b7d71618886cde86fd7e23127553da0418c5f268244d34"}, "passvault_biometric_windows_file_collision": {"ctest_exit_code": 0, "raw_xml": "case-04.xml", "state": "CTEST_EXIT_OBSERVED; XML_PENDING", "xml_bytes": 427, "xml_scoring": "NOT_PERFORMED; independent actual-case review required", "xml_sha256": "32ebc9dfd64ed657aca438cdfb3d28a10862c92d7569074074125ac70f11bfec"}, "passvault_biometric_windows_file_dacl_failure": {"ctest_exit_code": 0, "raw_xml": "case-03.xml", "state": "CTEST_EXIT_OBSERVED; XML_PENDING", "xml_bytes": 433, "xml_scoring": "NOT_PERFORMED; independent actual-case review required", "xml_sha256": "dbedf41dbe3930582520485e2e8dbbdf73b01aa07e67c8057871e7454a7390e8"}, "passvault_biometric_windows_file_empty_payload": {"ctest_exit_code": 0, "raw_xml": "case-05.xml", "state": "CTEST_EXIT_OBSERVED; XML_PENDING", "xml_bytes": 435, "xml_scoring": "NOT_PERFORMED; independent actual-case review required", "xml_sha256": "19abbd3650ce6c913ab7c447f1d838d009a88334b8b09fd7d1d1dcd7af633d0b"}, "passvault_biometric_windows_file_empty_suffix": {"ctest_exit_code": 0, "raw_xml": "case-07.xml", "state": "CTEST_EXIT_OBSERVED; XML_PENDING", "xml_bytes": 433, "xml_scoring": "NOT_PERFORMED; independent actual-case review required", "xml_sha256": "e5454368ccd5a29021e620670b1da0b80c86f08be133d8c65d9e7049e2a7ab5b"}, "passvault_biometric_windows_file_oversized_payload": {"ctest_exit_code": 0, "raw_xml": "case-06.xml", "state": "CTEST_EXIT_OBSERVED; XML_PENDING", "xml_bytes": 443, "xml_scoring": "NOT_PERFORMED; independent actual-case review required", "xml_sha256": "49f7d41fa9886867c6b41a78fd2151a60b9ab11916504b072e23df47b22a25df"}, "passvault_biometric_windows_file_rename_failure": {"ctest_exit_code": 0, "raw_xml": "case-08.xml", "state": "CTEST_EXIT_OBSERVED; XML_PENDING", "xml_bytes": 436, "xml_scoring": "NOT_PERFORMED; independent actual-case review required", "xml_sha256": "3eec7f781f3512011df3df6c43a7b54883e9defca0dbff8f64a2242c2a856f28"}, "passvault_biometric_windows_file_success": {"ctest_exit_code": 0, "raw_xml": "case-01.xml", "state": "CTEST_EXIT_OBSERVED; XML_PENDING", "xml_bytes": 423, "xml_scoring": "NOT_PERFORMED; independent actual-case review required", "xml_sha256": "a1d1be8f32aa704caacf7f69dd8de7c8da83bce4fa679913538b8a591aab1a4a"}, "passvault_biometric_windows_file_validation_failure": {"ctest_exit_code": 0, "raw_xml": "case-02.xml", "state": "CTEST_EXIT_OBSERVED; XML_PENDING", "xml_bytes": 445, "xml_scoring": "NOT_PERFORMED; independent actual-case review required", "xml_sha256": "e7425208270f67b5ec840ae4ce9a8173e4a37f30737b880eecd2468e02190cfe"}, "passvault_biometric_windows_historical_collision": {"ctest_exit_code": 0, "raw_xml": "case-18.xml", "state": "CTEST_EXIT_OBSERVED; XML_PENDING", "xml_bytes": 522, "xml_scoring": "NOT_PERFORMED; independent actual-case review required", "xml_sha256": "0cce4df01bce5ba4b24d413906725de3a4295f0b2d7de1705ebcc2e89ecfc46c"}, "passvault_biometric_windows_historical_dacl_failure": {"ctest_exit_code": 0, "raw_xml": "case-17.xml", "state": "CTEST_EXIT_OBSERVED; XML_PENDING", "xml_bytes": 531, "xml_scoring": "NOT_PERFORMED; independent actual-case review required", "xml_sha256": "eb639221a40ae540baae0108ca34e90f59df94b2a1df592b9ba6497639dd3fbd"}, "passvault_biometric_windows_historical_empty_payload": {"ctest_exit_code": 0, "raw_xml": "case-19.xml", "state": "CTEST_EXIT_OBSERVED; XML_PENDING", "xml_bytes": 519, "xml_scoring": "NOT_PERFORMED; independent actual-case review required", "xml_sha256": "de5b9e40e802437fcc1ca5b6d86d7d0b3a106be7b53e203bf702a4d325d75663"}, "passvault_biometric_windows_historical_empty_suffix": {"ctest_exit_code": 0, "raw_xml": "case-21.xml", "state": "CTEST_EXIT_OBSERVED; XML_PENDING", "xml_bytes": 516, "xml_scoring": "NOT_PERFORMED; independent actual-case review required", "xml_sha256": "7f826e631a2758a359ea9ce57c44ddbc191e2abc93b8534f2d15777add63ba37"}, "passvault_biometric_windows_historical_oversized_payload": {"ctest_exit_code": 0, "raw_xml": "case-20.xml", "state": "CTEST_EXIT_OBSERVED; XML_PENDING", "xml_bytes": 531, "xml_scoring": "NOT_PERFORMED; independent actual-case review required", "xml_sha256": "afb383245552b6ad6b567ff616dd47ff021f05ede9ab5d604a99e71e15030280"}, "passvault_biometric_windows_historical_rename_failure": {"ctest_exit_code": 0, "raw_xml": "case-22.xml", "state": "CTEST_EXIT_OBSERVED; XML_PENDING", "xml_bytes": 522, "xml_scoring": "NOT_PERFORMED; independent actual-case review required", "xml_sha256": "fe184ddcc37e677effd80a436b57632cdc9abab4dc9cdee4e77958e26c893a0f"}, "passvault_biometric_windows_historical_success": {"ctest_exit_code": 0, "raw_xml": "case-15.xml", "state": "CTEST_EXIT_OBSERVED; XML_PENDING", "xml_bytes": 501, "xml_scoring": "NOT_PERFORMED; independent actual-case review required", "xml_sha256": "977448d34b52d97c2016582710d312647f473b1e38e13e401dece14e0986abc0"}, "passvault_biometric_windows_historical_validation_failure": {"ctest_exit_code": 0, "raw_xml": "case-16.xml", "state": "CTEST_EXIT_OBSERVED; XML_PENDING", "xml_bytes": 549, "xml_scoring": "NOT_PERFORMED; independent actual-case review required", "xml_sha256": "c503dc947e6d7358e87f570c09dece8434369e1b0da8b63f5f2e390b8f5b69cb"}, "passvault_biometric_windows_prk_allocation_cut": {"ctest_exit_code": 0, "raw_xml": "case-24.xml", "state": "CTEST_EXIT_OBSERVED; XML_PENDING", "xml_bytes": 557, "xml_scoring": "NOT_PERFORMED; independent actual-case review required", "xml_sha256": "0d3e26aca9b9c28af9b3fc5d0c95354bd2d6d334c2f62067adce16ca0baa9c08"}, "passvault_biometric_windows_prk_unarmed": {"ctest_exit_code": 0, "raw_xml": "case-23.xml", "state": "CTEST_EXIT_OBSERVED; XML_PENDING", "xml_bytes": 536, "xml_scoring": "NOT_PERFORMED; independent actual-case review required", "xml_sha256": "af2ae2a389bc1f487b1dca84ce53406e269229cee1456d8bdb1cd14d6d7acbc7"}, "passvault_biometric_windows_secret_allocation_exception": {"ctest_exit_code": 0, "raw_xml": "case-11.xml", "state": "CTEST_EXIT_OBSERVED; XML_PENDING", "xml_bytes": 453, "xml_scoring": "NOT_PERFORMED; independent actual-case review required", "xml_sha256": "e1667b86e25a469fef1308b66e81675a88cb6885cf93b409faa4a396a5ca30d9"}, "passvault_biometric_windows_secret_early_return": {"ctest_exit_code": 0, "raw_xml": "case-10.xml", "state": "CTEST_EXIT_OBSERVED; XML_PENDING", "xml_bytes": 437, "xml_scoring": "NOT_PERFORMED; independent actual-case review required", "xml_sha256": "c8b7f101fee10d67c0714cec93f7b5678ca13744d19159865048cc7f7c673fd1"}, "passvault_biometric_windows_secret_nested_exception": {"ctest_exit_code": 0, "raw_xml": "case-12.xml", "state": "CTEST_EXIT_OBSERVED; XML_PENDING", "xml_bytes": 445, "xml_scoring": "NOT_PERFORMED; independent actual-case review required", "xml_sha256": "bc725060fb8ed68fefd096946008f7ac09ab390b0eb11d7d1f1c7a29ad91d119"}, "passvault_biometric_windows_secret_normal_scope": {"ctest_exit_code": 0, "raw_xml": "case-09.xml", "state": "CTEST_EXIT_OBSERVED; XML_PENDING", "xml_bytes": 437, "xml_scoring": "NOT_PERFORMED; independent actual-case review required", "xml_sha256": "197e4c02bcfcb2b87c204dc8a0ae826774ab808b6834ef262f2d7979b45e7f29"}, "passvault_biometric_windows_security": {"ctest_exit_code": 0, "raw_xml": "case-14.xml", "state": "CTEST_EXIT_OBSERVED; XML_PENDING", "xml_bytes": 415, "xml_scoring": "NOT_PERFORMED; independent actual-case review required", "xml_sha256": "0b091d55f31aa0e0eae09f196fa06411be87ad3c54abc8c152ec5fca4a430664"}}, "cleanup": "HOLD; hosted runner disposal is not an observed cleanup pass", "commands": [{"argv": ["C:\\Program Files\\Git\\bin\\git.exe", "-c", "core.hooksPath=NUL", "-c", "core.fsmonitor=false", "-c", "gc.auto=0", "rev-parse", "HEAD", "HEAD^{tree}", "HEAD^", "HEAD^^{tree}"], "exit_code": 0, "job_active_after_parent": 1, "log": "01-git-identity.log", "parent_output_snapshot_sha256": "9f76ed280115f4a0d402f1a33a9beae29da579d9d0fe8aa230c6c011878aaa2b", "pid": 4932, "readonly_job_zero_observed": true, "snapshot_qualification": "Not a settled-log hash; owned descendants may still write", "state": "PARENT_EXIT_OBSERVED", "tid": 7468}, {"argv": ["C:\\Program Files\\Git\\bin\\git.exe", "-c", "core.hooksPath=NUL", "-c", "core.fsmonitor=false", "-c", "gc.auto=0", "rev-list", "--parents", "-n", "1", "HEAD"], "exit_code": 0, "job_active_after_parent": 1, "log": "02-one-parent.log", "parent_output_snapshot_sha256": "b119f90b289ef2cfbe998012ef512d1a5284db588d74362b5f10ef95ce35337b", "pid": 5616, "readonly_job_zero_observed": true, "snapshot_qualification": "Not a settled-log hash; owned descendants may still write", "state": "PARENT_EXIT_OBSERVED", "tid": 5824}, {"argv": ["C:\\Program Files\\Git\\bin\\git.exe", "-c", "core.hooksPath=NUL", "-c", "core.fsmonitor=false", "-c", "gc.auto=0", "diff", "--name-status", "HEAD^", "HEAD", "--"], "exit_code": 0, "job_active_after_parent": 1, "log": "03-request-only-diff.log", "parent_output_snapshot_sha256": "f3431b3e50a317f0f9ec98e3796c7fa15e03ac69ef5ef41e06e602f5a0ae9f6e", "pid": 1920, "readonly_job_zero_observed": true, "snapshot_qualification": "Not a settled-log hash; owned descendants may still write", "state": "PARENT_EXIT_OBSERVED", "tid": 1916}, {"argv": ["C:\\Program Files\\Git\\bin\\git.exe", "-c", "core.hooksPath=NUL", "-c", "core.fsmonitor=false", "-c", "gc.auto=0", "status", "--porcelain=v1", "--untracked-files=all"], "exit_code": 0, "job_active_after_parent": 0, "log": "04-clean-source.log", "parent_output_snapshot_sha256": "e3b0c44298fc1c149afbf4c8996fb92427ae41e4649b934ca495991b7852b855", "pid": 2632, "readonly_job_zero_observed": true, "snapshot_qualification": "Not a settled-log hash; owned descendants may still write", "state": "PARENT_EXIT_OBSERVED", "tid": 3572}, {"argv": ["C:\\Program Files\\CMake\\bin\\cmake.exe", "--version"], "exit_code": 0, "job_active_after_parent": 0, "log": "05-cmake-version.log", "parent_output_snapshot_sha256": "f6e81c2559f3ce00c5fdad01d7b226c301f5d6b07ee04f65db6dbfdc1cc5970b", "pid": 6300, "readonly_job_zero_observed": true, "snapshot_qualification": "Not a settled-log hash; owned descendants may still write", "state": "PARENT_EXIT_OBSERVED", "tid": 7792}, {"argv": ["C:\\Program Files\\CMake\\bin\\cmake.exe", "-S", "D:\\a\\passvault\\passvault\\app-desktop\\native\\biometric-bridge", "-B", "D:\\a\\_temp\\passvault-windows-cohort-05-34439762763-1-be5f25d196d98cb0dc091b0228e3e4e7\\build", "-G", "Visual Studio 17 2022", "-A", "x64", "-DCMAKE_SYSTEM_VERSION=10.0.26100.0", "-DBUILD_TESTING=ON", "-DPASSVAULT_AUDIT_PVA036_037_CONTROLS=ON"], "exit_code": 0, "job_active_after_parent": 1, "log": "06-configure.log", "parent_output_snapshot_sha256": "dfab98c5a9c1ba8404122b27c4861c8254f1511ba47f8ee79eb4bb7be4bf2a63", "pid": 6624, "snapshot_qualification": "Not a settled-log hash; owned descendants may still write", "state": "PARENT_EXIT_OBSERVED", "tid": 6488}, {"argv": ["C:\\Program Files\\CMake\\bin\\cmake.exe", "--build", "D:\\a\\_temp\\passvault-windows-cohort-05-34439762763-1-be5f25d196d98cb0dc091b0228e3e4e7\\build", "--config", "Release", "--target", "passvault_biometric_windows_security_test", "passvault_biometric_abi_test", "passvault_biometric_windows_historical_writer_test", "passvault_biometric_windows_prk_allocation_test", "--parallel", "1", "--verbose", "--", "/nodeReuse:false"], "exit_code": 0, "job_active_after_parent": 1, "log": "07-build.log", "parent_output_snapshot_sha256": "960e7963f491a5f2b9842b6d704d4e809b7742e265fae1c90d7c4cd08fbc859c", "pid": 512, "snapshot_qualification": "Not a settled-log hash; owned descendants may still write", "state": "PARENT_EXIT_OBSERVED", "tid": 2192}, {"argv": ["C:\\Program Files\\CMake\\bin\\ctest.exe", "--test-dir", "D:\\a\\_temp\\passvault-windows-cohort-05-34439762763-1-be5f25d196d98cb0dc091b0228e3e4e7\\build", "-C", "Release", "--show-only=json-v1"], "exit_code": 0, "job_active_after_parent": 1, "log": "08-ctest-inventory.log", "parent_output_snapshot_sha256": "7e7601883a90a0fd47d43b8137482b5da6646d227fea37f52af754c9b89a5b6a", "pid": 1220, "snapshot_qualification": "Not a settled-log hash; owned descendants may still write", "state": "PARENT_EXIT_OBSERVED", "tid": 7784}, {"argv": ["C:\\Program Files\\CMake\\bin\\ctest.exe", "--test-dir", "D:\\a\\_temp\\passvault-windows-cohort-05-34439762763-1-be5f25d196d98cb0dc091b0228e3e4e7\\build", "-C", "Release", "--parallel", "1", "--timeout", "30", "--no-tests=error", "--output-on-failure", "--output-junit", "D:\\a\\_temp\\passvault-windows-cohort-05-34439762763-1-be5f25d196d98cb0dc091b0228e3e4e7\\logs\\case-01.xml", "-R", "^passvault_biometric_windows_file_success$"], "exit_code": 0, "job_active_after_parent": 1, "log": "09-case-01.log", "parent_output_snapshot_sha256": "1ed8fe0cdd3cee4727212442fa72c2dcff69a8ae730864c8664144fc82c2cd1b", "pid": 3632, "snapshot_qualification": "Not a settled-log hash; owned descendants may still write", "state": "PARENT_EXIT_OBSERVED", "tid": 5264}, {"argv": ["C:\\Program Files\\CMake\\bin\\ctest.exe", "--test-dir", "D:\\a\\_temp\\passvault-windows-cohort-05-34439762763-1-be5f25d196d98cb0dc091b0228e3e4e7\\build", "-C", "Release", "--parallel", "1", "--timeout", "30", "--no-tests=error", "--output-on-failure", "--output-junit", "D:\\a\\_temp\\passvault-windows-cohort-05-34439762763-1-be5f25d196d98cb0dc091b0228e3e4e7\\logs\\case-02.xml", "-R", "^passvault_biometric_windows_file_validation_failure$"], "exit_code": 0, "job_active_after_parent": 1, "log": "10-case-02.log", "parent_output_snapshot_sha256": "6bb47baf0ab02046416b9dcb200656a8dbc6f8c9ce36e733560292029827ab18", "pid": 356, "snapshot_qualification": "Not a settled-log hash; owned descendants may still write", "state": "PARENT_EXIT_OBSERVED", "tid": 6008}, {"argv": ["C:\\Program Files\\CMake\\bin\\ctest.exe", "--test-dir", "D:\\a\\_temp\\passvault-windows-cohort-05-34439762763-1-be5f25d196d98cb0dc091b0228e3e4e7\\build", "-C", "Release", "--parallel", "1", "--timeout", "30", "--no-tests=error", "--output-on-failure", "--output-junit", "D:\\a\\_temp\\passvault-windows-cohort-05-34439762763-1-be5f25d196d98cb0dc091b0228e3e4e7\\logs\\case-03.xml", "-R", "^passvault_biometric_windows_file_dacl_failure$"], "exit_code": 0, "job_active_after_parent": 1, "log": "11-case-03.log", "parent_output_snapshot_sha256": "ddebe56ecca6c30a1e716c1f8cdc6b5a26aff2261f27a7769e715709102bacf3", "pid": 8020, "snapshot_qualification": "Not a settled-log hash; owned descendants may still write", "state": "PARENT_EXIT_OBSERVED", "tid": 5972}, {"argv": ["C:\\Program Files\\CMake\\bin\\ctest.exe", "--test-dir", "D:\\a\\_temp\\passvault-windows-cohort-05-34439762763-1-be5f25d196d98cb0dc091b0228e3e4e7\\build", "-C", "Release", "--parallel", "1", "--timeout", "30", "--no-tests=error", "--output-on-failure", "--output-junit", "D:\\a\\_temp\\passvault-windows-cohort-05-34439762763-1-be5f25d196d98cb0dc091b0228e3e4e7\\logs\\case-04.xml", "-R", "^passvault_biometric_windows_file_collision$"], "exit_code": 0, "job_active_after_parent": 1, "log": "12-case-04.log", "parent_output_snapshot_sha256": "da5ccb8b7f2a6cc7dad389e8e922efadb1e1ca235e921a25ef1047490c86987c", "pid": 4980, "snapshot_qualification": "Not a settled-log hash; owned descendants may still write", "state": "PARENT_EXIT_OBSERVED", "tid": 196}, {"argv": ["C:\\Program Files\\CMake\\bin\\ctest.exe", "--test-dir", "D:\\a\\_temp\\passvault-windows-cohort-05-34439762763-1-be5f25d196d98cb0dc091b0228e3e4e7\\build", "-C", "Release", "--parallel", "1", "--timeout", "30", "--no-tests=error", "--output-on-failure", "--output-junit", "D:\\a\\_temp\\passvault-windows-cohort-05-34439762763-1-be5f25d196d98cb0dc091b0228e3e4e7\\logs\\case-05.xml", "-R", "^passvault_biometric_windows_file_empty_payload$"], "exit_code": 0, "job_active_after_parent": 1, "log": "13-case-05.log", "parent_output_snapshot_sha256": "3399b9fd9cbe5af499ecfefbf0dc5d0ef7f502cde9ed4c0683461ffc1a90dfa8", "pid": 4112, "snapshot_qualification": "Not a settled-log hash; owned descendants may still write", "state": "PARENT_EXIT_OBSERVED", "tid": 4684}, {"argv": ["C:\\Program Files\\CMake\\bin\\ctest.exe", "--test-dir", "D:\\a\\_temp\\passvault-windows-cohort-05-34439762763-1-be5f25d196d98cb0dc091b0228e3e4e7\\build", "-C", "Release", "--parallel", "1", "--timeout", "30", "--no-tests=error", "--output-on-failure", "--output-junit", "D:\\a\\_temp\\passvault-windows-cohort-05-34439762763-1-be5f25d196d98cb0dc091b0228e3e4e7\\logs\\case-06.xml", "-R", "^passvault_biometric_windows_file_oversized_payload$"], "exit_code": 0, "job_active_after_parent": 1, "log": "14-case-06.log", "parent_output_snapshot_sha256": "83632d790eed9e7f91233599f34d799969fc67ab0f5c362dada5c67112b8c0a8", "pid": 1916, "snapshot_qualification": "Not a settled-log hash; owned descendants may still write", "state": "PARENT_EXIT_OBSERVED", "tid": 2248}, {"argv": ["C:\\Program Files\\CMake\\bin\\ctest.exe", "--test-dir", "D:\\a\\_temp\\passvault-windows-cohort-05-34439762763-1-be5f25d196d98cb0dc091b0228e3e4e7\\build", "-C", "Release", "--parallel", "1", "--timeout", "30", "--no-tests=error", "--output-on-failure", "--output-junit", "D:\\a\\_temp\\passvault-windows-cohort-05-34439762763-1-be5f25d196d98cb0dc091b0228e3e4e7\\logs\\case-07.xml", "-R", "^passvault_biometric_windows_file_empty_suffix$"], "exit_code": 0, "job_active_after_parent": 1, "log": "15-case-07.log", "parent_output_snapshot_sha256": "d3b49532a760bf24b0fb69b90a321c1049f21fab6f36594f473b48728fae9341", "pid": 6632, "snapshot_qualification": "Not a settled-log hash; owned descendants may still write", "state": "PARENT_EXIT_OBSERVED", "tid": 1604}, {"argv": ["C:\\Program Files\\CMake\\bin\\ctest.exe", "--test-dir", "D:\\a\\_temp\\passvault-windows-cohort-05-34439762763-1-be5f25d196d98cb0dc091b0228e3e4e7\\build", "-C", "Release", "--parallel", "1", "--timeout", "30", "--no-tests=error", "--output-on-failure", "--output-junit", "D:\\a\\_temp\\passvault-windows-cohort-05-34439762763-1-be5f25d196d98cb0dc091b0228e3e4e7\\logs\\case-08.xml", "-R", "^passvault_biometric_windows_file_rename_failure$"], "exit_code": 0, "job_active_after_parent": 1, "log": "16-case-08.log", "parent_output_snapshot_sha256": "30f69eeeef017388bd671e4ddf0b0da6ae83d64e918ef335e435aa83568b89c3", "pid": 368, "snapshot_qualification": "Not a settled-log hash; owned descendants may still write", "state": "PARENT_EXIT_OBSERVED", "tid": 8088}, {"argv": ["C:\\Program Files\\CMake\\bin\\ctest.exe", "--test-dir", "D:\\a\\_temp\\passvault-windows-cohort-05-34439762763-1-be5f25d196d98cb0dc091b0228e3e4e7\\build", "-C", "Release", "--parallel", "1", "--timeout", "30", "--no-tests=error", "--output-on-failure", "--output-junit", "D:\\a\\_temp\\passvault-windows-cohort-05-34439762763-1-be5f25d196d98cb0dc091b0228e3e4e7\\logs\\case-09.xml", "-R", "^passvault_biometric_windows_secret_normal_scope$"], "exit_code": 0, "job_active_after_parent": 1, "log": "17-case-09.log", "parent_output_snapshot_sha256": "d26f94aca50b5d40db78861bc18a36aaacb54ef49767ae3bbf2aedaa142fe4cc", "pid": 7708, "snapshot_qualification": "Not a settled-log hash; owned descendants may still write", "state": "PARENT_EXIT_OBSERVED", "tid": 5896}, {"argv": ["C:\\Program Files\\CMake\\bin\\ctest.exe", "--test-dir", "D:\\a\\_temp\\passvault-windows-cohort-05-34439762763-1-be5f25d196d98cb0dc091b0228e3e4e7\\build", "-C", "Release", "--parallel", "1", "--timeout", "30", "--no-tests=error", "--output-on-failure", "--output-junit", "D:\\a\\_temp\\passvault-windows-cohort-05-34439762763-1-be5f25d196d98cb0dc091b0228e3e4e7\\logs\\case-10.xml", "-R", "^passvault_biometric_windows_secret_early_return$"], "exit_code": 0, "job_active_after_parent": 1, "log": "18-case-10.log", "parent_output_snapshot_sha256": "46f807b0b65cccce8b39b8ef4ba036d81ccff1e95e4c8b83d878b961d01d1518", "pid": 7100, "snapshot_qualification": "Not a settled-log hash; owned descendants may still write", "state": "PARENT_EXIT_OBSERVED", "tid": 6920}, {"argv": ["C:\\Program Files\\CMake\\bin\\ctest.exe", "--test-dir", "D:\\a\\_temp\\passvault-windows-cohort-05-34439762763-1-be5f25d196d98cb0dc091b0228e3e4e7\\build", "-C", "Release", "--parallel", "1", "--timeout", "30", "--no-tests=error", "--output-on-failure", "--output-junit", "D:\\a\\_temp\\passvault-windows-cohort-05-34439762763-1-be5f25d196d98cb0dc091b0228e3e4e7\\logs\\case-11.xml", "-R", "^passvault_biometric_windows_secret_allocation_exception$"], "exit_code": 0, "job_active_after_parent": 1, "log": "19-case-11.log", "parent_output_snapshot_sha256": "c18721c9213316e258b65179d917df3660f1606720967c8f61719199ef3e66f9", "pid": 1148, "snapshot_qualification": "Not a settled-log hash; owned descendants may still write", "state": "PARENT_EXIT_OBSERVED", "tid": 2588}, {"argv": ["C:\\Program Files\\CMake\\bin\\ctest.exe", "--test-dir", "D:\\a\\_temp\\passvault-windows-cohort-05-34439762763-1-be5f25d196d98cb0dc091b0228e3e4e7\\build", "-C", "Release", "--parallel", "1", "--timeout", "30", "--no-tests=error", "--output-on-failure", "--output-junit", "D:\\a\\_temp\\passvault-windows-cohort-05-34439762763-1-be5f25d196d98cb0dc091b0228e3e4e7\\logs\\case-12.xml", "-R", "^passvault_biometric_windows_secret_nested_exception$"], "exit_code": 0, "job_active_after_parent": 1, "log": "20-case-12.log", "parent_output_snapshot_sha256": "4c985490eb42c6f21a5439dc1881736618a00841d255292beb6d119998c23049", "pid": 6136, "snapshot_qualification": "Not a settled-log hash; owned descendants may still write", "state": "PARENT_EXIT_OBSERVED", "tid": 6840}, {"argv": ["C:\\Program Files\\CMake\\bin\\ctest.exe", "--test-dir", "D:\\a\\_temp\\passvault-windows-cohort-05-34439762763-1-be5f25d196d98cb0dc091b0228e3e4e7\\build", "-C", "Release", "--parallel", "1", "--timeout", "30", "--no-tests=error", "--output-on-failure", "--output-junit", "D:\\a\\_temp\\passvault-windows-cohort-05-34439762763-1-be5f25d196d98cb0dc091b0228e3e4e7\\logs\\case-13.xml", "-R", "^passvault_biometric_abi$"], "exit_code": 0, "job_active_after_parent": 1, "log": "21-case-13.log", "parent_output_snapshot_sha256": "774074246542ffb86533d88fcf79ed07978fb2ed933a2604e6626a4197fe5e2c", "pid": 5960, "snapshot_qualification": "Not a settled-log hash; owned descendants may still write", "state": "PARENT_EXIT_OBSERVED", "tid": 3660}, {"argv": ["C:\\Program Files\\CMake\\bin\\ctest.exe", "--test-dir", "D:\\a\\_temp\\passvault-windows-cohort-05-34439762763-1-be5f25d196d98cb0dc091b0228e3e4e7\\build", "-C", "Release", "--parallel", "1", "--timeout", "30", "--no-tests=error", "--output-on-failure", "--output-junit", "D:\\a\\_temp\\passvault-windows-cohort-05-34439762763-1-be5f25d196d98cb0dc091b0228e3e4e7\\logs\\case-14.xml", "-R", "^passvault_biometric_windows_security$"], "exit_code": 0, "job_active_after_parent": 1, "log": "22-case-14.log", "parent_output_snapshot_sha256": "0b8e2f6579c9b8644888cde77850521b743ee423efa31a7c0411dc2f867d87ee", "pid": 4472, "snapshot_qualification": "Not a settled-log hash; owned descendants may still write", "state": "PARENT_EXIT_OBSERVED", "tid": 4712}, {"argv": ["C:\\Program Files\\CMake\\bin\\ctest.exe", "--test-dir", "D:\\a\\_temp\\passvault-windows-cohort-05-34439762763-1-be5f25d196d98cb0dc091b0228e3e4e7\\build", "-C", "Release", "--parallel", "1", "--timeout", "30", "--no-tests=error", "--output-on-failure", "--output-junit", "D:\\a\\_temp\\passvault-windows-cohort-05-34439762763-1-be5f25d196d98cb0dc091b0228e3e4e7\\logs\\case-15.xml", "-R", "^passvault_biometric_windows_historical_success$"], "exit_code": 0, "job_active_after_parent": 1, "log": "23-case-15.log", "parent_output_snapshot_sha256": "a718857d3072d9cfc9b6b8a57b5cd75c0d4d88247e1aca75496142b808eb6eb4", "pid": 8024, "snapshot_qualification": "Not a settled-log hash; owned descendants may still write", "state": "PARENT_EXIT_OBSERVED", "tid": 4856}, {"argv": ["C:\\Program Files\\CMake\\bin\\ctest.exe", "--test-dir", "D:\\a\\_temp\\passvault-windows-cohort-05-34439762763-1-be5f25d196d98cb0dc091b0228e3e4e7\\build", "-C", "Release", "--parallel", "1", "--timeout", "30", "--no-tests=error", "--output-on-failure", "--output-junit", "D:\\a\\_temp\\passvault-windows-cohort-05-34439762763-1-be5f25d196d98cb0dc091b0228e3e4e7\\logs\\case-16.xml", "-R", "^passvault_biometric_windows_historical_validation_failure$"], "exit_code": 0, "job_active_after_parent": 1, "log": "24-case-16.log", "parent_output_snapshot_sha256": "41891a9af895617d44a71131287550a4c20e1a2381b7127b01674ff4ce2c91ca", "pid": 3480, "snapshot_qualification": "Not a settled-log hash; owned descendants may still write", "state": "PARENT_EXIT_OBSERVED", "tid": 1120}, {"argv": ["C:\\Program Files\\CMake\\bin\\ctest.exe", "--test-dir", "D:\\a\\_temp\\passvault-windows-cohort-05-34439762763-1-be5f25d196d98cb0dc091b0228e3e4e7\\build", "-C", "Release", "--parallel", "1", "--timeout", "30", "--no-tests=error", "--output-on-failure", "--output-junit", "D:\\a\\_temp\\passvault-windows-cohort-05-34439762763-1-be5f25d196d98cb0dc091b0228e3e4e7\\logs\\case-17.xml", "-R", "^passvault_biometric_windows_historical_dacl_failure$"], "exit_code": 0, "job_active_after_parent": 1, "log": "25-case-17.log", "parent_output_snapshot_sha256": "75f4e2e5f4170e4749dafce325cfcfaff389b3611b7b3856bd3984edef82031b", "pid": 2688, "snapshot_qualification": "Not a settled-log hash; owned descendants may still write", "state": "PARENT_EXIT_OBSERVED", "tid": 4276}, {"argv": ["C:\\Program Files\\CMake\\bin\\ctest.exe", "--test-dir", "D:\\a\\_temp\\passvault-windows-cohort-05-34439762763-1-be5f25d196d98cb0dc091b0228e3e4e7\\build", "-C", "Release", "--parallel", "1", "--timeout", "30", "--no-tests=error", "--output-on-failure", "--output-junit", "D:\\a\\_temp\\passvault-windows-cohort-05-34439762763-1-be5f25d196d98cb0dc091b0228e3e4e7\\logs\\case-18.xml", "-R", "^passvault_biometric_windows_historical_collision$"], "exit_code": 0, "job_active_after_parent": 1, "log": "26-case-18.log", "parent_output_snapshot_sha256": "48116da6476598ed3030264a2c70820a818fe708e37dcd9aa2f390850d0fb9fa", "pid": 1064, "snapshot_qualification": "Not a settled-log hash; owned descendants may still write", "state": "PARENT_EXIT_OBSERVED", "tid": 6316}, {"argv": ["C:\\Program Files\\CMake\\bin\\ctest.exe", "--test-dir", "D:\\a\\_temp\\passvault-windows-cohort-05-34439762763-1-be5f25d196d98cb0dc091b0228e3e4e7\\build", "-C", "Release", "--parallel", "1", "--timeout", "30", "--no-tests=error", "--output-on-failure", "--output-junit", "D:\\a\\_temp\\passvault-windows-cohort-05-34439762763-1-be5f25d196d98cb0dc091b0228e3e4e7\\logs\\case-19.xml", "-R", "^passvault_biometric_windows_historical_empty_payload$"], "exit_code": 0, "job_active_after_parent": 1, "log": "27-case-19.log", "parent_output_snapshot_sha256": "55a4351169ffb12eceecdd3c72832fa0ac860b0c38b7fe4c98724a370a399169", "pid": 1932, "snapshot_qualification": "Not a settled-log hash; owned descendants may still write", "state": "PARENT_EXIT_OBSERVED", "tid": 4720}, {"argv": ["C:\\Program Files\\CMake\\bin\\ctest.exe", "--test-dir", "D:\\a\\_temp\\passvault-windows-cohort-05-34439762763-1-be5f25d196d98cb0dc091b0228e3e4e7\\build", "-C", "Release", "--parallel", "1", "--timeout", "30", "--no-tests=error", "--output-on-failure", "--output-junit", "D:\\a\\_temp\\passvault-windows-cohort-05-34439762763-1-be5f25d196d98cb0dc091b0228e3e4e7\\logs\\case-20.xml", "-R", "^passvault_biometric_windows_historical_oversized_payload$"], "exit_code": 0, "job_active_after_parent": 1, "log": "28-case-20.log", "parent_output_snapshot_sha256": "f3b96b147e2a57d384cc07cc306379dcf4d2d533c40886e649335788f00ffb35", "pid": 1936, "snapshot_qualification": "Not a settled-log hash; owned descendants may still write", "state": "PARENT_EXIT_OBSERVED", "tid": 2456}, {"argv": ["C:\\Program Files\\CMake\\bin\\ctest.exe", "--test-dir", "D:\\a\\_temp\\passvault-windows-cohort-05-34439762763-1-be5f25d196d98cb0dc091b0228e3e4e7\\build", "-C", "Release", "--parallel", "1", "--timeout", "30", "--no-tests=error", "--output-on-failure", "--output-junit", "D:\\a\\_temp\\passvault-windows-cohort-05-34439762763-1-be5f25d196d98cb0dc091b0228e3e4e7\\logs\\case-21.xml", "-R", "^passvault_biometric_windows_historical_empty_suffix$"], "exit_code": 0, "job_active_after_parent": 1, "log": "29-case-21.log", "parent_output_snapshot_sha256": "bc4c93ea755ee86d81319645b2753e923c147bae97ba8d25c8079763286594f9", "pid": 7228, "snapshot_qualification": "Not a settled-log hash; owned descendants may still write", "state": "PARENT_EXIT_OBSERVED", "tid": 4768}, {"argv": ["C:\\Program Files\\CMake\\bin\\ctest.exe", "--test-dir", "D:\\a\\_temp\\passvault-windows-cohort-05-34439762763-1-be5f25d196d98cb0dc091b0228e3e4e7\\build", "-C", "Release", "--parallel", "1", "--timeout", "30", "--no-tests=error", "--output-on-failure", "--output-junit", "D:\\a\\_temp\\passvault-windows-cohort-05-34439762763-1-be5f25d196d98cb0dc091b0228e3e4e7\\logs\\case-22.xml", "-R", "^passvault_biometric_windows_historical_rename_failure$"], "exit_code": 0, "job_active_after_parent": 1, "log": "30-case-22.log", "parent_output_snapshot_sha256": "654a4618ce5b21825aad58a65fafdea48facefa43b5c715759a3b0cac6116289", "pid": 4784, "snapshot_qualification": "Not a settled-log hash; owned descendants may still write", "state": "PARENT_EXIT_OBSERVED", "tid": 1216}, {"argv": ["C:\\Program Files\\CMake\\bin\\ctest.exe", "--test-dir", "D:\\a\\_temp\\passvault-windows-cohort-05-34439762763-1-be5f25d196d98cb0dc091b0228e3e4e7\\build", "-C", "Release", "--parallel", "1", "--timeout", "30", "--no-tests=error", "--output-on-failure", "--output-junit", "D:\\a\\_temp\\passvault-windows-cohort-05-34439762763-1-be5f25d196d98cb0dc091b0228e3e4e7\\logs\\case-23.xml", "-R", "^passvault_biometric_windows_prk_unarmed$"], "exit_code": 0, "job_active_after_parent": 1, "log": "31-case-23.log", "parent_output_snapshot_sha256": "91998e321b27acb4a83144d6d004ad8ef3f1d3003e891c3168a5ab4777e29204", "pid": 1756, "snapshot_qualification": "Not a settled-log hash; owned descendants may still write", "state": "PARENT_EXIT_OBSERVED", "tid": 3088}, {"argv": ["C:\\Program Files\\CMake\\bin\\ctest.exe", "--test-dir", "D:\\a\\_temp\\passvault-windows-cohort-05-34439762763-1-be5f25d196d98cb0dc091b0228e3e4e7\\build", "-C", "Release", "--parallel", "1", "--timeout", "30", "--no-tests=error", "--output-on-failure", "--output-junit", "D:\\a\\_temp\\passvault-windows-cohort-05-34439762763-1-be5f25d196d98cb0dc091b0228e3e4e7\\logs\\case-24.xml", "-R", "^passvault_biometric_windows_prk_allocation_cut$"], "exit_code": 0, "job_active_after_parent": 1, "log": "32-case-24.log", "parent_output_snapshot_sha256": "055729d3de47edf5d828388385a937e48e5c39aadc7f34f0c9f5d80a77c7967a", "pid": 2496, "snapshot_qualification": "Not a settled-log hash; owned descendants may still write", "state": "PARENT_EXIT_OBSERVED", "tid": 5144}], "entry_refusals": [{"disposition": "HOLD; no target read/follow/delete", "identity": [1852874138, 65536, 3311, 9238], "links": 1, "original_handle_closed": true, "owned_relative": "home\\AppData\\Local\\Microsoft\\Windows\\INetCache\\Content.IE5", "owned_relative_characters": 58, "owned_relative_sha256": "4cd955957d9592cde4e8cf2478a3ceb9da8fb16a9dc071a819d59a71ebe63ec3", "reparse": true, "target_read": false}], "failures": ["Cleanup EntryRefusal: No-follow entry ownership/reparse/link refusal"], "generated_file_observations": [{"after": {"created": [31277282, 1074879328], "identity": [1852874138, 196608, 3354, 32], "links": 1, "size": 16842, "written": [31277282, 1074879328]}, "before": {"created": [31277282, 1074879328], "identity": [1852874138, 196608, 3354, 32], "links": 1, "size": 16842, "written": [31277282, 1074879328]}, "original_handle_close": "SUCCEEDED", "path": "D:\\a\\_temp\\passvault-windows-cohort-05-34439762763-1-be5f25d196d98cb0dc091b0228e3e4e7\\build\\CMakeCache.txt", "read_bytes": 16842, "read_bytes_sha256": "5578df6d0a63421530e6fed6a6bdd7e9217a6f1a003f0df05fdab84028ecf85e", "read_error": null, "read_returned": true, "read_validated": true, "settled": false, "sharing": "READ only; deny WRITE/DELETE", "stage": "read_validated"}, {"after": {"created": [31277282, 1075035595], "identity": [1852874138, 196608, 3373, 32], "links": 1, "size": 65471, "written": [31277282, 1075191844]}, "before": {"created": [31277282, 1075035595], "identity": [1852874138, 196608, 3373, 32], "links": 1, "size": 65471, "written": [31277282, 1075191844]}, "original_handle_close": "SUCCEEDED", "path": "D:\\a\\_temp\\passvault-windows-cohort-05-34439762763-1-be5f25d196d98cb0dc091b0228e3e4e7\\build\\passvault_biometric.vcxproj", "read_bytes": 65471, "read_bytes_sha256": "036275691288f521d32241210f5919004a354dde12d8342e12ed578d09d223a9", "read_error": null, "read_returned": true, "read_validated": true, "settled": false, "sharing": "READ only; deny WRITE/DELETE", "stage": "read_validated"}, {"after": {"created": [31277282, 1075191844], "identity": [1852874138, 393216, 3377, 32], "links": 1, "size": 65465, "written": [31277282, 1075191844]}, "before": {"created": [31277282, 1075191844], "identity": [1852874138, 393216, 3377, 32], "links": 1, "size": 65465, "written": [31277282, 1075191844]}, "original_handle_close": "SUCCEEDED", "path": "D:\\a\\_temp\\passvault-windows-cohort-05-34439762763-1-be5f25d196d98cb0dc091b0228e3e4e7\\build\\passvault_biometric_windows_security_test.vcxproj", "read_bytes": 65465, "read_bytes_sha256": "f22a6c6143ab052eb667a6e3167c8dfa8bdf60eedefad4ced4ccbab26264a201", "read_error": null, "read_returned": true, "read_validated": true, "settled": false, "sharing": "READ only; deny WRITE/DELETE", "stage": "read_validated"}, {"after": {"created": [31277282, 1075191844], "identity": [1852874138, 262144, 3379, 32], "links": 1, "size": 67554, "written": [31277282, 1075191844]}, "before": {"created": [31277282, 1075191844], "identity": [1852874138, 262144, 3379, 32], "links": 1, "size": 67554, "written": [31277282, 1075191844]}, "original_handle_close": "SUCCEEDED", "path": "D:\\a\\_temp\\passvault-windows-cohort-05-34439762763-1-be5f25d196d98cb0dc091b0228e3e4e7\\build\\passvault_biometric_windows_historical_writer_test.vcxproj", "read_bytes": 67554, "read_bytes_sha256": "90b68d7785b48a95597a719a29006c6f3b9c228f146fe6235f63db59129ebebb", "read_error": null, "read_returned": true, "read_validated": true, "settled": false, "sharing": "READ only; deny WRITE/DELETE", "stage": "read_validated"}, {"after": {"created": [31277282, 1075191844], "identity": [1852874138, 196608, 3381, 32], "links": 1, "size": 65903, "written": [31277282, 1075191844]}, "before": {"created": [31277282, 1075191844], "identity": [1852874138, 196608, 3381, 32], "links": 1, "size": 65903, "written": [31277282, 1075191844]}, "original_handle_close": "SUCCEEDED", "path": "D:\\a\\_temp\\passvault-windows-cohort-05-34439762763-1-be5f25d196d98cb0dc091b0228e3e4e7\\build\\passvault_biometric_windows_prk_allocation_test.vcxproj", "read_bytes": 65903, "read_bytes_sha256": "488fd528119387e93161b2d726fe1e448a27a7b51ebc77075a6712aa668191bd", "read_error": null, "read_returned": true, "read_validated": true, "settled": false, "sharing": "READ only; deny WRITE/DELETE", "stage": "read_validated"}, {"after": {"created": [31277282, 1075035595], "identity": [1852874138, 196608, 3373, 32], "links": 1, "size": 65471, "written": [31277282, 1075191844]}, "before": {"created": [31277282, 1075035595], "identity": [1852874138, 196608, 3373, 32], "links": 1, "size": 65471, "written": [31277282, 1075191844]}, "original_handle_close": "SUCCEEDED", "path": "D:\\a\\_temp\\passvault-windows-cohort-05-34439762763-1-be5f25d196d98cb0dc091b0228e3e4e7\\build\\passvault_biometric.vcxproj", "read_bytes": 65471, "read_bytes_sha256": "036275691288f521d32241210f5919004a354dde12d8342e12ed578d09d223a9", "read_error": null, "read_returned": true, "read_validated": true, "settled": true, "sharing": "READ only; deny WRITE/DELETE", "stage": "read_validated"}, {"after": {"created": [31277282, 1075191844], "identity": [1852874138, 393216, 3377, 32], "links": 1, "size": 65465, "written": [31277282, 1075191844]}, "before": {"created": [31277282, 1075191844], "identity": [1852874138, 393216, 3377, 32], "links": 1, "size": 65465, "written": [31277282, 1075191844]}, "original_handle_close": "SUCCEEDED", "path": "D:\\a\\_temp\\passvault-windows-cohort-05-34439762763-1-be5f25d196d98cb0dc091b0228e3e4e7\\build\\passvault_biometric_windows_security_test.vcxproj", "read_bytes": 65465, "read_bytes_sha256": "f22a6c6143ab052eb667a6e3167c8dfa8bdf60eedefad4ced4ccbab26264a201", "read_error": null, "read_returned": true, "read_validated": true, "settled": true, "sharing": "READ only; deny WRITE/DELETE", "stage": "read_validated"}, {"after": {"created": [31277282, 1075191844], "identity": [1852874138, 262144, 3379, 32], "links": 1, "size": 67554, "written": [31277282, 1075191844]}, "before": {"created": [31277282, 1075191844], "identity": [1852874138, 262144, 3379, 32], "links": 1, "size": 67554, "written": [31277282, 1075191844]}, "original_handle_close": "SUCCEEDED", "path": "D:\\a\\_temp\\passvault-windows-cohort-05-34439762763-1-be5f25d196d98cb0dc091b0228e3e4e7\\build\\passvault_biometric_windows_historical_writer_test.vcxproj", "read_bytes": 67554, "read_bytes_sha256": "90b68d7785b48a95597a719a29006c6f3b9c228f146fe6235f63db59129ebebb", "read_error": null, "read_returned": true, "read_validated": true, "settled": true, "sharing": "READ only; deny WRITE/DELETE", "stage": "read_validated"}, {"after": {"created": [31277282, 1075191844], "identity": [1852874138, 196608, 3381, 32], "links": 1, "size": 65903, "written": [31277282, 1075191844]}, "before": {"created": [31277282, 1075191844], "identity": [1852874138, 196608, 3381, 32], "links": 1, "size": 65903, "written": [31277282, 1075191844]}, "original_handle_close": "SUCCEEDED", "path": "D:\\a\\_temp\\passvault-windows-cohort-05-34439762763-1-be5f25d196d98cb0dc091b0228e3e4e7\\build\\passvault_biometric_windows_prk_allocation_test.vcxproj", "read_bytes": 65903, "read_bytes_sha256": "488fd528119387e93161b2d726fe1e448a27a7b51ebc77075a6712aa668191bd", "read_error": null, "read_returned": true, "read_validated": true, "settled": true, "sharing": "READ only; deny WRITE/DELETE", "stage": "read_validated"}], "gradle_stop": "NOT_APPLICABLE: no Gradle invocation", "hello_hardware": "BLOCKED: not exercised", "job_settlement": {"errors": [], "observed_zero": true, "termination_attempted": true}, "operational_status": "FAILED_OR_INCOMPLETE", "original_handle_close_failures": [], "request_commit": "b825df973ac3e3392dd99b251b8bb7fd48fecce6", "request_tree": "92304c125be2e19a1badfb7540c39d4b7c82b6ab", "sdk_header_observation": {"after": {"created": [31231828, 3245702912], "identity": [16655526, 65536, 490651, 32], "links": 1, "size": 76998, "written": [31231828, 3245702912]}, "before": {"created": [31231828, 3245702912], "identity": [16655526, 65536, 490651, 32], "links": 1, "size": 76998, "written": [31231828, 3245702912]}, "original_handle_close": "SUCCEEDED", "path": "C:\\Program Files (x86)\\Windows Kits\\10\\Include\\10.0.26100.0\\um\\webauthn.h", "read_bytes": 76998, "read_bytes_sha256": "fb575592ce15d8f672386aab5e6b3d3aac101f4ec11a8c52c8085cd6d59a9665", "read_error": null, "read_returned": true, "read_validated": true, "sharing": "READ only; deny WRITE/DELETE", "stage": "read_validated"}, "source_commit": "0d06721b7f8bdc17513a6ab51ffbc5523e68b230", "source_qualification": "Current14 plus8 exact instrumented historical writer controls and2 real-CNG PRK allocation cases; not a shipped historical binary, fixed KDF vector, caller PRF/wrapping-array cuts, provider-object lifetime or Hello hardware proof", "source_tree": "dd04904c1deb691bd6aeed756dd6ceab8ea97837", "suite": "windows-native-24-cohort-v5"}
docs/audit-continuation/2026-09-08-linux/runs/windows-cohort05/WORKFLOW.log:155: trailing whitespace.
+2026-09-10T05:07:56.9500274Z ##[error]Process completed with exit code 1.
docs/audit-continuation/2026-09-08-linux/runs/windows-cohort05/WORKFLOW.log:156: trailing whitespace.
+2026-09-10T05:07:56.9732766Z ##[group]Run actions/upload-artifact@043fb46d1a93c77aae656e7c1c64a875d1fc6a0a
docs/audit-continuation/2026-09-08-linux/runs/windows-cohort05/WORKFLOW.log:157: trailing whitespace.
+2026-09-10T05:07:56.9733172Z with:
docs/audit-continuation/2026-09-08-linux/runs/windows-cohort05/WORKFLOW.log:158: trailing whitespace.
+2026-09-10T05:07:56.9733360Z   name: audit-windows-cohort-05-34439762763-1
docs/audit-continuation/2026-09-08-linux/runs/windows-cohort05/WORKFLOW.log:163: trailing whitespace.
+
docs/audit-continuation/2026-09-08-linux/runs/windows-cohort05/WORKFLOW.log:164: trailing whitespace.
+2026-09-10T05:07:56.9735170Z   retention-days: 3
docs/audit-continuation/2026-09-08-linux/runs/windows-cohort05/WORKFLOW.log:165: trailing whitespace.
+2026-09-10T05:07:56.9735330Z   compression-level: 9
docs/audit-continuation/2026-09-08-linux/runs/windows-cohort05/WORKFLOW.log:166: trailing whitespace.
+2026-09-10T05:07:56.9735489Z   if-no-files-found: error
docs/audit-continuation/2026-09-08-linux/runs/windows-cohort05/WORKFLOW.log:167: trailing whitespace.
+2026-09-10T05:07:56.9735655Z   overwrite: false
docs/audit-continuation/2026-09-08-linux/runs/windows-cohort05/WORKFLOW.log:168: trailing whitespace.
+2026-09-10T05:07:56.9735820Z   include-hidden-files: false
docs/audit-continuation/2026-09-08-linux/runs/windows-cohort05/WORKFLOW.log:169: trailing whitespace.
+2026-09-10T05:07:56.9735994Z   archive: true
docs/audit-continuation/2026-09-08-linux/runs/windows-cohort05/WORKFLOW.log:170: trailing whitespace.
+2026-09-10T05:07:56.9736138Z ##[endgroup]
docs/audit-continuation/2026-09-08-linux/runs/windows-cohort05/WORKFLOW.log:171: trailing whitespace.
+2026-09-10T05:07:57.1221248Z With the provided path, there will be 99 files uploaded
docs/audit-continuation/2026-09-08-linux/runs/windows-cohort05/WORKFLOW.log:172: trailing whitespace.
+2026-09-10T05:07:57.1225215Z Artifact name is valid!
docs/audit-continuation/2026-09-08-linux/runs/windows-cohort05/WORKFLOW.log:173: trailing whitespace.
+2026-09-10T05:07:57.1226276Z Root directory input is valid!
docs/audit-continuation/2026-09-08-linux/runs/windows-cohort05/WORKFLOW.log:174: trailing whitespace.
+2026-09-10T05:07:57.4628319Z Uploading artifact: audit-windows-cohort-05-34439762763-1.zip
docs/audit-continuation/2026-09-08-linux/runs/windows-cohort05/WORKFLOW.log:175: trailing whitespace.
+2026-09-10T05:07:57.4661924Z Beginning upload of artifact content to blob storage
docs/audit-continuation/2026-09-08-linux/runs/windows-cohort05/WORKFLOW.log:176: trailing whitespace.
+2026-09-10T05:07:58.1465823Z Uploaded bytes 56504
docs/audit-continuation/2026-09-08-linux/runs/windows-cohort05/WORKFLOW.log:177: trailing whitespace.
+2026-09-10T05:07:58.2093111Z Finished uploading artifact content to blob storage!
docs/audit-continuation/2026-09-08-linux/runs/windows-cohort05/WORKFLOW.log:178: trailing whitespace.
+2026-09-10T05:07:58.2093776Z SHA256 digest of uploaded artifact is 8812b48bd98c69b84df9cf61a76ce33c5c204f295f95917d6d25884e792fceb1
docs/audit-continuation/2026-09-08-linux/runs/windows-cohort05/WORKFLOW.log:179: trailing whitespace.
+2026-09-10T05:07:58.2094329Z Finalizing artifact upload
docs/audit-continuation/2026-09-08-linux/runs/windows-cohort05/WORKFLOW.log:180: trailing whitespace.
+2026-09-10T05:07:58.5975233Z Artifact audit-windows-cohort-05-34439762763-1 successfully finalized. Artifact ID 10137513416
docs/audit-continuation/2026-09-08-linux/runs/windows-cohort05/WORKFLOW.log:181: trailing whitespace.
+2026-09-10T05:07:58.5976316Z Artifact audit-windows-cohort-05-34439762763-1 has been successfully uploaded! Final size is 56504 bytes. Artifact ID is 10137513416
docs/audit-continuation/2026-09-08-linux/runs/windows-cohort05/WORKFLOW.log:182: trailing whitespace.
+2026-09-10T05:07:58.5981449Z Artifact download URL: https://github.com/Apdelrahman1911/passvault/actions/runs/34439762763/artifacts/10137513416
docs/audit-continuation/2026-09-08-linux/runs/windows-cohort05/WORKFLOW.log:183: trailing whitespace.
+2026-09-10T05:07:58.6241044Z Post job cleanup.
docs/audit-continuation/2026-09-08-linux/runs/windows-cohort05/WORKFLOW.log:184: trailing whitespace.
+2026-09-10T05:07:58.7492372Z [command]"C:\Program Files\Git\bin\git.exe" version
docs/audit-continuation/2026-09-08-linux/runs/windows-cohort05/WORKFLOW.log:185: trailing whitespace.
+2026-09-10T05:07:58.7656727Z git version 2.55.0.windows.5
docs/audit-continuation/2026-09-08-linux/runs/windows-cohort05/WORKFLOW.log:186: trailing whitespace.
+2026-09-10T05:07:58.7695954Z Temporarily overriding HOME='D:\a\_temp\d5570178-e088-4152-a807-222c65aa4c5d' before making global git config changes
docs/audit-continuation/2026-09-08-linux/runs/windows-cohort05/WORKFLOW.log:187: trailing whitespace.
+2026-09-10T05:07:58.7696561Z Adding repository directory to the temporary git global config as a safe directory
docs/audit-continuation/2026-09-08-linux/runs/windows-cohort05/WORKFLOW.log:188: trailing whitespace.
+2026-09-10T05:07:58.7704051Z [command]"C:\Program Files\Git\bin\git.exe" config --global --add safe.directory D:\a\passvault\passvault
docs/audit-continuation/2026-09-08-linux/runs/windows-cohort05/WORKFLOW.log:189: trailing whitespace.
+2026-09-10T05:07:58.7876477Z Removing SSH command configuration
docs/audit-continuation/2026-09-08-linux/runs/windows-cohort05/WORKFLOW.log:190: trailing whitespace.
+2026-09-10T05:07:58.7884980Z [command]"C:\Program Files\Git\bin\git.exe" config --local --name-only --get-regexp core\.sshCommand
docs/audit-continuation/2026-09-08-linux/runs/windows-cohort05/WORKFLOW.log:191: trailing whitespace.
+2026-09-10T05:07:58.8064571Z [command]"C:\Program Files\Git\bin\git.exe" submodule foreach --recursive "sh -c \"git config --local --name-only --get-regexp 'core\.sshCommand' && git config --local --unset-all 'core.sshCommand' || :\""
docs/audit-continuation/2026-09-08-linux/runs/windows-cohort05/WORKFLOW.log:192: trailing whitespace.
+2026-09-10T05:07:59.1755169Z Removing HTTP extra header
docs/audit-continuation/2026-09-08-linux/runs/windows-cohort05/WORKFLOW.log:193: trailing whitespace.
+2026-09-10T05:07:59.1763524Z [command]"C:\Program Files\Git\bin\git.exe" config --local --name-only --get-regexp http\.https\:\/\/github\.com\/\.extraheader
docs/audit-continuation/2026-09-08-linux/runs/windows-cohort05/WORKFLOW.log:194: trailing whitespace.
+2026-09-10T05:07:59.1951706Z [command]"C:\Program Files\Git\bin\git.exe" submodule foreach --recursive "sh -c \"git config --local --name-only --get-regexp 'http\.https\:\/\/github\.com\/\.extraheader' && git config --local --unset-all 'http.https://github.com/.extraheader' || :\""
docs/audit-continuation/2026-09-08-linux/runs/windows-cohort05/WORKFLOW.log:195: trailing whitespace.
+2026-09-10T05:07:59.6889213Z Removing includeIf entries pointing to credentials config files
docs/audit-continuation/2026-09-08-linux/runs/windows-cohort05/WORKFLOW.log:196: trailing whitespace.
+2026-09-10T05:07:59.6898607Z [command]"C:\Program Files\Git\bin\git.exe" config --local --name-only --get-regexp ^includeIf\.gitdir:
docs/audit-continuation/2026-09-08-linux/runs/windows-cohort05/WORKFLOW.log:197: trailing whitespace.
+2026-09-10T05:07:59.7074442Z [command]"C:\Program Files\Git\bin\git.exe" submodule foreach --recursive "git config --local --show-origin --name-only --get-regexp remote.origin.url"
docs/audit-continuation/2026-09-08-linux/runs/windows-cohort05/WORKFLOW.log:198: trailing whitespace.
+2026-09-10T05:08:00.0717534Z Cleaning up orphan processes
docs/audit-continuation/2026-09-08-linux/runs/windows-cohort05/WORKFLOW.log:211: trailing whitespace.
+﻿2026-09-10T05:06:45.0094801Z Current runner version: '2.337.0'
docs/audit-continuation/2026-09-08-linux/runs/windows-cohort05/WORKFLOW.log:212: trailing whitespace.
+2026-09-10T05:06:45.0132579Z ##[group]Runner Image Provisioner
docs/audit-continuation/2026-09-08-linux/runs/windows-cohort05/WORKFLOW.log:213: trailing whitespace.
+2026-09-10T05:06:45.0133247Z Hosted Compute Agent
docs/audit-continuation/2026-09-08-linux/runs/windows-cohort05/WORKFLOW.log:214: trailing whitespace.
+2026-09-10T05:06:45.0133661Z Version: 20260828.587
docs/audit-continuation/2026-09-08-linux/runs/windows-cohort05/WORKFLOW.log:215: trailing whitespace.
+2026-09-10T05:06:45.0134132Z Commit: abac92662cab4cc7352de4f9f9d2e2419aad9c29
docs/audit-continuation/2026-09-08-linux/runs/windows-cohort05/WORKFLOW.log:216: trailing whitespace.
+2026-09-10T05:06:45.0134670Z Build Date: 2026-08-28T16:44:25Z
docs/audit-continuation/2026-09-08-linux/runs/windows-cohort05/WORKFLOW.log:217: trailing whitespace.
+2026-09-10T05:06:45.0135161Z Worker ID: {b52401f3-8a31-4ccb-8577-66dda48adfd4}
docs/audit-continuation/2026-09-08-linux/runs/windows-cohort05/WORKFLOW.log:218: trailing whitespace.
+2026-09-10T05:06:45.0135703Z Azure Region: westus3
docs/audit-continuation/2026-09-08-linux/runs/windows-cohort05/WORKFLOW.log:219: trailing whitespace.
+2026-09-10T05:06:45.0136098Z ##[endgroup]
docs/audit-continuation/2026-09-08-linux/runs/windows-cohort05/WORKFLOW.log:220: trailing whitespace.
+2026-09-10T05:06:45.0137070Z ##[group]Operating System
docs/audit-continuation/2026-09-08-linux/runs/windows-cohort05/WORKFLOW.log:221: trailing whitespace.
+2026-09-10T05:06:45.0137561Z Microsoft Windows Server 2022
docs/audit-continuation/2026-09-08-linux/runs/windows-cohort05/WORKFLOW.log:222: trailing whitespace.
+2026-09-10T05:06:45.0138013Z 10.0.20348
docs/audit-continuation/2026-09-08-linux/runs/windows-cohort05/WORKFLOW.log:223: trailing whitespace.
+2026-09-10T05:06:45.0138377Z Datacenter
docs/audit-continuation/2026-09-08-linux/runs/windows-cohort05/WORKFLOW.log:224: trailing whitespace.
+2026-09-10T05:06:45.0138737Z ##[endgroup]
docs/audit-continuation/2026-09-08-linux/runs/windows-cohort05/WORKFLOW.log:225: trailing whitespace.
+2026-09-10T05:06:45.0139160Z ##[group]Runner Image
docs/audit-continuation/2026-09-08-linux/runs/windows-cohort05/WORKFLOW.log:226: trailing whitespace.
+2026-09-10T05:06:45.0139602Z Image: windows-2022
docs/audit-continuation/2026-09-08-linux/runs/windows-cohort05/WORKFLOW.log:227: trailing whitespace.
+2026-09-10T05:06:45.0139991Z Version: 20260830.290.1
docs/audit-continuation/2026-09-08-linux/runs/windows-cohort05/WORKFLOW.log:228: trailing whitespace.
+2026-09-10T05:06:45.0140764Z Included Software: https://github.com/actions/runner-images/blob/win22/20260830.290/images/windows/Windows2022-Readme.md
docs/audit-continuation/2026-09-08-linux/runs/windows-cohort05/WORKFLOW.log:229: trailing whitespace.
+2026-09-10T05:06:45.0142111Z Image Release: https://github.com/actions/runner-images/releases/tag/win22%2F20260830.290
docs/audit-continuation/2026-09-08-linux/runs/windows-cohort05/WORKFLOW.log:230: trailing whitespace.
+2026-09-10T05:06:45.0142810Z ##[endgroup]
docs/audit-continuation/2026-09-08-linux/runs/windows-cohort05/WORKFLOW.log:231: trailing whitespace.
+2026-09-10T05:06:45.0143599Z ##[group]GITHUB_TOKEN Permissions
docs/audit-continuation/2026-09-08-linux/runs/windows-cohort05/WORKFLOW.log:232: trailing whitespace.
+2026-09-10T05:06:45.0144984Z Contents: read
docs/audit-continuation/2026-09-08-linux/runs/windows-cohort05/WORKFLOW.log:233: trailing whitespace.
+2026-09-10T05:06:45.0145397Z Metadata: read
docs/audit-continuation/2026-09-08-linux/runs/windows-cohort05/WORKFLOW.log:234: trailing whitespace.
+2026-09-10T05:06:45.0145779Z ##[endgroup]
docs/audit-continuation/2026-09-08-linux/runs/windows-cohort05/WORKFLOW.log:235: trailing whitespace.
+2026-09-10T05:06:45.0147336Z Secret source: Actions
docs/audit-continuation/2026-09-08-linux/runs/windows-cohort05/WORKFLOW.log:236: trailing whitespace.
+2026-09-10T05:06:45.0147994Z Cache mode: write
docs/audit-continuation/2026-09-08-linux/runs/windows-cohort05/WORKFLOW.log:237: trailing whitespace.
+2026-09-10T05:06:45.0148500Z Prepare workflow directory
docs/audit-continuation/2026-09-08-linux/runs/windows-cohort05/WORKFLOW.log:238: trailing whitespace.
+2026-09-10T05:06:45.0446295Z Prepare all required actions
docs/audit-continuation/2026-09-08-linux/runs/windows-cohort05/WORKFLOW.log:239: trailing whitespace.
+2026-09-10T05:06:45.0491949Z Getting action download info
docs/audit-continuation/2026-09-08-linux/runs/windows-cohort05/WORKFLOW.log:240: trailing whitespace.
+2026-09-10T05:06:45.3867482Z Download action repository 'actions/checkout@3d3c42e5aac5ba805825da76410c181273ba90b1' (SHA:3d3c42e5aac5ba805825da76410c181273ba90b1)
docs/audit-continuation/2026-09-08-linux/runs/windows-cohort05/WORKFLOW.log:241: trailing whitespace.
+2026-09-10T05:06:45.4707334Z Download action repository 'actions/upload-artifact@043fb46d1a93c77aae656e7c1c64a875d1fc6a0a' (SHA:043fb46d1a93c77aae656e7c1c64a875d1fc6a0a)
docs/audit-continuation/2026-09-08-linux/runs/windows-cohort05/WORKFLOW.log:242: trailing whitespace.
+2026-09-10T05:06:45.6850448Z Complete job name: native
docs/audit-continuation/2026-09-08-linux/runs/windows-cohort05/WORKFLOW.log:245: trailing whitespace.
+﻿2026-09-10T05:06:45.8229554Z ##[group]Run actions/checkout@3d3c42e5aac5ba805825da76410c181273ba90b1
docs/audit-continuation/2026-09-08-linux/runs/windows-cohort05/WORKFLOW.log:246: trailing whitespace.
+2026-09-10T05:06:45.8230642Z with:
docs/audit-continuation/2026-09-08-linux/runs/windows-cohort05/WORKFLOW.log:247: trailing whitespace.
+2026-09-10T05:06:45.8230986Z   ref: b825df973ac3e3392dd99b251b8bb7fd48fecce6
docs/audit-continuation/2026-09-08-linux/runs/windows-cohort05/WORKFLOW.log:248: trailing whitespace.
+2026-09-10T05:06:45.8231419Z   fetch-depth: 2
docs/audit-continuation/2026-09-08-linux/runs/windows-cohort05/WORKFLOW.log:249: trailing whitespace.
+2026-09-10T05:06:45.8231741Z   persist-credentials: false
docs/audit-continuation/2026-09-08-linux/runs/windows-cohort05/WORKFLOW.log:250: trailing whitespace.
+2026-09-10T05:06:45.8232103Z   submodules: false
docs/audit-continuation/2026-09-08-linux/runs/windows-cohort05/WORKFLOW.log:251: trailing whitespace.
+2026-09-10T05:06:45.8232422Z   lfs: false
docs/audit-continuation/2026-09-08-linux/runs/windows-cohort05/WORKFLOW.log:252: trailing whitespace.
+2026-09-10T05:06:45.8232745Z   repository: Apdelrahman1911/passvault
docs/audit-continuation/2026-09-08-linux/runs/windows-cohort05/WORKFLOW.log:253: trailing whitespace.
+2026-09-10T05:06:45.8236072Z   token: ***
docs/audit-continuation/2026-09-08-linux/runs/windows-cohort05/WORKFLOW.log:254: trailing whitespace.
+2026-09-10T05:06:45.8236377Z   ssh-strict: true
docs/audit-continuation/2026-09-08-linux/runs/windows-cohort05/WORKFLOW.log:255: trailing whitespace.
+2026-09-10T05:06:45.8236687Z   ssh-user: git
docs/audit-continuation/2026-09-08-linux/runs/windows-cohort05/WORKFLOW.log:256: trailing whitespace.
+2026-09-10T05:06:45.8236985Z   clean: true
docs/audit-continuation/2026-09-08-linux/runs/windows-cohort05/WORKFLOW.log:257: trailing whitespace.
+2026-09-10T05:06:45.8237308Z   sparse-checkout-cone-mode: true
docs/audit-continuation/2026-09-08-linux/runs/windows-cohort05/WORKFLOW.log:258: trailing whitespace.
+2026-09-10T05:06:45.8237692Z   fetch-tags: false
docs/audit-continuation/2026-09-08-linux/runs/windows-cohort05/WORKFLOW.log:259: trailing whitespace.
+2026-09-10T05:06:45.8238011Z   show-progress: true
docs/audit-continuation/2026-09-08-linux/runs/windows-cohort05/WORKFLOW.log:260: trailing whitespace.
+2026-09-10T05:06:45.8238344Z   set-safe-directory: true
docs/audit-continuation/2026-09-08-linux/runs/windows-cohort05/WORKFLOW.log:261: trailing whitespace.
+2026-09-10T05:06:45.8239060Z   allow-unsafe-pr-checkout: false
docs/audit-continuation/2026-09-08-linux/runs/windows-cohort05/WORKFLOW.log:262: trailing whitespace.
+2026-09-10T05:06:45.8239694Z ##[endgroup]
docs/audit-continuation/2026-09-08-linux/runs/windows-cohort05/WORKFLOW.log:263: trailing whitespace.
+2026-09-10T05:06:45.9368227Z Syncing repository: Apdelrahman1911/passvault
docs/audit-continuation/2026-09-08-linux/runs/windows-cohort05/WORKFLOW.log:264: trailing whitespace.
+2026-09-10T05:06:45.9369712Z ##[group]Getting Git version info
docs/audit-continuation/2026-09-08-linux/runs/windows-cohort05/WORKFLOW.log:265: trailing whitespace.
+2026-09-10T05:06:45.9370175Z Working directory is 'D:\a\passvault\passvault'
docs/audit-continuation/2026-09-08-linux/runs/windows-cohort05/WORKFLOW.log:266: trailing whitespace.
+2026-09-10T05:06:46.0101279Z [command]"C:\Program Files\Git\bin\git.exe" version
docs/audit-continuation/2026-09-08-linux/runs/windows-cohort05/WORKFLOW.log:267: trailing whitespace.
+2026-09-10T05:06:46.3960302Z git version 2.55.0.windows.5
docs/audit-continuation/2026-09-08-linux/runs/windows-cohort05/WORKFLOW.log:268: trailing whitespace.
+2026-09-10T05:06:46.3987231Z ##[endgroup]
docs/audit-continuation/2026-09-08-linux/runs/windows-cohort05/WORKFLOW.log:269: trailing whitespace.
+2026-09-10T05:06:46.3998489Z Temporarily overriding HOME='D:\a\_temp\10a14838-9880-4c14-a1a8-8a748f28cf20' before making global git config changes
docs/audit-continuation/2026-09-08-linux/runs/windows-cohort05/WORKFLOW.log:270: trailing whitespace.
+2026-09-10T05:06:46.3999523Z Adding repository directory to the temporary git global config as a safe directory
docs/audit-continuation/2026-09-08-linux/runs/windows-cohort05/WORKFLOW.log:271: trailing whitespace.
+2026-09-10T05:06:46.4006680Z [command]"C:\Program Files\Git\bin\git.exe" config --global --add safe.directory D:\a\passvault\passvault
docs/audit-continuation/2026-09-08-linux/runs/windows-cohort05/WORKFLOW.log:272: trailing whitespace.
+2026-09-10T05:06:46.4585787Z Deleting the contents of 'D:\a\passvault\passvault'
docs/audit-continuation/2026-09-08-linux/runs/windows-cohort05/WORKFLOW.log:273: trailing whitespace.
+2026-09-10T05:06:46.4589207Z ##[group]Determining repository object format
docs/audit-continuation/2026-09-08-linux/runs/windows-cohort05/WORKFLOW.log:274: trailing whitespace.
+2026-09-10T05:06:46.4590615Z ##[endgroup]
docs/audit-continuation/2026-09-08-linux/runs/windows-cohort05/WORKFLOW.log:275: trailing whitespace.
+2026-09-10T05:06:46.4593177Z ##[group]Initializing the repository
docs/audit-continuation/2026-09-08-linux/runs/windows-cohort05/WORKFLOW.log:276: trailing whitespace.
+2026-09-10T05:06:46.4597666Z [command]"C:\Program Files\Git\bin\git.exe" init D:\a\passvault\passvault
docs/audit-continuation/2026-09-08-linux/runs/windows-cohort05/WORKFLOW.log:277: trailing whitespace.
+2026-09-10T05:06:46.5239709Z Initialized empty Git repository in D:/a/passvault/passvault/.git/
docs/audit-continuation/2026-09-08-linux/runs/windows-cohort05/WORKFLOW.log:278: trailing whitespace.
+2026-09-10T05:06:46.5266511Z [command]"C:\Program Files\Git\bin\git.exe" remote add origin https://github.com/Apdelrahman1911/passvault
docs/audit-continuation/2026-09-08-linux/runs/windows-cohort05/WORKFLOW.log:279: trailing whitespace.
+2026-09-10T05:06:46.5728275Z ##[endgroup]
docs/audit-continuation/2026-09-08-linux/runs/windows-cohort05/WORKFLOW.log:280: trailing whitespace.
+2026-09-10T05:06:46.5728945Z ##[group]Disabling automatic garbage collection
docs/audit-continuation/2026-09-08-linux/runs/windows-cohort05/WORKFLOW.log:281: trailing whitespace.
+2026-09-10T05:06:46.5735155Z [command]"C:\Program Files\Git\bin\git.exe" config --local gc.auto 0
docs/audit-continuation/2026-09-08-linux/runs/windows-cohort05/WORKFLOW.log:282: trailing whitespace.
+2026-09-10T05:06:46.5904355Z ##[endgroup]
docs/audit-continuation/2026-09-08-linux/runs/windows-cohort05/WORKFLOW.log:283: trailing whitespace.
+2026-09-10T05:06:46.5905515Z ##[group]Setting up auth
docs/audit-continuation/2026-09-08-linux/runs/windows-cohort05/WORKFLOW.log:284: trailing whitespace.
+2026-09-10T05:06:46.5906225Z Removing SSH command configuration
docs/audit-continuation/2026-09-08-linux/runs/windows-cohort05/WORKFLOW.log:285: trailing whitespace.
+2026-09-10T05:06:46.5913075Z [command]"C:\Program Files\Git\bin\git.exe" config --local --name-only --get-regexp core\.sshCommand
docs/audit-continuation/2026-09-08-linux/runs/windows-cohort05/WORKFLOW.log:286: trailing whitespace.
+2026-09-10T05:06:46.6084586Z [command]"C:\Program Files\Git\bin\git.exe" submodule foreach --recursive "sh -c \"git config --local --name-only --get-regexp 'core\.sshCommand' && git config --local --unset-all 'core.sshCommand' || :\""
docs/audit-continuation/2026-09-08-linux/runs/windows-cohort05/WORKFLOW.log:287: trailing whitespace.
+2026-09-10T05:06:48.3650245Z Removing HTTP extra header
docs/audit-continuation/2026-09-08-linux/runs/windows-cohort05/WORKFLOW.log:288: trailing whitespace.
+2026-09-10T05:06:48.3658035Z [command]"C:\Program Files\Git\bin\git.exe" config --local --name-only --get-regexp http\.https\:\/\/github\.com\/\.extraheader
docs/audit-continuation/2026-09-08-linux/runs/windows-cohort05/WORKFLOW.log:289: trailing whitespace.
+2026-09-10T05:06:48.3835308Z [command]"C:\Program Files\Git\bin\git.exe" submodule foreach --recursive "sh -c \"git config --local --name-only --get-regexp 'http\.https\:\/\/github\.com\/\.extraheader' && git config --local --unset-all 'http.https://github.com/.extraheader' || :\""
docs/audit-continuation/2026-09-08-linux/runs/windows-cohort05/WORKFLOW.log:290: trailing whitespace.
+2026-09-10T05:06:48.7055170Z Removing includeIf entries pointing to credentials config files
docs/audit-continuation/2026-09-08-linux/runs/windows-cohort05/WORKFLOW.log:291: trailing whitespace.
+2026-09-10T05:06:48.7062983Z [command]"C:\Program Files\Git\bin\git.exe" config --local --name-only --get-regexp ^includeIf\.gitdir:
docs/audit-continuation/2026-09-08-linux/runs/windows-cohort05/WORKFLOW.log:292: trailing whitespace.
+2026-09-10T05:06:48.7236795Z [command]"C:\Program Files\Git\bin\git.exe" submodule foreach --recursive "git config --local --show-origin --name-only --get-regexp remote.origin.url"
docs/audit-continuation/2026-09-08-linux/runs/windows-cohort05/WORKFLOW.log:293: trailing whitespace.
+2026-09-10T05:06:49.0662889Z [command]"C:\Program Files\Git\bin\git.exe" config --file D:\a\_temp\git-credentials-c14e7b1b-1ba9-4f11-906d-eb68341be8fe.config http.https://github.com/.extraheader "AUTHORIZATION: basic ***"
docs/audit-continuation/2026-09-08-linux/runs/windows-cohort05/WORKFLOW.log:294: trailing whitespace.
+2026-09-10T05:06:49.0839824Z [command]"C:\Program Files\Git\bin\git.exe" config --local includeIf.gitdir:D:/a/passvault/passvault/.git.path D:\a\_temp\git-credentials-c14e7b1b-1ba9-4f11-906d-eb68341be8fe.config
docs/audit-continuation/2026-09-08-linux/runs/windows-cohort05/WORKFLOW.log:295: trailing whitespace.
+2026-09-10T05:06:49.1010026Z [command]"C:\Program Files\Git\bin\git.exe" config --local includeIf.gitdir:D:/a/passvault/passvault/.git/worktrees/*.path D:\a\_temp\git-credentials-c14e7b1b-1ba9-4f11-906d-eb68341be8fe.config
docs/audit-continuation/2026-09-08-linux/runs/windows-cohort05/WORKFLOW.log:296: trailing whitespace.
+2026-09-10T05:06:49.1234961Z [command]"C:\Program Files\Git\bin\git.exe" config --local includeIf.gitdir:/github/workspace/.git.path /github/runner_temp/git-credentials-c14e7b1b-1ba9-4f11-906d-eb68341be8fe.config
docs/audit-continuation/2026-09-08-linux/runs/windows-cohort05/WORKFLOW.log:297: trailing whitespace.
+2026-09-10T05:06:49.1409455Z [command]"C:\Program Files\Git\bin\git.exe" config --local includeIf.gitdir:/github/workspace/.git/worktrees/*.path /github/runner_temp/git-credentials-c14e7b1b-1ba9-4f11-906d-eb68341be8fe.config
docs/audit-continuation/2026-09-08-linux/runs/windows-cohort05/WORKFLOW.log:298: trailing whitespace.
+2026-09-10T05:06:49.1577308Z ##[endgroup]
docs/audit-continuation/2026-09-08-linux/runs/windows-cohort05/WORKFLOW.log:299: trailing whitespace.
+2026-09-10T05:06:49.1577714Z ##[group]Fetching the repository
docs/audit-continuation/2026-09-08-linux/runs/windows-cohort05/WORKFLOW.log:300: trailing whitespace.
+2026-09-10T05:06:49.1585812Z [command]"C:\Program Files\Git\bin\git.exe" -c protocol.version=2 fetch --no-tags --prune --no-recurse-submodules --depth=2 origin b825df973ac3e3392dd99b251b8bb7fd48fecce6
docs/audit-continuation/2026-09-08-linux/runs/windows-cohort05/WORKFLOW.log:301: trailing whitespace.
+2026-09-10T05:06:52.3548449Z From https://github.com/Apdelrahman1911/passvault
docs/audit-continuation/2026-09-08-linux/runs/windows-cohort05/WORKFLOW.log:302: trailing whitespace.
+2026-09-10T05:06:52.3549649Z  * branch            b825df973ac3e3392dd99b251b8bb7fd48fecce6 -> FETCH_HEAD
docs/audit-continuation/2026-09-08-linux/runs/windows-cohort05/WORKFLOW.log:303: trailing whitespace.
+2026-09-10T05:06:52.3577953Z [command]"C:\Program Files\Git\bin\git.exe" rev-parse --verify --quiet b825df973ac3e3392dd99b251b8bb7fd48fecce6^{object}
docs/audit-continuation/2026-09-08-linux/runs/windows-cohort05/WORKFLOW.log:304: trailing whitespace.
+2026-09-10T05:06:52.4030059Z b825df973ac3e3392dd99b251b8bb7fd48fecce6
docs/audit-continuation/2026-09-08-linux/runs/windows-cohort05/WORKFLOW.log:305: trailing whitespace.
+2026-09-10T05:06:52.4047317Z ##[endgroup]
docs/audit-continuation/2026-09-08-linux/runs/windows-cohort05/WORKFLOW.log:306: trailing whitespace.
+2026-09-10T05:06:52.4047698Z ##[group]Determining the checkout info
docs/audit-continuation/2026-09-08-linux/runs/windows-cohort05/WORKFLOW.log:307: trailing whitespace.
+2026-09-10T05:06:52.4048349Z ##[endgroup]
docs/audit-continuation/2026-09-08-linux/runs/windows-cohort05/WORKFLOW.log:308: trailing whitespace.
+2026-09-10T05:06:52.4055248Z [command]"C:\Program Files\Git\bin\git.exe" sparse-checkout disable
docs/audit-continuation/2026-09-08-linux/runs/windows-cohort05/WORKFLOW.log:309: trailing whitespace.
+2026-09-10T05:06:52.4354128Z [command]"C:\Program Files\Git\bin\git.exe" config --local --unset-all extensions.worktreeConfig
docs/audit-continuation/2026-09-08-linux/runs/windows-cohort05/WORKFLOW.log:310: trailing whitespace.
+2026-09-10T05:06:52.4556876Z ##[group]Checking out the ref
docs/audit-continuation/2026-09-08-linux/runs/windows-cohort05/WORKFLOW.log:311: trailing whitespace.
+2026-09-10T05:06:52.4562851Z [command]"C:\Program Files\Git\bin\git.exe" checkout --progress --force b825df973ac3e3392dd99b251b8bb7fd48fecce6
docs/audit-continuation/2026-09-08-linux/runs/windows-cohort05/WORKFLOW.log:312: trailing whitespace.
+2026-09-10T05:06:53.0287557Z Note: switching to 'b825df973ac3e3392dd99b251b8bb7fd48fecce6'.
docs/audit-continuation/2026-09-08-linux/runs/windows-cohort05/WORKFLOW.log:313: trailing whitespace.
+2026-09-10T05:06:53.0288020Z 
docs/audit-continuation/2026-09-08-linux/runs/windows-cohort05/WORKFLOW.log:314: trailing whitespace.
+2026-09-10T05:06:53.0288223Z You are in 'detached HEAD' state. You can look around, make experimental
docs/audit-continuation/2026-09-08-linux/runs/windows-cohort05/WORKFLOW.log:315: trailing whitespace.
+2026-09-10T05:06:53.0288620Z changes and commit them, and you can discard any commits you make in this
docs/audit-continuation/2026-09-08-linux/runs/windows-cohort05/WORKFLOW.log:316: trailing whitespace.
+2026-09-10T05:06:53.0289016Z state without impacting any branches by switching back to a branch.
docs/audit-continuation/2026-09-08-linux/runs/windows-cohort05/WORKFLOW.log:317: trailing whitespace.
+2026-09-10T05:06:53.0289290Z 
docs/audit-continuation/2026-09-08-linux/runs/windows-cohort05/WORKFLOW.log:318: trailing whitespace.
+2026-09-10T05:06:53.0289435Z If you want to create a new branch to retain commits you create, you may
docs/audit-continuation/2026-09-08-linux/runs/windows-cohort05/WORKFLOW.log:319: trailing whitespace.
+2026-09-10T05:06:53.0289791Z do so (now or later) by using -c with the switch command. Example:
docs/audit-continuation/2026-09-08-linux/runs/windows-cohort05/WORKFLOW.log:320: trailing whitespace.
+2026-09-10T05:06:53.0290070Z 
docs/audit-continuation/2026-09-08-linux/runs/windows-cohort05/WORKFLOW.log:321: trailing whitespace.
+2026-09-10T05:06:53.0290186Z   git switch -c <new-branch-name>
docs/audit-continuation/2026-09-08-linux/runs/windows-cohort05/WORKFLOW.log:322: trailing whitespace.
+2026-09-10T05:06:53.0290452Z 
docs/audit-continuation/2026-09-08-linux/runs/windows-cohort05/WORKFLOW.log:323: trailing whitespace.
+2026-09-10T05:06:53.0290542Z Or undo this operation with:
docs/audit-continuation/2026-09-08-linux/runs/windows-cohort05/WORKFLOW.log:324: trailing whitespace.
+2026-09-10T05:06:53.0290686Z 
docs/audit-continuation/2026-09-08-linux/runs/windows-cohort05/WORKFLOW.log:325: trailing whitespace.
+2026-09-10T05:06:53.0290749Z   git switch -
docs/audit-continuation/2026-09-08-linux/runs/windows-cohort05/WORKFLOW.log:326: trailing whitespace.
+2026-09-10T05:06:53.0290847Z 
docs/audit-continuation/2026-09-08-linux/runs/windows-cohort05/WORKFLOW.log:327: trailing whitespace.
+2026-09-10T05:06:53.0291046Z Turn off this advice by setting config variable advice.detachedHead to false
docs/audit-continuation/2026-09-08-linux/runs/windows-cohort05/WORKFLOW.log:328: trailing whitespace.
+2026-09-10T05:06:53.0291292Z 
docs/audit-continuation/2026-09-08-linux/runs/windows-cohort05/WORKFLOW.log:329: trailing whitespace.
+2026-09-10T05:06:53.0291527Z HEAD is now at b825df9 Validate Windows native writer and secret-lifetime controls
docs/audit-continuation/2026-09-08-linux/runs/windows-cohort05/WORKFLOW.log:330: trailing whitespace.
+2026-09-10T05:06:53.0410615Z ##[endgroup]
docs/audit-continuation/2026-09-08-linux/runs/windows-cohort05/WORKFLOW.log:331: trailing whitespace.
+2026-09-10T05:06:53.0705080Z [command]"C:\Program Files\Git\bin\git.exe" log -1 --format=%H
docs/audit-continuation/2026-09-08-linux/runs/windows-cohort05/WORKFLOW.log:332: trailing whitespace.
+2026-09-10T05:06:53.0876185Z b825df973ac3e3392dd99b251b8bb7fd48fecce6
docs/audit-continuation/2026-09-08-linux/runs/windows-cohort05/WORKFLOW.log:333: trailing whitespace.
+2026-09-10T05:06:53.0899873Z ##[group]Removing auth
docs/audit-continuation/2026-09-08-linux/runs/windows-cohort05/WORKFLOW.log:334: trailing whitespace.
+2026-09-10T05:06:53.0900511Z Removing SSH command configuration
docs/audit-continuation/2026-09-08-linux/runs/windows-cohort05/WORKFLOW.log:335: trailing whitespace.
+2026-09-10T05:06:53.0907426Z [command]"C:\Program Files\Git\bin\git.exe" config --local --name-only --get-regexp core\.sshCommand
docs/audit-continuation/2026-09-08-linux/runs/windows-cohort05/WORKFLOW.log:336: trailing whitespace.
+2026-09-10T05:06:53.1088579Z [command]"C:\Program Files\Git\bin\git.exe" submodule foreach --recursive "sh -c \"git config --local --name-only --get-regexp 'core\.sshCommand' && git config --local --unset-all 'core.sshCommand' || :\""
docs/audit-continuation/2026-09-08-linux/runs/windows-cohort05/WORKFLOW.log:337: trailing whitespace.
+2026-09-10T05:06:53.5172100Z Removing HTTP extra header
docs/audit-continuation/2026-09-08-linux/runs/windows-cohort05/WORKFLOW.log:338: trailing whitespace.
+2026-09-10T05:06:53.5179239Z [command]"C:\Program Files\Git\bin\git.exe" config --local --name-only --get-regexp http\.https\:\/\/github\.com\/\.extraheader
docs/audit-continuation/2026-09-08-linux/runs/windows-cohort05/WORKFLOW.log:339: trailing whitespace.
+2026-09-10T05:06:53.5363426Z [command]"C:\Program Files\Git\bin\git.exe" submodule foreach --recursive "sh -c \"git config --local --name-only --get-regexp 'http\.https\:\/\/github\.com\/\.extraheader' && git config --local --unset-all 'http.https://github.com/.extraheader' || :\""
docs/audit-continuation/2026-09-08-linux/runs/windows-cohort05/WORKFLOW.log:340: trailing whitespace.
+2026-09-10T05:06:53.9854553Z Removing includeIf entries pointing to credentials config files
docs/audit-continuation/2026-09-08-linux/runs/windows-cohort05/WORKFLOW.log:341: trailing whitespace.
+2026-09-10T05:06:53.9866471Z [command]"C:\Program Files\Git\bin\git.exe" config --local --name-only --get-regexp ^includeIf\.gitdir:
docs/audit-continuation/2026-09-08-linux/runs/windows-cohort05/WORKFLOW.log:342: trailing whitespace.
+2026-09-10T05:06:54.0024781Z includeif.gitdir:D:/a/passvault/passvault/.git.path
docs/audit-continuation/2026-09-08-linux/runs/windows-cohort05/WORKFLOW.log:343: trailing whitespace.
+2026-09-10T05:06:54.0025521Z includeif.gitdir:D:/a/passvault/passvault/.git/worktrees/*.path
docs/audit-continuation/2026-09-08-linux/runs/windows-cohort05/WORKFLOW.log:344: trailing whitespace.
+2026-09-10T05:06:54.0026000Z includeif.gitdir:/github/workspace/.git.path
docs/audit-continuation/2026-09-08-linux/runs/windows-cohort05/WORKFLOW.log:345: trailing whitespace.
+2026-09-10T05:06:54.0026450Z includeif.gitdir:/github/workspace/.git/worktrees/*.path
docs/audit-continuation/2026-09-08-linux/runs/windows-cohort05/WORKFLOW.log:346: trailing whitespace.
+2026-09-10T05:06:54.0051628Z [command]"C:\Program Files\Git\bin\git.exe" config --local --get-all includeif.gitdir:D:/a/passvault/passvault/.git.path
docs/audit-continuation/2026-09-08-linux/runs/windows-cohort05/WORKFLOW.log:347: trailing whitespace.
+2026-09-10T05:06:54.0205227Z D:\a\_temp\git-credentials-c14e7b1b-1ba9-4f11-906d-eb68341be8fe.config
docs/audit-continuation/2026-09-08-linux/runs/windows-cohort05/WORKFLOW.log:348: trailing whitespace.
+2026-09-10T05:06:54.0229002Z [command]"C:\Program Files\Git\bin\git.exe" config --local --unset includeif.gitdir:D:/a/passvault/passvault/.git.path D\:\\a\\_temp\\git\-credentials\-c14e7b1b\-1ba9\-4f11\-906d\-eb68341be8fe\.config
docs/audit-continuation/2026-09-08-linux/runs/windows-cohort05/WORKFLOW.log:349: trailing whitespace.
+2026-09-10T05:06:54.0401551Z [command]"C:\Program Files\Git\bin\git.exe" config --local --get-all includeif.gitdir:D:/a/passvault/passvault/.git/worktrees/*.path
docs/audit-continuation/2026-09-08-linux/runs/windows-cohort05/WORKFLOW.log:350: trailing whitespace.
+2026-09-10T05:06:54.0550040Z D:\a\_temp\git-credentials-c14e7b1b-1ba9-4f11-906d-eb68341be8fe.config
docs/audit-continuation/2026-09-08-linux/runs/windows-cohort05/WORKFLOW.log:351: trailing whitespace.
+2026-09-10T05:06:54.0573769Z [command]"C:\Program Files\Git\bin\git.exe" config --local --unset includeif.gitdir:D:/a/passvault/passvault/.git/worktrees/*.path D\:\\a\\_temp\\git\-credentials\-c14e7b1b\-1ba9\-4f11\-906d\-eb68341be8fe\.config
docs/audit-continuation/2026-09-08-linux/runs/windows-cohort05/WORKFLOW.log:352: trailing whitespace.
+2026-09-10T05:06:54.0749872Z [command]"C:\Program Files\Git\bin\git.exe" config --local --get-all includeif.gitdir:/github/workspace/.git.path
docs/audit-continuation/2026-09-08-linux/runs/windows-cohort05/WORKFLOW.log:353: trailing whitespace.
+2026-09-10T05:06:54.0898680Z /github/runner_temp/git-credentials-c14e7b1b-1ba9-4f11-906d-eb68341be8fe.config
docs/audit-continuation/2026-09-08-linux/runs/windows-cohort05/WORKFLOW.log:354: trailing whitespace.
+2026-09-10T05:06:54.0920595Z [command]"C:\Program Files\Git\bin\git.exe" config --local --unset includeif.gitdir:/github/workspace/.git.path \/github\/runner_temp\/git\-credentials\-c14e7b1b\-1ba9\-4f11\-906d\-eb68341be8fe\.config
docs/audit-continuation/2026-09-08-linux/runs/windows-cohort05/WORKFLOW.log:355: trailing whitespace.
+2026-09-10T05:06:54.1098507Z [command]"C:\Program Files\Git\bin\git.exe" config --local --get-all includeif.gitdir:/github/workspace/.git/worktrees/*.path
docs/audit-continuation/2026-09-08-linux/runs/windows-cohort05/WORKFLOW.log:356: trailing whitespace.
+2026-09-10T05:06:54.1247541Z /github/runner_temp/git-credentials-c14e7b1b-1ba9-4f11-906d-eb68341be8fe.config
docs/audit-continuation/2026-09-08-linux/runs/windows-cohort05/WORKFLOW.log:357: trailing whitespace.
+2026-09-10T05:06:54.1268208Z [command]"C:\Program Files\Git\bin\git.exe" config --local --unset includeif.gitdir:/github/workspace/.git/worktrees/*.path \/github\/runner_temp\/git\-credentials\-c14e7b1b\-1ba9\-4f11\-906d\-eb68341be8fe\.config
docs/audit-continuation/2026-09-08-linux/runs/windows-cohort05/WORKFLOW.log:358: trailing whitespace.
+2026-09-10T05:06:54.1438584Z [command]"C:\Program Files\Git\bin\git.exe" submodule foreach --recursive "git config --local --show-origin --name-only --get-regexp remote.origin.url"
docs/audit-continuation/2026-09-08-linux/runs/windows-cohort05/WORKFLOW.log:359: trailing whitespace.
+2026-09-10T05:06:54.4696732Z Removing credentials config 'D:\a\_temp\git-credentials-c14e7b1b-1ba9-4f11-906d-eb68341be8fe.config'
docs/audit-continuation/2026-09-08-linux/runs/windows-cohort05/WORKFLOW.log:360: trailing whitespace.
+2026-09-10T05:06:54.4706717Z ##[endgroup]
docs/audit-continuation/2026-09-08-linux/runs/windows-cohort05/WORKFLOW.log:363: trailing whitespace.
+﻿2026-09-10T05:06:54.4953014Z ##[group]Run python -I -B scripts/audit/windows_native_validation.py
docs/audit-continuation/2026-09-08-linux/runs/windows-cohort05/WORKFLOW.log:364: trailing whitespace.
+2026-09-10T05:06:54.4953564Z [36;1mpython -I -B scripts/audit/windows_native_validation.py[0m
docs/audit-continuation/2026-09-08-linux/runs/windows-cohort05/WORKFLOW.log:365: trailing whitespace.
+2026-09-10T05:06:54.9044403Z shell: C:\Program Files\PowerShell\7\pwsh.EXE -command ". '{0}'"
docs/audit-continuation/2026-09-08-linux/runs/windows-cohort05/WORKFLOW.log:366: trailing whitespace.
+2026-09-10T05:06:54.9044733Z ##[endgroup]
docs/audit-continuation/2026-09-08-linux/runs/windows-cohort05/WORKFLOW.log:367: trailing whitespace.
+2026-09-10T05:07:56.8784257Z {"case_scoring": "NOT_PERFORMED; raw XML requires independent actual-case review", "cases": {"passvault_biometric_abi": {"ctest_exit_code": 0, "raw_xml": "case-13.xml", "state": "CTEST_EXIT_OBSERVED; XML_PENDING", "xml_bytes": 389, "xml_scoring": "NOT_PERFORMED; independent actual-case review required", "xml_sha256": "e716b6849879432462b7d71618886cde86fd7e23127553da0418c5f268244d34"}, "passvault_biometric_windows_file_collision": {"ctest_exit_code": 0, "raw_xml": "case-04.xml", "state": "CTEST_EXIT_OBSERVED; XML_PENDING", "xml_bytes": 427, "xml_scoring": "NOT_PERFORMED; independent actual-case review required", "xml_sha256": "32ebc9dfd64ed657aca438cdfb3d28a10862c92d7569074074125ac70f11bfec"}, "passvault_biometric_windows_file_dacl_failure": {"ctest_exit_code": 0, "raw_xml": "case-03.xml", "state": "CTEST_EXIT_OBSERVED; XML_PENDING", "xml_bytes": 433, "xml_scoring": "NOT_PERFORMED; independent actual-case review required", "xml_sha256": "dbedf41dbe3930582520485e2e8dbbdf73b01aa07e67c8057871e7454a7390e8"}, "passvault_biometric_windows_file_empty_payload": {"ctest_exit_code": 0, "raw_xml": "case-05.xml", "state": "CTEST_EXIT_OBSERVED; XML_PENDING", "xml_bytes": 435, "xml_scoring": "NOT_PERFORMED; independent actual-case review required", "xml_sha256": "19abbd3650ce6c913ab7c447f1d838d009a88334b8b09fd7d1d1dcd7af633d0b"}, "passvault_biometric_windows_file_empty_suffix": {"ctest_exit_code": 0, "raw_xml": "case-07.xml", "state": "CTEST_EXIT_OBSERVED; XML_PENDING", "xml_bytes": 433, "xml_scoring": "NOT_PERFORMED; independent actual-case review required", "xml_sha256": "e5454368ccd5a29021e620670b1da0b80c86f08be133d8c65d9e7049e2a7ab5b"}, "passvault_biometric_windows_file_oversized_payload": {"ctest_exit_code": 0, "raw_xml": "case-06.xml", "state": "CTEST_EXIT_OBSERVED; XML_PENDING", "xml_bytes": 443, "xml_scoring": "NOT_PERFORMED; independent actual-case review required", "xml_sha256": "49f7d41fa9886867c6b41a78fd2151a60b9ab11916504b072e23df47b22a25df"}, "passvault_biometric_windows_file_rename_failure": {"ctest_exit_code": 0, "raw_xml": "case-08.xml", "state": "CTEST_EXIT_OBSERVED; XML_PENDING", "xml_bytes": 436, "xml_scoring": "NOT_PERFORMED; independent actual-case review required", "xml_sha256": "3eec7f781f3512011df3df6c43a7b54883e9defca0dbff8f64a2242c2a856f28"}, "passvault_biometric_windows_file_success": {"ctest_exit_code": 0, "raw_xml": "case-01.xml", "state": "CTEST_EXIT_OBSERVED; XML_PENDING", "xml_bytes": 423, "xml_scoring": "NOT_PERFORMED; independent actual-case review required", "xml_sha256": "a1d1be8f32aa704caacf7f69dd8de7c8da83bce4fa679913538b8a591aab1a4a"}, "passvault_biometric_windows_file_validation_failure": {"ctest_exit_code": 0, "raw_xml": "case-02.xml", "state": "CTEST_EXIT_OBSERVED; XML_PENDING", "xml_bytes": 445, "xml_scoring": "NOT_PERFORMED; independent actual-case review required", "xml_sha256": "e7425208270f67b5ec840ae4ce9a8173e4a37f30737b880eecd2468e02190cfe"}, "passvault_biometric_windows_historical_collision": {"ctest_exit_code": 0, "raw_xml": "case-18.xml", "state": "CTEST_EXIT_OBSERVED; XML_PENDING", "xml_bytes": 522, "xml_scoring": "NOT_PERFORMED; independent actual-case review required", "xml_sha256": "0cce4df01bce5ba4b24d413906725de3a4295f0b2d7de1705ebcc2e89ecfc46c"}, "passvault_biometric_windows_historical_dacl_failure": {"ctest_exit_code": 0, "raw_xml": "case-17.xml", "state": "CTEST_EXIT_OBSERVED; XML_PENDING", "xml_bytes": 531, "xml_scoring": "NOT_PERFORMED; independent actual-case review required", "xml_sha256": "eb639221a40ae540baae0108ca34e90f59df94b2a1df592b9ba6497639dd3fbd"}, "passvault_biometric_windows_historical_empty_payload": {"ctest_exit_code": 0, "raw_xml": "case-19.xml", "state": "CTEST_EXIT_OBSERVED; XML_PENDING", "xml_bytes": 519, "xml_scoring": "NOT_PERFORMED; independent actual-case review required", "xml_sha256": "de5b9e40e802437fcc1ca5b6d86d7d0b3a106be7b53e203bf702a4d325d75663"}, "passvault_biometric_windows_historical_empty_suffix": {"ctest_exit_code": 0, "raw_xml": "case-21.xml", "state": "CTEST_EXIT_OBSERVED; XML_PENDING", "xml_bytes": 516, "xml_scoring": "NOT_PERFORMED; independent actual-case review required", "xml_sha256": "7f826e631a2758a359ea9ce57c44ddbc191e2abc93b8534f2d15777add63ba37"}, "passvault_biometric_windows_historical_oversized_payload": {"ctest_exit_code": 0, "raw_xml": "case-20.xml", "state": "CTEST_EXIT_OBSERVED; XML_PENDING", "xml_bytes": 531, "xml_scoring": "NOT_PERFORMED; independent actual-case review required", "xml_sha256": "afb383245552b6ad6b567ff616dd47ff021f05ede9ab5d604a99e71e15030280"}, "passvault_biometric_windows_historical_rename_failure": {"ctest_exit_code": 0, "raw_xml": "case-22.xml", "state": "CTEST_EXIT_OBSERVED; XML_PENDING", "xml_bytes": 522, "xml_scoring": "NOT_PERFORMED; independent actual-case review required", "xml_sha256": "fe184ddcc37e677effd80a436b57632cdc9abab4dc9cdee4e77958e26c893a0f"}, "passvault_biometric_windows_historical_success": {"ctest_exit_code": 0, "raw_xml": "case-15.xml", "state": "CTEST_EXIT_OBSERVED; XML_PENDING", "xml_bytes": 501, "xml_scoring": "NOT_PERFORMED; independent actual-case review required", "xml_sha256": "977448d34b52d97c2016582710d312647f473b1e38e13e401dece14e0986abc0"}, "passvault_biometric_windows_historical_validation_failure": {"ctest_exit_code": 0, "raw_xml": "case-16.xml", "state": "CTEST_EXIT_OBSERVED; XML_PENDING", "xml_bytes": 549, "xml_scoring": "NOT_PERFORMED; independent actual-case review required", "xml_sha256": "c503dc947e6d7358e87f570c09dece8434369e1b0da8b63f5f2e390b8f5b69cb"}, "passvault_biometric_windows_prk_allocation_cut": {"ctest_exit_code": 0, "raw_xml": "case-24.xml", "state": "CTEST_EXIT_OBSERVED; XML_PENDING", "xml_bytes": 557, "xml_scoring": "NOT_PERFORMED; independent actual-case review required", "xml_sha256": "0d3e26aca9b9c28af9b3fc5d0c95354bd2d6d334c2f62067adce16ca0baa9c08"}, "passvault_biometric_windows_prk_unarmed": {"ctest_exit_code": 0, "raw_xml": "case-23.xml", "state": "CTEST_EXIT_OBSERVED; XML_PENDING", "xml_bytes": 536, "xml_scoring": "NOT_PERFORMED; independent actual-case review required", "xml_sha256": "af2ae2a389bc1f487b1dca84ce53406e269229cee1456d8bdb1cd14d6d7acbc7"}, "passvault_biometric_windows_secret_allocation_exception": {"ctest_exit_code": 0, "raw_xml": "case-11.xml", "state": "CTEST_EXIT_OBSERVED; XML_PENDING", "xml_bytes": 453, "xml_scoring": "NOT_PERFORMED; independent actual-case review required", "xml_sha256": "e1667b86e25a469fef1308b66e81675a88cb6885cf93b409faa4a396a5ca30d9"}, "passvault_biometric_windows_secret_early_return": {"ctest_exit_code": 0, "raw_xml": "case-10.xml", "state": "CTEST_EXIT_OBSERVED; XML_PENDING", "xml_bytes": 437, "xml_scoring": "NOT_PERFORMED; independent actual-case review required", "xml_sha256": "c8b7f101fee10d67c0714cec93f7b5678ca13744d19159865048cc7f7c673fd1"}, "passvault_biometric_windows_secret_nested_exception": {"ctest_exit_code": 0, "raw_xml": "case-12.xml", "state": "CTEST_EXIT_OBSERVED; XML_PENDING", "xml_bytes": 445, "xml_scoring": "NOT_PERFORMED; independent actual-case review required", "xml_sha256": "bc725060fb8ed68fefd096946008f7ac09ab390b0eb11d7d1f1c7a29ad91d119"}, "passvault_biometric_windows_secret_normal_scope": {"ctest_exit_code": 0, "raw_xml": "case-09.xml", "state": "CTEST_EXIT_OBSERVED; XML_PENDING", "xml_bytes": 437, "xml_scoring": "NOT_PERFORMED; independent actual-case review required", "xml_sha256": "197e4c02bcfcb2b87c204dc8a0ae826774ab808b6834ef262f2d7979b45e7f29"}, "passvault_biometric_windows_security": {"ctest_exit_code": 0, "raw_xml": "case-14.xml", "state": "CTEST_EXIT_OBSERVED; XML_PENDING", "xml_bytes": 415, "xml_scoring": "NOT_PERFORMED; independent actual-case review required", "xml_sha256": "0b091d55f31aa0e0eae09f196fa06411be87ad3c54abc8c152ec5fca4a430664"}}, "cleanup": "HOLD; hosted runner disposal is not an observed cleanup pass", "commands": [{"argv": ["C:\\Program Files\\Git\\bin\\git.exe", "-c", "core.hooksPath=NUL", "-c", "core.fsmonitor=false", "-c", "gc.auto=0", "rev-parse", "HEAD", "HEAD^{tree}", "HEAD^", "HEAD^^{tree}"], "exit_code": 0, "job_active_after_parent": 1, "log": "01-git-identity.log", "parent_output_snapshot_sha256": "9f76ed280115f4a0d402f1a33a9beae29da579d9d0fe8aa230c6c011878aaa2b", "pid": 4932, "readonly_job_zero_observed": true, "snapshot_qualification": "Not a settled-log hash; owned descendants may still write", "state": "PARENT_EXIT_OBSERVED", "tid": 7468}, {"argv": ["C:\\Program Files\\Git\\bin\\git.exe", "-c", "core.hooksPath=NUL", "-c", "core.fsmonitor=false", "-c", "gc.auto=0", "rev-list", "--parents", "-n", "1", "HEAD"], "exit_code": 0, "job_active_after_parent": 1, "log": "02-one-parent.log", "parent_output_snapshot_sha256": "b119f90b289ef2cfbe998012ef512d1a5284db588d74362b5f10ef95ce35337b", "pid": 5616, "readonly_job_zero_observed": true, "snapshot_qualification": "Not a settled-log hash; owned descendants may still write", "state": "PARENT_EXIT_OBSERVED", "tid": 5824}, {"argv": ["C:\\Program Files\\Git\\bin\\git.exe", "-c", "core.hooksPath=NUL", "-c", "core.fsmonitor=false", "-c", "gc.auto=0", "diff", "--name-status", "HEAD^", "HEAD", "--"], "exit_code": 0, "job_active_after_parent": 1, "log": "03-request-only-diff.log", "parent_output_snapshot_sha256": "f3431b3e50a317f0f9ec98e3796c7fa15e03ac69ef5ef41e06e602f5a0ae9f6e", "pid": 1920, "readonly_job_zero_observed": true, "snapshot_qualification": "Not a settled-log hash; owned descendants may still write", "state": "PARENT_EXIT_OBSERVED", "tid": 1916}, {"argv": ["C:\\Program Files\\Git\\bin\\git.exe", "-c", "core.hooksPath=NUL", "-c", "core.fsmonitor=false", "-c", "gc.auto=0", "status", "--porcelain=v1", "--untracked-files=all"], "exit_code": 0, "job_active_after_parent": 0, "log": "04-clean-source.log", "parent_output_snapshot_sha256": "e3b0c44298fc1c149afbf4c8996fb92427ae41e4649b934ca495991b7852b855", "pid": 2632, "readonly_job_zero_observed": true, "snapshot_qualification": "Not a settled-log hash; owned descendants may still write", "state": "PARENT_EXIT_OBSERVED", "tid": 3572}, {"argv": ["C:\\Program Files\\CMake\\bin\\cmake.exe", "--version"], "exit_code": 0, "job_active_after_parent": 0, "log": "05-cmake-version.log", "parent_output_snapshot_sha256": "f6e81c2559f3ce00c5fdad01d7b226c301f5d6b07ee04f65db6dbfdc1cc5970b", "pid": 6300, "readonly_job_zero_observed": true, "snapshot_qualification": "Not a settled-log hash; owned descendants may still write", "state": "PARENT_EXIT_OBSERVED", "tid": 7792}, {"argv": ["C:\\Program Files\\CMake\\bin\\cmake.exe", "-S", "D:\\a\\passvault\\passvault\\app-desktop\\native\\biometric-bridge", "-B", "D:\\a\\_temp\\passvault-windows-cohort-05-34439762763-1-be5f25d196d98cb0dc091b0228e3e4e7\\build", "-G", "Visual Studio 17 2022", "-A", "x64", "-DCMAKE_SYSTEM_VERSION=10.0.26100.0", "-DBUILD_TESTING=ON", "-DPASSVAULT_AUDIT_PVA036_037_CONTROLS=ON"], "exit_code": 0, "job_active_after_parent": 1, "log": "06-configure.log", "parent_output_snapshot_sha256": "dfab98c5a9c1ba8404122b27c4861c8254f1511ba47f8ee79eb4bb7be4bf2a63", "pid": 6624, "snapshot_qualification": "Not a settled-log hash; owned descendants may still write", "state": "PARENT_EXIT_OBSERVED", "tid": 6488}, {"argv": ["C:\\Program Files\\CMake\\bin\\cmake.exe", "--build", "D:\\a\\_temp\\passvault-windows-cohort-05-34439762763-1-be5f25d196d98cb0dc091b0228e3e4e7\\build", "--config", "Release", "--target", "passvault_biometric_windows_security_test", "passvault_biometric_abi_test", "passvault_biometric_windows_historical_writer_test", "passvault_biometric_windows_prk_allocation_test", "--parallel", "1", "--verbose", "--", "/nodeReuse:false"], "exit_code": 0, "job_active_after_parent": 1, "log": "07-build.log", "parent_output_snapshot_sha256": "960e7963f491a5f2b9842b6d704d4e809b7742e265fae1c90d7c4cd08fbc859c", "pid": 512, "snapshot_qualification": "Not a settled-log hash; owned descendants may still write", "state": "PARENT_EXIT_OBSERVED", "tid": 2192}, {"argv": ["C:\\Program Files\\CMake\\bin\\ctest.exe", "--test-dir", "D:\\a\\_temp\\passvault-windows-cohort-05-34439762763-1-be5f25d196d98cb0dc091b0228e3e4e7\\build", "-C", "Release", "--show-only=json-v1"], "exit_code": 0, "job_active_after_parent": 1, "log": "08-ctest-inventory.log", "parent_output_snapshot_sha256": "7e7601883a90a0fd47d43b8137482b5da6646d227fea37f52af754c9b89a5b6a", "pid": 1220, "snapshot_qualification": "Not a settled-log hash; owned descendants may still write", "state": "PARENT_EXIT_OBSERVED", "tid": 7784}, {"argv": ["C:\\Program Files\\CMake\\bin\\ctest.exe", "--test-dir", "D:\\a\\_temp\\passvault-windows-cohort-05-34439762763-1-be5f25d196d98cb0dc091b0228e3e4e7\\build", "-C", "Release", "--parallel", "1", "--timeout", "30", "--no-tests=error", "--output-on-failure", "--output-junit", "D:\\a\\_temp\\passvault-windows-cohort-05-34439762763-1-be5f25d196d98cb0dc091b0228e3e4e7\\logs\\case-01.xml", "-R", "^passvault_biometric_windows_file_success$"], "exit_code": 0, "job_active_after_parent": 1, "log": "09-case-01.log", "parent_output_snapshot_sha256": "1ed8fe0cdd3cee4727212442fa72c2dcff69a8ae730864c8664144fc82c2cd1b", "pid": 3632, "snapshot_qualification": "Not a settled-log hash; owned descendants may still write", "state": "PARENT_EXIT_OBSERVED", "tid": 5264}, {"argv": ["C:\\Program Files\\CMake\\bin\\ctest.exe", "--test-dir", "D:\\a\\_temp\\passvault-windows-cohort-05-34439762763-1-be5f25d196d98cb0dc091b0228e3e4e7\\build", "-C", "Release", "--parallel", "1", "--timeout", "30", "--no-tests=error", "--output-on-failure", "--output-junit", "D:\\a\\_temp\\passvault-windows-cohort-05-34439762763-1-be5f25d196d98cb0dc091b0228e3e4e7\\logs\\case-02.xml", "-R", "^passvault_biometric_windows_file_validation_failure$"], "exit_code": 0, "job_active_after_parent": 1, "log": "10-case-02.log", "parent_output_snapshot_sha256": "6bb47baf0ab02046416b9dcb200656a8dbc6f8c9ce36e733560292029827ab18", "pid": 356, "snapshot_qualification": "Not a settled-log hash; owned descendants may still write", "state": "PARENT_EXIT_OBSERVED", "tid": 6008}, {"argv": ["C:\\Program Files\\CMake\\bin\\ctest.exe", "--test-dir", "D:\\a\\_temp\\passvault-windows-cohort-05-34439762763-1-be5f25d196d98cb0dc091b0228e3e4e7\\build", "-C", "Release", "--parallel", "1", "--timeout", "30", "--no-tests=error", "--output-on-failure", "--output-junit", "D:\\a\\_temp\\passvault-windows-cohort-05-34439762763-1-be5f25d196d98cb0dc091b0228e3e4e7\\logs\\case-03.xml", "-R", "^passvault_biometric_windows_file_dacl_failure$"], "exit_code": 0, "job_active_after_parent": 1, "log": "11-case-03.log", "parent_output_snapshot_sha256": "ddebe56ecca6c30a1e716c1f8cdc6b5a26aff2261f27a7769e715709102bacf3", "pid": 8020, "snapshot_qualification": "Not a settled-log hash; owned descendants may still write", "state": "PARENT_EXIT_OBSERVED", "tid": 5972}, {"argv": ["C:\\Program Files\\CMake\\bin\\ctest.exe", "--test-dir", "D:\\a\\_temp\\passvault-windows-cohort-05-34439762763-1-be5f25d196d98cb0dc091b0228e3e4e7\\build", "-C", "Release", "--parallel", "1", "--timeout", "30", "--no-tests=error", "--output-on-failure", "--output-junit", "D:\\a\\_temp\\passvault-windows-cohort-05-34439762763-1-be5f25d196d98cb0dc091b0228e3e4e7\\logs\\case-04.xml", "-R", "^passvault_biometric_windows_file_collision$"], "exit_code": 0, "job_active_after_parent": 1, "log": "12-case-04.log", "parent_output_snapshot_sha256": "da5ccb8b7f2a6cc7dad389e8e922efadb1e1ca235e921a25ef1047490c86987c", "pid": 4980, "snapshot_qualification": "Not a settled-log hash; owned descendants may still write", "state": "PARENT_EXIT_OBSERVED", "tid": 196}, {"argv": ["C:\\Program Files\\CMake\\bin\\ctest.exe", "--test-dir", "D:\\a\\_temp\\passvault-windows-cohort-05-34439762763-1-be5f25d196d98cb0dc091b0228e3e4e7\\build", "-C", "Release", "--parallel", "1", "--timeout", "30", "--no-tests=error", "--output-on-failure", "--output-junit", "D:\\a\\_temp\\passvault-windows-cohort-05-34439762763-1-be5f25d196d98cb0dc091b0228e3e4e7\\logs\\case-05.xml", "-R", "^passvault_biometric_windows_file_empty_payload$"], "exit_code": 0, "job_active_after_parent": 1, "log": "13-case-05.log", "parent_output_snapshot_sha256": "3399b9fd9cbe5af499ecfefbf0dc5d0ef7f502cde9ed4c0683461ffc1a90dfa8", "pid": 4112, "snapshot_qualification": "Not a settled-log hash; owned descendants may still write", "state": "PARENT_EXIT_OBSERVED", "tid": 4684}, {"argv": ["C:\\Program Files\\CMake\\bin\\ctest.exe", "--test-dir", "D:\\a\\_temp\\passvault-windows-cohort-05-34439762763-1-be5f25d196d98cb0dc091b0228e3e4e7\\build", "-C", "Release", "--parallel", "1", "--timeout", "30", "--no-tests=error", "--output-on-failure", "--output-junit", "D:\\a\\_temp\\passvault-windows-cohort-05-34439762763-1-be5f25d196d98cb0dc091b0228e3e4e7\\logs\\case-06.xml", "-R", "^passvault_biometric_windows_file_oversized_payload$"], "exit_code": 0, "job_active_after_parent": 1, "log": "14-case-06.log", "parent_output_snapshot_sha256": "83632d790eed9e7f91233599f34d799969fc67ab0f5c362dada5c67112b8c0a8", "pid": 1916, "snapshot_qualification": "Not a settled-log hash; owned descendants may still write", "state": "PARENT_EXIT_OBSERVED", "tid": 2248}, {"argv": ["C:\\Program Files\\CMake\\bin\\ctest.exe", "--test-dir", "D:\\a\\_temp\\passvault-windows-cohort-05-34439762763-1-be5f25d196d98cb0dc091b0228e3e4e7\\build", "-C", "Release", "--parallel", "1", "--timeout", "30", "--no-tests=error", "--output-on-failure", "--output-junit", "D:\\a\\_temp\\passvault-windows-cohort-05-34439762763-1-be5f25d196d98cb0dc091b0228e3e4e7\\logs\\case-07.xml", "-R", "^passvault_biometric_windows_file_empty_suffix$"], "exit_code": 0, "job_active_after_parent": 1, "log": "15-case-07.log", "parent_output_snapshot_sha256": "d3b49532a760bf24b0fb69b90a321c1049f21fab6f36594f473b48728fae9341", "pid": 6632, "snapshot_qualification": "Not a settled-log hash; owned descendants may still write", "state": "PARENT_EXIT_OBSERVED", "tid": 1604}, {"argv": ["C:\\Program Files\\CMake\\bin\\ctest.exe", "--test-dir", "D:\\a\\_temp\\passvault-windows-cohort-05-34439762763-1-be5f25d196d98cb0dc091b0228e3e4e7\\build", "-C", "Release", "--parallel", "1", "--timeout", "30", "--no-tests=error", "--output-on-failure", "--output-junit", "D:\\a\\_temp\\passvault-windows-cohort-05-34439762763-1-be5f25d196d98cb0dc091b0228e3e4e7\\logs\\case-08.xml", "-R", "^passvault_biometric_windows_file_rename_failure$"], "exit_code": 0, "job_active_after_parent": 1, "log": "16-case-08.log", "parent_output_snapshot_sha256": "30f69eeeef017388bd671e4ddf0b0da6ae83d64e918ef335e435aa83568b89c3", "pid": 368, "snapshot_qualification": "Not a settled-log hash; owned descendants may still write", "state": "PARENT_EXIT_OBSERVED", "tid": 8088}, {"argv": ["C:\\Program Files\\CMake\\bin\\ctest.exe", "--test-dir", "D:\\a\\_temp\\passvault-windows-cohort-05-34439762763-1-be5f25d196d98cb0dc091b0228e3e4e7\\build", "-C", "Release", "--parallel", "1", "--timeout", "30", "--no-tests=error", "--output-on-failure", "--output-junit", "D:\\a\\_temp\\passvault-windows-cohort-05-34439762763-1-be5f25d196d98cb0dc091b0228e3e4e7\\logs\\case-09.xml", "-R", "^passvault_biometric_windows_secret_normal_scope$"], "exit_code": 0, "job_active_after_parent": 1, "log": "17-case-09.log", "parent_output_snapshot_sha256": "d26f94aca50b5d40db78861bc18a36aaacb54ef49767ae3bbf2aedaa142fe4cc", "pid": 7708, "snapshot_qualification": "Not a settled-log hash; owned descendants may still write", "state": "PARENT_EXIT_OBSERVED", "tid": 5896}, {"argv": ["C:\\Program Files\\CMake\\bin\\ctest.exe", "--test-dir", "D:\\a\\_temp\\passvault-windows-cohort-05-34439762763-1-be5f25d196d98cb0dc091b0228e3e4e7\\build", "-C", "Release", "--parallel", "1", "--timeout", "30", "--no-tests=error", "--output-on-failure", "--output-junit", "D:\\a\\_temp\\passvault-windows-cohort-05-34439762763-1-be5f25d196d98cb0dc091b0228e3e4e7\\logs\\case-10.xml", "-R", "^passvault_biometric_windows_secret_early_return$"], "exit_code": 0, "job_active_after_parent": 1, "log": "18-case-10.log", "parent_output_snapshot_sha256": "46f807b0b65cccce8b39b8ef4ba036d81ccff1e95e4c8b83d878b961d01d1518", "pid": 7100, "snapshot_qualification": "Not a settled-log hash; owned descendants may still write", "state": "PARENT_EXIT_OBSERVED", "tid": 6920}, {"argv": ["C:\\Program Files\\CMake\\bin\\ctest.exe", "--test-dir", "D:\\a\\_temp\\passvault-windows-cohort-05-34439762763-1-be5f25d196d98cb0dc091b0228e3e4e7\\build", "-C", "Release", "--parallel", "1", "--timeout", "30", "--no-tests=error", "--output-on-failure", "--output-junit", "D:\\a\\_temp\\passvault-windows-cohort-05-34439762763-1-be5f25d196d98cb0dc091b0228e3e4e7\\logs\\case-11.xml", "-R", "^passvault_biometric_windows_secret_allocation_exception$"], "exit_code": 0, "job_active_after_parent": 1, "log": "19-case-11.log", "parent_output_snapshot_sha256": "c18721c9213316e258b65179d917df3660f1606720967c8f61719199ef3e66f9", "pid": 1148, "snapshot_qualification": "Not a settled-log hash; owned descendants may still write", "state": "PARENT_EXIT_OBSERVED", "tid": 2588}, {"argv": ["C:\\Program Files\\CMake\\bin\\ctest.exe", "--test-dir", "D:\\a\\_temp\\passvault-windows-cohort-05-34439762763-1-be5f25d196d98cb0dc091b0228e3e4e7\\build", "-C", "Release", "--parallel", "1", "--timeout", "30", "--no-tests=error", "--output-on-failure", "--output-junit", "D:\\a\\_temp\\passvault-windows-cohort-05-34439762763-1-be5f25d196d98cb0dc091b0228e3e4e7\\logs\\case-12.xml", "-R", "^passvault_biometric_windows_secret_nested_exception$"], "exit_code": 0, "job_active_after_parent": 1, "log": "20-case-12.log", "parent_output_snapshot_sha256": "4c985490eb42c6f21a5439dc1881736618a00841d255292beb6d119998c23049", "pid": 6136, "snapshot_qualification": "Not a settled-log hash; owned descendants may still write", "state": "PARENT_EXIT_OBSERVED", "tid": 6840}, {"argv": ["C:\\Program Files\\CMake\\bin\\ctest.exe", "--test-dir", "D:\\a\\_temp\\passvault-windows-cohort-05-34439762763-1-be5f25d196d98cb0dc091b0228e3e4e7\\build", "-C", "Release", "--parallel", "1", "--timeout", "30", "--no-tests=error", "--output-on-failure", "--output-junit", "D:\\a\\_temp\\passvault-windows-cohort-05-34439762763-1-be5f25d196d98cb0dc091b0228e3e4e7\\logs\\case-13.xml", "-R", "^passvault_biometric_abi$"], "exit_code": 0, "job_active_after_parent": 1, "log": "21-case-13.log", "parent_output_snapshot_sha256": "774074246542ffb86533d88fcf79ed07978fb2ed933a2604e6626a4197fe5e2c", "pid": 5960, "snapshot_qualification": "Not a settled-log hash; owned descendants may still write", "state": "PARENT_EXIT_OBSERVED", "tid": 3660}, {"argv": ["C:\\Program Files\\CMake\\bin\\ctest.exe", "--test-dir", "D:\\a\\_temp\\passvault-windows-cohort-05-34439762763-1-be5f25d196d98cb0dc091b0228e3e4e7\\build", "-C", "Release", "--parallel", "1", "--timeout", "30", "--no-tests=error", "--output-on-failure", "--output-junit", "D:\\a\\_temp\\passvault-windows-cohort-05-34439762763-1-be5f25d196d98cb0dc091b0228e3e4e7\\logs\\case-14.xml", "-R", "^passvault_biometric_windows_security$"], "exit_code": 0, "job_active_after_parent": 1, "log": "22-case-14.log", "parent_output_snapshot_sha256": "0b8e2f6579c9b8644888cde77850521b743ee423efa31a7c0411dc2f867d87ee", "pid": 4472, "snapshot_qualification": "Not a settled-log hash; owned descendants may still write", "state": "PARENT_EXIT_OBSERVED", "tid": 4712}, {"argv": ["C:\\Program Files\\CMake\\bin\\ctest.exe", "--test-dir", "D:\\a\\_temp\\passvault-windows-cohort-05-34439762763-1-be5f25d196d98cb0dc091b0228e3e4e7\\build", "-C", "Release", "--parallel", "1", "--timeout", "30", "--no-tests=error", "--output-on-failure", "--output-junit", "D:\\a\\_temp\\passvault-windows-cohort-05-34439762763-1-be5f25d196d98cb0dc091b0228e3e4e7\\logs\\case-15.xml", "-R", "^passvault_biometric_windows_historical_success$"], "exit_code": 0, "job_active_after_parent": 1, "log": "23-case-15.log", "parent_output_snapshot_sha256": "a718857d3072d9cfc9b6b8a57b5cd75c0d4d88247e1aca75496142b808eb6eb4", "pid": 8024, "snapshot_qualification": "Not a settled-log hash; owned descendants may still write", "state": "PARENT_EXIT_OBSERVED", "tid": 4856}, {"argv": ["C:\\Program Files\\CMake\\bin\\ctest.exe", "--test-dir", "D:\\a\\_temp\\passvault-windows-cohort-05-34439762763-1-be5f25d196d98cb0dc091b0228e3e4e7\\build", "-C", "Release", "--parallel", "1", "--timeout", "30", "--no-tests=error", "--output-on-failure", "--output-junit", "D:\\a\\_temp\\passvault-windows-cohort-05-34439762763-1-be5f25d196d98cb0dc091b0228e3e4e7\\logs\\case-16.xml", "-R", "^passvault_biometric_windows_historical_validation_failure$"], "exit_code": 0, "job_active_after_parent": 1, "log": "24-case-16.log", "parent_output_snapshot_sha256": "41891a9af895617d44a71131287550a4c20e1a2381b7127b01674ff4ce2c91ca", "pid": 3480, "snapshot_qualification": "Not a settled-log hash; owned descendants may still write", "state": "PARENT_EXIT_OBSERVED", "tid": 1120}, {"argv": ["C:\\Program Files\\CMake\\bin\\ctest.exe", "--test-dir", "D:\\a\\_temp\\passvault-windows-cohort-05-34439762763-1-be5f25d196d98cb0dc091b0228e3e4e7\\build", "-C", "Release", "--parallel", "1", "--timeout", "30", "--no-tests=error", "--output-on-failure", "--output-junit", "D:\\a\\_temp\\passvault-windows-cohort-05-34439762763-1-be5f25d196d98cb0dc091b0228e3e4e7\\logs\\case-17.xml", "-R", "^passvault_biometric_windows_historical_dacl_failure$"], "exit_code": 0, "job_active_after_parent": 1, "log": "25-case-17.log", "parent_output_snapshot_sha256": "75f4e2e5f4170e4749dafce325cfcfaff389b3611b7b3856bd3984edef82031b", "pid": 2688, "snapshot_qualification": "Not a settled-log hash; owned descendants may still write", "state": "PARENT_EXIT_OBSERVED", "tid": 4276}, {"argv": ["C:\\Program Files\\CMake\\bin\\ctest.exe", "--test-dir", "D:\\a\\_temp\\passvault-windows-cohort-05-34439762763-1-be5f25d196d98cb0dc091b0228e3e4e7\\build", "-C", "Release", "--parallel", "1", "--timeout", "30", "--no-tests=error", "--output-on-failure", "--output-junit", "D:\\a\\_temp\\passvault-windows-cohort-05-34439762763-1-be5f25d196d98cb0dc091b0228e3e4e7\\logs\\case-18.xml", "-R", "^passvault_biometric_windows_historical_collision$"], "exit_code": 0, "job_active_after_parent": 1, "log": "26-case-18.log", "parent_output_snapshot_sha256": "48116da6476598ed3030264a2c70820a818fe708e37dcd9aa2f390850d0fb9fa", "pid": 1064, "snapshot_qualification": "Not a settled-log hash; owned descendants may still write", "state": "PARENT_EXIT_OBSERVED", "tid": 6316}, {"argv": ["C:\\Program Files\\CMake\\bin\\ctest.exe", "--test-dir", "D:\\a\\_temp\\passvault-windows-cohort-05-34439762763-1-be5f25d196d98cb0dc091b0228e3e4e7\\build", "-C", "Release", "--parallel", "1", "--timeout", "30", "--no-tests=error", "--output-on-failure", "--output-junit", "D:\\a\\_temp\\passvault-windows-cohort-05-34439762763-1-be5f25d196d98cb0dc091b0228e3e4e7\\logs\\case-19.xml", "-R", "^passvault_biometric_windows_historical_empty_payload$"], "exit_code": 0, "job_active_after_parent": 1, "log": "27-case-19.log", "parent_output_snapshot_sha256": "55a4351169ffb12eceecdd3c72832fa0ac860b0c38b7fe4c98724a370a399169", "pid": 1932, "snapshot_qualification": "Not a settled-log hash; owned descendants may still write", "state": "PARENT_EXIT_OBSERVED", "tid": 4720}, {"argv": ["C:\\Program Files\\CMake\\bin\\ctest.exe", "--test-dir", "D:\\a\\_temp\\passvault-windows-cohort-05-34439762763-1-be5f25d196d98cb0dc091b0228e3e4e7\\build", "-C", "Release", "--parallel", "1", "--timeout", "30", "--no-tests=error", "--output-on-failure", "--output-junit", "D:\\a\\_temp\\passvault-windows-cohort-05-34439762763-1-be5f25d196d98cb0dc091b0228e3e4e7\\logs\\case-20.xml", "-R", "^passvault_biometric_windows_historical_oversized_payload$"], "exit_code": 0, "job_active_after_parent": 1, "log": "28-case-20.log", "parent_output_snapshot_sha256": "f3b96b147e2a57d384cc07cc306379dcf4d2d533c40886e649335788f00ffb35", "pid": 1936, "snapshot_qualification": "Not a settled-log hash; owned descendants may still write", "state": "PARENT_EXIT_OBSERVED", "tid": 2456}, {"argv": ["C:\\Program Files\\CMake\\bin\\ctest.exe", "--test-dir", "D:\\a\\_temp\\passvault-windows-cohort-05-34439762763-1-be5f25d196d98cb0dc091b0228e3e4e7\\build", "-C", "Release", "--parallel", "1", "--timeout", "30", "--no-tests=error", "--output-on-failure", "--output-junit", "D:\\a\\_temp\\passvault-windows-cohort-05-34439762763-1-be5f25d196d98cb0dc091b0228e3e4e7\\logs\\case-21.xml", "-R", "^passvault_biometric_windows_historical_empty_suffix$"], "exit_code": 0, "job_active_after_parent": 1, "log": "29-case-21.log", "parent_output_snapshot_sha256": "bc4c93ea755ee86d81319645b2753e923c147bae97ba8d25c8079763286594f9", "pid": 7228, "snapshot_qualification": "Not a settled-log hash; owned descendants may still write", "state": "PARENT_EXIT_OBSERVED", "tid": 4768}, {"argv": ["C:\\Program Files\\CMake\\bin\\ctest.exe", "--test-dir", "D:\\a\\_temp\\passvault-windows-cohort-05-34439762763-1-be5f25d196d98cb0dc091b0228e3e4e7\\build", "-C", "Release", "--parallel", "1", "--timeout", "30", "--no-tests=error", "--output-on-failure", "--output-junit", "D:\\a\\_temp\\passvault-windows-cohort-05-34439762763-1-be5f25d196d98cb0dc091b0228e3e4e7\\logs\\case-22.xml", "-R", "^passvault_biometric_windows_historical_rename_failure$"], "exit_code": 0, "job_active_after_parent": 1, "log": "30-case-22.log", "parent_output_snapshot_sha256": "654a4618ce5b21825aad58a65fafdea48facefa43b5c715759a3b0cac6116289", "pid": 4784, "snapshot_qualification": "Not a settled-log hash; owned descendants may still write", "state": "PARENT_EXIT_OBSERVED", "tid": 1216}, {"argv": ["C:\\Program Files\\CMake\\bin\\ctest.exe", "--test-dir", "D:\\a\\_temp\\passvault-windows-cohort-05-34439762763-1-be5f25d196d98cb0dc091b0228e3e4e7\\build", "-C", "Release", "--parallel", "1", "--timeout", "30", "--no-tests=error", "--output-on-failure", "--output-junit", "D:\\a\\_temp\\passvault-windows-cohort-05-34439762763-1-be5f25d196d98cb0dc091b0228e3e4e7\\logs\\case-23.xml", "-R", "^passvault_biometric_windows_prk_unarmed$"], "exit_code": 0, "job_active_after_parent": 1, "log": "31-case-23.log", "parent_output_snapshot_sha256": "91998e321b27acb4a83144d6d004ad8ef3f1d3003e891c3168a5ab4777e29204", "pid": 1756, "snapshot_qualification": "Not a settled-log hash; owned descendants may still write", "state": "PARENT_EXIT_OBSERVED", "tid": 3088}, {"argv": ["C:\\Program Files\\CMake\\bin\\ctest.exe", "--test-dir", "D:\\a\\_temp\\passvault-windows-cohort-05-34439762763-1-be5f25d196d98cb0dc091b0228e3e4e7\\build", "-C", "Release", "--parallel", "1", "--timeout", "30", "--no-tests=error", "--output-on-failure", "--output-junit", "D:\\a\\_temp\\passvault-windows-cohort-05-34439762763-1-be5f25d196d98cb0dc091b0228e3e4e7\\logs\\case-24.xml", "-R", "^passvault_biometric_windows_prk_allocation_cut$"], "exit_code": 0, "job_active_after_parent": 1, "log": "32-case-24.log", "parent_output_snapshot_sha256": "055729d3de47edf5d828388385a937e48e5c39aadc7f34f0c9f5d80a77c7967a", "pid": 2496, "snapshot_qualification": "Not a settled-log hash; owned descendants may still write", "state": "PARENT_EXIT_OBSERVED", "tid": 5144}], "entry_refusals": [{"disposition": "HOLD; no target read/follow/delete", "identity": [1852874138, 65536, 3311, 9238], "links": 1, "original_handle_closed": true, "owned_relative": "home\\AppData\\Local\\Microsoft\\Windows\\INetCache\\Content.IE5", "owned_relative_characters": 58, "owned_relative_sha256": "4cd955957d9592cde4e8cf2478a3ceb9da8fb16a9dc071a819d59a71ebe63ec3", "reparse": true, "target_read": false}], "failures": ["Cleanup EntryRefusal: No-follow entry ownership/reparse/link refusal"], "generated_file_observations": [{"after": {"created": [31277282, 1074879328], "identity": [1852874138, 196608, 3354, 32], "links": 1, "size": 16842, "written": [31277282, 1074879328]}, "before": {"created": [31277282, 1074879328], "identity": [1852874138, 196608, 3354, 32], "links": 1, "size": 16842, "written": [31277282, 1074879328]}, "original_handle_close": "SUCCEEDED", "path": "D:\\a\\_temp\\passvault-windows-cohort-05-34439762763-1-be5f25d196d98cb0dc091b0228e3e4e7\\build\\CMakeCache.txt", "read_bytes": 16842, "read_bytes_sha256": "5578df6d0a63421530e6fed6a6bdd7e9217a6f1a003f0df05fdab84028ecf85e", "read_error": null, "read_returned": true, "read_validated": true, "settled": false, "sharing": "READ only; deny WRITE/DELETE", "stage": "read_validated"}, {"after": {"created": [31277282, 1075035595], "identity": [1852874138, 196608, 3373, 32], "links": 1, "size": 65471, "written": [31277282, 1075191844]}, "before": {"created": [31277282, 1075035595], "identity": [1852874138, 196608, 3373, 32], "links": 1, "size": 65471, "written": [31277282, 1075191844]}, "original_handle_close": "SUCCEEDED", "path": "D:\\a\\_temp\\passvault-windows-cohort-05-34439762763-1-be5f25d196d98cb0dc091b0228e3e4e7\\build\\passvault_biometric.vcxproj", "read_bytes": 65471, "read_bytes_sha256": "036275691288f521d32241210f5919004a354dde12d8342e12ed578d09d223a9", "read_error": null, "read_returned": true, "read_validated": true, "settled": false, "sharing": "READ only; deny WRITE/DELETE", "stage": "read_validated"}, {"after": {"created": [31277282, 1075191844], "identity": [1852874138, 393216, 3377, 32], "links": 1, "size": 65465, "written": [31277282, 1075191844]}, "before": {"created": [31277282, 1075191844], "identity": [1852874138, 393216, 3377, 32], "links": 1, "size": 65465, "written": [31277282, 1075191844]}, "original_handle_close": "SUCCEEDED", "path": "D:\\a\\_temp\\passvault-windows-cohort-05-34439762763-1-be5f25d196d98cb0dc091b0228e3e4e7\\build\\passvault_biometric_windows_security_test.vcxproj", "read_bytes": 65465, "read_bytes_sha256": "f22a6c6143ab052eb667a6e3167c8dfa8bdf60eedefad4ced4ccbab26264a201", "read_error": null, "read_returned": true, "read_validated": true, "settled": false, "sharing": "READ only; deny WRITE/DELETE", "stage": "read_validated"}, {"after": {"created": [31277282, 1075191844], "identity": [1852874138, 262144, 3379, 32], "links": 1, "size": 67554, "written": [31277282, 1075191844]}, "before": {"created": [31277282, 1075191844], "identity": [1852874138, 262144, 3379, 32], "links": 1, "size": 67554, "written": [31277282, 1075191844]}, "original_handle_close": "SUCCEEDED", "path": "D:\\a\\_temp\\passvault-windows-cohort-05-34439762763-1-be5f25d196d98cb0dc091b0228e3e4e7\\build\\passvault_biometric_windows_historical_writer_test.vcxproj", "read_bytes": 67554, "read_bytes_sha256": "90b68d7785b48a95597a719a29006c6f3b9c228f146fe6235f63db59129ebebb", "read_error": null, "read_returned": true, "read_validated": true, "settled": false, "sharing": "READ only; deny WRITE/DELETE", "stage": "read_validated"}, {"after": {"created": [31277282, 1075191844], "identity": [1852874138, 196608, 3381, 32], "links": 1, "size": 65903, "written": [31277282, 1075191844]}, "before": {"created": [31277282, 1075191844], "identity": [1852874138, 196608, 3381, 32], "links": 1, "size": 65903, "written": [31277282, 1075191844]}, "original_handle_close": "SUCCEEDED", "path": "D:\\a\\_temp\\passvault-windows-cohort-05-34439762763-1-be5f25d196d98cb0dc091b0228e3e4e7\\build\\passvault_biometric_windows_prk_allocation_test.vcxproj", "read_bytes": 65903, "read_bytes_sha256": "488fd528119387e93161b2d726fe1e448a27a7b51ebc77075a6712aa668191bd", "read_error": null, "read_returned": true, "read_validated": true, "settled": false, "sharing": "READ only; deny WRITE/DELETE", "stage": "read_validated"}, {"after": {"created": [31277282, 1075035595], "identity": [1852874138, 196608, 3373, 32], "links": 1, "size": 65471, "written": [31277282, 1075191844]}, "before": {"created": [31277282, 1075035595], "identity": [1852874138, 196608, 3373, 32], "links": 1, "size": 65471, "written": [31277282, 1075191844]}, "original_handle_close": "SUCCEEDED", "path": "D:\\a\\_temp\\passvault-windows-cohort-05-34439762763-1-be5f25d196d98cb0dc091b0228e3e4e7\\build\\passvault_biometric.vcxproj", "read_bytes": 65471, "read_bytes_sha256": "036275691288f521d32241210f5919004a354dde12d8342e12ed578d09d223a9", "read_error": null, "read_returned": true, "read_validated": true, "settled": true, "sharing": "READ only; deny WRITE/DELETE", "stage": "read_validated"}, {"after": {"created": [31277282, 1075191844], "identity": [1852874138, 393216, 3377, 32], "links": 1, "size": 65465, "written": [31277282, 1075191844]}, "before": {"created": [31277282, 1075191844], "identity": [1852874138, 393216, 3377, 32], "links": 1, "size": 65465, "written": [31277282, 1075191844]}, "original_handle_close": "SUCCEEDED", "path": "D:\\a\\_temp\\passvault-windows-cohort-05-34439762763-1-be5f25d196d98cb0dc091b0228e3e4e7\\build\\passvault_biometric_windows_security_test.vcxproj", "read_bytes": 65465, "read_bytes_sha256": "f22a6c6143ab052eb667a6e3167c8dfa8bdf60eedefad4ced4ccbab26264a201", "read_error": null, "read_returned": true, "read_validated": true, "settled": true, "sharing": "READ only; deny WRITE/DELETE", "stage": "read_validated"}, {"after": {"created": [31277282, 1075191844], "identity": [1852874138, 262144, 3379, 32], "links": 1, "size": 67554, "written": [31277282, 1075191844]}, "before": {"created": [31277282, 1075191844], "identity": [1852874138, 262144, 3379, 32], "links": 1, "size": 67554, "written": [31277282, 1075191844]}, "original_handle_close": "SUCCEEDED", "path": "D:\\a\\_temp\\passvault-windows-cohort-05-34439762763-1-be5f25d196d98cb0dc091b0228e3e4e7\\build\\passvault_biometric_windows_historical_writer_test.vcxproj", "read_bytes": 67554, "read_bytes_sha256": "90b68d7785b48a95597a719a29006c6f3b9c228f146fe6235f63db59129ebebb", "read_error": null, "read_returned": true, "read_validated": true, "settled": true, "sharing": "READ only; deny WRITE/DELETE", "stage": "read_validated"}, {"after": {"created": [31277282, 1075191844], "identity": [1852874138, 196608, 3381, 32], "links": 1, "size": 65903, "written": [31277282, 1075191844]}, "before": {"created": [31277282, 1075191844], "identity": [1852874138, 196608, 3381, 32], "links": 1, "size": 65903, "written": [31277282, 1075191844]}, "original_handle_close": "SUCCEEDED", "path": "D:\\a\\_temp\\passvault-windows-cohort-05-34439762763-1-be5f25d196d98cb0dc091b0228e3e4e7\\build\\passvault_biometric_windows_prk_allocation_test.vcxproj", "read_bytes": 65903, "read_bytes_sha256": "488fd528119387e93161b2d726fe1e448a27a7b51ebc77075a6712aa668191bd", "read_error": null, "read_returned": true, "read_validated": true, "settled": true, "sharing": "READ only; deny WRITE/DELETE", "stage": "read_validated"}], "gradle_stop": "NOT_APPLICABLE: no Gradle invocation", "hello_hardware": "BLOCKED: not exercised", "job_settlement": {"errors": [], "observed_zero": true, "termination_attempted": true}, "operational_status": "FAILED_OR_INCOMPLETE", "original_handle_close_failures": [], "request_commit": "b825df973ac3e3392dd99b251b8bb7fd48fecce6", "request_tree": "92304c125be2e19a1badfb7540c39d4b7c82b6ab", "sdk_header_observation": {"after": {"created": [31231828, 3245702912], "identity": [16655526, 65536, 490651, 32], "links": 1, "size": 76998, "written": [31231828, 3245702912]}, "before": {"created": [31231828, 3245702912], "identity": [16655526, 65536, 490651, 32], "links": 1, "size": 76998, "written": [31231828, 3245702912]}, "original_handle_close": "SUCCEEDED", "path": "C:\\Program Files (x86)\\Windows Kits\\10\\Include\\10.0.26100.0\\um\\webauthn.h", "read_bytes": 76998, "read_bytes_sha256": "fb575592ce15d8f672386aab5e6b3d3aac101f4ec11a8c52c8085cd6d59a9665", "read_error": null, "read_returned": true, "read_validated": true, "sharing": "READ only; deny WRITE/DELETE", "stage": "read_validated"}, "source_commit": "0d06721b7f8bdc17513a6ab51ffbc5523e68b230", "source_qualification": "Current14 plus8 exact instrumented historical writer controls and2 real-CNG PRK allocation cases; not a shipped historical binary, fixed KDF vector, caller PRF/wrapping-array cuts, provider-object lifetime or Hello hardware proof", "source_tree": "dd04904c1deb691bd6aeed756dd6ceab8ea97837", "suite": "windows-native-24-cohort-v5"}
docs/audit-continuation/2026-09-08-linux/runs/windows-cohort05/WORKFLOW.log:368: trailing whitespace.
+2026-09-10T05:07:56.9500252Z ##[error]Process completed with exit code 1.
docs/audit-continuation/2026-09-08-linux/runs/windows-cohort05/WORKFLOW.log:371: trailing whitespace.
+﻿2026-09-10T05:07:56.9732746Z ##[group]Run actions/upload-artifact@043fb46d1a93c77aae656e7c1c64a875d1fc6a0a
docs/audit-continuation/2026-09-08-linux/runs/windows-cohort05/WORKFLOW.log:372: trailing whitespace.
+2026-09-10T05:07:56.9733169Z with:
docs/audit-continuation/2026-09-08-linux/runs/windows-cohort05/WORKFLOW.log:373: trailing whitespace.
+2026-09-10T05:07:56.9733358Z   name: audit-windows-cohort-05-34439762763-1
docs/audit-continuation/2026-09-08-linux/runs/windows-cohort05/WORKFLOW.log:378: trailing whitespace.
+
docs/audit-continuation/2026-09-08-linux/runs/windows-cohort05/WORKFLOW.log:379: trailing whitespace.
+2026-09-10T05:07:56.9735167Z   retention-days: 3
docs/audit-continuation/2026-09-08-linux/runs/windows-cohort05/WORKFLOW.log:380: trailing whitespace.
+2026-09-10T05:07:56.9735328Z   compression-level: 9
docs/audit-continuation/2026-09-08-linux/runs/windows-cohort05/WORKFLOW.log:381: trailing whitespace.
+2026-09-10T05:07:56.9735488Z   if-no-files-found: error
docs/audit-continuation/2026-09-08-linux/runs/windows-cohort05/WORKFLOW.log:382: trailing whitespace.
+2026-09-10T05:07:56.9735654Z   overwrite: false
docs/audit-continuation/2026-09-08-linux/runs/windows-cohort05/WORKFLOW.log:383: trailing whitespace.
+2026-09-10T05:07:56.9735818Z   include-hidden-files: false
docs/audit-continuation/2026-09-08-linux/runs/windows-cohort05/WORKFLOW.log:384: trailing whitespace.
+2026-09-10T05:07:56.9735993Z   archive: true
docs/audit-continuation/2026-09-08-linux/runs/windows-cohort05/WORKFLOW.log:385: trailing whitespace.
+2026-09-10T05:07:56.9736136Z ##[endgroup]
docs/audit-continuation/2026-09-08-linux/runs/windows-cohort05/WORKFLOW.log:386: trailing whitespace.
+2026-09-10T05:07:57.1221206Z With the provided path, there will be 99 files uploaded
docs/audit-continuation/2026-09-08-linux/runs/windows-cohort05/WORKFLOW.log:387: trailing whitespace.
+2026-09-10T05:07:57.1225126Z Artifact name is valid!
docs/audit-continuation/2026-09-08-linux/runs/windows-cohort05/WORKFLOW.log:388: trailing whitespace.
+2026-09-10T05:07:57.1226271Z Root directory input is valid!
docs/audit-continuation/2026-09-08-linux/runs/windows-cohort05/WORKFLOW.log:389: trailing whitespace.
+2026-09-10T05:07:57.4628294Z Uploading artifact: audit-windows-cohort-05-34439762763-1.zip
docs/audit-continuation/2026-09-08-linux/runs/windows-cohort05/WORKFLOW.log:390: trailing whitespace.
+2026-09-10T05:07:57.4661913Z Beginning upload of artifact content to blob storage
docs/audit-continuation/2026-09-08-linux/runs/windows-cohort05/WORKFLOW.log:391: trailing whitespace.
+2026-09-10T05:07:58.1465782Z Uploaded bytes 56504
docs/audit-continuation/2026-09-08-linux/runs/windows-cohort05/WORKFLOW.log:392: trailing whitespace.
+2026-09-10T05:07:58.2093074Z Finished uploading artifact content to blob storage!
docs/audit-continuation/2026-09-08-linux/runs/windows-cohort05/WORKFLOW.log:393: trailing whitespace.
+2026-09-10T05:07:58.2093773Z SHA256 digest of uploaded artifact is 8812b48bd98c69b84df9cf61a76ce33c5c204f295f95917d6d25884e792fceb1
docs/audit-continuation/2026-09-08-linux/runs/windows-cohort05/WORKFLOW.log:394: trailing whitespace.
+2026-09-10T05:07:58.2094327Z Finalizing artifact upload
docs/audit-continuation/2026-09-08-linux/runs/windows-cohort05/WORKFLOW.log:395: trailing whitespace.
+2026-09-10T05:07:58.5975192Z Artifact audit-windows-cohort-05-34439762763-1 successfully finalized. Artifact ID 10137513416
docs/audit-continuation/2026-09-08-linux/runs/windows-cohort05/WORKFLOW.log:396: trailing whitespace.
+2026-09-10T05:07:58.5976313Z Artifact audit-windows-cohort-05-34439762763-1 has been successfully uploaded! Final size is 56504 bytes. Artifact ID is 10137513416
docs/audit-continuation/2026-09-08-linux/runs/windows-cohort05/WORKFLOW.log:397: trailing whitespace.
+2026-09-10T05:07:58.5981444Z Artifact download URL: https://github.com/Apdelrahman1911/passvault/actions/runs/34439762763/artifacts/10137513416
docs/audit-continuation/2026-09-08-linux/runs/windows-cohort05/WORKFLOW.log:400: trailing whitespace.
+﻿2026-09-10T05:07:58.6241032Z Post job cleanup.
docs/audit-continuation/2026-09-08-linux/runs/windows-cohort05/WORKFLOW.log:401: trailing whitespace.
+2026-09-10T05:07:58.7492328Z [command]"C:\Program Files\Git\bin\git.exe" version
docs/audit-continuation/2026-09-08-linux/runs/windows-cohort05/WORKFLOW.log:402: trailing whitespace.
+2026-09-10T05:07:58.7656701Z git version 2.55.0.windows.5
docs/audit-continuation/2026-09-08-linux/runs/windows-cohort05/WORKFLOW.log:403: trailing whitespace.
+2026-09-10T05:07:58.7695935Z Temporarily overriding HOME='D:\a\_temp\d5570178-e088-4152-a807-222c65aa4c5d' before making global git config changes
docs/audit-continuation/2026-09-08-linux/runs/windows-cohort05/WORKFLOW.log:404: trailing whitespace.
+2026-09-10T05:07:58.7696558Z Adding repository directory to the temporary git global config as a safe directory
docs/audit-continuation/2026-09-08-linux/runs/windows-cohort05/WORKFLOW.log:405: trailing whitespace.
+2026-09-10T05:07:58.7704039Z [command]"C:\Program Files\Git\bin\git.exe" config --global --add safe.directory D:\a\passvault\passvault
docs/audit-continuation/2026-09-08-linux/runs/windows-cohort05/WORKFLOW.log:406: trailing whitespace.
+2026-09-10T05:07:58.7876447Z Removing SSH command configuration
docs/audit-continuation/2026-09-08-linux/runs/windows-cohort05/WORKFLOW.log:407: trailing whitespace.
+2026-09-10T05:07:58.7884963Z [command]"C:\Program Files\Git\bin\git.exe" config --local --name-only --get-regexp core\.sshCommand
docs/audit-continuation/2026-09-08-linux/runs/windows-cohort05/WORKFLOW.log:408: trailing whitespace.
+2026-09-10T05:07:58.8064543Z [command]"C:\Program Files\Git\bin\git.exe" submodule foreach --recursive "sh -c \"git config --local --name-only --get-regexp 'core\.sshCommand' && git config --local --unset-all 'core.sshCommand' || :\""
docs/audit-continuation/2026-09-08-linux/runs/windows-cohort05/WORKFLOW.log:409: trailing whitespace.
+2026-09-10T05:07:59.1755036Z Removing HTTP extra header
docs/audit-continuation/2026-09-08-linux/runs/windows-cohort05/WORKFLOW.log:410: trailing whitespace.
+2026-09-10T05:07:59.1763504Z [command]"C:\Program Files\Git\bin\git.exe" config --local --name-only --get-regexp http\.https\:\/\/github\.com\/\.extraheader
docs/audit-continuation/2026-09-08-linux/runs/windows-cohort05/WORKFLOW.log:411: trailing whitespace.
+2026-09-10T05:07:59.1951677Z [command]"C:\Program Files\Git\bin\git.exe" submodule foreach --recursive "sh -c \"git config --local --name-only --get-regexp 'http\.https\:\/\/github\.com\/\.extraheader' && git config --local --unset-all 'http.https://github.com/.extraheader' || :\""
docs/audit-continuation/2026-09-08-linux/runs/windows-cohort05/WORKFLOW.log:412: trailing whitespace.
+2026-09-10T05:07:59.6889167Z Removing includeIf entries pointing to credentials config files
docs/audit-continuation/2026-09-08-linux/runs/windows-cohort05/WORKFLOW.log:413: trailing whitespace.
+2026-09-10T05:07:59.6898593Z [command]"C:\Program Files\Git\bin\git.exe" config --local --name-only --get-regexp ^includeIf\.gitdir:
docs/audit-continuation/2026-09-08-linux/runs/windows-cohort05/WORKFLOW.log:414: trailing whitespace.
+2026-09-10T05:07:59.7074420Z [command]"C:\Program Files\Git\bin\git.exe" submodule foreach --recursive "git config --local --show-origin --name-only --get-regexp remote.origin.url"
docs/audit-continuation/2026-09-08-linux/runs/windows-cohort05/WORKFLOW.log:417: trailing whitespace.
+﻿2026-09-10T05:08:00.0717519Z Cleaning up orphan processes
docs/audit-continuation/2026-09-08-linux/runs/windows-cohort05/WORKFLOW.log:418: new blank line at EOF.
docs/audit-continuation/2026-09-08-linux/runs/windows-cohort05/case-01.xml:1: trailing whitespace.
+<?xml version="1.0" encoding="UTF-8"?>
docs/audit-continuation/2026-09-08-linux/runs/windows-cohort05/case-01.xml:2: trailing whitespace.
+<testsuite name="Win32-MSBuild"
docs/audit-continuation/2026-09-08-linux/runs/windows-cohort05/case-01.xml:3: trailing whitespace.
+	tests="1"
docs/audit-continuation/2026-09-08-linux/runs/windows-cohort05/case-01.xml:4: trailing whitespace.
+	failures="0"
docs/audit-continuation/2026-09-08-linux/runs/windows-cohort05/case-01.xml:5: trailing whitespace.
+	disabled="0"
docs/audit-continuation/2026-09-08-linux/runs/windows-cohort05/case-01.xml:6: trailing whitespace.
+	skipped="0"
docs/audit-continuation/2026-09-08-linux/runs/windows-cohort05/case-01.xml:7: trailing whitespace.
+	hostname="runnervmy4vqd"
docs/audit-continuation/2026-09-08-linux/runs/windows-cohort05/case-01.xml:8: trailing whitespace.
+	time="0"
docs/audit-continuation/2026-09-08-linux/runs/windows-cohort05/case-01.xml:9: trailing whitespace.
+	timestamp="2026-09-10T05:07:45"
docs/audit-continuation/2026-09-08-linux/runs/windows-cohort05/case-01.xml:10: trailing whitespace.
+	>
docs/audit-continuation/2026-09-08-linux/runs/windows-cohort05/case-01.xml:11: trailing whitespace.
+	<testcase name="passvault_biometric_windows_file_success" classname="passvault_biometric_windows_file_success" time="0.0806886" status="run">
docs/audit-continuation/2026-09-08-linux/runs/windows-cohort05/case-01.xml:12: trailing whitespace.
+		<properties/>
docs/audit-continuation/2026-09-08-linux/runs/windows-cohort05/case-01.xml:13: trailing whitespace.
+		<system-out></system-out>
docs/audit-continuation/2026-09-08-linux/runs/windows-cohort05/case-01.xml:14: trailing whitespace.
+	</testcase>
docs/audit-continuation/2026-09-08-linux/runs/windows-cohort05/case-01.xml:15: trailing whitespace.
+</testsuite>
docs/audit-continuation/2026-09-08-linux/runs/windows-cohort05/case-02.xml:1: trailing whitespace.
+<?xml version="1.0" encoding="UTF-8"?>
docs/audit-continuation/2026-09-08-linux/runs/windows-cohort05/case-02.xml:2: trailing whitespace.
+<testsuite name="Win32-MSBuild"
docs/audit-continuation/2026-09-08-linux/runs/windows-cohort05/case-02.xml:3: trailing whitespace.
+	tests="1"
docs/audit-continuation/2026-09-08-linux/runs/windows-cohort05/case-02.xml:4: trailing whitespace.
+	failures="0"
docs/audit-continuation/2026-09-08-linux/runs/windows-cohort05/case-02.xml:5: trailing whitespace.
+	disabled="0"
docs/audit-continuation/2026-09-08-linux/runs/windows-cohort05/case-02.xml:6: trailing whitespace.
+	skipped="0"
docs/audit-continuation/2026-09-08-linux/runs/windows-cohort05/case-02.xml:7: trailing whitespace.
+	hostname="runnervmy4vqd"
docs/audit-continuation/2026-09-08-linux/runs/windows-cohort05/case-02.xml:8: trailing whitespace.
+	time="0"
docs/audit-continuation/2026-09-08-linux/runs/windows-cohort05/case-02.xml:9: trailing whitespace.
+	timestamp="2026-09-10T05:07:45"
docs/audit-continuation/2026-09-08-linux/runs/windows-cohort05/case-02.xml:10: trailing whitespace.
+	>
docs/audit-continuation/2026-09-08-linux/runs/windows-cohort05/case-02.xml:11: trailing whitespace.
+	<testcase name="passvault_biometric_windows_file_validation_failure" classname="passvault_biometric_windows_file_validation_failure" time="0.0080493" status="run">
docs/audit-continuation/2026-09-08-linux/runs/windows-cohort05/case-02.xml:12: trailing whitespace.
+		<properties/>
docs/audit-continuation/2026-09-08-linux/runs/windows-cohort05/case-02.xml:13: trailing whitespace.
+		<system-out></system-out>
docs/audit-continuation/2026-09-08-linux/runs/windows-cohort05/case-02.xml:14: trailing whitespace.
+	</testcase>
docs/audit-continuation/2026-09-08-linux/runs/windows-cohort05/case-02.xml:15: trailing whitespace.
+</testsuite>
docs/audit-continuation/2026-09-08-linux/runs/windows-cohort05/case-03.xml:1: trailing whitespace.
+<?xml version="1.0" encoding="UTF-8"?>
docs/audit-continuation/2026-09-08-linux/runs/windows-cohort05/case-03.xml:2: trailing whitespace.
+<testsuite name="Win32-MSBuild"
docs/audit-continuation/2026-09-08-linux/runs/windows-cohort05/case-03.xml:3: trailing whitespace.
+	tests="1"
docs/audit-continuation/2026-09-08-linux/runs/windows-cohort05/case-03.xml:4: trailing whitespace.
+	failures="0"
docs/audit-continuation/2026-09-08-linux/runs/windows-cohort05/case-03.xml:5: trailing whitespace.
+	disabled="0"
docs/audit-continuation/2026-09-08-linux/runs/windows-cohort05/case-03.xml:6: trailing whitespace.
+	skipped="0"
docs/audit-continuation/2026-09-08-linux/runs/windows-cohort05/case-03.xml:7: trailing whitespace.
+	hostname="runnervmy4vqd"
docs/audit-continuation/2026-09-08-linux/runs/windows-cohort05/case-03.xml:8: trailing whitespace.
+	time="0"
docs/audit-continuation/2026-09-08-linux/runs/windows-cohort05/case-03.xml:9: trailing whitespace.
+	timestamp="2026-09-10T05:07:45"
docs/audit-continuation/2026-09-08-linux/runs/windows-cohort05/case-03.xml:10: trailing whitespace.
+	>
docs/audit-continuation/2026-09-08-linux/runs/windows-cohort05/case-03.xml:11: trailing whitespace.
+	<testcase name="passvault_biometric_windows_file_dacl_failure" classname="passvault_biometric_windows_file_dacl_failure" time="0.0077998" status="run">
docs/audit-continuation/2026-09-08-linux/runs/windows-cohort05/case-03.xml:12: trailing whitespace.
+		<properties/>
docs/audit-continuation/2026-09-08-linux/runs/windows-cohort05/case-03.xml:13: trailing whitespace.
+		<system-out></system-out>
docs/audit-continuation/2026-09-08-linux/runs/windows-cohort05/case-03.xml:14: trailing whitespace.
+	</testcase>
docs/audit-continuation/2026-09-08-linux/runs/windows-cohort05/case-03.xml:15: trailing whitespace.
+</testsuite>
docs/audit-continuation/2026-09-08-linux/runs/windows-cohort05/case-04.xml:1: trailing whitespace.
+<?xml version="1.0" encoding="UTF-8"?>
docs/audit-continuation/2026-09-08-linux/runs/windows-cohort05/case-04.xml:2: trailing whitespace.
+<testsuite name="Win32-MSBuild"
docs/audit-continuation/2026-09-08-linux/runs/windows-cohort05/case-04.xml:3: trailing whitespace.
+	tests="1"
docs/audit-continuation/2026-09-08-linux/runs/windows-cohort05/case-04.xml:4: trailing whitespace.
+	failures="0"
docs/audit-continuation/2026-09-08-linux/runs/windows-cohort05/case-04.xml:5: trailing whitespace.
+	disabled="0"
docs/audit-continuation/2026-09-08-linux/runs/windows-cohort05/case-04.xml:6: trailing whitespace.
+	skipped="0"
docs/audit-continuation/2026-09-08-linux/runs/windows-cohort05/case-04.xml:7: trailing whitespace.
+	hostname="runnervmy4vqd"
docs/audit-continuation/2026-09-08-linux/runs/windows-cohort05/case-04.xml:8: trailing whitespace.
+	time="0"
docs/audit-continuation/2026-09-08-linux/runs/windows-cohort05/case-04.xml:9: trailing whitespace.
+	timestamp="2026-09-10T05:07:45"
docs/audit-continuation/2026-09-08-linux/runs/windows-cohort05/case-04.xml:10: trailing whitespace.
+	>
docs/audit-continuation/2026-09-08-linux/runs/windows-cohort05/case-04.xml:11: trailing whitespace.
+	<testcase name="passvault_biometric_windows_file_collision" classname="passvault_biometric_windows_file_collision" time="0.0082405" status="run">
docs/audit-continuation/2026-09-08-linux/runs/windows-cohort05/case-04.xml:12: trailing whitespace.
+		<properties/>
docs/audit-continuation/2026-09-08-linux/runs/windows-cohort05/case-04.xml:13: trailing whitespace.
+		<system-out></system-out>
docs/audit-continuation/2026-09-08-linux/runs/windows-cohort05/case-04.xml:14: trailing whitespace.
+	</testcase>
docs/audit-continuation/2026-09-08-linux/runs/windows-cohort05/case-04.xml:15: trailing whitespace.
+</testsuite>
docs/audit-continuation/2026-09-08-linux/runs/windows-cohort05/case-05.xml:1: trailing whitespace.
+<?xml version="1.0" encoding="UTF-8"?>
docs/audit-continuation/2026-09-08-linux/runs/windows-cohort05/case-05.xml:2: trailing whitespace.
+<testsuite name="Win32-MSBuild"
docs/audit-continuation/2026-09-08-linux/runs/windows-cohort05/case-05.xml:3: trailing whitespace.
+	tests="1"
docs/audit-continuation/2026-09-08-linux/runs/windows-cohort05/case-05.xml:4: trailing whitespace.
+	failures="0"
docs/audit-continuation/2026-09-08-linux/runs/windows-cohort05/case-05.xml:5: trailing whitespace.
+	disabled="0"
docs/audit-continuation/2026-09-08-linux/runs/windows-cohort05/case-05.xml:6: trailing whitespace.
+	skipped="0"
docs/audit-continuation/2026-09-08-linux/runs/windows-cohort05/case-05.xml:7: trailing whitespace.
+	hostname="runnervmy4vqd"
docs/audit-continuation/2026-09-08-linux/runs/windows-cohort05/case-05.xml:8: trailing whitespace.
+	time="0"
docs/audit-continuation/2026-09-08-linux/runs/windows-cohort05/case-05.xml:9: trailing whitespace.
+	timestamp="2026-09-10T05:07:45"
docs/audit-continuation/2026-09-08-linux/runs/windows-cohort05/case-05.xml:10: trailing whitespace.
+	>
docs/audit-continuation/2026-09-08-linux/runs/windows-cohort05/case-05.xml:11: trailing whitespace.
+	<testcase name="passvault_biometric_windows_file_empty_payload" classname="passvault_biometric_windows_file_empty_payload" time="0.0080722" status="run">
docs/audit-continuation/2026-09-08-linux/runs/windows-cohort05/case-05.xml:12: trailing whitespace.
+		<properties/>
docs/audit-continuation/2026-09-08-linux/runs/windows-cohort05/case-05.xml:13: trailing whitespace.
+		<system-out></system-out>
docs/audit-continuation/2026-09-08-linux/runs/windows-cohort05/case-05.xml:14: trailing whitespace.
+	</testcase>
docs/audit-continuation/2026-09-08-linux/runs/windows-cohort05/case-05.xml:15: trailing whitespace.
+</testsuite>
docs/audit-continuation/2026-09-08-linux/runs/windows-cohort05/case-06.xml:1: trailing whitespace.
+<?xml version="1.0" encoding="UTF-8"?>
docs/audit-continuation/2026-09-08-linux/runs/windows-cohort05/case-06.xml:2: trailing whitespace.
+<testsuite name="Win32-MSBuild"
docs/audit-continuation/2026-09-08-linux/runs/windows-cohort05/case-06.xml:3: trailing whitespace.
+	tests="1"
docs/audit-continuation/2026-09-08-linux/runs/windows-cohort05/case-06.xml:4: trailing whitespace.
+	failures="0"
docs/audit-continuation/2026-09-08-linux/runs/windows-cohort05/case-06.xml:5: trailing whitespace.
+	disabled="0"
docs/audit-continuation/2026-09-08-linux/runs/windows-cohort05/case-06.xml:6: trailing whitespace.
+	skipped="0"
docs/audit-continuation/2026-09-08-linux/runs/windows-cohort05/case-06.xml:7: trailing whitespace.
+	hostname="runnervmy4vqd"
docs/audit-continuation/2026-09-08-linux/runs/windows-cohort05/case-06.xml:8: trailing whitespace.
+	time="0"
docs/audit-continuation/2026-09-08-linux/runs/windows-cohort05/case-06.xml:9: trailing whitespace.
+	timestamp="2026-09-10T05:07:46"
docs/audit-continuation/2026-09-08-linux/runs/windows-cohort05/case-06.xml:10: trailing whitespace.
+	>
docs/audit-continuation/2026-09-08-linux/runs/windows-cohort05/case-06.xml:11: trailing whitespace.
+	<testcase name="passvault_biometric_windows_file_oversized_payload" classname="passvault_biometric_windows_file_oversized_payload" time="0.0075532" status="run">
docs/audit-continuation/2026-09-08-linux/runs/windows-cohort05/case-06.xml:12: trailing whitespace.
+		<properties/>
docs/audit-continuation/2026-09-08-linux/runs/windows-cohort05/case-06.xml:13: trailing whitespace.
+		<system-out></system-out>
docs/audit-continuation/2026-09-08-linux/runs/windows-cohort05/case-06.xml:14: trailing whitespace.
+	</testcase>
docs/audit-continuation/2026-09-08-linux/runs/windows-cohort05/case-06.xml:15: trailing whitespace.
+</testsuite>
docs/audit-continuation/2026-09-08-linux/runs/windows-cohort05/case-07.xml:1: trailing whitespace.
+<?xml version="1.0" encoding="UTF-8"?>
docs/audit-continuation/2026-09-08-linux/runs/windows-cohort05/case-07.xml:2: trailing whitespace.
+<testsuite name="Win32-MSBuild"
docs/audit-continuation/2026-09-08-linux/runs/windows-cohort05/case-07.xml:3: trailing whitespace.
+	tests="1"
docs/audit-continuation/2026-09-08-linux/runs/windows-cohort05/case-07.xml:4: trailing whitespace.
+	failures="0"
docs/audit-continuation/2026-09-08-linux/runs/windows-cohort05/case-07.xml:5: trailing whitespace.
+	disabled="0"
docs/audit-continuation/2026-09-08-linux/runs/windows-cohort05/case-07.xml:6: trailing whitespace.
+	skipped="0"
docs/audit-continuation/2026-09-08-linux/runs/windows-cohort05/case-07.xml:7: trailing whitespace.
+	hostname="runnervmy4vqd"
docs/audit-continuation/2026-09-08-linux/runs/windows-cohort05/case-07.xml:8: trailing whitespace.
+	time="0"
docs/audit-continuation/2026-09-08-linux/runs/windows-cohort05/case-07.xml:9: trailing whitespace.
+	timestamp="2026-09-10T05:07:46"
docs/audit-continuation/2026-09-08-linux/runs/windows-cohort05/case-07.xml:10: trailing whitespace.
+	>
docs/audit-continuation/2026-09-08-linux/runs/windows-cohort05/case-07.xml:11: trailing whitespace.
+	<testcase name="passvault_biometric_windows_file_empty_suffix" classname="passvault_biometric_windows_file_empty_suffix" time="0.0078062" status="run">
docs/audit-continuation/2026-09-08-linux/runs/windows-cohort05/case-07.xml:12: trailing whitespace.
+		<properties/>
docs/audit-continuation/2026-09-08-linux/runs/windows-cohort05/case-07.xml:13: trailing whitespace.
+		<system-out></system-out>
docs/audit-continuation/2026-09-08-linux/runs/windows-cohort05/case-07.xml:14: trailing whitespace.
+	</testcase>
docs/audit-continuation/2026-09-08-linux/runs/windows-cohort05/case-07.xml:15: trailing whitespace.
+</testsuite>
docs/audit-continuation/2026-09-08-linux/runs/windows-cohort05/case-08.xml:1: trailing whitespace.
+<?xml version="1.0" encoding="UTF-8"?>
docs/audit-continuation/2026-09-08-linux/runs/windows-cohort05/case-08.xml:2: trailing whitespace.
+<testsuite name="Win32-MSBuild"
docs/audit-continuation/2026-09-08-linux/runs/windows-cohort05/case-08.xml:3: trailing whitespace.
+	tests="1"
docs/audit-continuation/2026-09-08-linux/runs/windows-cohort05/case-08.xml:4: trailing whitespace.
+	failures="0"
docs/audit-continuation/2026-09-08-linux/runs/windows-cohort05/case-08.xml:5: trailing whitespace.
+	disabled="0"
docs/audit-continuation/2026-09-08-linux/runs/windows-cohort05/case-08.xml:6: trailing whitespace.
+	skipped="0"
docs/audit-continuation/2026-09-08-linux/runs/windows-cohort05/case-08.xml:7: trailing whitespace.
+	hostname="runnervmy4vqd"
docs/audit-continuation/2026-09-08-linux/runs/windows-cohort05/case-08.xml:8: trailing whitespace.
+	time="0"
docs/audit-continuation/2026-09-08-linux/runs/windows-cohort05/case-08.xml:9: trailing whitespace.
+	timestamp="2026-09-10T05:07:46"
docs/audit-continuation/2026-09-08-linux/runs/windows-cohort05/case-08.xml:10: trailing whitespace.
+	>
docs/audit-continuation/2026-09-08-linux/runs/windows-cohort05/case-08.xml:11: trailing whitespace.
+	<testcase name="passvault_biometric_windows_file_rename_failure" classname="passvault_biometric_windows_file_rename_failure" time="0.008862" status="run">
docs/audit-continuation/2026-09-08-linux/runs/windows-cohort05/case-08.xml:12: trailing whitespace.
+		<properties/>
docs/audit-continuation/2026-09-08-linux/runs/windows-cohort05/case-08.xml:13: trailing whitespace.
+		<system-out></system-out>
docs/audit-continuation/2026-09-08-linux/runs/windows-cohort05/case-08.xml:14: trailing whitespace.
+	</testcase>
docs/audit-continuation/2026-09-08-linux/runs/windows-cohort05/case-08.xml:15: trailing whitespace.
+</testsuite>
docs/audit-continuation/2026-09-08-linux/runs/windows-cohort05/case-09.xml:1: trailing whitespace.
+<?xml version="1.0" encoding="UTF-8"?>
docs/audit-continuation/2026-09-08-linux/runs/windows-cohort05/case-09.xml:2: trailing whitespace.
+<testsuite name="Win32-MSBuild"
docs/audit-continuation/2026-09-08-linux/runs/windows-cohort05/case-09.xml:3: trailing whitespace.
+	tests="1"
docs/audit-continuation/2026-09-08-linux/runs/windows-cohort05/case-09.xml:4: trailing whitespace.
+	failures="0"
docs/audit-continuation/2026-09-08-linux/runs/windows-cohort05/case-09.xml:5: trailing whitespace.
+	disabled="0"
docs/audit-continuation/2026-09-08-linux/runs/windows-cohort05/case-09.xml:6: trailing whitespace.
+	skipped="0"
docs/audit-continuation/2026-09-08-linux/runs/windows-cohort05/case-09.xml:7: trailing whitespace.
+	hostname="runnervmy4vqd"
docs/audit-continuation/2026-09-08-linux/runs/windows-cohort05/case-09.xml:8: trailing whitespace.
+	time="0"
docs/audit-continuation/2026-09-08-linux/runs/windows-cohort05/case-09.xml:9: trailing whitespace.
+	timestamp="2026-09-10T05:07:46"
docs/audit-continuation/2026-09-08-linux/runs/windows-cohort05/case-09.xml:10: trailing whitespace.
+	>
docs/audit-continuation/2026-09-08-linux/runs/windows-cohort05/case-09.xml:11: trailing whitespace.
+	<testcase name="passvault_biometric_windows_secret_normal_scope" classname="passvault_biometric_windows_secret_normal_scope" time="0.0061357" status="run">
docs/audit-continuation/2026-09-08-linux/runs/windows-cohort05/case-09.xml:12: trailing whitespace.
+		<properties/>
docs/audit-continuation/2026-09-08-linux/runs/windows-cohort05/case-09.xml:13: trailing whitespace.
+		<system-out></system-out>
docs/audit-continuation/2026-09-08-linux/runs/windows-cohort05/case-09.xml:14: trailing whitespace.
+	</testcase>
docs/audit-continuation/2026-09-08-linux/runs/windows-cohort05/case-09.xml:15: trailing whitespace.
+</testsuite>
docs/audit-continuation/2026-09-08-linux/runs/windows-cohort05/case-10.xml:1: trailing whitespace.
+<?xml version="1.0" encoding="UTF-8"?>
docs/audit-continuation/2026-09-08-linux/runs/windows-cohort05/case-10.xml:2: trailing whitespace.
+<testsuite name="Win32-MSBuild"
docs/audit-continuation/2026-09-08-linux/runs/windows-cohort05/case-10.xml:3: trailing whitespace.
+	tests="1"
docs/audit-continuation/2026-09-08-linux/runs/windows-cohort05/case-10.xml:4: trailing whitespace.
+	failures="0"
docs/audit-continuation/2026-09-08-linux/runs/windows-cohort05/case-10.xml:5: trailing whitespace.
+	disabled="0"
docs/audit-continuation/2026-09-08-linux/runs/windows-cohort05/case-10.xml:6: trailing whitespace.
+	skipped="0"
docs/audit-continuation/2026-09-08-linux/runs/windows-cohort05/case-10.xml:7: trailing whitespace.
+	hostname="runnervmy4vqd"
docs/audit-continuation/2026-09-08-linux/runs/windows-cohort05/case-10.xml:8: trailing whitespace.
+	time="0"
docs/audit-continuation/2026-09-08-linux/runs/windows-cohort05/case-10.xml:9: trailing whitespace.
+	timestamp="2026-09-10T05:07:46"
docs/audit-continuation/2026-09-08-linux/runs/windows-cohort05/case-10.xml:10: trailing whitespace.
+	>
docs/audit-continuation/2026-09-08-linux/runs/windows-cohort05/case-10.xml:11: trailing whitespace.
+	<testcase name="passvault_biometric_windows_secret_early_return" classname="passvault_biometric_windows_secret_early_return" time="0.0064083" status="run">
docs/audit-continuation/2026-09-08-linux/runs/windows-cohort05/case-10.xml:12: trailing whitespace.
+		<properties/>
docs/audit-continuation/2026-09-08-linux/runs/windows-cohort05/case-10.xml:13: trailing whitespace.
+		<system-out></system-out>
docs/audit-continuation/2026-09-08-linux/runs/windows-cohort05/case-10.xml:14: trailing whitespace.
+	</testcase>
docs/audit-continuation/2026-09-08-linux/runs/windows-cohort05/case-10.xml:15: trailing whitespace.
+</testsuite>
docs/audit-continuation/2026-09-08-linux/runs/windows-cohort05/case-11.xml:1: trailing whitespace.
+<?xml version="1.0" encoding="UTF-8"?>
docs/audit-continuation/2026-09-08-linux/runs/windows-cohort05/case-11.xml:2: trailing whitespace.
+<testsuite name="Win32-MSBuild"
docs/audit-continuation/2026-09-08-linux/runs/windows-cohort05/case-11.xml:3: trailing whitespace.
+	tests="1"
docs/audit-continuation/2026-09-08-linux/runs/windows-cohort05/case-11.xml:4: trailing whitespace.
+	failures="0"
docs/audit-continuation/2026-09-08-linux/runs/windows-cohort05/case-11.xml:5: trailing whitespace.
+	disabled="0"
docs/audit-continuation/2026-09-08-linux/runs/windows-cohort05/case-11.xml:6: trailing whitespace.
+	skipped="0"
docs/audit-continuation/2026-09-08-linux/runs/windows-cohort05/case-11.xml:7: trailing whitespace.
+	hostname="runnervmy4vqd"
docs/audit-continuation/2026-09-08-linux/runs/windows-cohort05/case-11.xml:8: trailing whitespace.
+	time="0"
docs/audit-continuation/2026-09-08-linux/runs/windows-cohort05/case-11.xml:9: trailing whitespace.
+	timestamp="2026-09-10T05:07:46"
docs/audit-continuation/2026-09-08-linux/runs/windows-cohort05/case-11.xml:10: trailing whitespace.
+	>
docs/audit-continuation/2026-09-08-linux/runs/windows-cohort05/case-11.xml:11: trailing whitespace.
+	<testcase name="passvault_biometric_windows_secret_allocation_exception" classname="passvault_biometric_windows_secret_allocation_exception" time="0.0064408" status="run">
docs/audit-continuation/2026-09-08-linux/runs/windows-cohort05/case-11.xml:12: trailing whitespace.
+		<properties/>
docs/audit-continuation/2026-09-08-linux/runs/windows-cohort05/case-11.xml:13: trailing whitespace.
+		<system-out></system-out>
docs/audit-continuation/2026-09-08-linux/runs/windows-cohort05/case-11.xml:14: trailing whitespace.
+	</testcase>
docs/audit-continuation/2026-09-08-linux/runs/windows-cohort05/case-11.xml:15: trailing whitespace.
+</testsuite>
docs/audit-continuation/2026-09-08-linux/runs/windows-cohort05/case-12.xml:1: trailing whitespace.
+<?xml version="1.0" encoding="UTF-8"?>
docs/audit-continuation/2026-09-08-linux/runs/windows-cohort05/case-12.xml:2: trailing whitespace.
+<testsuite name="Win32-MSBuild"
docs/audit-continuation/2026-09-08-linux/runs/windows-cohort05/case-12.xml:3: trailing whitespace.
+	tests="1"
docs/audit-continuation/2026-09-08-linux/runs/windows-cohort05/case-12.xml:4: trailing whitespace.
+	failures="0"
docs/audit-continuation/2026-09-08-linux/runs/windows-cohort05/case-12.xml:5: trailing whitespace.
+	disabled="0"
docs/audit-continuation/2026-09-08-linux/runs/windows-cohort05/case-12.xml:6: trailing whitespace.
+	skipped="0"
docs/audit-continuation/2026-09-08-linux/runs/windows-cohort05/case-12.xml:7: trailing whitespace.
+	hostname="runnervmy4vqd"
docs/audit-continuation/2026-09-08-linux/runs/windows-cohort05/case-12.xml:8: trailing whitespace.
+	time="0"
docs/audit-continuation/2026-09-08-linux/runs/windows-cohort05/case-12.xml:9: trailing whitespace.
+	timestamp="2026-09-10T05:07:46"
docs/audit-continuation/2026-09-08-linux/runs/windows-cohort05/case-12.xml:10: trailing whitespace.
+	>
docs/audit-continuation/2026-09-08-linux/runs/windows-cohort05/case-12.xml:11: trailing whitespace.
+	<testcase name="passvault_biometric_windows_secret_nested_exception" classname="passvault_biometric_windows_secret_nested_exception" time="0.0064821" status="run">
docs/audit-continuation/2026-09-08-linux/runs/windows-cohort05/case-12.xml:12: trailing whitespace.
+		<properties/>
docs/audit-continuation/2026-09-08-linux/runs/windows-cohort05/case-12.xml:13: trailing whitespace.
+		<system-out></system-out>
docs/audit-continuation/2026-09-08-linux/runs/windows-cohort05/case-12.xml:14: trailing whitespace.
+	</testcase>
docs/audit-continuation/2026-09-08-linux/runs/windows-cohort05/case-12.xml:15: trailing whitespace.
+</testsuite>
docs/audit-continuation/2026-09-08-linux/runs/windows-cohort05/case-13.xml:1: trailing whitespace.
+<?xml version="1.0" encoding="UTF-8"?>
docs/audit-continuation/2026-09-08-linux/runs/windows-cohort05/case-13.xml:2: trailing whitespace.
+<testsuite name="Win32-MSBuild"
docs/audit-continuation/2026-09-08-linux/runs/windows-cohort05/case-13.xml:3: trailing whitespace.
+	tests="1"
docs/audit-continuation/2026-09-08-linux/runs/windows-cohort05/case-13.xml:4: trailing whitespace.
+	failures="0"
docs/audit-continuation/2026-09-08-linux/runs/windows-cohort05/case-13.xml:5: trailing whitespace.
+	disabled="0"
docs/audit-continuation/2026-09-08-linux/runs/windows-cohort05/case-13.xml:6: trailing whitespace.
+	skipped="0"
docs/audit-continuation/2026-09-08-linux/runs/windows-cohort05/case-13.xml:7: trailing whitespace.
+	hostname="runnervmy4vqd"
docs/audit-continuation/2026-09-08-linux/runs/windows-cohort05/case-13.xml:8: trailing whitespace.
+	time="0"
docs/audit-continuation/2026-09-08-linux/runs/windows-cohort05/case-13.xml:9: trailing whitespace.
+	timestamp="2026-09-10T05:07:46"
docs/audit-continuation/2026-09-08-linux/runs/windows-cohort05/case-13.xml:10: trailing whitespace.
+	>
docs/audit-continuation/2026-09-08-linux/runs/windows-cohort05/case-13.xml:11: trailing whitespace.
+	<testcase name="passvault_biometric_abi" classname="passvault_biometric_abi" time="0.0091584" status="run">
docs/audit-continuation/2026-09-08-linux/runs/windows-cohort05/case-13.xml:12: trailing whitespace.
+		<properties/>
docs/audit-continuation/2026-09-08-linux/runs/windows-cohort05/case-13.xml:13: trailing whitespace.
+		<system-out></system-out>
docs/audit-continuation/2026-09-08-linux/runs/windows-cohort05/case-13.xml:14: trailing whitespace.
+	</testcase>
docs/audit-continuation/2026-09-08-linux/runs/windows-cohort05/case-13.xml:15: trailing whitespace.
+</testsuite>
docs/audit-continuation/2026-09-08-linux/runs/windows-cohort05/case-14.xml:1: trailing whitespace.
+<?xml version="1.0" encoding="UTF-8"?>
docs/audit-continuation/2026-09-08-linux/runs/windows-cohort05/case-14.xml:2: trailing whitespace.
+<testsuite name="Win32-MSBuild"
docs/audit-continuation/2026-09-08-linux/runs/windows-cohort05/case-14.xml:3: trailing whitespace.
+	tests="1"
docs/audit-continuation/2026-09-08-linux/runs/windows-cohort05/case-14.xml:4: trailing whitespace.
+	failures="0"
docs/audit-continuation/2026-09-08-linux/runs/windows-cohort05/case-14.xml:5: trailing whitespace.
+	disabled="0"
docs/audit-continuation/2026-09-08-linux/runs/windows-cohort05/case-14.xml:6: trailing whitespace.
+	skipped="0"
docs/audit-continuation/2026-09-08-linux/runs/windows-cohort05/case-14.xml:7: trailing whitespace.
+	hostname="runnervmy4vqd"
docs/audit-continuation/2026-09-08-linux/runs/windows-cohort05/case-14.xml:8: trailing whitespace.
+	time="0"
docs/audit-continuation/2026-09-08-linux/runs/windows-cohort05/case-14.xml:9: trailing whitespace.
+	timestamp="2026-09-10T05:07:46"
docs/audit-continuation/2026-09-08-linux/runs/windows-cohort05/case-14.xml:10: trailing whitespace.
+	>
docs/audit-continuation/2026-09-08-linux/runs/windows-cohort05/case-14.xml:11: trailing whitespace.
+	<testcase name="passvault_biometric_windows_security" classname="passvault_biometric_windows_security" time="0.0074392" status="run">
docs/audit-continuation/2026-09-08-linux/runs/windows-cohort05/case-14.xml:12: trailing whitespace.
+		<properties/>
docs/audit-continuation/2026-09-08-linux/runs/windows-cohort05/case-14.xml:13: trailing whitespace.
+		<system-out></system-out>
docs/audit-continuation/2026-09-08-linux/runs/windows-cohort05/case-14.xml:14: trailing whitespace.
+	</testcase>
docs/audit-continuation/2026-09-08-linux/runs/windows-cohort05/case-14.xml:15: trailing whitespace.
+</testsuite>
docs/audit-continuation/2026-09-08-linux/runs/windows-cohort05/case-15.xml:1: trailing whitespace.
+<?xml version="1.0" encoding="UTF-8"?>
docs/audit-continuation/2026-09-08-linux/runs/windows-cohort05/case-15.xml:2: trailing whitespace.
+<testsuite name="Win32-MSBuild"
docs/audit-continuation/2026-09-08-linux/runs/windows-cohort05/case-15.xml:3: trailing whitespace.
+	tests="1"
docs/audit-continuation/2026-09-08-linux/runs/windows-cohort05/case-15.xml:4: trailing whitespace.
+	failures="0"
docs/audit-continuation/2026-09-08-linux/runs/windows-cohort05/case-15.xml:5: trailing whitespace.
+	disabled="0"
docs/audit-continuation/2026-09-08-linux/runs/windows-cohort05/case-15.xml:6: trailing whitespace.
+	skipped="0"
docs/audit-continuation/2026-09-08-linux/runs/windows-cohort05/case-15.xml:7: trailing whitespace.
+	hostname="runnervmy4vqd"
docs/audit-continuation/2026-09-08-linux/runs/windows-cohort05/case-15.xml:8: trailing whitespace.
+	time="0"
docs/audit-continuation/2026-09-08-linux/runs/windows-cohort05/case-15.xml:9: trailing whitespace.
+	timestamp="2026-09-10T05:07:46"
docs/audit-continuation/2026-09-08-linux/runs/windows-cohort05/case-15.xml:10: trailing whitespace.
+	>
docs/audit-continuation/2026-09-08-linux/runs/windows-cohort05/case-15.xml:11: trailing whitespace.
+	<testcase name="passvault_biometric_windows_historical_success" classname="passvault_biometric_windows_historical_success" time="0.0122758" status="run">
docs/audit-continuation/2026-09-08-linux/runs/windows-cohort05/case-15.xml:12: trailing whitespace.
+		<properties/>
docs/audit-continuation/2026-09-08-linux/runs/windows-cohort05/case-15.xml:13: trailing whitespace.
+		<system-out>PVA036_HISTORICAL case=success oracle=VALID_CONTROL cleanup=PASS
docs/audit-continuation/2026-09-08-linux/runs/windows-cohort05/case-15.xml:14: trailing whitespace.
+</system-out>
docs/audit-continuation/2026-09-08-linux/runs/windows-cohort05/case-15.xml:15: trailing whitespace.
+	</testcase>
docs/audit-continuation/2026-09-08-linux/runs/windows-cohort05/case-15.xml:16: trailing whitespace.
+</testsuite>
docs/audit-continuation/2026-09-08-linux/runs/windows-cohort05/case-16.xml:1: trailing whitespace.
+<?xml version="1.0" encoding="UTF-8"?>
docs/audit-continuation/2026-09-08-linux/runs/windows-cohort05/case-16.xml:2: trailing whitespace.
+<testsuite name="Win32-MSBuild"
docs/audit-continuation/2026-09-08-linux/runs/windows-cohort05/case-16.xml:3: trailing whitespace.
+	tests="1"
docs/audit-continuation/2026-09-08-linux/runs/windows-cohort05/case-16.xml:4: trailing whitespace.
+	failures="0"
docs/audit-continuation/2026-09-08-linux/runs/windows-cohort05/case-16.xml:5: trailing whitespace.
+	disabled="0"
docs/audit-continuation/2026-09-08-linux/runs/windows-cohort05/case-16.xml:6: trailing whitespace.
+	skipped="0"
docs/audit-continuation/2026-09-08-linux/runs/windows-cohort05/case-16.xml:7: trailing whitespace.
+	hostname="runnervmy4vqd"
docs/audit-continuation/2026-09-08-linux/runs/windows-cohort05/case-16.xml:8: trailing whitespace.
+	time="0"
docs/audit-continuation/2026-09-08-linux/runs/windows-cohort05/case-16.xml:9: trailing whitespace.
+	timestamp="2026-09-10T05:07:46"
docs/audit-continuation/2026-09-08-linux/runs/windows-cohort05/case-16.xml:10: trailing whitespace.
+	>
docs/audit-continuation/2026-09-08-linux/runs/windows-cohort05/case-16.xml:11: trailing whitespace.
+	<testcase name="passvault_biometric_windows_historical_validation_failure" classname="passvault_biometric_windows_historical_validation_failure" time="0.0078967" status="run">
docs/audit-continuation/2026-09-08-linux/runs/windows-cohort05/case-16.xml:12: trailing whitespace.
+		<properties/>
docs/audit-continuation/2026-09-08-linux/runs/windows-cohort05/case-16.xml:13: trailing whitespace.
+		<system-out>PVA036_HISTORICAL case=validation_failure oracle=RED_OWNED_TEMPORARY_RETAINED cleanup=PASS
docs/audit-continuation/2026-09-08-linux/runs/windows-cohort05/case-16.xml:14: trailing whitespace.
+</system-out>
docs/audit-continuation/2026-09-08-linux/runs/windows-cohort05/case-16.xml:15: trailing whitespace.
+	</testcase>
docs/audit-continuation/2026-09-08-linux/runs/windows-cohort05/case-16.xml:16: trailing whitespace.
+</testsuite>
docs/audit-continuation/2026-09-08-linux/runs/windows-cohort05/case-17.xml:1: trailing whitespace.
+<?xml version="1.0" encoding="UTF-8"?>
docs/audit-continuation/2026-09-08-linux/runs/windows-cohort05/case-17.xml:2: trailing whitespace.
+<testsuite name="Win32-MSBuild"
docs/audit-continuation/2026-09-08-linux/runs/windows-cohort05/case-17.xml:3: trailing whitespace.
+	tests="1"
docs/audit-continuation/2026-09-08-linux/runs/windows-cohort05/case-17.xml:4: trailing whitespace.
+	failures="0"
docs/audit-continuation/2026-09-08-linux/runs/windows-cohort05/case-17.xml:5: trailing whitespace.
+	disabled="0"
docs/audit-continuation/2026-09-08-linux/runs/windows-cohort05/case-17.xml:6: trailing whitespace.
+	skipped="0"
docs/audit-continuation/2026-09-08-linux/runs/windows-cohort05/case-17.xml:7: trailing whitespace.
+	hostname="runnervmy4vqd"
docs/audit-continuation/2026-09-08-linux/runs/windows-cohort05/case-17.xml:8: trailing whitespace.
+	time="0"
docs/audit-continuation/2026-09-08-linux/runs/windows-cohort05/case-17.xml:9: trailing whitespace.
+	timestamp="2026-09-10T05:07:46"
docs/audit-continuation/2026-09-08-linux/runs/windows-cohort05/case-17.xml:10: trailing whitespace.
+	>
docs/audit-continuation/2026-09-08-linux/runs/windows-cohort05/case-17.xml:11: trailing whitespace.
+	<testcase name="passvault_biometric_windows_historical_dacl_failure" classname="passvault_biometric_windows_historical_dacl_failure" time="0.0076902" status="run">
docs/audit-continuation/2026-09-08-linux/runs/windows-cohort05/case-17.xml:12: trailing whitespace.
+		<properties/>
docs/audit-continuation/2026-09-08-linux/runs/windows-cohort05/case-17.xml:13: trailing whitespace.
+		<system-out>PVA036_HISTORICAL case=dacl_failure oracle=RED_OWNED_TEMPORARY_RETAINED cleanup=PASS
docs/audit-continuation/2026-09-08-linux/runs/windows-cohort05/case-17.xml:14: trailing whitespace.
+</system-out>
docs/audit-continuation/2026-09-08-linux/runs/windows-cohort05/case-17.xml:15: trailing whitespace.
+	</testcase>
docs/audit-continuation/2026-09-08-linux/runs/windows-cohort05/case-17.xml:16: trailing whitespace.
+</testsuite>
docs/audit-continuation/2026-09-08-linux/runs/windows-cohort05/case-18.xml:1: trailing whitespace.
+<?xml version="1.0" encoding="UTF-8"?>
docs/audit-continuation/2026-09-08-linux/runs/windows-cohort05/case-18.xml:2: trailing whitespace.
+<testsuite name="Win32-MSBuild"
docs/audit-continuation/2026-09-08-linux/runs/windows-cohort05/case-18.xml:3: trailing whitespace.
+	tests="1"
docs/audit-continuation/2026-09-08-linux/runs/windows-cohort05/case-18.xml:4: trailing whitespace.
+	failures="0"
docs/audit-continuation/2026-09-08-linux/runs/windows-cohort05/case-18.xml:5: trailing whitespace.
+	disabled="0"
docs/audit-continuation/2026-09-08-linux/runs/windows-cohort05/case-18.xml:6: trailing whitespace.
+	skipped="0"
docs/audit-continuation/2026-09-08-linux/runs/windows-cohort05/case-18.xml:7: trailing whitespace.
+	hostname="runnervmy4vqd"
docs/audit-continuation/2026-09-08-linux/runs/windows-cohort05/case-18.xml:8: trailing whitespace.
+	time="0"
docs/audit-continuation/2026-09-08-linux/runs/windows-cohort05/case-18.xml:9: trailing whitespace.
+	timestamp="2026-09-10T05:07:46"
docs/audit-continuation/2026-09-08-linux/runs/windows-cohort05/case-18.xml:10: trailing whitespace.
+	>
docs/audit-continuation/2026-09-08-linux/runs/windows-cohort05/case-18.xml:11: trailing whitespace.
+	<testcase name="passvault_biometric_windows_historical_collision" classname="passvault_biometric_windows_historical_collision" time="0.0082362" status="run">
docs/audit-continuation/2026-09-08-linux/runs/windows-cohort05/case-18.xml:12: trailing whitespace.
+		<properties/>
docs/audit-continuation/2026-09-08-linux/runs/windows-cohort05/case-18.xml:13: trailing whitespace.
+		<system-out>PVA036_HISTORICAL case=collision oracle=RED_UNOWNED_SENTINEL_DELETED cleanup=PASS
docs/audit-continuation/2026-09-08-linux/runs/windows-cohort05/case-18.xml:14: trailing whitespace.
+</system-out>
docs/audit-continuation/2026-09-08-linux/runs/windows-cohort05/case-18.xml:15: trailing whitespace.
+	</testcase>
docs/audit-continuation/2026-09-08-linux/runs/windows-cohort05/case-18.xml:16: trailing whitespace.
+</testsuite>
docs/audit-continuation/2026-09-08-linux/runs/windows-cohort05/case-19.xml:1: trailing whitespace.
+<?xml version="1.0" encoding="UTF-8"?>
docs/audit-continuation/2026-09-08-linux/runs/windows-cohort05/case-19.xml:2: trailing whitespace.
+<testsuite name="Win32-MSBuild"
docs/audit-continuation/2026-09-08-linux/runs/windows-cohort05/case-19.xml:3: trailing whitespace.
+	tests="1"
docs/audit-continuation/2026-09-08-linux/runs/windows-cohort05/case-19.xml:4: trailing whitespace.
+	failures="0"
docs/audit-continuation/2026-09-08-linux/runs/windows-cohort05/case-19.xml:5: trailing whitespace.
+	disabled="0"
docs/audit-continuation/2026-09-08-linux/runs/windows-cohort05/case-19.xml:6: trailing whitespace.
+	skipped="0"
docs/audit-continuation/2026-09-08-linux/runs/windows-cohort05/case-19.xml:7: trailing whitespace.
+	hostname="runnervmy4vqd"
docs/audit-continuation/2026-09-08-linux/runs/windows-cohort05/case-19.xml:8: trailing whitespace.
+	time="0"
docs/audit-continuation/2026-09-08-linux/runs/windows-cohort05/case-19.xml:9: trailing whitespace.
+	timestamp="2026-09-10T05:07:46"
docs/audit-continuation/2026-09-08-linux/runs/windows-cohort05/case-19.xml:10: trailing whitespace.
+	>
docs/audit-continuation/2026-09-08-linux/runs/windows-cohort05/case-19.xml:11: trailing whitespace.
+	<testcase name="passvault_biometric_windows_historical_empty_payload" classname="passvault_biometric_windows_historical_empty_payload" time="0.0081145" status="run">
docs/audit-continuation/2026-09-08-linux/runs/windows-cohort05/case-19.xml:12: trailing whitespace.
+		<properties/>
docs/audit-continuation/2026-09-08-linux/runs/windows-cohort05/case-19.xml:13: trailing whitespace.
+		<system-out>PVA036_HISTORICAL case=empty_payload oracle=VALID_CONTROL cleanup=PASS
docs/audit-continuation/2026-09-08-linux/runs/windows-cohort05/case-19.xml:14: trailing whitespace.
+</system-out>
docs/audit-continuation/2026-09-08-linux/runs/windows-cohort05/case-19.xml:15: trailing whitespace.
+	</testcase>
docs/audit-continuation/2026-09-08-linux/runs/windows-cohort05/case-19.xml:16: trailing whitespace.
+</testsuite>
docs/audit-continuation/2026-09-08-linux/runs/windows-cohort05/case-20.xml:1: trailing whitespace.
+<?xml version="1.0" encoding="UTF-8"?>
docs/audit-continuation/2026-09-08-linux/runs/windows-cohort05/case-20.xml:2: trailing whitespace.
+<testsuite name="Win32-MSBuild"
docs/audit-continuation/2026-09-08-linux/runs/windows-cohort05/case-20.xml:3: trailing whitespace.
+	tests="1"
docs/audit-continuation/2026-09-08-linux/runs/windows-cohort05/case-20.xml:4: trailing whitespace.
+	failures="0"
docs/audit-continuation/2026-09-08-linux/runs/windows-cohort05/case-20.xml:5: trailing whitespace.
+	disabled="0"
docs/audit-continuation/2026-09-08-linux/runs/windows-cohort05/case-20.xml:6: trailing whitespace.
+	skipped="0"
docs/audit-continuation/2026-09-08-linux/runs/windows-cohort05/case-20.xml:7: trailing whitespace.
+	hostname="runnervmy4vqd"
docs/audit-continuation/2026-09-08-linux/runs/windows-cohort05/case-20.xml:8: trailing whitespace.
+	time="0"
docs/audit-continuation/2026-09-08-linux/runs/windows-cohort05/case-20.xml:9: trailing whitespace.
+	timestamp="2026-09-10T05:07:46"
docs/audit-continuation/2026-09-08-linux/runs/windows-cohort05/case-20.xml:10: trailing whitespace.
+	>
docs/audit-continuation/2026-09-08-linux/runs/windows-cohort05/case-20.xml:11: trailing whitespace.
+	<testcase name="passvault_biometric_windows_historical_oversized_payload" classname="passvault_biometric_windows_historical_oversized_payload" time="0.0086038" status="run">
docs/audit-continuation/2026-09-08-linux/runs/windows-cohort05/case-20.xml:12: trailing whitespace.
+		<properties/>
docs/audit-continuation/2026-09-08-linux/runs/windows-cohort05/case-20.xml:13: trailing whitespace.
+		<system-out>PVA036_HISTORICAL case=oversized_payload oracle=VALID_CONTROL cleanup=PASS
docs/audit-continuation/2026-09-08-linux/runs/windows-cohort05/case-20.xml:14: trailing whitespace.
+</system-out>
docs/audit-continuation/2026-09-08-linux/runs/windows-cohort05/case-20.xml:15: trailing whitespace.
+	</testcase>
docs/audit-continuation/2026-09-08-linux/runs/windows-cohort05/case-20.xml:16: trailing whitespace.
+</testsuite>
docs/audit-continuation/2026-09-08-linux/runs/windows-cohort05/case-21.xml:1: trailing whitespace.
+<?xml version="1.0" encoding="UTF-8"?>
docs/audit-continuation/2026-09-08-linux/runs/windows-cohort05/case-21.xml:2: trailing whitespace.
+<testsuite name="Win32-MSBuild"
docs/audit-continuation/2026-09-08-linux/runs/windows-cohort05/case-21.xml:3: trailing whitespace.
+	tests="1"
docs/audit-continuation/2026-09-08-linux/runs/windows-cohort05/case-21.xml:4: trailing whitespace.
+	failures="0"
docs/audit-continuation/2026-09-08-linux/runs/windows-cohort05/case-21.xml:5: trailing whitespace.
+	disabled="0"
docs/audit-continuation/2026-09-08-linux/runs/windows-cohort05/case-21.xml:6: trailing whitespace.
+	skipped="0"
docs/audit-continuation/2026-09-08-linux/runs/windows-cohort05/case-21.xml:7: trailing whitespace.
+	hostname="runnervmy4vqd"
docs/audit-continuation/2026-09-08-linux/runs/windows-cohort05/case-21.xml:8: trailing whitespace.
+	time="0"
docs/audit-continuation/2026-09-08-linux/runs/windows-cohort05/case-21.xml:9: trailing whitespace.
+	timestamp="2026-09-10T05:07:46"
docs/audit-continuation/2026-09-08-linux/runs/windows-cohort05/case-21.xml:10: trailing whitespace.
+	>
docs/audit-continuation/2026-09-08-linux/runs/windows-cohort05/case-21.xml:11: trailing whitespace.
+	<testcase name="passvault_biometric_windows_historical_empty_suffix" classname="passvault_biometric_windows_historical_empty_suffix" time="0.0078547" status="run">
docs/audit-continuation/2026-09-08-linux/runs/windows-cohort05/case-21.xml:12: trailing whitespace.
+		<properties/>
docs/audit-continuation/2026-09-08-linux/runs/windows-cohort05/case-21.xml:13: trailing whitespace.
+		<system-out>PVA036_HISTORICAL case=empty_suffix oracle=VALID_CONTROL cleanup=PASS
docs/audit-continuation/2026-09-08-linux/runs/windows-cohort05/case-21.xml:14: trailing whitespace.
+</system-out>
docs/audit-continuation/2026-09-08-linux/runs/windows-cohort05/case-21.xml:15: trailing whitespace.
+	</testcase>
docs/audit-continuation/2026-09-08-linux/runs/windows-cohort05/case-21.xml:16: trailing whitespace.
+</testsuite>
docs/audit-continuation/2026-09-08-linux/runs/windows-cohort05/case-22.xml:1: trailing whitespace.
+<?xml version="1.0" encoding="UTF-8"?>
docs/audit-continuation/2026-09-08-linux/runs/windows-cohort05/case-22.xml:2: trailing whitespace.
+<testsuite name="Win32-MSBuild"
docs/audit-continuation/2026-09-08-linux/runs/windows-cohort05/case-22.xml:3: trailing whitespace.
+	tests="1"
docs/audit-continuation/2026-09-08-linux/runs/windows-cohort05/case-22.xml:4: trailing whitespace.
+	failures="0"
docs/audit-continuation/2026-09-08-linux/runs/windows-cohort05/case-22.xml:5: trailing whitespace.
+	disabled="0"
docs/audit-continuation/2026-09-08-linux/runs/windows-cohort05/case-22.xml:6: trailing whitespace.
+	skipped="0"
docs/audit-continuation/2026-09-08-linux/runs/windows-cohort05/case-22.xml:7: trailing whitespace.
+	hostname="runnervmy4vqd"
docs/audit-continuation/2026-09-08-linux/runs/windows-cohort05/case-22.xml:8: trailing whitespace.
+	time="0"
docs/audit-continuation/2026-09-08-linux/runs/windows-cohort05/case-22.xml:9: trailing whitespace.
+	timestamp="2026-09-10T05:07:46"
docs/audit-continuation/2026-09-08-linux/runs/windows-cohort05/case-22.xml:10: trailing whitespace.
+	>
docs/audit-continuation/2026-09-08-linux/runs/windows-cohort05/case-22.xml:11: trailing whitespace.
+	<testcase name="passvault_biometric_windows_historical_rename_failure" classname="passvault_biometric_windows_historical_rename_failure" time="0.0089822" status="run">
docs/audit-continuation/2026-09-08-linux/runs/windows-cohort05/case-22.xml:12: trailing whitespace.
+		<properties/>
docs/audit-continuation/2026-09-08-linux/runs/windows-cohort05/case-22.xml:13: trailing whitespace.
+		<system-out>PVA036_HISTORICAL case=rename_failure oracle=VALID_CONTROL cleanup=PASS
docs/audit-continuation/2026-09-08-linux/runs/windows-cohort05/case-22.xml:14: trailing whitespace.
+</system-out>
docs/audit-continuation/2026-09-08-linux/runs/windows-cohort05/case-22.xml:15: trailing whitespace.
+	</testcase>
docs/audit-continuation/2026-09-08-linux/runs/windows-cohort05/case-22.xml:16: trailing whitespace.
+</testsuite>
docs/audit-continuation/2026-09-08-linux/runs/windows-cohort05/case-23.xml:1: trailing whitespace.
+<?xml version="1.0" encoding="UTF-8"?>
docs/audit-continuation/2026-09-08-linux/runs/windows-cohort05/case-23.xml:2: trailing whitespace.
+<testsuite name="Win32-MSBuild"
docs/audit-continuation/2026-09-08-linux/runs/windows-cohort05/case-23.xml:3: trailing whitespace.
+	tests="1"
docs/audit-continuation/2026-09-08-linux/runs/windows-cohort05/case-23.xml:4: trailing whitespace.
+	failures="0"
docs/audit-continuation/2026-09-08-linux/runs/windows-cohort05/case-23.xml:5: trailing whitespace.
+	disabled="0"
docs/audit-continuation/2026-09-08-linux/runs/windows-cohort05/case-23.xml:6: trailing whitespace.
+	skipped="0"
docs/audit-continuation/2026-09-08-linux/runs/windows-cohort05/case-23.xml:7: trailing whitespace.
+	hostname="runnervmy4vqd"
docs/audit-continuation/2026-09-08-linux/runs/windows-cohort05/case-23.xml:8: trailing whitespace.
+	time="0"
docs/audit-continuation/2026-09-08-linux/runs/windows-cohort05/case-23.xml:9: trailing whitespace.
+	timestamp="2026-09-10T05:07:46"
docs/audit-continuation/2026-09-08-linux/runs/windows-cohort05/case-23.xml:10: trailing whitespace.
+	>
docs/audit-continuation/2026-09-08-linux/runs/windows-cohort05/case-23.xml:11: trailing whitespace.
+	<testcase name="passvault_biometric_windows_prk_unarmed" classname="passvault_biometric_windows_prk_unarmed" time="0.0094248" status="run">
docs/audit-continuation/2026-09-08-linux/runs/windows-cohort05/case-23.xml:12: trailing whitespace.
+		<properties/>
docs/audit-continuation/2026-09-08-linux/runs/windows-cohort05/case-23.xml:13: trailing whitespace.
+		<system-out>PVA037_PRK case=unarmed allocator=scalar_new events=1 object_bytes=422 populated=YES guard_wiped=YES disarmed=YES
docs/audit-continuation/2026-09-08-linux/runs/windows-cohort05/case-23.xml:14: trailing whitespace.
+</system-out>
docs/audit-continuation/2026-09-08-linux/runs/windows-cohort05/case-23.xml:15: trailing whitespace.
+	</testcase>
docs/audit-continuation/2026-09-08-linux/runs/windows-cohort05/case-23.xml:16: trailing whitespace.
+</testsuite>
docs/audit-continuation/2026-09-08-linux/runs/windows-cohort05/case-24.xml:1: trailing whitespace.
+<?xml version="1.0" encoding="UTF-8"?>
docs/audit-continuation/2026-09-08-linux/runs/windows-cohort05/case-24.xml:2: trailing whitespace.
+<testsuite name="Win32-MSBuild"
docs/audit-continuation/2026-09-08-linux/runs/windows-cohort05/case-24.xml:3: trailing whitespace.
+	tests="1"
docs/audit-continuation/2026-09-08-linux/runs/windows-cohort05/case-24.xml:4: trailing whitespace.
+	failures="0"
docs/audit-continuation/2026-09-08-linux/runs/windows-cohort05/case-24.xml:5: trailing whitespace.
+	disabled="0"
docs/audit-continuation/2026-09-08-linux/runs/windows-cohort05/case-24.xml:6: trailing whitespace.
+	skipped="0"
docs/audit-continuation/2026-09-08-linux/runs/windows-cohort05/case-24.xml:7: trailing whitespace.
+	hostname="runnervmy4vqd"
docs/audit-continuation/2026-09-08-linux/runs/windows-cohort05/case-24.xml:8: trailing whitespace.
+	time="0"
docs/audit-continuation/2026-09-08-linux/runs/windows-cohort05/case-24.xml:9: trailing whitespace.
+	timestamp="2026-09-10T05:07:46"
docs/audit-continuation/2026-09-08-linux/runs/windows-cohort05/case-24.xml:10: trailing whitespace.
+	>
docs/audit-continuation/2026-09-08-linux/runs/windows-cohort05/case-24.xml:11: trailing whitespace.
+	<testcase name="passvault_biometric_windows_prk_allocation_cut" classname="passvault_biometric_windows_prk_allocation_cut" time="0.0064159" status="run">
docs/audit-continuation/2026-09-08-linux/runs/windows-cohort05/case-24.xml:12: trailing whitespace.
+		<properties/>
docs/audit-continuation/2026-09-08-linux/runs/windows-cohort05/case-24.xml:13: trailing whitespace.
+		<system-out>PVA037_PRK case=allocation_cut allocator=scalar_new events=1 object_bytes=422 populated=YES guard_wiped=YES disarmed=YES
docs/audit-continuation/2026-09-08-linux/runs/windows-cohort05/case-24.xml:14: trailing whitespace.
+</system-out>
docs/audit-continuation/2026-09-08-linux/runs/windows-cohort05/case-24.xml:15: trailing whitespace.
+	</testcase>
docs/audit-continuation/2026-09-08-linux/runs/windows-cohort05/case-24.xml:16: trailing whitespace.
+</testsuite>
