Picked up JAVA_TOOL_OPTIONS: -Xmx512m -XX:-UsePerfData -Dfile.encoding=UTF-8 -Duser.home=/root/projects/PassVault/audit-runtime-linux-android-host-graph04/home -Djava.io.tmpdir=/root/projects/PassVault/audit-runtime-linux-android-host-graph04/tmp -Djna.tmpdir=/root/projects/PassVault/audit-runtime-linux-android-host-graph04/jna -Dorg.sqlite.tmpdir=/root/projects/PassVault/audit-runtime-linux-android-host-graph04/sqlite
Fetching distribution.
Downloading https://services.gradle.org/distributions/gradle-9.7.1-bin.zip
..............10%..............20%...............30%..............40%...............50%..............60%...............70%..............80%..............90%...............100%
Initialized native services in: /root/projects/PassVault/audit-runtime-linux-android-host-graph04/gradle-home/native
Initialized jansi services in: /root/projects/PassVault/audit-runtime-linux-android-host-graph04/gradle-home/native

Welcome to Gradle 9.7.1!

Here are the highlights of this release:
 - Isolated Projects graduates to incubating
 - Broader Configuration Cache compatibility
 - Resilient Sync helps you fix broken builds
 - More source locations in problem reports

For more details see https://docs.gradle.org/9.7.1/release-notes.html

The current JVM process isn't compatible with build requirement. The maximum heap size is insufficient.

To honour the JVM settings for this build a single-use Daemon process will be forked. For more on this, please refer to https://docs.gradle.org/9.7.1/userguide/gradle_daemon.html#sec:disabling_the_daemon in the Gradle documentation.
Starting process 'Gradle build daemon'. Working directory: /root/projects/PassVault/audit-runtime-linux-android-host-graph04/gradle-home/daemon/9.7.1 Command: /usr/lib/jvm/java-17-openjdk-amd64/bin/java --add-opens=java.base/java.lang=ALL-UNNAMED --add-opens=java.base/java.lang.invoke=ALL-UNNAMED --add-opens=java.base/java.util=ALL-UNNAMED --add-opens=java.prefs/java.util.prefs=ALL-UNNAMED --add-exports=jdk.compiler/com.sun.tools.javac.api=ALL-UNNAMED --add-exports=jdk.compiler/com.sun.tools.javac.util=ALL-UNNAMED --add-opens=java.base/java.nio.charset=ALL-UNNAMED --add-opens=java.base/java.net=ALL-UNNAMED --add-opens=java.base/java.util.concurrent=ALL-UNNAMED --add-opens=java.base/java.util.concurrent.atomic=ALL-UNNAMED --add-opens=java.xml/javax.xml.namespace=ALL-UNNAMED --add-opens=java.base/java.time=ALL-UNNAMED -Xmx2g -Dfile.encoding=UTF-8 -Djava.io.tmpdir=/root/projects/PassVault/audit-runtime-linux-android-host-graph04/tmp -Duser.country -Duser.language=en -Duser.variant -cp /root/projects/PassVault/audit-runtime-linux-android-host-graph04/gradle-home/wrapper/dists/gradle-9.7.1-bin/1w1c7tv4s851m17nbqdsro2tv/gradle-9.7.1/lib/gradle-daemon-main-9.7.1.jar -javaagent:/root/projects/PassVault/audit-runtime-linux-android-host-graph04/gradle-home/wrapper/dists/gradle-9.7.1-bin/1w1c7tv4s851m17nbqdsro2tv/gradle-9.7.1/lib/agents/gradle-instrumentation-agent-9.7.1.jar org.gradle.launcher.daemon.bootstrap.GradleDaemon 9.7.1
Successfully started process 'Gradle build daemon'
An attempt to start the daemon took 0.943 secs.
The client will now receive all logging from the daemon (pid: 71). The daemon log file: /root/projects/PassVault/audit-runtime-linux-android-host-graph04/gradle-home/daemon/9.7.1/daemon-71.out.log
Daemon will be stopped at the end of the build 
Using 1 worker leases.
Operational build model parameters: {cachingModelBuilding=false, configurationCache=false, configurationCacheDisabledReason=null, configurationCacheParallelLoad=false, configurationCacheParallelStore=false, configureOnDemand=false, invalidateCoupledProjects=false, isolatedProjects=false, isolatedProjectsDiagnostics=false, isolatedProjectsDangerouslyIgnoreProblems=false, modelAsProjectDependency=false, modelBuilding=false, parallelModelBuilding=false, parallelProjectConfiguration=false, parallelProjectExecution=false, vintage=true}
Received JVM installation metadata from '/usr/lib/jvm/java-17-openjdk-amd64': {JAVA_HOME=/usr/lib/jvm/java-17-openjdk-amd64, JAVA_VERSION=17.0.20, JAVA_VENDOR=Ubuntu, RUNTIME_NAME=OpenJDK Runtime Environment, RUNTIME_VERSION=17.0.20+8-1-24.04-Ubuntu, VM_NAME=OpenJDK 64-Bit Server VM, VM_VERSION=17.0.20+8-1-24.04-Ubuntu, VM_VENDOR=Ubuntu, OS_ARCH=amd64}
Watching the file system is configured to be enabled if available
Not watching /root/projects/PassVault/audit-runtime-linux-android-host-graph04/checkout since the file system is not supported
File system watching is active
Caching disabled for Groovy DSL script compilation (cp_init) because:
  Build cache is disabled
  Not worth caching.
Compiling initialization script '/root/projects/PassVault/passvault-linux/scripts/audit/android_host_graph_04.init.gradle' using SubsetScriptTransformer.
Caching disabled for Groovy DSL script compilation (init) because:
  Build cache is disabled
  Not worth caching.
Compiling initialization script '/root/projects/PassVault/passvault-linux/scripts/audit/android_host_graph_04.init.gradle' using BuildScriptTransformer.
PASSVAULT_ANDROID_ARG_VECTOR={"format":"passvault-android-argument-vector-v3","runId":"linux-android-host-graph04","phase":"AFTER_ARG12_BEFORE_ARG13","sourceManifestSha256":"UNBOUND","propertySourceSha256":"323971ec6c0f02ff28c724b4c4f3120b5b8843faf3d77608485c1e15fb633235","propertyContract":"EXACT_CLI_PLUS_FIXED_TOOLCHAIN_6_V1","compatibilityShape":"EXACT_CLI_PLUS_FIXED_TOOLCHAIN_6","qualification":"NEW_EXACT_CONTRACT_NOT_REPRODUCED_CAUSE_OR_TASK_AUTHORITY","projectMapKind":"MAP","systemMapKind":"MAP","keys":{"state":"COUNT_AND_FIXED_KEYS_VALUES_ONLY","count":6,"expectedMask":"111","sourceOnlyMask":"0000000000000000","sourceStringMask":"0000000000000000","sourceValueMatchMask":"0000000000000000","toolchainOnlyMask":"111","toolchainStringMask":"111","toolchainValueMatchMask":"111","sizeAndExpectedMembershipAgree":true},"types":{"ARG14":"STRING","ARG15":"STRING","ARG16":"STRING","ARG17":"STRING","ARG18":"STRING","ARG19":"STRING","JAVA_HOME":"STRING"},"outcomes":{"LEGACY_ARG13":"REJECT","ARG14":"ACCEPT","ARG15":"ACCEPT","ARG16":"ACCEPT","ARG17":"ACCEPT","ARG18":"ACCEPT","ARG19":"ACCEPT","ARG20":"ACCEPT"},"diagnosticError":false}
Starting Build
Caching disabled for Kotlin DSL script compilation (Settings/TopLevel/stage1) because:
  Build cache is disabled
Resource missing. [HTTP GET: https://repo.maven.apache.org/maven2/org/gradle/toolchains/foojay-resolver-convention/org.gradle.toolchains.foojay-resolver-convention.gradle.plugin/1.0.0/org.gradle.toolchains.foojay-resolver-convention.gradle.plugin-1.0.0.pom]
Resource missing. [HTTP GET: https://repo.maven.apache.org/maven2/org/gradle/toolchains/foojay-resolver-convention/org.gradle.toolchains.foojay-resolver-convention.gradle.plugin/1.0.0/org.gradle.toolchains.foojay-resolver-convention.gradle.plugin-1.0.0.pom]
Downloading https://plugins.gradle.org/m2/org/gradle/toolchains/foojay-resolver-convention/org.gradle.toolchains.foojay-resolver-convention.gradle.plugin/1.0.0/org.gradle.toolchains.foojay-resolver-convention.gradle.plugin-1.0.0.pom to /root/projects/PassVault/audit-runtime-linux-android-host-graph04/gradle-home/.tmp/gradle_download14119729613274769121bin
Resource missing. [HTTP HEAD: https://plugins.gradle.org/m2/org/gradle/toolchains/foojay-resolver-convention/org.gradle.toolchains.foojay-resolver-convention.gradle.plugin/1.0.0/org.gradle.toolchains.foojay-resolver-convention.gradle.plugin-1.0.0.jar]
Resolved plugin [id: 'org.gradle.toolchains.foojay-resolver-convention', version: '1.0.0']
Resource missing. [HTTP GET: https://repo.maven.apache.org/maven2/org/gradle/toolchains/foojay-resolver/1.0.0/foojay-resolver-1.0.0.pom]
Resource missing. [HTTP GET: https://repo.maven.apache.org/maven2/org/gradle/toolchains/foojay-resolver/1.0.0/foojay-resolver-1.0.0.pom]
Downloading https://plugins.gradle.org/m2/org/gradle/toolchains/foojay-resolver/1.0.0/foojay-resolver-1.0.0.pom to /root/projects/PassVault/audit-runtime-linux-android-host-graph04/gradle-home/.tmp/gradle_download5564928481287419164bin
Downloading https://plugins.gradle.org/m2/org/gradle/toolchains/foojay-resolver/1.0.0/foojay-resolver-1.0.0.module to /root/projects/PassVault/audit-runtime-linux-android-host-graph04/gradle-home/.tmp/gradle_download591255833878877430bin
Downloading https://plugins.gradle.org/m2/org/gradle/toolchains/foojay-resolver/1.0.0/foojay-resolver-1.0.0.jar to /root/projects/PassVault/audit-runtime-linux-android-host-graph04/gradle-home/.tmp/gradle_download5940938775933812271bin
Caching disabled for InstrumentationAnalysisTransform: /root/projects/PassVault/audit-runtime-linux-android-host-graph04/gradle-home/caches/modules-2/files-2.1/org.gradle.toolchains/foojay-resolver/1.0.0/72c0af50bc9156fb2a9429ed152abb4417bb6eaf/foojay-resolver-1.0.0.jar because:
  Build cache is disabled
  Caching not enabled.
Caching disabled for MergeInstrumentationAnalysisTransform: /root/projects/PassVault/audit-runtime-linux-android-host-graph04/gradle-home/caches/9.7.1/transforms/84417b225f0c99ef0caadbc3e2d6dd2a/transformed/.gradle-instrumented-classpath.marker because:
  Build cache is disabled
  Caching not enabled.
Caching disabled for MergeInstrumentationAnalysisTransform: /root/projects/PassVault/audit-runtime-linux-android-host-graph04/gradle-home/caches/9.7.1/transforms/84417b225f0c99ef0caadbc3e2d6dd2a/transformed/analysis/instrumentation-hierarchy.bin because:
  Build cache is disabled
  Caching not enabled.
Caching disabled for MergeInstrumentationAnalysisTransform: /root/projects/PassVault/audit-runtime-linux-android-host-graph04/gradle-home/caches/9.7.1/transforms/84417b225f0c99ef0caadbc3e2d6dd2a/transformed/analysis/instrumentation-dependencies.bin because:
  Build cache is disabled
  Caching not enabled.
Caching disabled for MergeInstrumentationAnalysisTransform: /root/projects/PassVault/audit-runtime-linux-android-host-graph04/gradle-home/caches/modules-2/files-2.1/org.gradle.toolchains/foojay-resolver/1.0.0/72c0af50bc9156fb2a9429ed152abb4417bb6eaf/foojay-resolver-1.0.0.jar because:
  Build cache is disabled
  Caching not enabled.
Caching disabled for ExternalDependencyInstrumentingArtifactTransform: /root/projects/PassVault/audit-runtime-linux-android-host-graph04/gradle-home/caches/9.7.1/transforms/388302fc005543901afb8b124fd998e2/transformed/.gradle-instrumented-classpath.marker because:
  Build cache is disabled
  Caching not enabled.
Caching disabled for ExternalDependencyInstrumentingArtifactTransform: /root/projects/PassVault/audit-runtime-linux-android-host-graph04/gradle-home/caches/9.7.1/transforms/388302fc005543901afb8b124fd998e2/transformed/merge/instrumentation-dependencies.bin because:
  Build cache is disabled
  Caching not enabled.
Caching disabled for ExternalDependencyInstrumentingArtifactTransform: /root/projects/PassVault/audit-runtime-linux-android-host-graph04/gradle-home/caches/modules-2/files-2.1/org.gradle.toolchains/foojay-resolver/1.0.0/72c0af50bc9156fb2a9429ed152abb4417bb6eaf/foojay-resolver-1.0.0.jar because:
  Build cache is disabled
  Caching not enabled.
Caching disabled for Kotlin DSL accessors for settings 'checkout' because:
  Build cache is disabled
  Build caching of Kotlin script accessor generation disabled by property
Caching disabled for Kotlin DSL script compilation (Settings/TopLevel/stage2) because:
  Build cache is disabled
Settings evaluated using settings file '/root/projects/PassVault/audit-runtime-linux-android-host-graph04/checkout/settings.gradle.kts'.
Caching disabled for generation of dependency accessors for libs because:
  Build cache is disabled
  Not worth caching.
Projects loaded. Root project using build file '/root/projects/PassVault/audit-runtime-linux-android-host-graph04/checkout/build.gradle.kts'.
Included projects: [root project 'passvault', project ':app-android', project ':app-desktop', project ':core', project ':feature', project ':shared', project ':core:crypto', project ':core:database', project ':core:designsystem', project ':core:domain', project ':core:navigation', project ':core:otp', project ':core:security', project ':core:testing', project ':feature:backup', project ':feature:credential', project ':feature:generator', project ':feature:health', project ':feature:onboarding', project ':feature:settings', project ':feature:unlock', project ':feature:vault']

> Configure project :
Evaluating root project 'passvault' using build file '/root/projects/PassVault/audit-runtime-linux-android-host-graph04/checkout/build.gradle.kts'.
Caching disabled for Kotlin DSL version catalog plugin accessors for classpath '7120ae87f8d059d178e7db7d84920ce1' because:
  Build cache is disabled
  Build caching of Kotlin script accessor generation disabled by property
Caching disabled for Kotlin DSL plugin specs accessors for classpath '7120ae87f8d059d178e7db7d84920ce1' because:
  Build cache is disabled
  Build caching of Kotlin script accessor generation disabled by property
Caching disabled for Kotlin DSL script compilation (Project/TopLevel/stage1) because:
  Build cache is disabled
Downloading https://repo.maven.apache.org/maven2/org/jetbrains/kotlin/multiplatform/org.jetbrains.kotlin.multiplatform.gradle.plugin/2.4.10/org.jetbrains.kotlin.multiplatform.gradle.plugin-2.4.10.pom to /root/projects/PassVault/audit-runtime-linux-android-host-graph04/gradle-home/.tmp/gradle_download836101343720437624bin
Resource missing. [HTTP HEAD: https://repo.maven.apache.org/maven2/org/jetbrains/kotlin/multiplatform/org.jetbrains.kotlin.multiplatform.gradle.plugin/2.4.10/org.jetbrains.kotlin.multiplatform.gradle.plugin-2.4.10.jar]
Resolved plugin [id: 'org.jetbrains.kotlin.multiplatform', version: '2.4.10', apply: false]
Downloading https://repo.maven.apache.org/maven2/org/jetbrains/kotlin/plugin/serialization/org.jetbrains.kotlin.plugin.serialization.gradle.plugin/2.4.10/org.jetbrains.kotlin.plugin.serialization.gradle.plugin-2.4.10.pom to /root/projects/PassVault/audit-runtime-linux-android-host-graph04/gradle-home/.tmp/gradle_download12582861185613728364bin
Resource missing. [HTTP HEAD: https://repo.maven.apache.org/maven2/org/jetbrains/kotlin/plugin/serialization/org.jetbrains.kotlin.plugin.serialization.gradle.plugin/2.4.10/org.jetbrains.kotlin.plugin.serialization.gradle.plugin-2.4.10.jar]
Resolved plugin [id: 'org.jetbrains.kotlin.plugin.serialization', version: '2.4.10', apply: false]
Downloading https://repo.maven.apache.org/maven2/org/jetbrains/compose/org.jetbrains.compose.gradle.plugin/1.11.1/org.jetbrains.compose.gradle.plugin-1.11.1.pom to /root/projects/PassVault/audit-runtime-linux-android-host-graph04/gradle-home/.tmp/gradle_download7691533369093282903bin
Resource missing. [HTTP HEAD: https://repo.maven.apache.org/maven2/org/jetbrains/compose/org.jetbrains.compose.gradle.plugin/1.11.1/org.jetbrains.compose.gradle.plugin-1.11.1.jar]
Resolved plugin [id: 'org.jetbrains.compose', version: '1.11.1', apply: false]
Downloading https://repo.maven.apache.org/maven2/org/jetbrains/kotlin/plugin/compose/org.jetbrains.kotlin.plugin.compose.gradle.plugin/2.4.10/org.jetbrains.kotlin.plugin.compose.gradle.plugin-2.4.10.pom to /root/projects/PassVault/audit-runtime-linux-android-host-graph04/gradle-home/.tmp/gradle_download15633915334381571585bin
Resource missing. [HTTP HEAD: https://repo.maven.apache.org/maven2/org/jetbrains/kotlin/plugin/compose/org.jetbrains.kotlin.plugin.compose.gradle.plugin/2.4.10/org.jetbrains.kotlin.plugin.compose.gradle.plugin-2.4.10.jar]
Resolved plugin [id: 'org.jetbrains.kotlin.plugin.compose', version: '2.4.10', apply: false]
Resource missing. [HTTP GET: https://dl.google.com/dl/android/maven2/com/google/devtools/ksp/com.google.devtools.ksp.gradle.plugin/2.3.10/com.google.devtools.ksp.gradle.plugin-2.3.10.pom]
Resource missing. [HTTP GET: https://dl.google.com/dl/android/maven2/com/google/devtools/ksp/com.google.devtools.ksp.gradle.plugin/2.3.10/com.google.devtools.ksp.gradle.plugin-2.3.10.pom]
Downloading https://repo.maven.apache.org/maven2/com/google/devtools/ksp/com.google.devtools.ksp.gradle.plugin/2.3.10/com.google.devtools.ksp.gradle.plugin-2.3.10.pom to /root/projects/PassVault/audit-runtime-linux-android-host-graph04/gradle-home/.tmp/gradle_download6727323703295405191bin
Resource missing. [HTTP HEAD: https://repo.maven.apache.org/maven2/com/google/devtools/ksp/com.google.devtools.ksp.gradle.plugin/2.3.10/com.google.devtools.ksp.gradle.plugin-2.3.10.jar]
Resolved plugin [id: 'com.google.devtools.ksp', version: '2.3.10', apply: false]
Downloading https://dl.google.com/dl/android/maven2/androidx/room/androidx.room.gradle.plugin/2.8.4/androidx.room.gradle.plugin-2.8.4.pom to /root/projects/PassVault/audit-runtime-linux-android-host-graph04/gradle-home/.tmp/gradle_download4066144844307921651bin
Resource missing. [HTTP HEAD: https://dl.google.com/dl/android/maven2/androidx/room/androidx.room.gradle.plugin/2.8.4/androidx.room.gradle.plugin-2.8.4.jar]
Resolved plugin [id: 'androidx.room', version: '2.8.4', apply: false]
Downloading https://dl.google.com/dl/android/maven2/com/android/application/com.android.application.gradle.plugin/9.4.0/com.android.application.gradle.plugin-9.4.0.pom to /root/projects/PassVault/audit-runtime-linux-android-host-graph04/gradle-home/.tmp/gradle_download6932683163050310948bin
Resource missing. [HTTP HEAD: https://dl.google.com/dl/android/maven2/com/android/application/com.android.application.gradle.plugin/9.4.0/com.android.application.gradle.plugin-9.4.0.jar]
Resolved plugin [id: 'com.android.application', version: '9.4.0', apply: false]
Downloading https://dl.google.com/dl/android/maven2/com/android/kotlin/multiplatform/library/com.android.kotlin.multiplatform.library.gradle.plugin/9.4.0/com.android.kotlin.multiplatform.library.gradle.plugin-9.4.0.pom to /root/projects/PassVault/audit-runtime-linux-android-host-graph04/gradle-home/.tmp/gradle_download6810961443631328713bin
Resource missing. [HTTP HEAD: https://dl.google.com/dl/android/maven2/com/android/kotlin/multiplatform/library/com.android.kotlin.multiplatform.library.gradle.plugin/9.4.0/com.android.kotlin.multiplatform.library.gradle.plugin-9.4.0.jar]
Resolved plugin [id: 'com.android.kotlin.multiplatform.library', version: '9.4.0', apply: false]
Downloading https://repo.maven.apache.org/maven2/dev/detekt/dev.detekt.gradle.plugin/2.0.0-alpha.6/dev.detekt.gradle.plugin-2.0.0-alpha.6.pom to /root/projects/PassVault/audit-runtime-linux-android-host-graph04/gradle-home/.tmp/gradle_download16825797023178734670bin
Resource missing. [HTTP HEAD: https://repo.maven.apache.org/maven2/dev/detekt/dev.detekt.gradle.plugin/2.0.0-alpha.6/dev.detekt.gradle.plugin-2.0.0-alpha.6.jar]
Resolved plugin [id: 'dev.detekt', version: '2.0.0-alpha.6']
Downloading https://repo.maven.apache.org/maven2/org/jetbrains/kotlin/kotlin-gradle-plugin/2.4.10/kotlin-gradle-plugin-2.4.10.pom to /root/projects/PassVault/audit-runtime-linux-android-host-graph04/gradle-home/.tmp/gradle_download11444657224263884200bin
Downloading https://repo.maven.apache.org/maven2/org/jetbrains/kotlin/kotlin-gradle-plugins-bom/2.4.10/kotlin-gradle-plugins-bom-2.4.10.pom to /root/projects/PassVault/audit-runtime-linux-android-host-graph04/gradle-home/.tmp/gradle_download2924280195823381623bin
Downloading https://repo.maven.apache.org/maven2/org/jetbrains/kotlin/kotlin-gradle-plugins-bom/2.4.10/kotlin-gradle-plugins-bom-2.4.10.module to /root/projects/PassVault/audit-runtime-linux-android-host-graph04/gradle-home/.tmp/gradle_download5430706371893948213bin
Downloading https://repo.maven.apache.org/maven2/org/jetbrains/kotlin/kotlin-gradle-plugin/2.4.10/kotlin-gradle-plugin-2.4.10.module to /root/projects/PassVault/audit-runtime-linux-android-host-graph04/gradle-home/.tmp/gradle_download10271490530580172414bin
Downloading https://repo.maven.apache.org/maven2/org/jetbrains/kotlin/kotlin-serialization/2.4.10/kotlin-serialization-2.4.10.pom to /root/projects/PassVault/audit-runtime-linux-android-host-graph04/gradle-home/.tmp/gradle_download6601856897142518169bin
Downloading https://repo.maven.apache.org/maven2/org/jetbrains/kotlin/kotlin-serialization/2.4.10/kotlin-serialization-2.4.10.module to /root/projects/PassVault/audit-runtime-linux-android-host-graph04/gradle-home/.tmp/gradle_download14904899288781768595bin
Downloading https://repo.maven.apache.org/maven2/org/jetbrains/compose/compose-gradle-plugin/1.11.1/compose-gradle-plugin-1.11.1.pom to /root/projects/PassVault/audit-runtime-linux-android-host-graph04/gradle-home/.tmp/gradle_download18444164655390173341bin
Downloading https://repo.maven.apache.org/maven2/org/jetbrains/compose/compose-gradle-plugin/1.11.1/compose-gradle-plugin-1.11.1.module to /root/projects/PassVault/audit-runtime-linux-android-host-graph04/gradle-home/.tmp/gradle_download16058489281494337753bin
Downloading https://repo.maven.apache.org/maven2/org/jetbrains/kotlin/compose-compiler-gradle-plugin/2.4.10/compose-compiler-gradle-plugin-2.4.10.pom to /root/projects/PassVault/audit-runtime-linux-android-host-graph04/gradle-home/.tmp/gradle_download10869785971910739477bin
Downloading https://repo.maven.apache.org/maven2/org/jetbrains/kotlin/compose-compiler-gradle-plugin/2.4.10/compose-compiler-gradle-plugin-2.4.10.module to /root/projects/PassVault/audit-runtime-linux-android-host-graph04/gradle-home/.tmp/gradle_download7774798208401164266bin
Resource missing. [HTTP GET: https://dl.google.com/dl/android/maven2/com/google/devtools/ksp/symbol-processing-gradle-plugin/2.3.10/symbol-processing-gradle-plugin-2.3.10.pom]
Resource missing. [HTTP GET: https://dl.google.com/dl/android/maven2/com/google/devtools/ksp/symbol-processing-gradle-plugin/2.3.10/symbol-processing-gradle-plugin-2.3.10.pom]
Downloading https://repo.maven.apache.org/maven2/com/google/devtools/ksp/symbol-processing-gradle-plugin/2.3.10/symbol-processing-gradle-plugin-2.3.10.pom to /root/projects/PassVault/audit-runtime-linux-android-host-graph04/gradle-home/.tmp/gradle_download7049799000091466257bin
Downloading https://repo.maven.apache.org/maven2/com/google/devtools/ksp/symbol-processing-gradle-plugin/2.3.10/symbol-processing-gradle-plugin-2.3.10.module to /root/projects/PassVault/audit-runtime-linux-android-host-graph04/gradle-home/.tmp/gradle_download4742745697704266629bin
Downloading https://dl.google.com/dl/android/maven2/androidx/room/room-gradle-plugin/2.8.4/room-gradle-plugin-2.8.4.pom to /root/projects/PassVault/audit-runtime-linux-android-host-graph04/gradle-home/.tmp/gradle_download12459733899609902633bin
Downloading https://dl.google.com/dl/android/maven2/androidx/room/room-gradle-plugin/2.8.4/room-gradle-plugin-2.8.4.module to /root/projects/PassVault/audit-runtime-linux-android-host-graph04/gradle-home/.tmp/gradle_download6580410046741890841bin
Downloading https://dl.google.com/dl/android/maven2/com/android/tools/build/gradle/9.4.0/gradle-9.4.0.pom to /root/projects/PassVault/audit-runtime-linux-android-host-graph04/gradle-home/.tmp/gradle_download9637883147644433884bin
Downloading https://dl.google.com/dl/android/maven2/com/android/tools/build/gradle/9.4.0/gradle-9.4.0.module to /root/projects/PassVault/audit-runtime-linux-android-host-graph04/gradle-home/.tmp/gradle_download9017250956979718960bin
Downloading https://repo.maven.apache.org/maven2/dev/detekt/detekt-gradle-plugin/2.0.0-alpha.6/detekt-gradle-plugin-2.0.0-alpha.6.pom to /root/projects/PassVault/audit-runtime-linux-android-host-graph04/gradle-home/.tmp/gradle_download11191787596454015309bin
Downloading https://repo.maven.apache.org/maven2/dev/detekt/detekt-gradle-plugin/2.0.0-alpha.6/detekt-gradle-plugin-2.0.0-alpha.6.module to /root/projects/PassVault/audit-runtime-linux-android-host-graph04/gradle-home/.tmp/gradle_download10093205899127779061bin
Downloading https://repo.maven.apache.org/maven2/org/jetbrains/kotlin/kotlin-gradle-plugin-api/2.4.10/kotlin-gradle-plugin-api-2.4.10.pom to /root/projects/PassVault/audit-runtime-linux-android-host-graph04/gradle-home/.tmp/gradle_download8667770635726750274bin
Downloading https://repo.maven.apache.org/maven2/org/jetbrains/kotlin/kotlin-gradle-plugin-api/2.4.10/kotlin-gradle-plugin-api-2.4.10.module to /root/projects/PassVault/audit-runtime-linux-android-host-graph04/gradle-home/.tmp/gradle_download8785511936435643916bin
Downloading https://repo.maven.apache.org/maven2/org/jetbrains/kotlin/fus-statistics-gradle-plugin/2.4.10/fus-statistics-gradle-plugin-2.4.10.pom to /root/projects/PassVault/audit-runtime-linux-android-host-graph04/gradle-home/.tmp/gradle_download16025406688694311279bin
Downloading https://repo.maven.apache.org/maven2/org/jetbrains/kotlin/kotlin-build-statistics/2.4.10/kotlin-build-statistics-2.4.10.pom to /root/projects/PassVault/audit-runtime-linux-android-host-graph04/gradle-home/.tmp/gradle_download2937826079326375651bin
Downloading https://repo.maven.apache.org/maven2/org/jetbrains/kotlin/kotlin-klib-commonizer-api/2.4.10/kotlin-klib-commonizer-api-2.4.10.pom to /root/projects/PassVault/audit-runtime-linux-android-host-graph04/gradle-home/.tmp/gradle_download17294796647684028858bin
Downloading https://repo.maven.apache.org/maven2/org/jetbrains/kotlin/kotlin-gradle-plugin-idea-proto/2.4.10/kotlin-gradle-plugin-idea-proto-2.4.10.pom to /root/projects/PassVault/audit-runtime-linux-android-host-graph04/gradle-home/.tmp/gradle_download11014107042565097464bin
Downloading https://repo.maven.apache.org/maven2/org/jetbrains/kotlin/kotlin-gradle-plugin-idea/2.4.10/kotlin-gradle-plugin-idea-2.4.10.pom to /root/projects/PassVault/audit-runtime-linux-android-host-graph04/gradle-home/.tmp/gradle_download14133766593621813599bin
Downloading https://repo.maven.apache.org/maven2/org/jetbrains/kotlin/kotlin-util-klib-metadata/2.4.10/kotlin-util-klib-metadata-2.4.10.pom to /root/projects/PassVault/audit-runtime-linux-android-host-graph04/gradle-home/.tmp/gradle_download9957748466036715220bin
Downloading https://repo.maven.apache.org/maven2/org/jetbrains/kotlin/kotlin-compiler-runner/2.4.10/kotlin-compiler-runner-2.4.10.pom to /root/projects/PassVault/audit-runtime-linux-android-host-graph04/gradle-home/.tmp/gradle_download9815308079485313546bin
Downloading https://repo.maven.apache.org/maven2/org/jetbrains/kotlin/fus-statistics-gradle-plugin/2.4.10/fus-statistics-gradle-plugin-2.4.10.module to /root/projects/PassVault/audit-runtime-linux-android-host-graph04/gradle-home/.tmp/gradle_download8595439892613909549bin
Downloading https://repo.maven.apache.org/maven2/org/jetbrains/kotlin/kotlin-gradle-plugin-idea/2.4.10/kotlin-gradle-plugin-idea-2.4.10.module to /root/projects/PassVault/audit-runtime-linux-android-host-graph04/gradle-home/.tmp/gradle_download13664312341452894675bin
Downloading https://repo.maven.apache.org/maven2/org/jetbrains/compose/hot-reload/hot-reload-gradle-plugin/1.1.1/hot-reload-gradle-plugin-1.1.1.pom to /root/projects/PassVault/audit-runtime-linux-android-host-graph04/gradle-home/.tmp/gradle_download1220477306895286263bin
Downloading https://repo.maven.apache.org/maven2/org/jetbrains/compose/hot-reload/hot-reload-gradle-plugin/1.1.1/hot-reload-gradle-plugin-1.1.1.module to /root/projects/PassVault/audit-runtime-linux-android-host-graph04/gradle-home/.tmp/gradle_download5437426167337327108bin
Resource missing. [HTTP GET: https://dl.google.com/dl/android/maven2/com/google/devtools/ksp/symbol-processing-api/2.3.10/symbol-processing-api-2.3.10.pom]
Resource missing. [HTTP GET: https://dl.google.com/dl/android/maven2/com/google/devtools/ksp/symbol-processing-api/2.3.10/symbol-processing-api-2.3.10.pom]
Downloading https://repo.maven.apache.org/maven2/com/google/devtools/ksp/symbol-processing-api/2.3.10/symbol-processing-api-2.3.10.pom to /root/projects/PassVault/audit-runtime-linux-android-host-graph04/gradle-home/.tmp/gradle_download679016749317481489bin
Resource missing. [HTTP GET: https://dl.google.com/dl/android/maven2/com/google/devtools/ksp/symbol-processing-common-deps/2.3.10/symbol-processing-common-deps-2.3.10.pom]
Downloading https://repo.maven.apache.org/maven2/com/google/devtools/ksp/symbol-processing-api/2.3.10/symbol-processing-api-2.3.10.module to /root/projects/PassVault/audit-runtime-linux-android-host-graph04/gradle-home/.tmp/gradle_download8972840873834352735bin
Resource missing. [HTTP GET: https://dl.google.com/dl/android/maven2/com/google/devtools/ksp/symbol-processing-common-deps/2.3.10/symbol-processing-common-deps-2.3.10.pom]
Downloading https://repo.maven.apache.org/maven2/com/google/devtools/ksp/symbol-processing-common-deps/2.3.10/symbol-processing-common-deps-2.3.10.pom to /root/projects/PassVault/audit-runtime-linux-android-host-graph04/gradle-home/.tmp/gradle_download18006635162980937443bin
Downloading https://repo.maven.apache.org/maven2/com/google/devtools/ksp/symbol-processing-common-deps/2.3.10/symbol-processing-common-deps-2.3.10.module to /root/projects/PassVault/audit-runtime-linux-android-host-graph04/gradle-home/.tmp/gradle_download10721707174649148298bin
Downloading https://repo.maven.apache.org/maven2/org/jetbrains/kotlin/kotlin-stdlib/2.4.0/kotlin-stdlib-2.4.0.pom to /root/projects/PassVault/audit-runtime-linux-android-host-graph04/gradle-home/.tmp/gradle_download7962120930958631268bin
Downloading https://repo.maven.apache.org/maven2/org/jetbrains/kotlin/kotlin-stdlib/2.4.0/kotlin-stdlib-2.4.0.module to /root/projects/PassVault/audit-runtime-linux-android-host-graph04/gradle-home/.tmp/gradle_download3022406168810596977bin
Downloading https://repo.maven.apache.org/maven2/net/sf/jopt-simple/jopt-simple/4.9/jopt-simple-4.9.pom to /root/projects/PassVault/audit-runtime-linux-android-host-graph04/gradle-home/.tmp/gradle_download16073416542066893764bin
Downloading https://repo.maven.apache.org/maven2/commons-io/commons-io/2.16.1/commons-io-2.16.1.pom to /root/projects/PassVault/audit-runtime-linux-android-host-graph04/gradle-home/.tmp/gradle_download5344471045988180871bin
Downloading https://repo.maven.apache.org/maven2/org/glassfish/jaxb/jaxb-runtime/2.3.2/jaxb-runtime-2.3.2.pom to /root/projects/PassVault/audit-runtime-linux-android-host-graph04/gradle-home/.tmp/gradle_download389638472772610900bin
Downloading https://repo.maven.apache.org/maven2/org/ow2/asm/asm-commons/9.9/asm-commons-9.9.pom to /root/projects/PassVault/audit-runtime-linux-android-host-graph04/gradle-home/.tmp/gradle_download8774729836497654981bin
Downloading https://repo.maven.apache.org/maven2/org/ow2/asm/asm/9.9/asm-9.9.pom to /root/projects/PassVault/audit-runtime-linux-android-host-graph04/gradle-home/.tmp/gradle_download17964419486813980827bin
Downloading https://repo.maven.apache.org/maven2/org/tensorflow/tensorflow-lite-metadata/0.2.0/tensorflow-lite-metadata-0.2.0.pom to /root/projects/PassVault/audit-runtime-linux-android-host-graph04/gradle-home/.tmp/gradle_download8550418160782839598bin
Downloading https://repo.maven.apache.org/maven2/org/ow2/asm/asm-analysis/9.9/asm-analysis-9.9.pom to /root/projects/PassVault/audit-runtime-linux-android-host-graph04/gradle-home/.tmp/gradle_download14641954095890135883bin
Downloading https://repo.maven.apache.org/maven2/org/apache/httpcomponents/httpmime/4.5.6/httpmime-4.5.6.pom to /root/projects/PassVault/audit-runtime-linux-android-host-graph04/gradle-home/.tmp/gradle_download3219578738759354197bin
Downloading https://dl.google.com/dl/android/maven2/com/android/tools/build/gradle-settings-api/9.4.0/gradle-settings-api-9.4.0.pom to /root/projects/PassVault/audit-runtime-linux-android-host-graph04/gradle-home/.tmp/gradle_download5456366010751946133bin
Downloading https://dl.google.com/dl/android/maven2/androidx/databinding/databinding-compiler-common/9.4.0/databinding-compiler-common-9.4.0.pom to /root/projects/PassVault/audit-runtime-linux-android-host-graph04/gradle-home/.tmp/gradle_download11491140710747943137bin
Downloading https://repo.maven.apache.org/maven2/org/sonatype/oss/oss-parent/7/oss-parent-7.pom to /root/projects/PassVault/audit-runtime-linux-android-host-graph04/gradle-home/.tmp/gradle_download1253340238959557697bin
Downloading https://repo.maven.apache.org/maven2/org/ow2/ow2/1.5.1/ow2-1.5.1.pom to /root/projects/PassVault/audit-runtime-linux-android-host-graph04/gradle-home/.tmp/gradle_download4592053851040150542bin
Downloading https://repo.maven.apache.org/maven2/org/apache/httpcomponents/httpcomponents-client/4.5.6/httpcomponents-client-4.5.6.pom to /root/projects/PassVault/audit-runtime-linux-android-host-graph04/gradle-home/.tmp/gradle_download1165927712500992628bin
Downloading https://repo.maven.apache.org/maven2/com/sun/xml/bind/mvn/jaxb-runtime-parent/2.3.2/jaxb-runtime-parent-2.3.2.pom to /root/projects/PassVault/audit-runtime-linux-android-host-graph04/gradle-home/.tmp/gradle_download18268960344635250397bin
Downloading https://repo.maven.apache.org/maven2/org/apache/commons/commons-parent/69/commons-parent-69.pom to /root/projects/PassVault/audit-runtime-linux-android-host-graph04/gradle-home/.tmp/gradle_download10356998108360760639bin
Downloading https://dl.google.com/dl/android/maven2/com/android/tools/lint/lint-model/32.4.0/lint-model-32.4.0.pom to /root/projects/PassVault/audit-runtime-linux-android-host-graph04/gradle-home/.tmp/gradle_download11058414484478207992bin
Downloading https://dl.google.com/dl/android/maven2/com/android/tools/utp/gradle-work-action-api/32.4.0/gradle-work-action-api-32.4.0.pom to /root/projects/PassVault/audit-runtime-linux-android-host-graph04/gradle-home/.tmp/gradle_download1322343909613433574bin
Downloading https://repo.maven.apache.org/maven2/com/sun/xml/bind/mvn/jaxb-parent/2.3.2/jaxb-parent-2.3.2.pom to /root/projects/PassVault/audit-runtime-linux-android-host-graph04/gradle-home/.tmp/gradle_download16943303892284727326bin
Downloading https://repo.maven.apache.org/maven2/com/squareup/javapoet/1.13.0/javapoet-1.13.0.pom to /root/projects/PassVault/audit-runtime-linux-android-host-graph04/gradle-home/.tmp/gradle_download3274765302460301655bin
Downloading https://repo.maven.apache.org/maven2/org/apache/httpcomponents/httpcomponents-parent/10/httpcomponents-parent-10.pom to /root/projects/PassVault/audit-runtime-linux-android-host-graph04/gradle-home/.tmp/gradle_download5950234958253943262bin
Downloading https://repo.maven.apache.org/maven2/org/ow2/asm/asm-util/9.9/asm-util-9.9.pom to /root/projects/PassVault/audit-runtime-linux-android-host-graph04/gradle-home/.tmp/gradle_download17583537695477860976bin
Downloading https://dl.google.com/dl/android/maven2/com/android/tools/build/gradle-api/9.4.0/gradle-api-9.4.0.pom to /root/projects/PassVault/audit-runtime-linux-android-host-graph04/gradle-home/.tmp/gradle_download9372696921930544133bin
Downloading https://repo.maven.apache.org/maven2/org/apache/apache/31/apache-31.pom to /root/projects/PassVault/audit-runtime-linux-android-host-graph04/gradle-home/.tmp/gradle_download5414960796134536610bin
Downloading https://dl.google.com/dl/android/maven2/com/android/tools/ddms/ddmlib/32.4.0/ddmlib-32.4.0.pom to /root/projects/PassVault/audit-runtime-linux-android-host-graph04/gradle-home/.tmp/gradle_download6112584930586520502bin
Resource missing. [HTTP GET: https://dl.google.com/dl/android/maven2/com/google/protobuf/protobuf-java-util/3.25.5/protobuf-java-util-3.25.5.pom]
Downloading https://dl.google.com/dl/android/maven2/com/android/tools/layoutlib/layoutlib-api/32.4.0/layoutlib-api-32.4.0.pom to /root/projects/PassVault/audit-runtime-linux-android-host-graph04/gradle-home/.tmp/gradle_download5762346591573121163bin
Downloading https://dl.google.com/dl/android/maven2/com/android/tools/analytics-library/shared/32.4.0/shared-32.4.0.pom to /root/projects/PassVault/audit-runtime-linux-android-host-graph04/gradle-home/.tmp/gradle_download1979265673766584393bin
Downloading https://dl.google.com/dl/android/maven2/com/android/tools/build/builder-test-api/9.4.0/builder-test-api-9.4.0.pom to /root/projects/PassVault/audit-runtime-linux-android-host-graph04/gradle-home/.tmp/gradle_download14927959333691649115bin
Downloading https://dl.google.com/dl/android/maven2/com/android/tools/build/jetifier/jetifier-processor/1.0.0-beta10/jetifier-processor-1.0.0-beta10.pom to /root/projects/PassVault/audit-runtime-linux-android-host-graph04/gradle-home/.tmp/gradle_download5286915708812474603bin
Downloading https://dl.google.com/dl/android/maven2/com/android/tools/lint/lint-typedef-remover/32.4.0/lint-typedef-remover-32.4.0.pom to /root/projects/PassVault/audit-runtime-linux-android-host-graph04/gradle-home/.tmp/gradle_download221219487796929670bin
Downloading https://dl.google.com/dl/android/maven2/com/android/databinding/baseLibrary/9.4.0/baseLibrary-9.4.0.pom to /root/projects/PassVault/audit-runtime-linux-android-host-graph04/gradle-home/.tmp/gradle_download533181397937663039bin
Resource missing. [HTTP GET: https://dl.google.com/dl/android/maven2/com/google/protobuf/protobuf-java/3.25.5/protobuf-java-3.25.5.pom]
Downloading https://dl.google.com/dl/android/maven2/androidx/databinding/databinding-common/9.4.0/databinding-common-9.4.0.pom to /root/projects/PassVault/audit-runtime-linux-android-host-graph04/gradle-home/.tmp/gradle_download7184631747759275832bin
Downloading https://dl.google.com/dl/android/maven2/com/android/tools/build/builder-model/9.4.0/builder-model-9.4.0.pom to /root/projects/PassVault/audit-runtime-linux-android-host-graph04/gradle-home/.tmp/gradle_download3291923324890243774bin
Downloading https://dl.google.com/dl/android/maven2/com/android/tools/build/jetifier/jetifier-core/1.0.0-beta10/jetifier-core-1.0.0-beta10.pom to /root/projects/PassVault/audit-runtime-linux-android-host-graph04/gradle-home/.tmp/gradle_download13895326272210579452bin
Resource missing. [HTTP GET: https://dl.google.com/dl/android/maven2/com/google/code/gson/gson/2.11.0/gson-2.11.0.pom]
Downloading https://dl.google.com/dl/android/maven2/com/android/tools/sdk-common/32.4.0/sdk-common-32.4.0.pom to /root/projects/PassVault/audit-runtime-linux-android-host-graph04/gradle-home/.tmp/gradle_download13306241296239744186bin
Resource missing. [HTTP GET: https://dl.google.com/dl/android/maven2/com/google/crypto/tink/tink/1.7.0/tink-1.7.0.pom]
Downloading https://repo.maven.apache.org/maven2/org/apache/apache/18/apache-18.pom to /root/projects/PassVault/audit-runtime-linux-android-host-graph04/gradle-home/.tmp/gradle_download12136454760111956032bin
Downloading https://repo.maven.apache.org/maven2/com/sun/xml/bind/jaxb-bom-ext/2.3.2/jaxb-bom-ext-2.3.2.pom to /root/projects/PassVault/audit-runtime-linux-android-host-graph04/gradle-home/.tmp/gradle_download4764889576699525924bin
Downloading https://dl.google.com/dl/android/maven2/com/android/tools/build/aapt2-proto/9.4.0-15978811/aapt2-proto-9.4.0-15978811.pom to /root/projects/PassVault/audit-runtime-linux-android-host-graph04/gradle-home/.tmp/gradle_download3390665316803194535bin
Downloading https://dl.google.com/dl/android/maven2/com/android/tools/build/bundletool/1.18.3/bundletool-1.18.3.pom to /root/projects/PassVault/audit-runtime-linux-android-host-graph04/gradle-home/.tmp/gradle_download6400623924552822691bin
Downloading https://dl.google.com/dl/android/maven2/com/android/tools/analytics-library/crash/32.4.0/crash-32.4.0.pom to /root/projects/PassVault/audit-runtime-linux-android-host-graph04/gradle-home/.tmp/gradle_download18380243599078572434bin
Downloading https://dl.google.com/dl/android/maven2/com/android/tools/sdklib/32.4.0/sdklib-32.4.0.pom to /root/projects/PassVault/audit-runtime-linux-android-host-graph04/gradle-home/.tmp/gradle_download908361304787383016bin
Downloading https://repo.maven.apache.org/maven2/org/junit/junit-bom/5.10.2/junit-bom-5.10.2.pom to /root/projects/PassVault/audit-runtime-linux-android-host-graph04/gradle-home/.tmp/gradle_download29790601856227249bin
Downloading https://dl.google.com/dl/android/maven2/com/android/tools/build/aaptcompiler/9.4.0/aaptcompiler-9.4.0.pom to /root/projects/PassVault/audit-runtime-linux-android-host-graph04/gradle-home/.tmp/gradle_download13936620316833200726bin
Downloading https://dl.google.com/dl/android/maven2/com/android/tools/build/builder/9.4.0/builder-9.4.0.pom to /root/projects/PassVault/audit-runtime-linux-android-host-graph04/gradle-home/.tmp/gradle_download8457506623371269288bin
Downloading https://dl.google.com/dl/android/maven2/com/android/tools/utp/gradle-work-action-api/32.4.0/gradle-work-action-api-32.4.0.module to /root/projects/PassVault/audit-runtime-linux-android-host-graph04/gradle-home/.tmp/gradle_download5385681273147653393bin
Downloading https://dl.google.com/dl/android/maven2/com/android/tools/build/gradle-settings-api/9.4.0/gradle-settings-api-9.4.0.module to /root/projects/PassVault/audit-runtime-linux-android-host-graph04/gradle-home/.tmp/gradle_download17225703308172108502bin
Resource missing. [HTTP GET: https://dl.google.com/dl/android/maven2/com/google/protobuf/protobuf-java-util/3.25.5/protobuf-java-util-3.25.5.pom]
Downloading https://dl.google.com/dl/android/maven2/com/android/tools/build/builder-test-api/9.4.0/builder-test-api-9.4.0.module to /root/projects/PassVault/audit-runtime-linux-android-host-graph04/gradle-home/.tmp/gradle_download2858224666957925237bin
Downloading https://dl.google.com/dl/android/maven2/com/android/tools/build/jetifier/jetifier-processor/1.0.0-beta10/jetifier-processor-1.0.0-beta10.module to /root/projects/PassVault/audit-runtime-linux-android-host-graph04/gradle-home/.tmp/gradle_download17533548610589792777bin
Resource missing. [HTTP GET: https://dl.google.com/dl/android/maven2/com/google/protobuf/protobuf-java/3.25.5/protobuf-java-3.25.5.pom]
Resource missing. [HTTP GET: https://dl.google.com/dl/android/maven2/com/google/crypto/tink/tink/1.7.0/tink-1.7.0.pom]
Resource missing. [HTTP GET: https://dl.google.com/dl/android/maven2/com/google/code/gson/gson/2.11.0/gson-2.11.0.pom]
Downloading https://dl.google.com/dl/android/maven2/com/android/tools/build/jetifier/jetifier-core/1.0.0-beta10/jetifier-core-1.0.0-beta10.module to /root/projects/PassVault/audit-runtime-linux-android-host-graph04/gradle-home/.tmp/gradle_download17422644499306335937bin
Downloading https://dl.google.com/dl/android/maven2/com/android/tools/build/builder-model/9.4.0/builder-model-9.4.0.module to /root/projects/PassVault/audit-runtime-linux-android-host-graph04/gradle-home/.tmp/gradle_download3832199939128787843bin
Downloading https://repo.maven.apache.org/maven2/org/glassfish/jaxb/jaxb-bom/2.3.2/jaxb-bom-2.3.2.pom to /root/projects/PassVault/audit-runtime-linux-android-host-graph04/gradle-home/.tmp/gradle_download870371403112491080bin
Downloading https://dl.google.com/dl/android/maven2/com/android/tools/repository/32.4.0/repository-32.4.0.pom to /root/projects/PassVault/audit-runtime-linux-android-host-graph04/gradle-home/.tmp/gradle_download11702764576571383476bin
Downloading https://dl.google.com/dl/android/maven2/com/android/tools/build/gradle-api/9.4.0/gradle-api-9.4.0.module to /root/projects/PassVault/audit-runtime-linux-android-host-graph04/gradle-home/.tmp/gradle_download2563349606564816503bin
Downloading https://repo.maven.apache.org/maven2/org/junit/junit-bom/5.10.2/junit-bom-5.10.2.module to /root/projects/PassVault/audit-runtime-linux-android-host-graph04/gradle-home/.tmp/gradle_download14438690766988576050bin
Downloading https://repo.maven.apache.org/maven2/com/google/protobuf/protobuf-java-util/3.25.5/protobuf-java-util-3.25.5.pom to /root/projects/PassVault/audit-runtime-linux-android-host-graph04/gradle-home/.tmp/gradle_download18265399064824915184bin
Downloading https://dl.google.com/dl/android/maven2/com/android/tools/build/aapt2-proto/9.4.0-15978811/aapt2-proto-9.4.0-15978811.module to /root/projects/PassVault/audit-runtime-linux-android-host-graph04/gradle-home/.tmp/gradle_download4924749704919805293bin
Downloading https://dl.google.com/dl/android/maven2/com/android/tools/build/aaptcompiler/9.4.0/aaptcompiler-9.4.0.module to /root/projects/PassVault/audit-runtime-linux-android-host-graph04/gradle-home/.tmp/gradle_download305547368608450923bin
Downloading https://repo.maven.apache.org/maven2/com/google/protobuf/protobuf-java/3.25.5/protobuf-java-3.25.5.pom to /root/projects/PassVault/audit-runtime-linux-android-host-graph04/gradle-home/.tmp/gradle_download9080522509087305995bin
Downloading https://repo.maven.apache.org/maven2/com/google/code/gson/gson/2.11.0/gson-2.11.0.pom to /root/projects/PassVault/audit-runtime-linux-android-host-graph04/gradle-home/.tmp/gradle_download17806231043446337911bin
Downloading https://repo.maven.apache.org/maven2/com/google/crypto/tink/tink/1.7.0/tink-1.7.0.pom to /root/projects/PassVault/audit-runtime-linux-android-host-graph04/gradle-home/.tmp/gradle_download17431312476118565031bin
Downloading https://repo.maven.apache.org/maven2/org/eclipse/ee4j/project/1.0.5/project-1.0.5.pom to /root/projects/PassVault/audit-runtime-linux-android-host-graph04/gradle-home/.tmp/gradle_download8184576694798859819bin
Downloading https://dl.google.com/dl/android/maven2/com/android/tools/build/builder/9.4.0/builder-9.4.0.module to /root/projects/PassVault/audit-runtime-linux-android-host-graph04/gradle-home/.tmp/gradle_download6788628733534824173bin
Resource missing. [HTTP GET: https://dl.google.com/dl/android/maven2/com/google/protobuf/protobuf-parent/3.25.5/protobuf-parent-3.25.5.pom]
Resource missing. [HTTP GET: https://dl.google.com/dl/android/maven2/com/google/code/gson/gson-parent/2.11.0/gson-parent-2.11.0.pom]
Resource missing. [HTTP GET: https://dl.google.com/dl/android/maven2/com/google/protobuf/protobuf-parent/3.25.5/protobuf-parent-3.25.5.pom]
Resource missing. [HTTP GET: https://dl.google.com/dl/android/maven2/com/google/code/gson/gson-parent/2.11.0/gson-parent-2.11.0.pom]
Downloading https://repo.maven.apache.org/maven2/com/google/protobuf/protobuf-parent/3.25.5/protobuf-parent-3.25.5.pom to /root/projects/PassVault/audit-runtime-linux-android-host-graph04/gradle-home/.tmp/gradle_download12985076258211504045bin
Downloading https://repo.maven.apache.org/maven2/com/google/code/gson/gson-parent/2.11.0/gson-parent-2.11.0.pom to /root/projects/PassVault/audit-runtime-linux-android-host-graph04/gradle-home/.tmp/gradle_download6151702125873324212bin
Resource missing. [HTTP GET: https://dl.google.com/dl/android/maven2/com/google/protobuf/protobuf-bom/3.25.5/protobuf-bom-3.25.5.pom]
Resource missing. [HTTP GET: https://dl.google.com/dl/android/maven2/com/google/protobuf/protobuf-bom/3.25.5/protobuf-bom-3.25.5.pom]
Downloading https://repo.maven.apache.org/maven2/com/google/protobuf/protobuf-bom/3.25.5/protobuf-bom-3.25.5.pom to /root/projects/PassVault/audit-runtime-linux-android-host-graph04/gradle-home/.tmp/gradle_download441777745396983024bin
Downloading https://repo.maven.apache.org/maven2/io/github/detekt/sarif4k/sarif4k/0.6.0/sarif4k-0.6.0.pom to /root/projects/PassVault/audit-runtime-linux-android-host-graph04/gradle-home/.tmp/gradle_download10307355908813319818bin
Downloading https://repo.maven.apache.org/maven2/io/github/detekt/sarif4k/sarif4k/0.6.0/sarif4k-0.6.0.module to /root/projects/PassVault/audit-runtime-linux-android-host-graph04/gradle-home/.tmp/gradle_download14548860629540166028bin
Downloading https://repo.maven.apache.org/maven2/org/jetbrains/kotlin/kotlin-build-tools-api/2.4.10/kotlin-build-tools-api-2.4.10.pom to /root/projects/PassVault/audit-runtime-linux-android-host-graph04/gradle-home/.tmp/gradle_download17327908972880264580bin
Downloading https://repo.maven.apache.org/maven2/org/jetbrains/kotlin/kotlin-gradle-plugin-annotations/2.4.10/kotlin-gradle-plugin-annotations-2.4.10.pom to /root/projects/PassVault/audit-runtime-linux-android-host-graph04/gradle-home/.tmp/gradle_download3968014165786497364bin
Downloading https://repo.maven.apache.org/maven2/org/jetbrains/kotlin/kotlin-tooling-core/2.4.10/kotlin-tooling-core-2.4.10.pom to /root/projects/PassVault/audit-runtime-linux-android-host-graph04/gradle-home/.tmp/gradle_download2504101317143204098bin
Downloading https://repo.maven.apache.org/maven2/org/jetbrains/kotlin/kotlin-native-utils/2.4.10/kotlin-native-utils-2.4.10.pom to /root/projects/PassVault/audit-runtime-linux-android-host-graph04/gradle-home/.tmp/gradle_download14010146843368547182bin
Downloading https://repo.maven.apache.org/maven2/org/jetbrains/kotlin/kotlin-util-klib/2.4.10/kotlin-util-klib-2.4.10.pom to /root/projects/PassVault/audit-runtime-linux-android-host-graph04/gradle-home/.tmp/gradle_download8828287982245195348bin
Downloading https://repo.maven.apache.org/maven2/org/jetbrains/kotlin/kotlin-util-io/2.4.10/kotlin-util-io-2.4.10.pom to /root/projects/PassVault/audit-runtime-linux-android-host-graph04/gradle-home/.tmp/gradle_download15715363996492510361bin
Downloading https://repo.maven.apache.org/maven2/org/jetbrains/kotlinx/kotlinx-coroutines-core-jvm/1.8.0/kotlinx-coroutines-core-jvm-1.8.0.pom to /root/projects/PassVault/audit-runtime-linux-android-host-graph04/gradle-home/.tmp/gradle_download10449495173616775979bin
Downloading https://repo.maven.apache.org/maven2/org/jetbrains/kotlin/kotlin-daemon-client/2.4.10/kotlin-daemon-client-2.4.10.pom to /root/projects/PassVault/audit-runtime-linux-android-host-graph04/gradle-home/.tmp/gradle_download12141415492823639468bin
Downloading https://repo.maven.apache.org/maven2/org/jetbrains/kotlinx/kotlinx-coroutines-bom/1.8.0/kotlinx-coroutines-bom-1.8.0.pom to /root/projects/PassVault/audit-runtime-linux-android-host-graph04/gradle-home/.tmp/gradle_download261477588466891043bin
Downloading https://repo.maven.apache.org/maven2/org/jetbrains/kotlinx/kotlinx-coroutines-core-jvm/1.8.0/kotlinx-coroutines-core-jvm-1.8.0.module to /root/projects/PassVault/audit-runtime-linux-android-host-graph04/gradle-home/.tmp/gradle_download14989269963770722686bin
Downloading https://repo.maven.apache.org/maven2/org/jetbrains/annotations/13.0/annotations-13.0.pom to /root/projects/PassVault/audit-runtime-linux-android-host-graph04/gradle-home/.tmp/gradle_download18215655681234509477bin
Downloading https://dl.google.com/dl/android/maven2/com/android/tools/build/gradle-common-api/9.4.0/gradle-common-api-9.4.0.pom to /root/projects/PassVault/audit-runtime-linux-android-host-graph04/gradle-home/.tmp/gradle_download53327753178740984bin
Downloading https://dl.google.com/dl/android/maven2/com/android/tools/build/gradle-common-api/9.4.0/gradle-common-api-9.4.0.module to /root/projects/PassVault/audit-runtime-linux-android-host-graph04/gradle-home/.tmp/gradle_download490896061507073940bin
Downloading https://repo.maven.apache.org/maven2/org/bouncycastle/bcprov-jdk18on/1.80.2/bcprov-jdk18on-1.80.2.pom to /root/projects/PassVault/audit-runtime-linux-android-host-graph04/gradle-home/.tmp/gradle_download882673875006367554bin
Downloading https://repo.maven.apache.org/maven2/org/apache/commons/commons-compress/1.27.1/commons-compress-1.27.1.pom to /root/projects/PassVault/audit-runtime-linux-android-host-graph04/gradle-home/.tmp/gradle_download17335156475127591233bin
Downloading https://repo.maven.apache.org/maven2/javax/inject/javax.inject/1/javax.inject-1.pom to /root/projects/PassVault/audit-runtime-linux-android-host-graph04/gradle-home/.tmp/gradle_download16333638686253436062bin
Downloading https://repo.maven.apache.org/maven2/org/bouncycastle/bcpkix-jdk18on/1.80.2/bcpkix-jdk18on-1.80.2.pom to /root/projects/PassVault/audit-runtime-linux-android-host-graph04/gradle-home/.tmp/gradle_download15500864860350682659bin
Downloading https://repo.maven.apache.org/maven2/net/sf/kxml/kxml2/2.3.0/kxml2-2.3.0.pom to /root/projects/PassVault/audit-runtime-linux-android-host-graph04/gradle-home/.tmp/gradle_download7303199173598515935bin
Resource missing. [HTTP GET: https://dl.google.com/dl/android/maven2/com/google/guava/guava/33.4.0-jre/guava-33.4.0-jre.pom]
Downloading https://dl.google.com/dl/android/maven2/com/android/tools/common/32.4.0/common-32.4.0.pom to /root/projects/PassVault/audit-runtime-linux-android-host-graph04/gradle-home/.tmp/gradle_download10784990013150748613bin
Downloading https://repo.maven.apache.org/maven2/org/apache/commons/commons-parent/72/commons-parent-72.pom to /root/projects/PassVault/audit-runtime-linux-android-host-graph04/gradle-home/.tmp/gradle_download11422174830462426203bin
Resource missing. [HTTP GET: https://dl.google.com/dl/android/maven2/com/google/guava/guava/33.4.0-jre/guava-33.4.0-jre.pom]
Downloading https://repo.maven.apache.org/maven2/org/apache/apache/33/apache-33.pom to /root/projects/PassVault/audit-runtime-linux-android-host-graph04/gradle-home/.tmp/gradle_download16148723052414908932bin
Downloading https://repo.maven.apache.org/maven2/com/google/guava/guava/33.4.0-jre/guava-33.4.0-jre.pom to /root/projects/PassVault/audit-runtime-linux-android-host-graph04/gradle-home/.tmp/gradle_download2208899903302439523bin
Downloading https://repo.maven.apache.org/maven2/org/junit/junit-bom/5.11.0-M2/junit-bom-5.11.0-M2.pom to /root/projects/PassVault/audit-runtime-linux-android-host-graph04/gradle-home/.tmp/gradle_download9423446042089678082bin
Resource missing. [HTTP GET: https://dl.google.com/dl/android/maven2/com/google/guava/guava-parent/33.4.0-jre/guava-parent-33.4.0-jre.pom]
Downloading https://repo.maven.apache.org/maven2/org/junit/junit-bom/5.11.0-M2/junit-bom-5.11.0-M2.module to /root/projects/PassVault/audit-runtime-linux-android-host-graph04/gradle-home/.tmp/gradle_download18076855660656147611bin
Resource missing. [HTTP GET: https://dl.google.com/dl/android/maven2/com/google/guava/guava-parent/33.4.0-jre/guava-parent-33.4.0-jre.pom]
Downloading https://repo.maven.apache.org/maven2/com/google/guava/guava-parent/33.4.0-jre/guava-parent-33.4.0-jre.pom to /root/projects/PassVault/audit-runtime-linux-android-host-graph04/gradle-home/.tmp/gradle_download17832150912345367991bin
Downloading https://repo.maven.apache.org/maven2/com/google/guava/guava/33.4.0-jre/guava-33.4.0-jre.module to /root/projects/PassVault/audit-runtime-linux-android-host-graph04/gradle-home/.tmp/gradle_download1131591396587778524bin
Downloading https://repo.maven.apache.org/maven2/org/jetbrains/kotlin/kotlin-reflect/2.4.0/kotlin-reflect-2.4.0.pom to /root/projects/PassVault/audit-runtime-linux-android-host-graph04/gradle-home/.tmp/gradle_download3863702467655628833bin
Downloading https://repo.maven.apache.org/maven2/org/apache/httpcomponents/httpcore/4.4.16/httpcore-4.4.16.pom to /root/projects/PassVault/audit-runtime-linux-android-host-graph04/gradle-home/.tmp/gradle_download5684097188548407609bin
Downloading https://dl.google.com/dl/android/maven2/com/android/tools/dvlib/32.4.0/dvlib-32.4.0.pom to /root/projects/PassVault/audit-runtime-linux-android-host-graph04/gradle-home/.tmp/gradle_download3199385950283286243bin
Downloading https://repo.maven.apache.org/maven2/org/apache/httpcomponents/httpcomponents-core/4.4.16/httpcomponents-core-4.4.16.pom to /root/projects/PassVault/audit-runtime-linux-android-host-graph04/gradle-home/.tmp/gradle_download11747650622334801722bin
Downloading https://repo.maven.apache.org/maven2/org/apache/httpcomponents/httpcomponents-parent/11/httpcomponents-parent-11.pom to /root/projects/PassVault/audit-runtime-linux-android-host-graph04/gradle-home/.tmp/gradle_download12876273603881488376bin
Downloading https://repo.maven.apache.org/maven2/org/apache/apache/21/apache-21.pom to /root/projects/PassVault/audit-runtime-linux-android-host-graph04/gradle-home/.tmp/gradle_download3533874196984833593bin
Downloading https://repo.maven.apache.org/maven2/org/jetbrains/kotlin/kotlin-stdlib-jdk8/2.2.10/kotlin-stdlib-jdk8-2.2.10.pom to /root/projects/PassVault/audit-runtime-linux-android-host-graph04/gradle-home/.tmp/gradle_download327243522588403103bin
Downloading https://repo.maven.apache.org/maven2/org/jetbrains/kotlinx/kotlinx-coroutines-core/1.9.0/kotlinx-coroutines-core-1.9.0.pom to /root/projects/PassVault/audit-runtime-linux-android-host-graph04/gradle-home/.tmp/gradle_download12250851349487662964bin
Resource missing. [HTTP GET: https://dl.google.com/dl/android/maven2/com/google/jimfs/jimfs/1.1/jimfs-1.1.pom]
Downloading https://repo.maven.apache.org/maven2/org/jetbrains/kotlinx/kotlinx-coroutines-bom/1.9.0/kotlinx-coroutines-bom-1.9.0.pom to /root/projects/PassVault/audit-runtime-linux-android-host-graph04/gradle-home/.tmp/gradle_download17311050438077140298bin
Resource missing. [HTTP GET: https://dl.google.com/dl/android/maven2/com/google/jimfs/jimfs/1.1/jimfs-1.1.pom]
Downloading https://repo.maven.apache.org/maven2/org/jetbrains/kotlinx/kotlinx-coroutines-core/1.9.0/kotlinx-coroutines-core-1.9.0.module to /root/projects/PassVault/audit-runtime-linux-android-host-graph04/gradle-home/.tmp/gradle_download18112472142020139922bin
Downloading https://repo.maven.apache.org/maven2/com/google/jimfs/jimfs/1.1/jimfs-1.1.pom to /root/projects/PassVault/audit-runtime-linux-android-host-graph04/gradle-home/.tmp/gradle_download10698166756457360014bin
Resource missing. [HTTP GET: https://dl.google.com/dl/android/maven2/com/google/jimfs/jimfs-parent/1.1/jimfs-parent-1.1.pom]
Resource missing. [HTTP GET: https://dl.google.com/dl/android/maven2/com/google/jimfs/jimfs-parent/1.1/jimfs-parent-1.1.pom]
Downloading https://repo.maven.apache.org/maven2/com/google/jimfs/jimfs-parent/1.1/jimfs-parent-1.1.pom to /root/projects/PassVault/audit-runtime-linux-android-host-graph04/gradle-home/.tmp/gradle_download1378741873664398244bin
Downloading https://repo.maven.apache.org/maven2/org/apache/httpcomponents/httpclient/4.5.14/httpclient-4.5.14.pom to /root/projects/PassVault/audit-runtime-linux-android-host-graph04/gradle-home/.tmp/gradle_download16428672011045194301bin
Downloading https://dl.google.com/dl/android/maven2/com/android/tools/annotations/32.4.0/annotations-32.4.0.pom to /root/projects/PassVault/audit-runtime-linux-android-host-graph04/gradle-home/.tmp/gradle_download1240193955842437081bin
Downloading https://repo.maven.apache.org/maven2/org/apache/httpcomponents/httpcomponents-client/4.5.14/httpcomponents-client-4.5.14.pom to /root/projects/PassVault/audit-runtime-linux-android-host-graph04/gradle-home/.tmp/gradle_download10633581668774125904bin
Downloading https://repo.maven.apache.org/maven2/net/java/dev/jna/jna-platform/5.6.0/jna-platform-5.6.0.pom to /root/projects/PassVault/audit-runtime-linux-android-host-graph04/gradle-home/.tmp/gradle_download13429352200965078886bin
Downloading https://dl.google.com/dl/android/maven2/com/android/tools/analytics-library/protos/32.4.0/protos-32.4.0.pom to /root/projects/PassVault/audit-runtime-linux-android-host-graph04/gradle-home/.tmp/gradle_download8491110900373132245bin
Resource missing. [HTTP GET: https://dl.google.com/dl/android/maven2/com/googlecode/juniversalchardet/juniversalchardet/1.0.3/juniversalchardet-1.0.3.pom]
Resource missing. [HTTP GET: https://dl.google.com/dl/android/maven2/com/googlecode/juniversalchardet/juniversalchardet/1.0.3/juniversalchardet-1.0.3.pom]
Downloading https://repo.maven.apache.org/maven2/com/googlecode/juniversalchardet/juniversalchardet/1.0.3/juniversalchardet-1.0.3.pom to /root/projects/PassVault/audit-runtime-linux-android-host-graph04/gradle-home/.tmp/gradle_download9729471450777734115bin
Downloading https://repo.maven.apache.org/maven2/org/ow2/asm/asm-tree/9.9/asm-tree-9.9.pom to /root/projects/PassVault/audit-runtime-linux-android-host-graph04/gradle-home/.tmp/gradle_download11140822276008504489bin
Downloading https://repo.maven.apache.org/maven2/com/sun/istack/istack-commons-runtime/3.0.8/istack-commons-runtime-3.0.8.pom to /root/projects/PassVault/audit-runtime-linux-android-host-graph04/gradle-home/.tmp/gradle_download17044380858953670602bin
Downloading https://repo.maven.apache.org/maven2/com/sun/xml/fastinfoset/FastInfoset/1.2.16/FastInfoset-1.2.16.pom to /root/projects/PassVault/audit-runtime-linux-android-host-graph04/gradle-home/.tmp/gradle_download13772341388313776823bin
Downloading https://repo.maven.apache.org/maven2/org/glassfish/jaxb/txw2/2.3.2/txw2-2.3.2.pom to /root/projects/PassVault/audit-runtime-linux-android-host-graph04/gradle-home/.tmp/gradle_download14159933738217169234bin
Downloading https://repo.maven.apache.org/maven2/jakarta/xml/bind/jakarta.xml.bind-api/2.3.2/jakarta.xml.bind-api-2.3.2.pom to /root/projects/PassVault/audit-runtime-linux-android-host-graph04/gradle-home/.tmp/gradle_download16956482865148559649bin
Downloading https://repo.maven.apache.org/maven2/org/jvnet/staxex/stax-ex/1.8.1/stax-ex-1.8.1.pom to /root/projects/PassVault/audit-runtime-linux-android-host-graph04/gradle-home/.tmp/gradle_download5464588673150250238bin
Downloading https://repo.maven.apache.org/maven2/jakarta/activation/jakarta.activation-api/1.2.1/jakarta.activation-api-1.2.1.pom to /root/projects/PassVault/audit-runtime-linux-android-host-graph04/gradle-home/.tmp/gradle_download12572829526592435197bin
Downloading https://repo.maven.apache.org/maven2/com/sun/istack/istack-commons/3.0.8/istack-commons-3.0.8.pom to /root/projects/PassVault/audit-runtime-linux-android-host-graph04/gradle-home/.tmp/gradle_download12842853747769690220bin
Downloading https://repo.maven.apache.org/maven2/com/sun/xml/fastinfoset/fastinfoset-project/1.2.16/fastinfoset-project-1.2.16.pom to /root/projects/PassVault/audit-runtime-linux-android-host-graph04/gradle-home/.tmp/gradle_download13408554440021843601bin
Downloading https://repo.maven.apache.org/maven2/com/sun/xml/bind/mvn/jaxb-txw-parent/2.3.2/jaxb-txw-parent-2.3.2.pom to /root/projects/PassVault/audit-runtime-linux-android-host-graph04/gradle-home/.tmp/gradle_download685058111853304880bin
Downloading https://repo.maven.apache.org/maven2/jakarta/xml/bind/jakarta.xml.bind-api-parent/2.3.2/jakarta.xml.bind-api-parent-2.3.2.pom to /root/projects/PassVault/audit-runtime-linux-android-host-graph04/gradle-home/.tmp/gradle_download9531585690223030437bin
Downloading https://repo.maven.apache.org/maven2/com/sun/activation/all/1.2.1/all-1.2.1.pom to /root/projects/PassVault/audit-runtime-linux-android-host-graph04/gradle-home/.tmp/gradle_download889528491725579104bin
Downloading https://repo.maven.apache.org/maven2/org/eclipse/ee4j/project/1.0.2/project-1.0.2.pom to /root/projects/PassVault/audit-runtime-linux-android-host-graph04/gradle-home/.tmp/gradle_download452118490401760151bin
Resource missing. [HTTP GET: https://dl.google.com/dl/android/maven2/com/google/auto/value/auto-value-annotations/1.6.2/auto-value-annotations-1.6.2.pom]
Downloading https://repo.maven.apache.org/maven2/org/bitbucket/b_c/jose4j/0.9.5/jose4j-0.9.5.pom to /root/projects/PassVault/audit-runtime-linux-android-host-graph04/gradle-home/.tmp/gradle_download4479367889182392517bin
Downloading https://repo.maven.apache.org/maven2/org/slf4j/slf4j-api/1.7.30/slf4j-api-1.7.30.pom to /root/projects/PassVault/audit-runtime-linux-android-host-graph04/gradle-home/.tmp/gradle_download16753104064664620251bin
Resource missing. [HTTP GET: https://dl.google.com/dl/android/maven2/com/google/errorprone/error_prone_annotations/2.3.1/error_prone_annotations-2.3.1.pom]
Resource missing. [HTTP GET: https://dl.google.com/dl/android/maven2/com/google/dagger/dagger/2.28.3/dagger-2.28.3.pom]
Resource missing. [HTTP GET: https://dl.google.com/dl/android/maven2/com/google/auto/value/auto-value-annotations/1.6.2/auto-value-annotations-1.6.2.pom]
Resource missing. [HTTP GET: https://dl.google.com/dl/android/maven2/com/google/errorprone/error_prone_annotations/2.3.1/error_prone_annotations-2.3.1.pom]
Downloading https://repo.maven.apache.org/maven2/org/slf4j/slf4j-parent/1.7.30/slf4j-parent-1.7.30.pom to /root/projects/PassVault/audit-runtime-linux-android-host-graph04/gradle-home/.tmp/gradle_download6864569379359505636bin
Resource missing. [HTTP GET: https://dl.google.com/dl/android/maven2/com/google/dagger/dagger/2.28.3/dagger-2.28.3.pom]
Downloading https://repo.maven.apache.org/maven2/com/google/errorprone/error_prone_annotations/2.3.1/error_prone_annotations-2.3.1.pom to /root/projects/PassVault/audit-runtime-linux-android-host-graph04/gradle-home/.tmp/gradle_download14443848023376660687bin
Downloading https://repo.maven.apache.org/maven2/com/google/auto/value/auto-value-annotations/1.6.2/auto-value-annotations-1.6.2.pom to /root/projects/PassVault/audit-runtime-linux-android-host-graph04/gradle-home/.tmp/gradle_download5291355623720991754bin
Downloading https://repo.maven.apache.org/maven2/com/google/dagger/dagger/2.28.3/dagger-2.28.3.pom to /root/projects/PassVault/audit-runtime-linux-android-host-graph04/gradle-home/.tmp/gradle_download16702692693836771201bin
Resource missing. [HTTP GET: https://dl.google.com/dl/android/maven2/com/google/auto/value/auto-value-parent/1.6.2/auto-value-parent-1.6.2.pom]
Resource missing. [HTTP GET: https://dl.google.com/dl/android/maven2/com/google/errorprone/error_prone_parent/2.3.1/error_prone_parent-2.3.1.pom]
Resource missing. [HTTP GET: https://dl.google.com/dl/android/maven2/com/google/auto/value/auto-value-parent/1.6.2/auto-value-parent-1.6.2.pom]
Resource missing. [HTTP GET: https://dl.google.com/dl/android/maven2/com/google/errorprone/error_prone_parent/2.3.1/error_prone_parent-2.3.1.pom]
Downloading https://repo.maven.apache.org/maven2/com/google/auto/value/auto-value-parent/1.6.2/auto-value-parent-1.6.2.pom to /root/projects/PassVault/audit-runtime-linux-android-host-graph04/gradle-home/.tmp/gradle_download3450592092714365652bin
Downloading https://repo.maven.apache.org/maven2/com/google/errorprone/error_prone_parent/2.3.1/error_prone_parent-2.3.1.pom to /root/projects/PassVault/audit-runtime-linux-android-host-graph04/gradle-home/.tmp/gradle_download8642787939584747173bin
Resource missing. [HTTP GET: https://dl.google.com/dl/android/maven2/com/google/auto/auto-parent/6/auto-parent-6.pom]
Resource missing. [HTTP GET: https://dl.google.com/dl/android/maven2/com/google/auto/auto-parent/6/auto-parent-6.pom]
Downloading https://repo.maven.apache.org/maven2/com/google/auto/auto-parent/6/auto-parent-6.pom to /root/projects/PassVault/audit-runtime-linux-android-host-graph04/gradle-home/.tmp/gradle_download9491104018135213182bin
Downloading https://repo.maven.apache.org/maven2/org/jdom/jdom2/2.0.6/jdom2-2.0.6.pom to /root/projects/PassVault/audit-runtime-linux-android-host-graph04/gradle-home/.tmp/gradle_download16287700077353502092bin
Resource missing. [HTTP GET: https://dl.google.com/dl/android/maven2/com/google/errorprone/error_prone_annotations/2.18.0/error_prone_annotations-2.18.0.pom]
Resource missing. [HTTP GET: https://dl.google.com/dl/android/maven2/com/google/errorprone/error_prone_annotations/2.18.0/error_prone_annotations-2.18.0.pom]
Downloading https://repo.maven.apache.org/maven2/com/google/errorprone/error_prone_annotations/2.18.0/error_prone_annotations-2.18.0.pom to /root/projects/PassVault/audit-runtime-linux-android-host-graph04/gradle-home/.tmp/gradle_download5205748900256592679bin
Resource missing. [HTTP GET: https://dl.google.com/dl/android/maven2/com/google/errorprone/error_prone_parent/2.18.0/error_prone_parent-2.18.0.pom]
Resource missing. [HTTP GET: https://dl.google.com/dl/android/maven2/com/google/errorprone/error_prone_parent/2.18.0/error_prone_parent-2.18.0.pom]
Downloading https://repo.maven.apache.org/maven2/com/google/errorprone/error_prone_parent/2.18.0/error_prone_parent-2.18.0.pom to /root/projects/PassVault/audit-runtime-linux-android-host-graph04/gradle-home/.tmp/gradle_download14841834016917447747bin
Resource missing. [HTTP GET: https://dl.google.com/dl/android/maven2/com/google/j2objc/j2objc-annotations/2.8/j2objc-annotations-2.8.pom]
Resource missing. [HTTP GET: https://dl.google.com/dl/android/maven2/com/google/code/findbugs/jsr305/3.0.2/jsr305-3.0.2.pom]
Resource missing. [HTTP GET: https://dl.google.com/dl/android/maven2/com/google/j2objc/j2objc-annotations/2.8/j2objc-annotations-2.8.pom]
Resource missing. [HTTP GET: https://dl.google.com/dl/android/maven2/com/google/code/findbugs/jsr305/3.0.2/jsr305-3.0.2.pom]
Downloading https://repo.maven.apache.org/maven2/com/google/j2objc/j2objc-annotations/2.8/j2objc-annotations-2.8.pom to /root/projects/PassVault/audit-runtime-linux-android-host-graph04/gradle-home/.tmp/gradle_download11943046806722920375bin
Downloading https://repo.maven.apache.org/maven2/com/google/code/findbugs/jsr305/3.0.2/jsr305-3.0.2.pom to /root/projects/PassVault/audit-runtime-linux-android-host-graph04/gradle-home/.tmp/gradle_download4151494609236800989bin
Downloading https://repo.maven.apache.org/maven2/org/sonatype/oss/oss-parent/9/oss-parent-9.pom to /root/projects/PassVault/audit-runtime-linux-android-host-graph04/gradle-home/.tmp/gradle_download11098299522284554501bin
Resource missing. [HTTP GET: https://dl.google.com/dl/android/maven2/com/google/errorprone/error_prone_annotations/2.27.0/error_prone_annotations-2.27.0.pom]
Resource missing. [HTTP GET: https://dl.google.com/dl/android/maven2/com/google/errorprone/error_prone_annotations/2.27.0/error_prone_annotations-2.27.0.pom]
Downloading https://repo.maven.apache.org/maven2/com/google/errorprone/error_prone_annotations/2.27.0/error_prone_annotations-2.27.0.pom to /root/projects/PassVault/audit-runtime-linux-android-host-graph04/gradle-home/.tmp/gradle_download6054755151038681509bin
Resource missing. [HTTP GET: https://dl.google.com/dl/android/maven2/com/google/errorprone/error_prone_parent/2.27.0/error_prone_parent-2.27.0.pom]
Resource missing. [HTTP GET: https://dl.google.com/dl/android/maven2/com/google/errorprone/error_prone_parent/2.27.0/error_prone_parent-2.27.0.pom]
Downloading https://repo.maven.apache.org/maven2/com/google/errorprone/error_prone_parent/2.27.0/error_prone_parent-2.27.0.pom to /root/projects/PassVault/audit-runtime-linux-android-host-graph04/gradle-home/.tmp/gradle_download14312255318299652449bin
Downloading https://repo.maven.apache.org/maven2/org/checkerframework/checker-qual/2.5.8/checker-qual-2.5.8.pom to /root/projects/PassVault/audit-runtime-linux-android-host-graph04/gradle-home/.tmp/gradle_download778931165978914559bin
Resource missing. [HTTP GET: https://dl.google.com/dl/android/maven2/com/google/flatbuffers/flatbuffers-java/1.12.0/flatbuffers-java-1.12.0.pom]
Resource missing. [HTTP GET: https://dl.google.com/dl/android/maven2/com/google/flatbuffers/flatbuffers-java/1.12.0/flatbuffers-java-1.12.0.pom]
Downloading https://repo.maven.apache.org/maven2/com/google/flatbuffers/flatbuffers-java/1.12.0/flatbuffers-java-1.12.0.pom to /root/projects/PassVault/audit-runtime-linux-android-host-graph04/gradle-home/.tmp/gradle_download944950585695580653bin
Downloading https://repo.maven.apache.org/maven2/com/squareup/javawriter/2.5.0/javawriter-2.5.0.pom to /root/projects/PassVault/audit-runtime-linux-android-host-graph04/gradle-home/.tmp/gradle_download16913575712879036564bin
Downloading https://dl.google.com/dl/android/maven2/com/android/tools/build/apksig/9.4.0/apksig-9.4.0.pom to /root/projects/PassVault/audit-runtime-linux-android-host-graph04/gradle-home/.tmp/gradle_download16022117238340126787bin
Downloading https://dl.google.com/dl/android/maven2/com/android/tools/build/apkzlib/9.4.0/apkzlib-9.4.0.pom to /root/projects/PassVault/audit-runtime-linux-android-host-graph04/gradle-home/.tmp/gradle_download11010708119612067383bin
Downloading https://dl.google.com/dl/android/maven2/com/android/zipflinger/9.4.0/zipflinger-9.4.0.pom to /root/projects/PassVault/audit-runtime-linux-android-host-graph04/gradle-home/.tmp/gradle_download3519563477698857093bin
Downloading https://dl.google.com/dl/android/maven2/com/android/tools/analytics-library/tracker/32.4.0/tracker-32.4.0.pom to /root/projects/PassVault/audit-runtime-linux-android-host-graph04/gradle-home/.tmp/gradle_download5345055136138424546bin
Downloading https://dl.google.com/dl/android/maven2/com/android/tools/build/manifest-merger/32.4.0/manifest-merger-32.4.0.pom to /root/projects/PassVault/audit-runtime-linux-android-host-graph04/gradle-home/.tmp/gradle_download4265906117803322050bin
Downloading https://dl.google.com/dl/android/maven2/com/android/signflinger/9.4.0/signflinger-9.4.0.pom to /root/projects/PassVault/audit-runtime-linux-android-host-graph04/gradle-home/.tmp/gradle_download16877146069618672626bin
Downloading https://dl.google.com/dl/android/maven2/com/android/tools/build/manifest-merger/32.4.0/manifest-merger-32.4.0.module to /root/projects/PassVault/audit-runtime-linux-android-host-graph04/gradle-home/.tmp/gradle_download107388719313371419bin
Downloading https://repo.maven.apache.org/maven2/io/github/detekt/sarif4k/sarif4k-jvm/0.6.0/sarif4k-jvm-0.6.0.pom to /root/projects/PassVault/audit-runtime-linux-android-host-graph04/gradle-home/.tmp/gradle_download16034560420963015786bin
Downloading https://repo.maven.apache.org/maven2/io/github/detekt/sarif4k/sarif4k-jvm/0.6.0/sarif4k-jvm-0.6.0.module to /root/projects/PassVault/audit-runtime-linux-android-host-graph04/gradle-home/.tmp/gradle_download3374676764957609087bin
Downloading https://repo.maven.apache.org/maven2/org/checkerframework/checker-qual/3.43.0/checker-qual-3.43.0.pom to /root/projects/PassVault/audit-runtime-linux-android-host-graph04/gradle-home/.tmp/gradle_download13536155810340818523bin
Downloading https://repo.maven.apache.org/maven2/org/checkerframework/checker-qual/3.43.0/checker-qual-3.43.0.module to /root/projects/PassVault/audit-runtime-linux-android-host-graph04/gradle-home/.tmp/gradle_download15599796627433417967bin
Resource missing. [HTTP GET: https://dl.google.com/dl/android/maven2/com/google/errorprone/error_prone_annotations/2.36.0/error_prone_annotations-2.36.0.pom]
Resource missing. [HTTP GET: https://dl.google.com/dl/android/maven2/com/google/errorprone/error_prone_annotations/2.36.0/error_prone_annotations-2.36.0.pom]
Downloading https://repo.maven.apache.org/maven2/com/google/errorprone/error_prone_annotations/2.36.0/error_prone_annotations-2.36.0.pom to /root/projects/PassVault/audit-runtime-linux-android-host-graph04/gradle-home/.tmp/gradle_download14690276832594358664bin
Resource missing. [HTTP GET: https://dl.google.com/dl/android/maven2/com/google/errorprone/error_prone_parent/2.36.0/error_prone_parent-2.36.0.pom]
Resource missing. [HTTP GET: https://dl.google.com/dl/android/maven2/com/google/errorprone/error_prone_parent/2.36.0/error_prone_parent-2.36.0.pom]
Downloading https://repo.maven.apache.org/maven2/com/google/errorprone/error_prone_parent/2.36.0/error_prone_parent-2.36.0.pom to /root/projects/PassVault/audit-runtime-linux-android-host-graph04/gradle-home/.tmp/gradle_download7261627714259928033bin
Resource missing. [HTTP GET: https://dl.google.com/dl/android/maven2/com/google/j2objc/j2objc-annotations/3.0.0/j2objc-annotations-3.0.0.pom]
Resource missing. [HTTP GET: https://dl.google.com/dl/android/maven2/com/google/j2objc/j2objc-annotations/3.0.0/j2objc-annotations-3.0.0.pom]
Downloading https://repo.maven.apache.org/maven2/com/google/j2objc/j2objc-annotations/3.0.0/j2objc-annotations-3.0.0.pom to /root/projects/PassVault/audit-runtime-linux-android-host-graph04/gradle-home/.tmp/gradle_download3943446345285836235bin
Resource missing. [HTTP GET: https://dl.google.com/dl/android/maven2/com/google/guava/failureaccess/1.0.2/failureaccess-1.0.2.pom]
Resource missing. [HTTP GET: https://dl.google.com/dl/android/maven2/com/google/guava/listenablefuture/9999.0-empty-to-avoid-conflict-with-guava/listenablefuture-9999.0-empty-to-avoid-conflict-with-guava.pom]
Resource missing. [HTTP GET: https://dl.google.com/dl/android/maven2/com/google/guava/failureaccess/1.0.2/failureaccess-1.0.2.pom]
Resource missing. [HTTP GET: https://dl.google.com/dl/android/maven2/com/google/guava/listenablefuture/9999.0-empty-to-avoid-conflict-with-guava/listenablefuture-9999.0-empty-to-avoid-conflict-with-guava.pom]
Downloading https://repo.maven.apache.org/maven2/com/google/guava/failureaccess/1.0.2/failureaccess-1.0.2.pom to /root/projects/PassVault/audit-runtime-linux-android-host-graph04/gradle-home/.tmp/gradle_download16801194515068245723bin
Downloading https://repo.maven.apache.org/maven2/com/google/guava/listenablefuture/9999.0-empty-to-avoid-conflict-with-guava/listenablefuture-9999.0-empty-to-avoid-conflict-with-guava.pom to /root/projects/PassVault/audit-runtime-linux-android-host-graph04/gradle-home/.tmp/gradle_download13303060514569651236bin
Resource missing. [HTTP GET: https://dl.google.com/dl/android/maven2/com/google/guava/guava-parent/26.0-android/guava-parent-26.0-android.pom]
Resource missing. [HTTP GET: https://dl.google.com/dl/android/maven2/com/google/guava/guava-parent/26.0-android/guava-parent-26.0-android.pom]
Downloading https://repo.maven.apache.org/maven2/com/google/guava/guava-parent/26.0-android/guava-parent-26.0-android.pom to /root/projects/PassVault/audit-runtime-linux-android-host-graph04/gradle-home/.tmp/gradle_download7447472092029874908bin
Downloading https://repo.maven.apache.org/maven2/commons-codec/commons-codec/1.17.1/commons-codec-1.17.1.pom to /root/projects/PassVault/audit-runtime-linux-android-host-graph04/gradle-home/.tmp/gradle_download18339554382168471568bin
Downloading https://repo.maven.apache.org/maven2/org/apache/commons/commons-lang3/3.16.0/commons-lang3-3.16.0.pom to /root/projects/PassVault/audit-runtime-linux-android-host-graph04/gradle-home/.tmp/gradle_download7974373427713488532bin
Downloading https://repo.maven.apache.org/maven2/org/apache/commons/commons-parent/71/commons-parent-71.pom to /root/projects/PassVault/audit-runtime-linux-android-host-graph04/gradle-home/.tmp/gradle_download6589471049884198775bin
Downloading https://repo.maven.apache.org/maven2/org/apache/apache/32/apache-32.pom to /root/projects/PassVault/audit-runtime-linux-android-host-graph04/gradle-home/.tmp/gradle_download16256405109309150987bin
Downloading https://repo.maven.apache.org/maven2/org/bouncycastle/bcutil-jdk18on/1.80.2/bcutil-jdk18on-1.80.2.pom to /root/projects/PassVault/audit-runtime-linux-android-host-graph04/gradle-home/.tmp/gradle_download15414974407907864177bin
Downloading https://repo.maven.apache.org/maven2/org/jetbrains/kotlinx/kotlinx-coroutines-core-jvm/1.9.0/kotlinx-coroutines-core-jvm-1.9.0.pom to /root/projects/PassVault/audit-runtime-linux-android-host-graph04/gradle-home/.tmp/gradle_download9035767232996066677bin
Downloading https://repo.maven.apache.org/maven2/org/jetbrains/kotlinx/kotlinx-coroutines-core-jvm/1.9.0/kotlinx-coroutines-core-jvm-1.9.0.module to /root/projects/PassVault/audit-runtime-linux-android-host-graph04/gradle-home/.tmp/gradle_download1040911479161375975bin
Downloading https://repo.maven.apache.org/maven2/commons-logging/commons-logging/1.2/commons-logging-1.2.pom to /root/projects/PassVault/audit-runtime-linux-android-host-graph04/gradle-home/.tmp/gradle_download15567520986314708142bin
Downloading https://repo.maven.apache.org/maven2/org/apache/commons/commons-parent/34/commons-parent-34.pom to /root/projects/PassVault/audit-runtime-linux-android-host-graph04/gradle-home/.tmp/gradle_download14722375664150561120bin
Downloading https://repo.maven.apache.org/maven2/org/apache/apache/13/apache-13.pom to /root/projects/PassVault/audit-runtime-linux-android-host-graph04/gradle-home/.tmp/gradle_download2197229965258332962bin
Downloading https://repo.maven.apache.org/maven2/net/java/dev/jna/jna/5.6.0/jna-5.6.0.pom to /root/projects/PassVault/audit-runtime-linux-android-host-graph04/gradle-home/.tmp/gradle_download2126763295237726778bin
Downloading https://repo.maven.apache.org/maven2/org/jetbrains/kotlinx/kotlinx-serialization-json/1.4.1/kotlinx-serialization-json-1.4.1.pom to /root/projects/PassVault/audit-runtime-linux-android-host-graph04/gradle-home/.tmp/gradle_download7716926428520473858bin
Downloading https://repo.maven.apache.org/maven2/org/jetbrains/kotlinx/kotlinx-serialization-json/1.4.1/kotlinx-serialization-json-1.4.1.module to /root/projects/PassVault/audit-runtime-linux-android-host-graph04/gradle-home/.tmp/gradle_download3319348593761001415bin
Downloading https://repo.maven.apache.org/maven2/org/jetbrains/kotlin/kotlin-stdlib-jdk7/2.2.10/kotlin-stdlib-jdk7-2.2.10.pom to /root/projects/PassVault/audit-runtime-linux-android-host-graph04/gradle-home/.tmp/gradle_download4826822023367284334bin
Downloading https://repo.maven.apache.org/maven2/org/jetbrains/kotlinx/kotlinx-serialization-json-jvm/1.4.1/kotlinx-serialization-json-jvm-1.4.1.pom to /root/projects/PassVault/audit-runtime-linux-android-host-graph04/gradle-home/.tmp/gradle_download3737742369656067182bin
Downloading https://repo.maven.apache.org/maven2/org/jetbrains/kotlinx/kotlinx-serialization-json-jvm/1.4.1/kotlinx-serialization-json-jvm-1.4.1.module to /root/projects/PassVault/audit-runtime-linux-android-host-graph04/gradle-home/.tmp/gradle_download13914103545416491646bin
Downloading https://repo.maven.apache.org/maven2/org/jetbrains/kotlinx/kotlinx-serialization-core/1.4.1/kotlinx-serialization-core-1.4.1.pom to /root/projects/PassVault/audit-runtime-linux-android-host-graph04/gradle-home/.tmp/gradle_download8674650986673120851bin
Downloading https://repo.maven.apache.org/maven2/org/jetbrains/kotlinx/kotlinx-serialization-core/1.4.1/kotlinx-serialization-core-1.4.1.module to /root/projects/PassVault/audit-runtime-linux-android-host-graph04/gradle-home/.tmp/gradle_download11596070145792286947bin
Downloading https://repo.maven.apache.org/maven2/org/jetbrains/kotlin/kotlin-stdlib-common/2.4.0/kotlin-stdlib-common-2.4.0.pom to /root/projects/PassVault/audit-runtime-linux-android-host-graph04/gradle-home/.tmp/gradle_download8987841010685083786bin
Downloading https://repo.maven.apache.org/maven2/org/jetbrains/kotlin/kotlin-stdlib-common/2.4.0/kotlin-stdlib-common-2.4.0.module to /root/projects/PassVault/audit-runtime-linux-android-host-graph04/gradle-home/.tmp/gradle_download8555092043010892873bin
Downloading https://repo.maven.apache.org/maven2/org/jetbrains/kotlinx/kotlinx-serialization-core-jvm/1.4.1/kotlinx-serialization-core-jvm-1.4.1.pom to /root/projects/PassVault/audit-runtime-linux-android-host-graph04/gradle-home/.tmp/gradle_download3907995255873186026bin
Downloading https://repo.maven.apache.org/maven2/org/jetbrains/kotlinx/kotlinx-serialization-core-jvm/1.4.1/kotlinx-serialization-core-jvm-1.4.1.module to /root/projects/PassVault/audit-runtime-linux-android-host-graph04/gradle-home/.tmp/gradle_download6695350204058971704bin
Downloading https://dl.google.com/dl/android/maven2/androidx/room/room-gradle-plugin/2.8.4/room-gradle-plugin-2.8.4.jar to /root/projects/PassVault/audit-runtime-linux-android-host-graph04/gradle-home/.tmp/gradle_download1881200329084806625bin
Downloading https://dl.google.com/dl/android/maven2/com/android/tools/build/gradle-settings-api/9.4.0/gradle-settings-api-9.4.0.jar to /root/projects/PassVault/audit-runtime-linux-android-host-graph04/gradle-home/.tmp/gradle_download1379862585180914506bin
Downloading https://dl.google.com/dl/android/maven2/com/android/tools/build/gradle-common-api/9.4.0/gradle-common-api-9.4.0.jar to /root/projects/PassVault/audit-runtime-linux-android-host-graph04/gradle-home/.tmp/gradle_download6960535722992943241bin
Downloading https://dl.google.com/dl/android/maven2/com/android/tools/build/gradle-api/9.4.0/gradle-api-9.4.0.jar to /root/projects/PassVault/audit-runtime-linux-android-host-graph04/gradle-home/.tmp/gradle_download5711721392268596870bin
Downloading https://dl.google.com/dl/android/maven2/com/android/tools/build/gradle/9.4.0/gradle-9.4.0.jar to /root/projects/PassVault/audit-runtime-linux-android-host-graph04/gradle-home/.tmp/gradle_download8089506219994989222bin
Downloading https://repo.maven.apache.org/maven2/com/google/devtools/ksp/symbol-processing-gradle-plugin/2.3.10/symbol-processing-gradle-plugin-2.3.10.jar to /root/projects/PassVault/audit-runtime-linux-android-host-graph04/gradle-home/.tmp/gradle_download3899459822397435025bin
Downloading https://repo.maven.apache.org/maven2/com/google/devtools/ksp/symbol-processing-api/2.3.10/symbol-processing-api-2.3.10.jar to /root/projects/PassVault/audit-runtime-linux-android-host-graph04/gradle-home/.tmp/gradle_download10054762364119515205bin
Downloading https://repo.maven.apache.org/maven2/com/google/devtools/ksp/symbol-processing-common-deps/2.3.10/symbol-processing-common-deps-2.3.10.jar to /root/projects/PassVault/audit-runtime-linux-android-host-graph04/gradle-home/.tmp/gradle_download9710165926781534347bin
Downloading https://dl.google.com/dl/android/maven2/com/android/tools/build/aaptcompiler/9.4.0/aaptcompiler-9.4.0.jar to /root/projects/PassVault/audit-runtime-linux-android-host-graph04/gradle-home/.tmp/gradle_download3795596011072574452bin
Downloading https://dl.google.com/dl/android/maven2/com/android/tools/utp/gradle-work-action-api/32.4.0/gradle-work-action-api-32.4.0.jar to /root/projects/PassVault/audit-runtime-linux-android-host-graph04/gradle-home/.tmp/gradle_download7098231112706237007bin
Downloading https://dl.google.com/dl/android/maven2/androidx/databinding/databinding-compiler-common/9.4.0/databinding-compiler-common-9.4.0.jar to /root/projects/PassVault/audit-runtime-linux-android-host-graph04/gradle-home/.tmp/gradle_download11275648245863489366bin
Downloading https://dl.google.com/dl/android/maven2/com/android/tools/build/jetifier/jetifier-processor/1.0.0-beta10/jetifier-processor-1.0.0-beta10.jar to /root/projects/PassVault/audit-runtime-linux-android-host-graph04/gradle-home/.tmp/gradle_download6987981676593313460bin
Downloading https://dl.google.com/dl/android/maven2/com/android/tools/build/jetifier/jetifier-core/1.0.0-beta10/jetifier-core-1.0.0-beta10.jar to /root/projects/PassVault/audit-runtime-linux-android-host-graph04/gradle-home/.tmp/gradle_download14155773978347535084bin
Downloading https://dl.google.com/dl/android/maven2/com/android/tools/build/builder/9.4.0/builder-9.4.0.jar to /root/projects/PassVault/audit-runtime-linux-android-host-graph04/gradle-home/.tmp/gradle_download1629879580431306228bin
Downloading https://dl.google.com/dl/android/maven2/com/android/tools/lint/lint-model/32.4.0/lint-model-32.4.0.jar to /root/projects/PassVault/audit-runtime-linux-android-host-graph04/gradle-home/.tmp/gradle_download2714756448722448202bin
Downloading https://dl.google.com/dl/android/maven2/com/android/tools/build/builder-model/9.4.0/builder-model-9.4.0.jar to /root/projects/PassVault/audit-runtime-linux-android-host-graph04/gradle-home/.tmp/gradle_download7855444732432349458bin
Downloading https://dl.google.com/dl/android/maven2/com/android/tools/build/manifest-merger/32.4.0/manifest-merger-32.4.0.jar to /root/projects/PassVault/audit-runtime-linux-android-host-graph04/gradle-home/.tmp/gradle_download9517798849416081214bin
Downloading https://dl.google.com/dl/android/maven2/com/android/tools/sdk-common/32.4.0/sdk-common-32.4.0.jar to /root/projects/PassVault/audit-runtime-linux-android-host-graph04/gradle-home/.tmp/gradle_download5535552081884660179bin
Downloading https://repo.maven.apache.org/maven2/org/jetbrains/kotlin/kotlin-reflect/2.4.0/kotlin-reflect-2.4.0.jar to /root/projects/PassVault/audit-runtime-linux-android-host-graph04/gradle-home/.tmp/gradle_download17597666837673172585bin
Downloading https://dl.google.com/dl/android/maven2/com/android/tools/sdklib/32.4.0/sdklib-32.4.0.jar to /root/projects/PassVault/audit-runtime-linux-android-host-graph04/gradle-home/.tmp/gradle_download14638089141229618616bin
Downloading https://dl.google.com/dl/android/maven2/com/android/tools/repository/32.4.0/repository-32.4.0.jar to /root/projects/PassVault/audit-runtime-linux-android-host-graph04/gradle-home/.tmp/gradle_download2018945971105075186bin
Downloading https://dl.google.com/dl/android/maven2/com/android/tools/analytics-library/tracker/32.4.0/tracker-32.4.0.jar to /root/projects/PassVault/audit-runtime-linux-android-host-graph04/gradle-home/.tmp/gradle_download13035542591374901496bin
Downloading https://dl.google.com/dl/android/maven2/com/android/tools/analytics-library/shared/32.4.0/shared-32.4.0.jar to /root/projects/PassVault/audit-runtime-linux-android-host-graph04/gradle-home/.tmp/gradle_download6222206818566488857bin
Downloading https://dl.google.com/dl/android/maven2/com/android/tools/build/builder-test-api/9.4.0/builder-test-api-9.4.0.jar to /root/projects/PassVault/audit-runtime-linux-android-host-graph04/gradle-home/.tmp/gradle_download6258834578661650831bin
Downloading https://dl.google.com/dl/android/maven2/com/android/tools/ddms/ddmlib/32.4.0/ddmlib-32.4.0.jar to /root/projects/PassVault/audit-runtime-linux-android-host-graph04/gradle-home/.tmp/gradle_download7190785108869375091bin
Downloading https://dl.google.com/dl/android/maven2/com/android/tools/layoutlib/layoutlib-api/32.4.0/layoutlib-api-32.4.0.jar to /root/projects/PassVault/audit-runtime-linux-android-host-graph04/gradle-home/.tmp/gradle_download17183958136621174268bin
Downloading https://dl.google.com/dl/android/maven2/com/android/tools/dvlib/32.4.0/dvlib-32.4.0.jar to /root/projects/PassVault/audit-runtime-linux-android-host-graph04/gradle-home/.tmp/gradle_download5759704554308214932bin
Downloading https://dl.google.com/dl/android/maven2/com/android/tools/common/32.4.0/common-32.4.0.jar to /root/projects/PassVault/audit-runtime-linux-android-host-graph04/gradle-home/.tmp/gradle_download10786718941480459577bin
Downloading https://repo.maven.apache.org/maven2/dev/detekt/detekt-gradle-plugin/2.0.0-alpha.6/detekt-gradle-plugin-2.0.0-alpha.6.jar to /root/projects/PassVault/audit-runtime-linux-android-host-graph04/gradle-home/.tmp/gradle_download14722404382913884998bin
Downloading https://repo.maven.apache.org/maven2/io/github/detekt/sarif4k/sarif4k-jvm/0.6.0/sarif4k-jvm-0.6.0.jar to /root/projects/PassVault/audit-runtime-linux-android-host-graph04/gradle-home/.tmp/gradle_download8893378312061980008bin
Downloading https://repo.maven.apache.org/maven2/org/jetbrains/kotlinx/kotlinx-serialization-json-jvm/1.4.1/kotlinx-serialization-json-jvm-1.4.1.jar to /root/projects/PassVault/audit-runtime-linux-android-host-graph04/gradle-home/.tmp/gradle_download11915085214991486701bin
Downloading https://repo.maven.apache.org/maven2/org/jetbrains/kotlinx/kotlinx-serialization-core-jvm/1.4.1/kotlinx-serialization-core-jvm-1.4.1.jar to /root/projects/PassVault/audit-runtime-linux-android-host-graph04/gradle-home/.tmp/gradle_download7815359695537452604bin
Downloading https://repo.maven.apache.org/maven2/org/jetbrains/kotlin/kotlin-stdlib-jdk8/2.2.10/kotlin-stdlib-jdk8-2.2.10.jar to /root/projects/PassVault/audit-runtime-linux-android-host-graph04/gradle-home/.tmp/gradle_download9469443092048305454bin
Downloading https://repo.maven.apache.org/maven2/org/jetbrains/kotlin/kotlin-serialization/2.4.10/kotlin-serialization-2.4.10-gradle813.jar to /root/projects/PassVault/audit-runtime-linux-android-host-graph04/gradle-home/.tmp/gradle_download6378740886754012665bin
Downloading https://repo.maven.apache.org/maven2/org/jetbrains/kotlin/fus-statistics-gradle-plugin/2.4.10/fus-statistics-gradle-plugin-2.4.10-gradle813.jar to /root/projects/PassVault/audit-runtime-linux-android-host-graph04/gradle-home/.tmp/gradle_download2564456446221113495bin
Downloading https://repo.maven.apache.org/maven2/org/jetbrains/kotlin/kotlin-gradle-plugin-api/2.4.10/kotlin-gradle-plugin-api-2.4.10-gradle813.jar to /root/projects/PassVault/audit-runtime-linux-android-host-graph04/gradle-home/.tmp/gradle_download15911948031132937996bin
Downloading https://repo.maven.apache.org/maven2/org/jetbrains/kotlin/compose-compiler-gradle-plugin/2.4.10/compose-compiler-gradle-plugin-2.4.10-gradle813.jar to /root/projects/PassVault/audit-runtime-linux-android-host-graph04/gradle-home/.tmp/gradle_download16271886636789580038bin
Downloading https://repo.maven.apache.org/maven2/org/jetbrains/kotlin/kotlin-gradle-plugin/2.4.10/kotlin-gradle-plugin-2.4.10-gradle813.jar to /root/projects/PassVault/audit-runtime-linux-android-host-graph04/gradle-home/.tmp/gradle_download9400795055667913853bin
Downloading https://repo.maven.apache.org/maven2/org/jetbrains/kotlin/kotlin-compiler-runner/2.4.10/kotlin-compiler-runner-2.4.10.jar to /root/projects/PassVault/audit-runtime-linux-android-host-graph04/gradle-home/.tmp/gradle_download4479733497385155150bin
Downloading https://repo.maven.apache.org/maven2/org/jetbrains/kotlinx/kotlinx-coroutines-core-jvm/1.9.0/kotlinx-coroutines-core-jvm-1.9.0.jar to /root/projects/PassVault/audit-runtime-linux-android-host-graph04/gradle-home/.tmp/gradle_download18280771240483767616bin
Downloading https://repo.maven.apache.org/maven2/org/jetbrains/kotlin/kotlin-stdlib-jdk7/2.2.10/kotlin-stdlib-jdk7-2.2.10.jar to /root/projects/PassVault/audit-runtime-linux-android-host-graph04/gradle-home/.tmp/gradle_download3899608153349626203bin
Downloading https://repo.maven.apache.org/maven2/org/jetbrains/kotlin/kotlin-stdlib/2.4.0/kotlin-stdlib-2.4.0.jar to /root/projects/PassVault/audit-runtime-linux-android-host-graph04/gradle-home/.tmp/gradle_download1188961577704011792bin
Downloading https://repo.maven.apache.org/maven2/org/jetbrains/annotations/13.0/annotations-13.0.jar to /root/projects/PassVault/audit-runtime-linux-android-host-graph04/gradle-home/.tmp/gradle_download10334724878152496496bin
Downloading https://repo.maven.apache.org/maven2/org/jetbrains/compose/compose-gradle-plugin/1.11.1/compose-gradle-plugin-1.11.1.jar to /root/projects/PassVault/audit-runtime-linux-android-host-graph04/gradle-home/.tmp/gradle_download7664136162863356347bin
Downloading https://repo.maven.apache.org/maven2/org/jetbrains/kotlin/kotlin-gradle-plugin-idea-proto/2.4.10/kotlin-gradle-plugin-idea-proto-2.4.10.jar to /root/projects/PassVault/audit-runtime-linux-android-host-graph04/gradle-home/.tmp/gradle_download3709552681626829419bin
Downloading https://repo.maven.apache.org/maven2/org/jetbrains/kotlin/kotlin-gradle-plugin-idea/2.4.10/kotlin-gradle-plugin-idea-2.4.10.jar to /root/projects/PassVault/audit-runtime-linux-android-host-graph04/gradle-home/.tmp/gradle_download12157494125291912743bin
Downloading https://repo.maven.apache.org/maven2/org/jetbrains/kotlin/kotlin-klib-commonizer-api/2.4.10/kotlin-klib-commonizer-api-2.4.10.jar to /root/projects/PassVault/audit-runtime-linux-android-host-graph04/gradle-home/.tmp/gradle_download14631294167603486095bin
Downloading https://repo.maven.apache.org/maven2/org/jetbrains/kotlin/kotlin-build-statistics/2.4.10/kotlin-build-statistics-2.4.10.jar to /root/projects/PassVault/audit-runtime-linux-android-host-graph04/gradle-home/.tmp/gradle_download4888893792129515978bin
Downloading https://repo.maven.apache.org/maven2/org/jetbrains/kotlin/kotlin-util-klib-metadata/2.4.10/kotlin-util-klib-metadata-2.4.10.jar to /root/projects/PassVault/audit-runtime-linux-android-host-graph04/gradle-home/.tmp/gradle_download11560446990901344124bin
Downloading https://repo.maven.apache.org/maven2/org/jetbrains/compose/hot-reload/hot-reload-gradle-plugin/1.1.1/hot-reload-gradle-plugin-1.1.1.jar to /root/projects/PassVault/audit-runtime-linux-android-host-graph04/gradle-home/.tmp/gradle_download13480453208170928027bin
Downloading https://dl.google.com/dl/android/maven2/com/android/tools/build/bundletool/1.18.3/bundletool-1.18.3.jar to /root/projects/PassVault/audit-runtime-linux-android-host-graph04/gradle-home/.tmp/gradle_download11711235330305434396bin
Downloading https://dl.google.com/dl/android/maven2/com/android/tools/build/aapt2-proto/9.4.0-15978811/aapt2-proto-9.4.0-15978811.jar to /root/projects/PassVault/audit-runtime-linux-android-host-graph04/gradle-home/.tmp/gradle_download17465026738414523848bin
Downloading https://dl.google.com/dl/android/maven2/com/android/tools/analytics-library/crash/32.4.0/crash-32.4.0.jar to /root/projects/PassVault/audit-runtime-linux-android-host-graph04/gradle-home/.tmp/gradle_download13958122733241857211bin
Downloading https://dl.google.com/dl/android/maven2/com/android/tools/lint/lint-typedef-remover/32.4.0/lint-typedef-remover-32.4.0.jar to /root/projects/PassVault/audit-runtime-linux-android-host-graph04/gradle-home/.tmp/gradle_download4069515143890623875bin
Downloading https://dl.google.com/dl/android/maven2/androidx/databinding/databinding-common/9.4.0/databinding-common-9.4.0.jar to /root/projects/PassVault/audit-runtime-linux-android-host-graph04/gradle-home/.tmp/gradle_download18194062531122293448bin
Downloading https://dl.google.com/dl/android/maven2/com/android/databinding/baseLibrary/9.4.0/baseLibrary-9.4.0.jar to /root/projects/PassVault/audit-runtime-linux-android-host-graph04/gradle-home/.tmp/gradle_download14510868387085996814bin
Downloading https://repo.maven.apache.org/maven2/org/apache/httpcomponents/httpmime/4.5.6/httpmime-4.5.6.jar to /root/projects/PassVault/audit-runtime-linux-android-host-graph04/gradle-home/.tmp/gradle_download7663016846995399102bin
Downloading https://repo.maven.apache.org/maven2/org/apache/commons/commons-compress/1.27.1/commons-compress-1.27.1.jar to /root/projects/PassVault/audit-runtime-linux-android-host-graph04/gradle-home/.tmp/gradle_download878336100725983070bin
Downloading https://repo.maven.apache.org/maven2/commons-io/commons-io/2.16.1/commons-io-2.16.1.jar to /root/projects/PassVault/audit-runtime-linux-android-host-graph04/gradle-home/.tmp/gradle_download6384829690764771502bin
Downloading https://repo.maven.apache.org/maven2/org/ow2/asm/asm-commons/9.9/asm-commons-9.9.jar to /root/projects/PassVault/audit-runtime-linux-android-host-graph04/gradle-home/.tmp/gradle_download15319059838243989384bin
Downloading https://repo.maven.apache.org/maven2/org/ow2/asm/asm-util/9.9/asm-util-9.9.jar to /root/projects/PassVault/audit-runtime-linux-android-host-graph04/gradle-home/.tmp/gradle_download10818275496768524719bin
Downloading https://repo.maven.apache.org/maven2/org/ow2/asm/asm-analysis/9.9/asm-analysis-9.9.jar to /root/projects/PassVault/audit-runtime-linux-android-host-graph04/gradle-home/.tmp/gradle_download1533291375483903230bin
Downloading https://repo.maven.apache.org/maven2/org/ow2/asm/asm-tree/9.9/asm-tree-9.9.jar to /root/projects/PassVault/audit-runtime-linux-android-host-graph04/gradle-home/.tmp/gradle_download8680354489593578278bin
Downloading https://repo.maven.apache.org/maven2/org/ow2/asm/asm/9.9/asm-9.9.jar to /root/projects/PassVault/audit-runtime-linux-android-host-graph04/gradle-home/.tmp/gradle_download5900545255902768865bin
Downloading https://repo.maven.apache.org/maven2/org/glassfish/jaxb/jaxb-runtime/2.3.2/jaxb-runtime-2.3.2.jar to /root/projects/PassVault/audit-runtime-linux-android-host-graph04/gradle-home/.tmp/gradle_download10152377020948399964bin
Downloading https://repo.maven.apache.org/maven2/net/sf/jopt-simple/jopt-simple/4.9/jopt-simple-4.9.jar to /root/projects/PassVault/audit-runtime-linux-android-host-graph04/gradle-home/.tmp/gradle_download861425033097186566bin
Downloading https://repo.maven.apache.org/maven2/com/squareup/javapoet/1.13.0/javapoet-1.13.0.jar to /root/projects/PassVault/audit-runtime-linux-android-host-graph04/gradle-home/.tmp/gradle_download7751704296817879512bin
Downloading https://repo.maven.apache.org/maven2/com/google/protobuf/protobuf-java-util/3.25.5/protobuf-java-util-3.25.5.jar to /root/projects/PassVault/audit-runtime-linux-android-host-graph04/gradle-home/.tmp/gradle_download3799303434623864287bin
Downloading https://repo.maven.apache.org/maven2/com/google/crypto/tink/tink/1.7.0/tink-1.7.0.jar to /root/projects/PassVault/audit-runtime-linux-android-host-graph04/gradle-home/.tmp/gradle_download16514128768272278500bin
Downloading https://dl.google.com/dl/android/maven2/com/android/tools/analytics-library/protos/32.4.0/protos-32.4.0.jar to /root/projects/PassVault/audit-runtime-linux-android-host-graph04/gradle-home/.tmp/gradle_download14593804781847342182bin
Downloading https://repo.maven.apache.org/maven2/com/google/protobuf/protobuf-java/3.25.5/protobuf-java-3.25.5.jar to /root/projects/PassVault/audit-runtime-linux-android-host-graph04/gradle-home/.tmp/gradle_download10816815608229116904bin
Downloading https://repo.maven.apache.org/maven2/com/google/code/gson/gson/2.11.0/gson-2.11.0.jar to /root/projects/PassVault/audit-runtime-linux-android-host-graph04/gradle-home/.tmp/gradle_download6435103015407548314bin
Downloading https://repo.maven.apache.org/maven2/org/tensorflow/tensorflow-lite-metadata/0.2.0/tensorflow-lite-metadata-0.2.0.jar to /root/projects/PassVault/audit-runtime-linux-android-host-graph04/gradle-home/.tmp/gradle_download5941662244050926665bin
Downloading https://repo.maven.apache.org/maven2/org/jetbrains/kotlin/kotlin-gradle-plugin-annotations/2.4.10/kotlin-gradle-plugin-annotations-2.4.10.jar to /root/projects/PassVault/audit-runtime-linux-android-host-graph04/gradle-home/.tmp/gradle_download6334170153844566715bin
Downloading https://repo.maven.apache.org/maven2/org/jetbrains/kotlin/kotlin-native-utils/2.4.10/kotlin-native-utils-2.4.10.jar to /root/projects/PassVault/audit-runtime-linux-android-host-graph04/gradle-home/.tmp/gradle_download12426437411024454026bin
Downloading https://repo.maven.apache.org/maven2/org/jetbrains/kotlin/kotlin-tooling-core/2.4.10/kotlin-tooling-core-2.4.10.jar to /root/projects/PassVault/audit-runtime-linux-android-host-graph04/gradle-home/.tmp/gradle_download1060236568454695611bin
Downloading https://repo.maven.apache.org/maven2/org/jetbrains/kotlin/kotlin-build-tools-api/2.4.10/kotlin-build-tools-api-2.4.10.jar to /root/projects/PassVault/audit-runtime-linux-android-host-graph04/gradle-home/.tmp/gradle_download14198972021619021413bin
Downloading https://repo.maven.apache.org/maven2/org/jetbrains/kotlin/kotlin-util-klib/2.4.10/kotlin-util-klib-2.4.10.jar to /root/projects/PassVault/audit-runtime-linux-android-host-graph04/gradle-home/.tmp/gradle_download2432113808603763021bin
Downloading https://repo.maven.apache.org/maven2/org/jetbrains/kotlin/kotlin-util-io/2.4.10/kotlin-util-io-2.4.10.jar to /root/projects/PassVault/audit-runtime-linux-android-host-graph04/gradle-home/.tmp/gradle_download13768914213135461572bin
Downloading https://repo.maven.apache.org/maven2/org/jetbrains/kotlin/kotlin-daemon-client/2.4.10/kotlin-daemon-client-2.4.10.jar to /root/projects/PassVault/audit-runtime-linux-android-host-graph04/gradle-home/.tmp/gradle_download1024180448563108252bin
Downloading https://repo.maven.apache.org/maven2/com/google/jimfs/jimfs/1.1/jimfs-1.1.jar to /root/projects/PassVault/audit-runtime-linux-android-host-graph04/gradle-home/.tmp/gradle_download1417800712824310156bin
Downloading https://dl.google.com/dl/android/maven2/com/android/tools/build/apkzlib/9.4.0/apkzlib-9.4.0.jar to /root/projects/PassVault/audit-runtime-linux-android-host-graph04/gradle-home/.tmp/gradle_download1849427397485991407bin
Downloading https://repo.maven.apache.org/maven2/com/google/guava/guava/33.4.0-jre/guava-33.4.0-jre.jar to /root/projects/PassVault/audit-runtime-linux-android-host-graph04/gradle-home/.tmp/gradle_download15211263338579427073bin
Downloading https://repo.maven.apache.org/maven2/com/google/dagger/dagger/2.28.3/dagger-2.28.3.jar to /root/projects/PassVault/audit-runtime-linux-android-host-graph04/gradle-home/.tmp/gradle_download15341426254721542267bin
Downloading https://repo.maven.apache.org/maven2/javax/inject/javax.inject/1/javax.inject-1.jar to /root/projects/PassVault/audit-runtime-linux-android-host-graph04/gradle-home/.tmp/gradle_download8999098084396030621bin
Downloading https://repo.maven.apache.org/maven2/net/sf/kxml/kxml2/2.3.0/kxml2-2.3.0.jar to /root/projects/PassVault/audit-runtime-linux-android-host-graph04/gradle-home/.tmp/gradle_download13156676565717858068bin
Downloading https://repo.maven.apache.org/maven2/org/bouncycastle/bcpkix-jdk18on/1.80.2/bcpkix-jdk18on-1.80.2.jar to /root/projects/PassVault/audit-runtime-linux-android-host-graph04/gradle-home/.tmp/gradle_download16542864515863277398bin
Downloading https://repo.maven.apache.org/maven2/org/bouncycastle/bcutil-jdk18on/1.80.2/bcutil-jdk18on-1.80.2.jar to /root/projects/PassVault/audit-runtime-linux-android-host-graph04/gradle-home/.tmp/gradle_download1430644174367782091bin
Downloading https://repo.maven.apache.org/maven2/org/bouncycastle/bcprov-jdk18on/1.80.2/bcprov-jdk18on-1.80.2.jar to /root/projects/PassVault/audit-runtime-linux-android-host-graph04/gradle-home/.tmp/gradle_download12537617433732821191bin
Downloading https://repo.maven.apache.org/maven2/org/apache/httpcomponents/httpclient/4.5.14/httpclient-4.5.14.jar to /root/projects/PassVault/audit-runtime-linux-android-host-graph04/gradle-home/.tmp/gradle_download10865529968287511056bin
Downloading https://repo.maven.apache.org/maven2/org/apache/httpcomponents/httpcore/4.4.16/httpcore-4.4.16.jar to /root/projects/PassVault/audit-runtime-linux-android-host-graph04/gradle-home/.tmp/gradle_download9807985915975410096bin
Downloading https://dl.google.com/dl/android/maven2/com/android/signflinger/9.4.0/signflinger-9.4.0.jar to /root/projects/PassVault/audit-runtime-linux-android-host-graph04/gradle-home/.tmp/gradle_download902446614788873670bin
Downloading https://dl.google.com/dl/android/maven2/com/android/zipflinger/9.4.0/zipflinger-9.4.0.jar to /root/projects/PassVault/audit-runtime-linux-android-host-graph04/gradle-home/.tmp/gradle_download16197694473210358451bin
Downloading https://dl.google.com/dl/android/maven2/com/android/tools/annotations/32.4.0/annotations-32.4.0.jar to /root/projects/PassVault/audit-runtime-linux-android-host-graph04/gradle-home/.tmp/gradle_download9546358987559484026bin
Downloading https://repo.maven.apache.org/maven2/net/java/dev/jna/jna-platform/5.6.0/jna-platform-5.6.0.jar to /root/projects/PassVault/audit-runtime-linux-android-host-graph04/gradle-home/.tmp/gradle_download17833131282741537267bin
Downloading https://repo.maven.apache.org/maven2/com/googlecode/juniversalchardet/juniversalchardet/1.0.3/juniversalchardet-1.0.3.jar to /root/projects/PassVault/audit-runtime-linux-android-host-graph04/gradle-home/.tmp/gradle_download10931977557876372020bin
Downloading https://repo.maven.apache.org/maven2/org/jvnet/staxex/stax-ex/1.8.1/stax-ex-1.8.1.jar to /root/projects/PassVault/audit-runtime-linux-android-host-graph04/gradle-home/.tmp/gradle_download6537515523566012416bin
Downloading https://repo.maven.apache.org/maven2/jakarta/xml/bind/jakarta.xml.bind-api/2.3.2/jakarta.xml.bind-api-2.3.2.jar to /root/projects/PassVault/audit-runtime-linux-android-host-graph04/gradle-home/.tmp/gradle_download7210977215151685257bin
Downloading https://repo.maven.apache.org/maven2/org/glassfish/jaxb/txw2/2.3.2/txw2-2.3.2.jar to /root/projects/PassVault/audit-runtime-linux-android-host-graph04/gradle-home/.tmp/gradle_download2346520273193788354bin
Downloading https://repo.maven.apache.org/maven2/com/sun/istack/istack-commons-runtime/3.0.8/istack-commons-runtime-3.0.8.jar to /root/projects/PassVault/audit-runtime-linux-android-host-graph04/gradle-home/.tmp/gradle_download8097093874951343791bin
Downloading https://repo.maven.apache.org/maven2/com/sun/xml/fastinfoset/FastInfoset/1.2.16/FastInfoset-1.2.16.jar to /root/projects/PassVault/audit-runtime-linux-android-host-graph04/gradle-home/.tmp/gradle_download14401383646950567832bin
Downloading https://repo.maven.apache.org/maven2/jakarta/activation/jakarta.activation-api/1.2.1/jakarta.activation-api-1.2.1.jar to /root/projects/PassVault/audit-runtime-linux-android-host-graph04/gradle-home/.tmp/gradle_download15596964382155941965bin
Downloading https://repo.maven.apache.org/maven2/com/google/auto/value/auto-value-annotations/1.6.2/auto-value-annotations-1.6.2.jar to /root/projects/PassVault/audit-runtime-linux-android-host-graph04/gradle-home/.tmp/gradle_download15812608695952268541bin
Downloading https://repo.maven.apache.org/maven2/com/google/errorprone/error_prone_annotations/2.36.0/error_prone_annotations-2.36.0.jar to /root/projects/PassVault/audit-runtime-linux-android-host-graph04/gradle-home/.tmp/gradle_download1501129648924306116bin
Downloading https://repo.maven.apache.org/maven2/org/bitbucket/b_c/jose4j/0.9.5/jose4j-0.9.5.jar to /root/projects/PassVault/audit-runtime-linux-android-host-graph04/gradle-home/.tmp/gradle_download1105888302858380507bin
Downloading https://repo.maven.apache.org/maven2/org/slf4j/slf4j-api/1.7.30/slf4j-api-1.7.30.jar to /root/projects/PassVault/audit-runtime-linux-android-host-graph04/gradle-home/.tmp/gradle_download15935252347655218394bin
Downloading https://repo.maven.apache.org/maven2/org/jdom/jdom2/2.0.6/jdom2-2.0.6.jar to /root/projects/PassVault/audit-runtime-linux-android-host-graph04/gradle-home/.tmp/gradle_download922390124137438811bin
Downloading https://repo.maven.apache.org/maven2/com/google/code/findbugs/jsr305/3.0.2/jsr305-3.0.2.jar to /root/projects/PassVault/audit-runtime-linux-android-host-graph04/gradle-home/.tmp/gradle_download9835830640234609390bin
Downloading https://repo.maven.apache.org/maven2/com/google/j2objc/j2objc-annotations/3.0.0/j2objc-annotations-3.0.0.jar to /root/projects/PassVault/audit-runtime-linux-android-host-graph04/gradle-home/.tmp/gradle_download9936717546606343962bin
Downloading https://repo.maven.apache.org/maven2/org/checkerframework/checker-qual/3.43.0/checker-qual-3.43.0.jar to /root/projects/PassVault/audit-runtime-linux-android-host-graph04/gradle-home/.tmp/gradle_download4223713539807838099bin
Downloading https://repo.maven.apache.org/maven2/com/google/flatbuffers/flatbuffers-java/1.12.0/flatbuffers-java-1.12.0.jar to /root/projects/PassVault/audit-runtime-linux-android-host-graph04/gradle-home/.tmp/gradle_download15483162608262824881bin
Downloading https://dl.google.com/dl/android/maven2/com/android/tools/build/apksig/9.4.0/apksig-9.4.0.jar to /root/projects/PassVault/audit-runtime-linux-android-host-graph04/gradle-home/.tmp/gradle_download18433390409343773806bin
Downloading https://repo.maven.apache.org/maven2/com/squareup/javawriter/2.5.0/javawriter-2.5.0.jar to /root/projects/PassVault/audit-runtime-linux-android-host-graph04/gradle-home/.tmp/gradle_download1683044465246163453bin
Downloading https://repo.maven.apache.org/maven2/com/google/guava/failureaccess/1.0.2/failureaccess-1.0.2.jar to /root/projects/PassVault/audit-runtime-linux-android-host-graph04/gradle-home/.tmp/gradle_download5073090337342128857bin
Downloading https://repo.maven.apache.org/maven2/com/google/guava/listenablefuture/9999.0-empty-to-avoid-conflict-with-guava/listenablefuture-9999.0-empty-to-avoid-conflict-with-guava.jar to /root/projects/PassVault/audit-runtime-linux-android-host-graph04/gradle-home/.tmp/gradle_download17713959221809827740bin
Downloading https://repo.maven.apache.org/maven2/commons-codec/commons-codec/1.17.1/commons-codec-1.17.1.jar to /root/projects/PassVault/audit-runtime-linux-android-host-graph04/gradle-home/.tmp/gradle_download9624861952326803047bin
Downloading https://repo.maven.apache.org/maven2/org/apache/commons/commons-lang3/3.16.0/commons-lang3-3.16.0.jar to /root/projects/PassVault/audit-runtime-linux-android-host-graph04/gradle-home/.tmp/gradle_download11329514884753278970bin
Downloading https://repo.maven.apache.org/maven2/commons-logging/commons-logging/1.2/commons-logging-1.2.jar to /root/projects/PassVault/audit-runtime-linux-android-host-graph04/gradle-home/.tmp/gradle_download9848708934315091665bin
Downloading https://repo.maven.apache.org/maven2/net/java/dev/jna/jna/5.6.0/jna-5.6.0.jar to /root/projects/PassVault/audit-runtime-linux-android-host-graph04/gradle-home/.tmp/gradle_download15822354105537156070bin
Caching disabled for InstrumentationAnalysisTransform: /root/projects/PassVault/audit-runtime-linux-android-host-graph04/gradle-home/caches/modules-2/files-2.1/androidx.room/room-gradle-plugin/2.8.4/3f28d654bf30e354803b2d89f15fc227a799b325/room-gradle-plugin-2.8.4.jar because:
  Build cache is disabled
  Caching not enabled.
Caching disabled for InstrumentationAnalysisTransform: /root/projects/PassVault/audit-runtime-linux-android-host-graph04/gradle-home/caches/modules-2/files-2.1/com.android.tools.build/gradle-settings-api/9.4.0/fcfedf9a56578511894c869f71eaecafbf5e49e6/gradle-settings-api-9.4.0.jar because:
  Build cache is disabled
  Caching not enabled.
Caching disabled for InstrumentationAnalysisTransform: /root/projects/PassVault/audit-runtime-linux-android-host-graph04/gradle-home/caches/modules-2/files-2.1/com.android.tools.build/gradle-common-api/9.4.0/188fc42710d4072ae7f02415b497fe311041b555/gradle-common-api-9.4.0.jar because:
  Build cache is disabled
  Caching not enabled.
Caching disabled for InstrumentationAnalysisTransform: /root/projects/PassVault/audit-runtime-linux-android-host-graph04/gradle-home/caches/modules-2/files-2.1/com.android.tools.build/gradle-api/9.4.0/4b8d719df49cceafe003db8277780acfab8b0d0d/gradle-api-9.4.0.jar because:
  Build cache is disabled
  Caching not enabled.
Caching disabled for InstrumentationAnalysisTransform: /root/projects/PassVault/audit-runtime-linux-android-host-graph04/gradle-home/caches/modules-2/files-2.1/com.android.tools.build/gradle/9.4.0/4bf388abd58d7a14e9571c2524b3c5c54083a5c7/gradle-9.4.0.jar because:
  Build cache is disabled
  Caching not enabled.
Caching disabled for InstrumentationAnalysisTransform: /root/projects/PassVault/audit-runtime-linux-android-host-graph04/gradle-home/caches/modules-2/files-2.1/com.google.devtools.ksp/symbol-processing-gradle-plugin/2.3.10/305dc21d624de19d002813606ff7251997ac90e4/symbol-processing-gradle-plugin-2.3.10.jar because:
  Build cache is disabled
  Caching not enabled.
Caching disabled for InstrumentationAnalysisTransform: /root/projects/PassVault/audit-runtime-linux-android-host-graph04/gradle-home/caches/modules-2/files-2.1/com.google.devtools.ksp/symbol-processing-api/2.3.10/a6f7d2f5cb6f63aed0e07eb53db1bf6ed07151d6/symbol-processing-api-2.3.10.jar because:
  Build cache is disabled
  Caching not enabled.
Caching disabled for InstrumentationAnalysisTransform: /root/projects/PassVault/audit-runtime-linux-android-host-graph04/gradle-home/caches/modules-2/files-2.1/com.google.devtools.ksp/symbol-processing-common-deps/2.3.10/f0bb28d7b911d8bd53e480c4678badbdede9507b/symbol-processing-common-deps-2.3.10.jar because:
  Build cache is disabled
  Caching not enabled.
Caching disabled for InstrumentationAnalysisTransform: /root/projects/PassVault/audit-runtime-linux-android-host-graph04/gradle-home/caches/modules-2/files-2.1/com.android.tools.build/aaptcompiler/9.4.0/618464e735fb0db6c4fad5906121ffd229a0afe9/aaptcompiler-9.4.0.jar because:
  Build cache is disabled
  Caching not enabled.
Caching disabled for InstrumentationAnalysisTransform: /root/projects/PassVault/audit-runtime-linux-android-host-graph04/gradle-home/caches/modules-2/files-2.1/com.android.tools.utp/gradle-work-action-api/32.4.0/a3b3019fa407b16a9b15e764f4b1ac5f2df9d11b/gradle-work-action-api-32.4.0.jar because:
  Build cache is disabled
  Caching not enabled.
Caching disabled for InstrumentationAnalysisTransform: /root/projects/PassVault/audit-runtime-linux-android-host-graph04/gradle-home/caches/modules-2/files-2.1/androidx.databinding/databinding-compiler-common/9.4.0/ee18738f9b4b0611aea6428eaad49fb9c168523e/databinding-compiler-common-9.4.0.jar because:
  Build cache is disabled
  Caching not enabled.
Caching disabled for InstrumentationAnalysisTransform: /root/projects/PassVault/audit-runtime-linux-android-host-graph04/gradle-home/caches/modules-2/files-2.1/com.android.tools.build.jetifier/jetifier-processor/1.0.0-beta10/946c39eb0c052ff4f60a8939648a8b99af20d604/jetifier-processor-1.0.0-beta10.jar because:
  Build cache is disabled
  Caching not enabled.
Caching disabled for InstrumentationAnalysisTransform: /root/projects/PassVault/audit-runtime-linux-android-host-graph04/gradle-home/caches/modules-2/files-2.1/com.android.tools.build.jetifier/jetifier-core/1.0.0-beta10/6e621022a9c95af12a7004d6b55805bbd1126837/jetifier-core-1.0.0-beta10.jar because:
  Build cache is disabled
  Caching not enabled.
Caching disabled for InstrumentationAnalysisTransform: /root/projects/PassVault/audit-runtime-linux-android-host-graph04/gradle-home/caches/modules-2/files-2.1/com.android.tools.build/builder/9.4.0/d1d5f9a479131e45d876213b674c9fd1a8a2d6ea/builder-9.4.0.jar because:
  Build cache is disabled
  Caching not enabled.
Caching disabled for InstrumentationAnalysisTransform: /root/projects/PassVault/audit-runtime-linux-android-host-graph04/gradle-home/caches/modules-2/files-2.1/com.android.tools.lint/lint-model/32.4.0/2a01476159d9ab4b0f12e84f41f5a3a142414c6/lint-model-32.4.0.jar because:
  Build cache is disabled
  Caching not enabled.
Caching disabled for InstrumentationAnalysisTransform: /root/projects/PassVault/audit-runtime-linux-android-host-graph04/gradle-home/caches/modules-2/files-2.1/com.android.tools.build/builder-model/9.4.0/2edee2cd225a6dc43276d3328a3ffac827694a9f/builder-model-9.4.0.jar because:
  Build cache is disabled
  Caching not enabled.
Caching disabled for InstrumentationAnalysisTransform: /root/projects/PassVault/audit-runtime-linux-android-host-graph04/gradle-home/caches/modules-2/files-2.1/com.android.tools.build/manifest-merger/32.4.0/69a65bba12474ac5a1cf407def4f118bcd94b8dc/manifest-merger-32.4.0.jar because:
  Build cache is disabled
  Caching not enabled.
Caching disabled for InstrumentationAnalysisTransform: /root/projects/PassVault/audit-runtime-linux-android-host-graph04/gradle-home/caches/modules-2/files-2.1/com.android.tools/sdk-common/32.4.0/aa7fdb85569977f294b4fba5b1451b5a14d6c422/sdk-common-32.4.0.jar because:
  Build cache is disabled
  Caching not enabled.
Caching disabled for InstrumentationAnalysisTransform: /root/projects/PassVault/audit-runtime-linux-android-host-graph04/gradle-home/caches/modules-2/files-2.1/org.jetbrains.kotlin/kotlin-reflect/2.4.0/532cc727c0960d12f4c9acb6a6c2c4a3e08187b/kotlin-reflect-2.4.0.jar because:
  Build cache is disabled
  Caching not enabled.
Caching disabled for InstrumentationAnalysisTransform: /root/projects/PassVault/audit-runtime-linux-android-host-graph04/gradle-home/caches/modules-2/files-2.1/com.android.tools/sdklib/32.4.0/16b34ddee0d33385dbce03577a83b1c1e09aff3a/sdklib-32.4.0.jar because:
  Build cache is disabled
  Caching not enabled.
Caching disabled for InstrumentationAnalysisTransform: /root/projects/PassVault/audit-runtime-linux-android-host-graph04/gradle-home/caches/modules-2/files-2.1/com.android.tools/repository/32.4.0/8b46d4a01e62b854aaad0f32b09b04576652d97b/repository-32.4.0.jar because:
  Build cache is disabled
  Caching not enabled.
Caching disabled for InstrumentationAnalysisTransform: /root/projects/PassVault/audit-runtime-linux-android-host-graph04/gradle-home/caches/modules-2/files-2.1/com.android.tools.analytics-library/tracker/32.4.0/e5b8d9ea7f4dc2354d302a76b8b1eedb23557e78/tracker-32.4.0.jar because:
  Build cache is disabled
  Caching not enabled.
Caching disabled for InstrumentationAnalysisTransform: /root/projects/PassVault/audit-runtime-linux-android-host-graph04/gradle-home/caches/modules-2/files-2.1/com.android.tools.analytics-library/shared/32.4.0/429c17cd9d8efce819180878b2375d4a5c4ff2aa/shared-32.4.0.jar because:
  Build cache is disabled
  Caching not enabled.
Caching disabled for InstrumentationAnalysisTransform: /root/projects/PassVault/audit-runtime-linux-android-host-graph04/gradle-home/caches/modules-2/files-2.1/com.android.tools.build/builder-test-api/9.4.0/a6e38343c3f6fd6ce1f833e569bce4b2d85b0182/builder-test-api-9.4.0.jar because:
  Build cache is disabled
  Caching not enabled.
Caching disabled for InstrumentationAnalysisTransform: /root/projects/PassVault/audit-runtime-linux-android-host-graph04/gradle-home/caches/modules-2/files-2.1/com.android.tools.ddms/ddmlib/32.4.0/47a5071917cd3269367f3a6b8e717abfe949db25/ddmlib-32.4.0.jar because:
  Build cache is disabled
  Caching not enabled.
Caching disabled for InstrumentationAnalysisTransform: /root/projects/PassVault/audit-runtime-linux-android-host-graph04/gradle-home/caches/modules-2/files-2.1/com.android.tools.layoutlib/layoutlib-api/32.4.0/8f655b3d30a60639f6ece73c9721caa86966e9ed/layoutlib-api-32.4.0.jar because:
  Build cache is disabled
  Caching not enabled.
Caching disabled for InstrumentationAnalysisTransform: /root/projects/PassVault/audit-runtime-linux-android-host-graph04/gradle-home/caches/modules-2/files-2.1/com.android.tools/dvlib/32.4.0/ddf23cd64ef10c248076fc4d7011c7d8250385cd/dvlib-32.4.0.jar because:
  Build cache is disabled
  Caching not enabled.
Caching disabled for InstrumentationAnalysisTransform: /root/projects/PassVault/audit-runtime-linux-android-host-graph04/gradle-home/caches/modules-2/files-2.1/com.android.tools/common/32.4.0/e726669a2e96bd6a0d68bb48d9a6bf09210f5c1a/common-32.4.0.jar because:
  Build cache is disabled
  Caching not enabled.
Caching disabled for InstrumentationAnalysisTransform: /root/projects/PassVault/audit-runtime-linux-android-host-graph04/gradle-home/caches/modules-2/files-2.1/dev.detekt/detekt-gradle-plugin/2.0.0-alpha.6/ae5ae80c78324d77ef1513d7cc63ab9b698bd335/detekt-gradle-plugin-2.0.0-alpha.6.jar because:
  Build cache is disabled
  Caching not enabled.
Caching disabled for InstrumentationAnalysisTransform: /root/projects/PassVault/audit-runtime-linux-android-host-graph04/gradle-home/caches/modules-2/files-2.1/io.github.detekt.sarif4k/sarif4k-jvm/0.6.0/a0f3805c3fdd35ff6619e8f057ce50ff1aac7145/sarif4k-jvm-0.6.0.jar because:
  Build cache is disabled
  Caching not enabled.
Caching disabled for InstrumentationAnalysisTransform: /root/projects/PassVault/audit-runtime-linux-android-host-graph04/gradle-home/caches/modules-2/files-2.1/org.jetbrains.kotlinx/kotlinx-serialization-json-jvm/1.4.1/e6430b33f06dcdff88998abfcb2e78bc3cd0a1f6/kotlinx-serialization-json-jvm-1.4.1.jar because:
  Build cache is disabled
  Caching not enabled.
Caching disabled for InstrumentationAnalysisTransform: /root/projects/PassVault/audit-runtime-linux-android-host-graph04/gradle-home/caches/modules-2/files-2.1/org.jetbrains.kotlinx/kotlinx-serialization-core-jvm/1.4.1/e0c2c11e5d0d541ca343c8f09602c0c2287d15a1/kotlinx-serialization-core-jvm-1.4.1.jar because:
  Build cache is disabled
  Caching not enabled.
Caching disabled for InstrumentationAnalysisTransform: /root/projects/PassVault/audit-runtime-linux-android-host-graph04/gradle-home/caches/modules-2/files-2.1/org.jetbrains.kotlin/kotlin-stdlib-jdk8/2.2.10/80cc9a776a058eeda7053731350bc41af8858a5a/kotlin-stdlib-jdk8-2.2.10.jar because:
  Build cache is disabled
  Caching not enabled.
Caching disabled for InstrumentationAnalysisTransform: /root/projects/PassVault/audit-runtime-linux-android-host-graph04/gradle-home/caches/modules-2/files-2.1/org.jetbrains.kotlin/kotlin-serialization/2.4.10/44ea603b799fe4b3900cfdb5fc2879638258ccf/kotlin-serialization-2.4.10-gradle813.jar because:
  Build cache is disabled
  Caching not enabled.
Caching disabled for InstrumentationAnalysisTransform: /root/projects/PassVault/audit-runtime-linux-android-host-graph04/gradle-home/caches/modules-2/files-2.1/org.jetbrains.kotlin/fus-statistics-gradle-plugin/2.4.10/9d2373587d4c591036e79e877b6b5f0a105a052d/fus-statistics-gradle-plugin-2.4.10-gradle813.jar because:
  Build cache is disabled
  Caching not enabled.
Caching disabled for InstrumentationAnalysisTransform: /root/projects/PassVault/audit-runtime-linux-android-host-graph04/gradle-home/caches/modules-2/files-2.1/org.jetbrains.kotlin/kotlin-gradle-plugin-api/2.4.10/57abfa0230a1ffc31556110bff4b946b55967ba3/kotlin-gradle-plugin-api-2.4.10-gradle813.jar because:
  Build cache is disabled
  Caching not enabled.
Caching disabled for InstrumentationAnalysisTransform: /root/projects/PassVault/audit-runtime-linux-android-host-graph04/gradle-home/caches/modules-2/files-2.1/org.jetbrains.kotlin/compose-compiler-gradle-plugin/2.4.10/380183bbebcd293bd84e8738d012bc3b0403408c/compose-compiler-gradle-plugin-2.4.10-gradle813.jar because:
  Build cache is disabled
  Caching not enabled.
Caching disabled for InstrumentationAnalysisTransform: /root/projects/PassVault/audit-runtime-linux-android-host-graph04/gradle-home/caches/modules-2/files-2.1/org.jetbrains.kotlin/kotlin-gradle-plugin/2.4.10/54e85b6639aa6819abc9985612e470576540e8ec/kotlin-gradle-plugin-2.4.10-gradle813.jar because:
  Build cache is disabled
  Caching not enabled.
Caching disabled for InstrumentationAnalysisTransform: /root/projects/PassVault/audit-runtime-linux-android-host-graph04/gradle-home/caches/modules-2/files-2.1/org.jetbrains.kotlin/kotlin-compiler-runner/2.4.10/db761b9c5e0a67bcea290bc7e0700a7075af97de/kotlin-compiler-runner-2.4.10.jar because:
  Build cache is disabled
  Caching not enabled.
Caching disabled for InstrumentationAnalysisTransform: /root/projects/PassVault/audit-runtime-linux-android-host-graph04/gradle-home/caches/modules-2/files-2.1/org.jetbrains.kotlinx/kotlinx-coroutines-core-jvm/1.9.0/9beade4c1c1569e4f36cbd2c37e02e3e41502601/kotlinx-coroutines-core-jvm-1.9.0.jar because:
  Build cache is disabled
  Caching not enabled.
Caching disabled for InstrumentationAnalysisTransform: /root/projects/PassVault/audit-runtime-linux-android-host-graph04/gradle-home/caches/modules-2/files-2.1/org.jetbrains.kotlin/kotlin-stdlib-jdk7/2.2.10/18cc96ae090a71726822631e1808c7d329faab5d/kotlin-stdlib-jdk7-2.2.10.jar because:
  Build cache is disabled
  Caching not enabled.
Caching disabled for InstrumentationAnalysisTransform: /root/projects/PassVault/audit-runtime-linux-android-host-graph04/gradle-home/caches/modules-2/files-2.1/org.jetbrains.kotlin/kotlin-stdlib/2.4.0/4e9f4b531dce5c7dee58ed2de9a8b9a763c8dc6c/kotlin-stdlib-2.4.0.jar because:
  Build cache is disabled
  Caching not enabled.
Caching disabled for InstrumentationAnalysisTransform: /root/projects/PassVault/audit-runtime-linux-android-host-graph04/gradle-home/caches/modules-2/files-2.1/org.jetbrains/annotations/13.0/919f0dfe192fb4e063e7dacadee7f8bb9a2672a9/annotations-13.0.jar because:
  Build cache is disabled
  Caching not enabled.
Caching disabled for InstrumentationAnalysisTransform: /root/projects/PassVault/audit-runtime-linux-android-host-graph04/gradle-home/caches/modules-2/files-2.1/org.jetbrains.compose/compose-gradle-plugin/1.11.1/84e978c779bd496be8b922e87559e88190521ce5/compose-gradle-plugin-1.11.1.jar because:
  Build cache is disabled
  Caching not enabled.
Caching disabled for InstrumentationAnalysisTransform: /root/projects/PassVault/audit-runtime-linux-android-host-graph04/gradle-home/caches/modules-2/files-2.1/org.jetbrains.kotlin/kotlin-gradle-plugin-idea-proto/2.4.10/e3b327b851ffdd00917458e4e4240f349e04c234/kotlin-gradle-plugin-idea-proto-2.4.10.jar because:
  Build cache is disabled
  Caching not enabled.
Caching disabled for InstrumentationAnalysisTransform: /root/projects/PassVault/audit-runtime-linux-android-host-graph04/gradle-home/caches/modules-2/files-2.1/org.jetbrains.kotlin/kotlin-gradle-plugin-idea/2.4.10/905431b905fbd7c516de862a1179d7ab5fae3955/kotlin-gradle-plugin-idea-2.4.10.jar because:
  Build cache is disabled
  Caching not enabled.
Caching disabled for InstrumentationAnalysisTransform: /root/projects/PassVault/audit-runtime-linux-android-host-graph04/gradle-home/caches/modules-2/files-2.1/org.jetbrains.kotlin/kotlin-klib-commonizer-api/2.4.10/3339c9ce1b5f60fed1048142d9c71c7181662641/kotlin-klib-commonizer-api-2.4.10.jar because:
  Build cache is disabled
  Caching not enabled.
Caching disabled for InstrumentationAnalysisTransform: /root/projects/PassVault/audit-runtime-linux-android-host-graph04/gradle-home/caches/modules-2/files-2.1/org.jetbrains.kotlin/kotlin-build-statistics/2.4.10/3e16cd72908cbc218f6b2124a4bdaa26d885de6b/kotlin-build-statistics-2.4.10.jar because:
  Build cache is disabled
  Caching not enabled.
Caching disabled for InstrumentationAnalysisTransform: /root/projects/PassVault/audit-runtime-linux-android-host-graph04/gradle-home/caches/modules-2/files-2.1/org.jetbrains.kotlin/kotlin-util-klib-metadata/2.4.10/5d0b35631780153637205c66a75aa61c3fa2adc8/kotlin-util-klib-metadata-2.4.10.jar because:
  Build cache is disabled
  Caching not enabled.
Caching disabled for InstrumentationAnalysisTransform: /root/projects/PassVault/audit-runtime-linux-android-host-graph04/gradle-home/caches/modules-2/files-2.1/org.jetbrains.compose.hot-reload/hot-reload-gradle-plugin/1.1.1/6d3c8fc18f34ab5ebce4fc736bcf301bf01f43d/hot-reload-gradle-plugin-1.1.1.jar because:
  Build cache is disabled
  Caching not enabled.
Caching disabled for InstrumentationAnalysisTransform: /root/projects/PassVault/audit-runtime-linux-android-host-graph04/gradle-home/caches/modules-2/files-2.1/com.android.tools.build/bundletool/1.18.3/8d7bee8e57a4158a872ed99190a60a498c2adc8d/bundletool-1.18.3.jar because:
  Build cache is disabled
  Caching not enabled.
Caching disabled for InstrumentationAnalysisTransform: /root/projects/PassVault/audit-runtime-linux-android-host-graph04/gradle-home/caches/modules-2/files-2.1/com.android.tools.build/aapt2-proto/9.4.0-15978811/cbffec6e4effe25da0382f547eafab6d38847f9c/aapt2-proto-9.4.0-15978811.jar because:
  Build cache is disabled
  Caching not enabled.
Caching disabled for InstrumentationAnalysisTransform: /root/projects/PassVault/audit-runtime-linux-android-host-graph04/gradle-home/caches/modules-2/files-2.1/com.android.tools.analytics-library/crash/32.4.0/e7c2cc7bcc18c49f1eeb778f61be590cc32fbfdd/crash-32.4.0.jar because:
  Build cache is disabled
  Caching not enabled.
Caching disabled for InstrumentationAnalysisTransform: /root/projects/PassVault/audit-runtime-linux-android-host-graph04/gradle-home/caches/modules-2/files-2.1/com.android.tools.lint/lint-typedef-remover/32.4.0/b8665f5c42647d7d4088cd386d5d1d10e40fd9a2/lint-typedef-remover-32.4.0.jar because:
  Build cache is disabled
  Caching not enabled.
Caching disabled for InstrumentationAnalysisTransform: /root/projects/PassVault/audit-runtime-linux-android-host-graph04/gradle-home/caches/modules-2/files-2.1/androidx.databinding/databinding-common/9.4.0/6f14d56ba3258fd1e803e71bc6c589235141c317/databinding-common-9.4.0.jar because:
  Build cache is disabled
  Caching not enabled.
Caching disabled for InstrumentationAnalysisTransform: /root/projects/PassVault/audit-runtime-linux-android-host-graph04/gradle-home/caches/modules-2/files-2.1/com.android.databinding/baseLibrary/9.4.0/a3e410a22b3d7b2608151d2052d044cd3a35ae06/baseLibrary-9.4.0.jar because:
  Build cache is disabled
  Caching not enabled.
Caching disabled for InstrumentationAnalysisTransform: /root/projects/PassVault/audit-runtime-linux-android-host-graph04/gradle-home/caches/modules-2/files-2.1/org.apache.httpcomponents/httpmime/4.5.6/164343da11db817e81e24e0d9869527e069850c9/httpmime-4.5.6.jar because:
  Build cache is disabled
  Caching not enabled.
Caching disabled for InstrumentationAnalysisTransform: /root/projects/PassVault/audit-runtime-linux-android-host-graph04/gradle-home/caches/modules-2/files-2.1/org.apache.commons/commons-compress/1.27.1/a19151084758e2fbb6b41eddaa88e7b8ff4e6599/commons-compress-1.27.1.jar because:
  Build cache is disabled
  Caching not enabled.
Caching disabled for InstrumentationAnalysisTransform: /root/projects/PassVault/audit-runtime-linux-android-host-graph04/gradle-home/caches/modules-2/files-2.1/commons-io/commons-io/2.16.1/377d592e740dc77124e0901291dbfaa6810a200e/commons-io-2.16.1.jar because:
  Build cache is disabled
  Caching not enabled.
Caching disabled for InstrumentationAnalysisTransform: /root/projects/PassVault/audit-runtime-linux-android-host-graph04/gradle-home/caches/modules-2/files-2.1/org.ow2.asm/asm-commons/9.9/db9165a3bf908ded6b08612d583a15d1d0c7bda0/asm-commons-9.9.jar because:
  Build cache is disabled
  Caching not enabled.
Caching disabled for InstrumentationAnalysisTransform: /root/projects/PassVault/audit-runtime-linux-android-host-graph04/gradle-home/caches/modules-2/files-2.1/org.ow2.asm/asm-util/9.9/42fdfc0508b43807c8078d6e82ecff2ce2112ae8/asm-util-9.9.jar because:
  Build cache is disabled
  Caching not enabled.
Caching disabled for InstrumentationAnalysisTransform: /root/projects/PassVault/audit-runtime-linux-android-host-graph04/gradle-home/caches/modules-2/files-2.1/org.ow2.asm/asm-analysis/9.9/bf4fa6e66638851c1cd22c2caea0c3ee5d5f437/asm-analysis-9.9.jar because:
  Build cache is disabled
  Caching not enabled.
Caching disabled for InstrumentationAnalysisTransform: /root/projects/PassVault/audit-runtime-linux-android-host-graph04/gradle-home/caches/modules-2/files-2.1/org.ow2.asm/asm-tree/9.9/f8de6eead6d24dd0f45bd065bbe112b2cda6ea21/asm-tree-9.9.jar because:
  Build cache is disabled
  Caching not enabled.
Caching disabled for InstrumentationAnalysisTransform: /root/projects/PassVault/audit-runtime-linux-android-host-graph04/gradle-home/caches/modules-2/files-2.1/org.ow2.asm/asm/9.9/c29635c8a7afa03d74b33c1884df8abb2b3f3dcc/asm-9.9.jar because:
  Build cache is disabled
  Caching not enabled.
Caching disabled for InstrumentationAnalysisTransform: /root/projects/PassVault/audit-runtime-linux-android-host-graph04/gradle-home/caches/modules-2/files-2.1/org.glassfish.jaxb/jaxb-runtime/2.3.2/5528bc882ea499a09d720b42af11785c4fc6be2a/jaxb-runtime-2.3.2.jar because:
  Build cache is disabled
  Caching not enabled.
Caching disabled for InstrumentationAnalysisTransform: /root/projects/PassVault/audit-runtime-linux-android-host-graph04/gradle-home/caches/modules-2/files-2.1/net.sf.jopt-simple/jopt-simple/4.9/ee9e9eaa0a35360dcfeac129ff4923215fd65904/jopt-simple-4.9.jar because:
  Build cache is disabled
  Caching not enabled.
Caching disabled for InstrumentationAnalysisTransform: /root/projects/PassVault/audit-runtime-linux-android-host-graph04/gradle-home/caches/modules-2/files-2.1/com.squareup/javapoet/1.13.0/d6562d385049f35eb50403fa86bb11cce76b866a/javapoet-1.13.0.jar because:
  Build cache is disabled
  Caching not enabled.
Caching disabled for InstrumentationAnalysisTransform: /root/projects/PassVault/audit-runtime-linux-android-host-graph04/gradle-home/caches/modules-2/files-2.1/com.google.protobuf/protobuf-java-util/3.25.5/38cc5ce479603e36466feda2a9f1dfdb2210ef00/protobuf-java-util-3.25.5.jar because:
  Build cache is disabled
  Caching not enabled.
Caching disabled for InstrumentationAnalysisTransform: /root/projects/PassVault/audit-runtime-linux-android-host-graph04/gradle-home/caches/modules-2/files-2.1/com.google.crypto.tink/tink/1.7.0/668b57f109d32349b2870448f06ae6f202713edc/tink-1.7.0.jar because:
  Build cache is disabled
  Caching not enabled.
Caching disabled for InstrumentationAnalysisTransform: /root/projects/PassVault/audit-runtime-linux-android-host-graph04/gradle-home/caches/modules-2/files-2.1/com.android.tools.analytics-library/protos/32.4.0/72ce19690099b238b9214e35e08d0641bd4e726d/protos-32.4.0.jar because:
  Build cache is disabled
  Caching not enabled.
Caching disabled for InstrumentationAnalysisTransform: /root/projects/PassVault/audit-runtime-linux-android-host-graph04/gradle-home/caches/modules-2/files-2.1/com.google.protobuf/protobuf-java/3.25.5/5ae5c9ec39930ae9b5a61b32b93288818ec05ec1/protobuf-java-3.25.5.jar because:
  Build cache is disabled
  Caching not enabled.
Caching disabled for InstrumentationAnalysisTransform: /root/projects/PassVault/audit-runtime-linux-android-host-graph04/gradle-home/caches/modules-2/files-2.1/com.google.code.gson/gson/2.11.0/527175ca6d81050b53bdd4c457a6d6e017626b0e/gson-2.11.0.jar because:
  Build cache is disabled
  Caching not enabled.
Caching disabled for InstrumentationAnalysisTransform: /root/projects/PassVault/audit-runtime-linux-android-host-graph04/gradle-home/caches/modules-2/files-2.1/org.tensorflow/tensorflow-lite-metadata/0.2.0/7dbe8f75ae5c0ef7093c43c3ac8b560bbc7ea4b6/tensorflow-lite-metadata-0.2.0.jar because:
  Build cache is disabled
  Caching not enabled.
Caching disabled for InstrumentationAnalysisTransform: /root/projects/PassVault/audit-runtime-linux-android-host-graph04/gradle-home/caches/modules-2/files-2.1/org.jetbrains.kotlin/kotlin-gradle-plugin-annotations/2.4.10/d7e21334dd356764357f26dd1044975cb63e820f/kotlin-gradle-plugin-annotations-2.4.10.jar because:
  Build cache is disabled
  Caching not enabled.
Caching disabled for InstrumentationAnalysisTransform: /root/projects/PassVault/audit-runtime-linux-android-host-graph04/gradle-home/caches/modules-2/files-2.1/org.jetbrains.kotlin/kotlin-native-utils/2.4.10/ffa1a46704f3172c99f23fd024965ebb24055ab6/kotlin-native-utils-2.4.10.jar because:
  Build cache is disabled
  Caching not enabled.
Caching disabled for InstrumentationAnalysisTransform: /root/projects/PassVault/audit-runtime-linux-android-host-graph04/gradle-home/caches/modules-2/files-2.1/org.jetbrains.kotlin/kotlin-tooling-core/2.4.10/75970f5a2a9cb4d25557965bbec0a7ccd55bfbcf/kotlin-tooling-core-2.4.10.jar because:
  Build cache is disabled
  Caching not enabled.
Caching disabled for InstrumentationAnalysisTransform: /root/projects/PassVault/audit-runtime-linux-android-host-graph04/gradle-home/caches/modules-2/files-2.1/org.jetbrains.kotlin/kotlin-build-tools-api/2.4.10/c88fe54d8d8c568de500b26fd459853c7202de39/kotlin-build-tools-api-2.4.10.jar because:
  Build cache is disabled
  Caching not enabled.
Caching disabled for InstrumentationAnalysisTransform: /root/projects/PassVault/audit-runtime-linux-android-host-graph04/gradle-home/caches/modules-2/files-2.1/org.jetbrains.kotlin/kotlin-util-klib/2.4.10/4c70cfc757d717d056b9cec24932506677bb0f52/kotlin-util-klib-2.4.10.jar because:
  Build cache is disabled
  Caching not enabled.
Caching disabled for InstrumentationAnalysisTransform: /root/projects/PassVault/audit-runtime-linux-android-host-graph04/gradle-home/caches/modules-2/files-2.1/org.jetbrains.kotlin/kotlin-util-io/2.4.10/22c395cc2a2833b5dd1aa368155c491b8a04be6d/kotlin-util-io-2.4.10.jar because:
  Build cache is disabled
  Caching not enabled.
Caching disabled for InstrumentationAnalysisTransform: /root/projects/PassVault/audit-runtime-linux-android-host-graph04/gradle-home/caches/modules-2/files-2.1/org.jetbrains.kotlin/kotlin-daemon-client/2.4.10/8c3aa7a03a90240de365985d93bc8ed39163f852/kotlin-daemon-client-2.4.10.jar because:
  Build cache is disabled
  Caching not enabled.
Caching disabled for InstrumentationAnalysisTransform: /root/projects/PassVault/audit-runtime-linux-android-host-graph04/gradle-home/caches/modules-2/files-2.1/com.google.jimfs/jimfs/1.1/8fbd0579dc68aba6186935cc1bee21d2f3e7ec1c/jimfs-1.1.jar because:
  Build cache is disabled
  Caching not enabled.
Caching disabled for InstrumentationAnalysisTransform: /root/projects/PassVault/audit-runtime-linux-android-host-graph04/gradle-home/caches/modules-2/files-2.1/com.android.tools.build/apkzlib/9.4.0/81e69e9fd7e45be473e784f6220d09bea36115cc/apkzlib-9.4.0.jar because:
  Build cache is disabled
  Caching not enabled.
Caching disabled for InstrumentationAnalysisTransform: /root/projects/PassVault/audit-runtime-linux-android-host-graph04/gradle-home/caches/modules-2/files-2.1/com.google.guava/guava/33.4.0-jre/3fcc0a259f724c7de54a6a55ea7e26d3d5c0cac/guava-33.4.0-jre.jar because:
  Build cache is disabled
  Caching not enabled.
Caching disabled for InstrumentationAnalysisTransform: /root/projects/PassVault/audit-runtime-linux-android-host-graph04/gradle-home/caches/modules-2/files-2.1/com.google.dagger/dagger/2.28.3/10d83810ef9e19714116ed518896c90c6606d633/dagger-2.28.3.jar because:
  Build cache is disabled
  Caching not enabled.
Caching disabled for InstrumentationAnalysisTransform: /root/projects/PassVault/audit-runtime-linux-android-host-graph04/gradle-home/caches/modules-2/files-2.1/javax.inject/javax.inject/1/6975da39a7040257bd51d21a231b76c915872d38/javax.inject-1.jar because:
  Build cache is disabled
  Caching not enabled.
Caching disabled for InstrumentationAnalysisTransform: /root/projects/PassVault/audit-runtime-linux-android-host-graph04/gradle-home/caches/modules-2/files-2.1/net.sf.kxml/kxml2/2.3.0/ccbc77a5fd907ef863c29f3596c6f54ffa4e9442/kxml2-2.3.0.jar because:
  Build cache is disabled
  Caching not enabled.
Caching disabled for InstrumentationAnalysisTransform: /root/projects/PassVault/audit-runtime-linux-android-host-graph04/gradle-home/caches/modules-2/files-2.1/org.bouncycastle/bcpkix-jdk18on/1.80.2/cc97199b13ed4166079aec30e020bd684ead274c/bcpkix-jdk18on-1.80.2.jar because:
  Build cache is disabled
  Caching not enabled.
Caching disabled for InstrumentationAnalysisTransform: /root/projects/PassVault/audit-runtime-linux-android-host-graph04/gradle-home/caches/modules-2/files-2.1/org.bouncycastle/bcutil-jdk18on/1.80.2/5aa52bcc7b7d5dc8975a3df9e657abdb5cea62be/bcutil-jdk18on-1.80.2.jar because:
  Build cache is disabled
  Caching not enabled.
Caching disabled for InstrumentationAnalysisTransform: /root/projects/PassVault/audit-runtime-linux-android-host-graph04/gradle-home/caches/modules-2/files-2.1/org.bouncycastle/bcprov-jdk18on/1.80.2/698ebb5539a939849576a6854bd52e191cbe1c5c/bcprov-jdk18on-1.80.2.jar because:
  Build cache is disabled
  Caching not enabled.
Caching disabled for InstrumentationAnalysisTransform: /root/projects/PassVault/audit-runtime-linux-android-host-graph04/gradle-home/caches/modules-2/files-2.1/org.apache.httpcomponents/httpclient/4.5.14/1194890e6f56ec29177673f2f12d0b8e627dec98/httpclient-4.5.14.jar because:
  Build cache is disabled
  Caching not enabled.
Caching disabled for InstrumentationAnalysisTransform: /root/projects/PassVault/audit-runtime-linux-android-host-graph04/gradle-home/caches/modules-2/files-2.1/org.apache.httpcomponents/httpcore/4.4.16/51cf043c87253c9f58b539c9f7e44c8894223850/httpcore-4.4.16.jar because:
  Build cache is disabled
  Caching not enabled.
Caching disabled for InstrumentationAnalysisTransform: /root/projects/PassVault/audit-runtime-linux-android-host-graph04/gradle-home/caches/modules-2/files-2.1/com.android/signflinger/9.4.0/931575c0547261e249124c8749ece3b1664763a5/signflinger-9.4.0.jar because:
  Build cache is disabled
  Caching not enabled.
Caching disabled for InstrumentationAnalysisTransform: /root/projects/PassVault/audit-runtime-linux-android-host-graph04/gradle-home/caches/modules-2/files-2.1/com.android/zipflinger/9.4.0/468d84015634e21c1607b7cb298fff3017dbe19/zipflinger-9.4.0.jar because:
  Build cache is disabled
  Caching not enabled.
Caching disabled for InstrumentationAnalysisTransform: /root/projects/PassVault/audit-runtime-linux-android-host-graph04/gradle-home/caches/modules-2/files-2.1/com.android.tools/annotations/32.4.0/755aa98f446d71a443d30a732b42f906cce94a44/annotations-32.4.0.jar because:
  Build cache is disabled
  Caching not enabled.
Caching disabled for InstrumentationAnalysisTransform: /root/projects/PassVault/audit-runtime-linux-android-host-graph04/gradle-home/caches/modules-2/files-2.1/net.java.dev.jna/jna-platform/5.6.0/d18424ffb8bbfd036d71bcaab9b546858f2ef986/jna-platform-5.6.0.jar because:
  Build cache is disabled
  Caching not enabled.
Caching disabled for InstrumentationAnalysisTransform: /root/projects/PassVault/audit-runtime-linux-android-host-graph04/gradle-home/caches/modules-2/files-2.1/com.googlecode.juniversalchardet/juniversalchardet/1.0.3/cd49678784c46aa8789c060538e0154013bb421b/juniversalchardet-1.0.3.jar because:
  Build cache is disabled
  Caching not enabled.
Caching disabled for InstrumentationAnalysisTransform: /root/projects/PassVault/audit-runtime-linux-android-host-graph04/gradle-home/caches/modules-2/files-2.1/org.jvnet.staxex/stax-ex/1.8.1/78011e483a21102fb4858f3e8f269a677e50aa23/stax-ex-1.8.1.jar because:
  Build cache is disabled
  Caching not enabled.
Caching disabled for InstrumentationAnalysisTransform: /root/projects/PassVault/audit-runtime-linux-android-host-graph04/gradle-home/caches/modules-2/files-2.1/jakarta.xml.bind/jakarta.xml.bind-api/2.3.2/8d49996a4338670764d7ca4b85a1c4ccf7fe665d/jakarta.xml.bind-api-2.3.2.jar because:
  Build cache is disabled
  Caching not enabled.
Caching disabled for InstrumentationAnalysisTransform: /root/projects/PassVault/audit-runtime-linux-android-host-graph04/gradle-home/caches/modules-2/files-2.1/org.glassfish.jaxb/txw2/2.3.2/ce5be7da2e442c25ec14c766cb60cb802741727b/txw2-2.3.2.jar because:
  Build cache is disabled
  Caching not enabled.
Caching disabled for InstrumentationAnalysisTransform: /root/projects/PassVault/audit-runtime-linux-android-host-graph04/gradle-home/caches/modules-2/files-2.1/com.sun.istack/istack-commons-runtime/3.0.8/d6a97364045aa6b99bf2d3c566a3f98599c2d296/istack-commons-runtime-3.0.8.jar because:
  Build cache is disabled
  Caching not enabled.
Caching disabled for InstrumentationAnalysisTransform: /root/projects/PassVault/audit-runtime-linux-android-host-graph04/gradle-home/caches/modules-2/files-2.1/com.sun.xml.fastinfoset/FastInfoset/1.2.16/4eb6a0adad553bf759ffe86927df6f3b848c8bea/FastInfoset-1.2.16.jar because:
  Build cache is disabled
  Caching not enabled.
Caching disabled for InstrumentationAnalysisTransform: /root/projects/PassVault/audit-runtime-linux-android-host-graph04/gradle-home/caches/modules-2/files-2.1/jakarta.activation/jakarta.activation-api/1.2.1/562a587face36ec7eff2db7f2fc95425c6602bc1/jakarta.activation-api-1.2.1.jar because:
  Build cache is disabled
  Caching not enabled.
Caching disabled for InstrumentationAnalysisTransform: /root/projects/PassVault/audit-runtime-linux-android-host-graph04/gradle-home/caches/modules-2/files-2.1/com.google.auto.value/auto-value-annotations/1.6.2/ed193d86e0af90cc2342aedbe73c5d86b03fa09b/auto-value-annotations-1.6.2.jar because:
  Build cache is disabled
  Caching not enabled.
Caching disabled for InstrumentationAnalysisTransform: /root/projects/PassVault/audit-runtime-linux-android-host-graph04/gradle-home/caches/modules-2/files-2.1/com.google.errorprone/error_prone_annotations/2.36.0/227d4d4957ccc3dc5761bd897e3a0ee587e750a7/error_prone_annotations-2.36.0.jar because:
  Build cache is disabled
  Caching not enabled.
Caching disabled for InstrumentationAnalysisTransform: /root/projects/PassVault/audit-runtime-linux-android-host-graph04/gradle-home/caches/modules-2/files-2.1/org.bitbucket.b_c/jose4j/0.9.5/e4ca26802488e6f16e24558d74ac8775a955fdd3/jose4j-0.9.5.jar because:
  Build cache is disabled
  Caching not enabled.
Caching disabled for InstrumentationAnalysisTransform: /root/projects/PassVault/audit-runtime-linux-android-host-graph04/gradle-home/caches/modules-2/files-2.1/org.slf4j/slf4j-api/1.7.30/b5a4b6d16ab13e34a88fae84c35cd5d68cac922c/slf4j-api-1.7.30.jar because:
  Build cache is disabled
  Caching not enabled.
Caching disabled for InstrumentationAnalysisTransform: /root/projects/PassVault/audit-runtime-linux-android-host-graph04/gradle-home/caches/modules-2/files-2.1/org.jdom/jdom2/2.0.6/6f14738ec2e9dd0011e343717fa624a10f8aab64/jdom2-2.0.6.jar because:
  Build cache is disabled
  Caching not enabled.
Caching disabled for InstrumentationAnalysisTransform: /root/projects/PassVault/audit-runtime-linux-android-host-graph04/gradle-home/caches/modules-2/files-2.1/com.google.code.findbugs/jsr305/3.0.2/25ea2e8b0c338a877313bd4672d3fe056ea78f0d/jsr305-3.0.2.jar because:
  Build cache is disabled
  Caching not enabled.
Caching disabled for InstrumentationAnalysisTransform: /root/projects/PassVault/audit-runtime-linux-android-host-graph04/gradle-home/caches/modules-2/files-2.1/com.google.j2objc/j2objc-annotations/3.0.0/7399e65dd7e9ff3404f4535b2f017093bdb134c7/j2objc-annotations-3.0.0.jar because:
  Build cache is disabled
  Caching not enabled.
Caching disabled for InstrumentationAnalysisTransform: /root/projects/PassVault/audit-runtime-linux-android-host-graph04/gradle-home/caches/modules-2/files-2.1/org.checkerframework/checker-qual/3.43.0/9425eee39e56b116d2b998b7c2cebcbd11a3c98b/checker-qual-3.43.0.jar because:
  Build cache is disabled
  Caching not enabled.
Caching disabled for InstrumentationAnalysisTransform: /root/projects/PassVault/audit-runtime-linux-android-host-graph04/gradle-home/caches/modules-2/files-2.1/com.google.flatbuffers/flatbuffers-java/1.12.0/8201cc7b511177a37071249e891f2f2fea4b32e9/flatbuffers-java-1.12.0.jar because:
  Build cache is disabled
  Caching not enabled.
Caching disabled for InstrumentationAnalysisTransform: /root/projects/PassVault/audit-runtime-linux-android-host-graph04/gradle-home/caches/modules-2/files-2.1/com.android.tools.build/apksig/9.4.0/4b5fb2950c949258167c18b868e66d7a6f49ec3a/apksig-9.4.0.jar because:
  Build cache is disabled
  Caching not enabled.
Caching disabled for InstrumentationAnalysisTransform: /root/projects/PassVault/audit-runtime-linux-android-host-graph04/gradle-home/caches/modules-2/files-2.1/com.squareup/javawriter/2.5.0/81241ff7078ef14f42ea2a8995fa09c096256e6b/javawriter-2.5.0.jar because:
  Build cache is disabled
  Caching not enabled.
Caching disabled for InstrumentationAnalysisTransform: /root/projects/PassVault/audit-runtime-linux-android-host-graph04/gradle-home/caches/modules-2/files-2.1/com.google.guava/failureaccess/1.0.2/c4a06a64e650562f30b7bf9aaec1bfed43aca12b/failureaccess-1.0.2.jar because:
  Build cache is disabled
  Caching not enabled.
Caching disabled for InstrumentationAnalysisTransform: /root/projects/PassVault/audit-runtime-linux-android-host-graph04/gradle-home/caches/modules-2/files-2.1/com.google.guava/listenablefuture/9999.0-empty-to-avoid-conflict-with-guava/b421526c5f297295adef1c886e5246c39d4ac629/listenablefuture-9999.0-empty-to-avoid-conflict-with-guava.jar because:
  Build cache is disabled
  Caching not enabled.
Caching disabled for InstrumentationAnalysisTransform: /root/projects/PassVault/audit-runtime-linux-android-host-graph04/gradle-home/caches/modules-2/files-2.1/commons-codec/commons-codec/1.17.1/973638b7149d333563584137ebf13a691bb60579/commons-codec-1.17.1.jar because:
  Build cache is disabled
  Caching not enabled.
Caching disabled for InstrumentationAnalysisTransform: /root/projects/PassVault/audit-runtime-linux-android-host-graph04/gradle-home/caches/modules-2/files-2.1/org.apache.commons/commons-lang3/3.16.0/3eb54effe40946dfb06dc5cd6c7ce4116cd51ea4/commons-lang3-3.16.0.jar because:
  Build cache is disabled
  Caching not enabled.
Caching disabled for InstrumentationAnalysisTransform: /root/projects/PassVault/audit-runtime-linux-android-host-graph04/gradle-home/caches/modules-2/files-2.1/commons-logging/commons-logging/1.2/4bfc12adfe4842bf07b657f0369c4cb522955686/commons-logging-1.2.jar because:
  Build cache is disabled
  Caching not enabled.
Caching disabled for InstrumentationAnalysisTransform: /root/projects/PassVault/audit-runtime-linux-android-host-graph04/gradle-home/caches/modules-2/files-2.1/net.java.dev.jna/jna/5.6.0/330f2244e9030119ab3030fc3fededc86713d9cc/jna-5.6.0.jar because:
  Build cache is disabled
  Caching not enabled.
Caching disabled for MergeInstrumentationAnalysisTransform: /root/projects/PassVault/audit-runtime-linux-android-host-graph04/gradle-home/caches/9.7.1/transforms/4e2fc606d0954074d32af3780bb58a2c/transformed/.gradle-instrumented-classpath.marker because:
  Build cache is disabled
  Caching not enabled.
Caching disabled for MergeInstrumentationAnalysisTransform: /root/projects/PassVault/audit-runtime-linux-android-host-graph04/gradle-home/caches/9.7.1/transforms/4e2fc606d0954074d32af3780bb58a2c/transformed/analysis/instrumentation-hierarchy.bin because:
  Build cache is disabled
  Caching not enabled.
Caching disabled for MergeInstrumentationAnalysisTransform: /root/projects/PassVault/audit-runtime-linux-android-host-graph04/gradle-home/caches/9.7.1/transforms/4e2fc606d0954074d32af3780bb58a2c/transformed/analysis/instrumentation-dependencies.bin because:
  Build cache is disabled
  Caching not enabled.
Caching disabled for MergeInstrumentationAnalysisTransform: /root/projects/PassVault/audit-runtime-linux-android-host-graph04/gradle-home/caches/modules-2/files-2.1/androidx.room/room-gradle-plugin/2.8.4/3f28d654bf30e354803b2d89f15fc227a799b325/room-gradle-plugin-2.8.4.jar because:
  Build cache is disabled
  Caching not enabled.
Caching disabled for ExternalDependencyInstrumentingArtifactTransform: /root/projects/PassVault/audit-runtime-linux-android-host-graph04/gradle-home/caches/9.7.1/transforms/e597dcad2107dc1b1658eb0f3cf9eb5f/transformed/merge/instrumentation-dependencies.bin because:
  Build cache is disabled
  Caching not enabled.
Caching disabled for ExternalDependencyInstrumentingArtifactTransform: /root/projects/PassVault/audit-runtime-linux-android-host-graph04/gradle-home/caches/modules-2/files-2.1/androidx.room/room-gradle-plugin/2.8.4/3f28d654bf30e354803b2d89f15fc227a799b325/room-gradle-plugin-2.8.4.jar because:
  Build cache is disabled
  Caching not enabled.
Caching disabled for MergeInstrumentationAnalysisTransform: /root/projects/PassVault/audit-runtime-linux-android-host-graph04/gradle-home/caches/9.7.1/transforms/a071aa20d6c97d95683163a7d6c2b4e8/transformed/analysis/instrumentation-hierarchy.bin because:
  Build cache is disabled
  Caching not enabled.
Caching disabled for MergeInstrumentationAnalysisTransform: /root/projects/PassVault/audit-runtime-linux-android-host-graph04/gradle-home/caches/9.7.1/transforms/a071aa20d6c97d95683163a7d6c2b4e8/transformed/analysis/instrumentation-dependencies.bin because:
  Build cache is disabled
  Caching not enabled.
Caching disabled for MergeInstrumentationAnalysisTransform: /root/projects/PassVault/audit-runtime-linux-android-host-graph04/gradle-home/caches/modules-2/files-2.1/com.android.tools.build/gradle-settings-api/9.4.0/fcfedf9a56578511894c869f71eaecafbf5e49e6/gradle-settings-api-9.4.0.jar because:
  Build cache is disabled
  Caching not enabled.
Caching disabled for ExternalDependencyInstrumentingArtifactTransform: /root/projects/PassVault/audit-runtime-linux-android-host-graph04/gradle-home/caches/9.7.1/transforms/315352dc79d95e16b2d40f575e73dbc5/transformed/merge/instrumentation-dependencies.bin because:
  Build cache is disabled
  Caching not enabled.
Caching disabled for ExternalDependencyInstrumentingArtifactTransform: /root/projects/PassVault/audit-runtime-linux-android-host-graph04/gradle-home/caches/modules-2/files-2.1/com.android.tools.build/gradle-settings-api/9.4.0/fcfedf9a56578511894c869f71eaecafbf5e49e6/gradle-settings-api-9.4.0.jar because:
  Build cache is disabled
  Caching not enabled.
Caching disabled for MergeInstrumentationAnalysisTransform: /root/projects/PassVault/audit-runtime-linux-android-host-graph04/gradle-home/caches/9.7.1/transforms/cbdb11bdc3c0e98bff81618a314a78a6/transformed/analysis/instrumentation-hierarchy.bin because:
  Build cache is disabled
  Caching not enabled.
Caching disabled for MergeInstrumentationAnalysisTransform: /root/projects/PassVault/audit-runtime-linux-android-host-graph04/gradle-home/caches/9.7.1/transforms/cbdb11bdc3c0e98bff81618a314a78a6/transformed/analysis/instrumentation-dependencies.bin because:
  Build cache is disabled
  Caching not enabled.
Caching disabled for MergeInstrumentationAnalysisTransform: /root/projects/PassVault/audit-runtime-linux-android-host-graph04/gradle-home/caches/modules-2/files-2.1/com.android.tools.build/gradle-common-api/9.4.0/188fc42710d4072ae7f02415b497fe311041b555/gradle-common-api-9.4.0.jar because:
  Build cache is disabled
  Caching not enabled.
Caching disabled for ExternalDependencyInstrumentingArtifactTransform: /root/projects/PassVault/audit-runtime-linux-android-host-graph04/gradle-home/caches/9.7.1/transforms/a9b418f8693e063ab11a4ec17481172d/transformed/merge/instrumentation-dependencies.bin because:
  Build cache is disabled
  Caching not enabled.
Caching disabled for ExternalDependencyInstrumentingArtifactTransform: /root/projects/PassVault/audit-runtime-linux-android-host-graph04/gradle-home/caches/modules-2/files-2.1/com.android.tools.build/gradle-common-api/9.4.0/188fc42710d4072ae7f02415b497fe311041b555/gradle-common-api-9.4.0.jar because:
  Build cache is disabled
  Caching not enabled.
Caching disabled for MergeInstrumentationAnalysisTransform: /root/projects/PassVault/audit-runtime-linux-android-host-graph04/gradle-home/caches/9.7.1/transforms/cd03375ebf9923205c27bb2866605530/transformed/analysis/instrumentation-hierarchy.bin because:
  Build cache is disabled
  Caching not enabled.
Caching disabled for MergeInstrumentationAnalysisTransform: /root/projects/PassVault/audit-runtime-linux-android-host-graph04/gradle-home/caches/9.7.1/transforms/cd03375ebf9923205c27bb2866605530/transformed/analysis/instrumentation-dependencies.bin because:
  Build cache is disabled
  Caching not enabled.
Caching disabled for MergeInstrumentationAnalysisTransform: /root/projects/PassVault/audit-runtime-linux-android-host-graph04/gradle-home/caches/modules-2/files-2.1/com.android.tools.build/gradle-api/9.4.0/4b8d719df49cceafe003db8277780acfab8b0d0d/gradle-api-9.4.0.jar because:
  Build cache is disabled
  Caching not enabled.
Caching disabled for ExternalDependencyInstrumentingArtifactTransform: /root/projects/PassVault/audit-runtime-linux-android-host-graph04/gradle-home/caches/9.7.1/transforms/b44a2ff2500e4e9b773ed5a5e52cc429/transformed/merge/instrumentation-dependencies.bin because:
  Build cache is disabled
  Caching not enabled.
Caching disabled for ExternalDependencyInstrumentingArtifactTransform: /root/projects/PassVault/audit-runtime-linux-android-host-graph04/gradle-home/caches/modules-2/files-2.1/com.android.tools.build/gradle-api/9.4.0/4b8d719df49cceafe003db8277780acfab8b0d0d/gradle-api-9.4.0.jar because:
  Build cache is disabled
  Caching not enabled.
Caching disabled for MergeInstrumentationAnalysisTransform: /root/projects/PassVault/audit-runtime-linux-android-host-graph04/gradle-home/caches/9.7.1/transforms/6ede40fdbbef3d9ac8b15260970bf17d/transformed/analysis/instrumentation-hierarchy.bin because:
  Build cache is disabled
  Caching not enabled.
Caching disabled for MergeInstrumentationAnalysisTransform: /root/projects/PassVault/audit-runtime-linux-android-host-graph04/gradle-home/caches/9.7.1/transforms/6ede40fdbbef3d9ac8b15260970bf17d/transformed/analysis/instrumentation-dependencies.bin because:
  Build cache is disabled
  Caching not enabled.
Caching disabled for MergeInstrumentationAnalysisTransform: /root/projects/PassVault/audit-runtime-linux-android-host-graph04/gradle-home/caches/modules-2/files-2.1/com.android.tools.build/gradle/9.4.0/4bf388abd58d7a14e9571c2524b3c5c54083a5c7/gradle-9.4.0.jar because:
  Build cache is disabled
  Caching not enabled.
Caching disabled for ExternalDependencyInstrumentingArtifactTransform: /root/projects/PassVault/audit-runtime-linux-android-host-graph04/gradle-home/caches/9.7.1/transforms/a9945b61018f1bdd9ee7eb0813254df1/transformed/merge/instrumentation-dependencies.bin because:
  Build cache is disabled
  Caching not enabled.
Caching disabled for ExternalDependencyInstrumentingArtifactTransform: /root/projects/PassVault/audit-runtime-linux-android-host-graph04/gradle-home/caches/modules-2/files-2.1/com.android.tools.build/gradle/9.4.0/4bf388abd58d7a14e9571c2524b3c5c54083a5c7/gradle-9.4.0.jar because:
  Build cache is disabled
  Caching not enabled.
Caching disabled for MergeInstrumentationAnalysisTransform: /root/projects/PassVault/audit-runtime-linux-android-host-graph04/gradle-home/caches/9.7.1/transforms/6e59270b74f03407ece03359824c8c47/transformed/analysis/instrumentation-hierarchy.bin because:
  Build cache is disabled
  Caching not enabled.
Caching disabled for MergeInstrumentationAnalysisTransform: /root/projects/PassVault/audit-runtime-linux-android-host-graph04/gradle-home/caches/9.7.1/transforms/6e59270b74f03407ece03359824c8c47/transformed/analysis/instrumentation-dependencies.bin because:
  Build cache is disabled
  Caching not enabled.
Caching disabled for MergeInstrumentationAnalysisTransform: /root/projects/PassVault/audit-runtime-linux-android-host-graph04/gradle-home/caches/modules-2/files-2.1/com.google.devtools.ksp/symbol-processing-gradle-plugin/2.3.10/305dc21d624de19d002813606ff7251997ac90e4/symbol-processing-gradle-plugin-2.3.10.jar because:
  Build cache is disabled
  Caching not enabled.
Caching disabled for ExternalDependencyInstrumentingArtifactTransform: /root/projects/PassVault/audit-runtime-linux-android-host-graph04/gradle-home/caches/9.7.1/transforms/1a8e36e31d8187b36aea35ea6605d67f/transformed/merge/instrumentation-dependencies.bin because:
  Build cache is disabled
  Caching not enabled.
Caching disabled for ExternalDependencyInstrumentingArtifactTransform: /root/projects/PassVault/audit-runtime-linux-android-host-graph04/gradle-home/caches/modules-2/files-2.1/com.google.devtools.ksp/symbol-processing-gradle-plugin/2.3.10/305dc21d624de19d002813606ff7251997ac90e4/symbol-processing-gradle-plugin-2.3.10.jar because:
  Build cache is disabled
  Caching not enabled.
Caching disabled for MergeInstrumentationAnalysisTransform: /root/projects/PassVault/audit-runtime-linux-android-host-graph04/gradle-home/caches/9.7.1/transforms/63e8855d2cfec5d7576a36e3d341d765/transformed/analysis/instrumentation-hierarchy.bin because:
  Build cache is disabled
  Caching not enabled.
Caching disabled for MergeInstrumentationAnalysisTransform: /root/projects/PassVault/audit-runtime-linux-android-host-graph04/gradle-home/caches/9.7.1/transforms/63e8855d2cfec5d7576a36e3d341d765/transformed/analysis/instrumentation-dependencies.bin because:
  Build cache is disabled
  Caching not enabled.
Caching disabled for MergeInstrumentationAnalysisTransform: /root/projects/PassVault/audit-runtime-linux-android-host-graph04/gradle-home/caches/modules-2/files-2.1/com.google.devtools.ksp/symbol-processing-api/2.3.10/a6f7d2f5cb6f63aed0e07eb53db1bf6ed07151d6/symbol-processing-api-2.3.10.jar because:
  Build cache is disabled
  Caching not enabled.
Caching disabled for ExternalDependencyInstrumentingArtifactTransform: /root/projects/PassVault/audit-runtime-linux-android-host-graph04/gradle-home/caches/9.7.1/transforms/2800972122e063e81f17c1e1771ff80e/transformed/merge/instrumentation-dependencies.bin because:
  Build cache is disabled
  Caching not enabled.
Caching disabled for ExternalDependencyInstrumentingArtifactTransform: /root/projects/PassVault/audit-runtime-linux-android-host-graph04/gradle-home/caches/modules-2/files-2.1/com.google.devtools.ksp/symbol-processing-api/2.3.10/a6f7d2f5cb6f63aed0e07eb53db1bf6ed07151d6/symbol-processing-api-2.3.10.jar because:
  Build cache is disabled
  Caching not enabled.
Caching disabled for MergeInstrumentationAnalysisTransform: /root/projects/PassVault/audit-runtime-linux-android-host-graph04/gradle-home/caches/9.7.1/transforms/5c4af8020f2ed76cc2f9f806c57f0e2a/transformed/analysis/instrumentation-hierarchy.bin because:
  Build cache is disabled
  Caching not enabled.
Caching disabled for MergeInstrumentationAnalysisTransform: /root/projects/PassVault/audit-runtime-linux-android-host-graph04/gradle-home/caches/9.7.1/transforms/5c4af8020f2ed76cc2f9f806c57f0e2a/transformed/analysis/instrumentation-dependencies.bin because:
  Build cache is disabled
  Caching not enabled.
Caching disabled for MergeInstrumentationAnalysisTransform: /root/projects/PassVault/audit-runtime-linux-android-host-graph04/gradle-home/caches/modules-2/files-2.1/com.google.devtools.ksp/symbol-processing-common-deps/2.3.10/f0bb28d7b911d8bd53e480c4678badbdede9507b/symbol-processing-common-deps-2.3.10.jar because:
  Build cache is disabled
  Caching not enabled.
Caching disabled for ExternalDependencyInstrumentingArtifactTransform: /root/projects/PassVault/audit-runtime-linux-android-host-graph04/gradle-home/caches/9.7.1/transforms/0a9374196563714f06587fe111c0c8b4/transformed/merge/instrumentation-dependencies.bin because:
  Build cache is disabled
  Caching not enabled.
Caching disabled for ExternalDependencyInstrumentingArtifactTransform: /root/projects/PassVault/audit-runtime-linux-android-host-graph04/gradle-home/caches/modules-2/files-2.1/com.google.devtools.ksp/symbol-processing-common-deps/2.3.10/f0bb28d7b911d8bd53e480c4678badbdede9507b/symbol-processing-common-deps-2.3.10.jar because:
  Build cache is disabled
  Caching not enabled.
Caching disabled for MergeInstrumentationAnalysisTransform: /root/projects/PassVault/audit-runtime-linux-android-host-graph04/gradle-home/caches/9.7.1/transforms/46f717dd02c9e37a7ccf98cbf502d548/transformed/analysis/instrumentation-hierarchy.bin because:
  Build cache is disabled
  Caching not enabled.
Caching disabled for MergeInstrumentationAnalysisTransform: /root/projects/PassVault/audit-runtime-linux-android-host-graph04/gradle-home/caches/9.7.1/transforms/46f717dd02c9e37a7ccf98cbf502d548/transformed/analysis/instrumentation-dependencies.bin because:
  Build cache is disabled
  Caching not enabled.
Caching disabled for MergeInstrumentationAnalysisTransform: /root/projects/PassVault/audit-runtime-linux-android-host-graph04/gradle-home/caches/modules-2/files-2.1/com.android.tools.build/aaptcompiler/9.4.0/618464e735fb0db6c4fad5906121ffd229a0afe9/aaptcompiler-9.4.0.jar because:
  Build cache is disabled
  Caching not enabled.
Caching disabled for ExternalDependencyInstrumentingArtifactTransform: /root/projects/PassVault/audit-runtime-linux-android-host-graph04/gradle-home/caches/9.7.1/transforms/ed9bdf521ff905769c9fe65771b89419/transformed/merge/instrumentation-dependencies.bin because:
  Build cache is disabled
  Caching not enabled.
Caching disabled for ExternalDependencyInstrumentingArtifactTransform: /root/projects/PassVault/audit-runtime-linux-android-host-graph04/gradle-home/caches/modules-2/files-2.1/com.android.tools.build/aaptcompiler/9.4.0/618464e735fb0db6c4fad5906121ffd229a0afe9/aaptcompiler-9.4.0.jar because:
  Build cache is disabled
  Caching not enabled.
Caching disabled for MergeInstrumentationAnalysisTransform: /root/projects/PassVault/audit-runtime-linux-android-host-graph04/gradle-home/caches/9.7.1/transforms/9a762421d3b295bbaab950028e5ba8cb/transformed/analysis/instrumentation-hierarchy.bin because:
  Build cache is disabled
  Caching not enabled.
Caching disabled for MergeInstrumentationAnalysisTransform: /root/projects/PassVault/audit-runtime-linux-android-host-graph04/gradle-home/caches/9.7.1/transforms/9a762421d3b295bbaab950028e5ba8cb/transformed/analysis/instrumentation-dependencies.bin because:
  Build cache is disabled
  Caching not enabled.
Caching disabled for MergeInstrumentationAnalysisTransform: /root/projects/PassVault/audit-runtime-linux-android-host-graph04/gradle-home/caches/modules-2/files-2.1/com.android.tools.utp/gradle-work-action-api/32.4.0/a3b3019fa407b16a9b15e764f4b1ac5f2df9d11b/gradle-work-action-api-32.4.0.jar because:
  Build cache is disabled
  Caching not enabled.
Caching disabled for ExternalDependencyInstrumentingArtifactTransform: /root/projects/PassVault/audit-runtime-linux-android-host-graph04/gradle-home/caches/9.7.1/transforms/c90290726d7561e7c104d5ae8d41a678/transformed/merge/instrumentation-dependencies.bin because:
  Build cache is disabled
  Caching not enabled.
Caching disabled for ExternalDependencyInstrumentingArtifactTransform: /root/projects/PassVault/audit-runtime-linux-android-host-graph04/gradle-home/caches/modules-2/files-2.1/com.android.tools.utp/gradle-work-action-api/32.4.0/a3b3019fa407b16a9b15e764f4b1ac5f2df9d11b/gradle-work-action-api-32.4.0.jar because:
  Build cache is disabled
  Caching not enabled.
Caching disabled for MergeInstrumentationAnalysisTransform: /root/projects/PassVault/audit-runtime-linux-android-host-graph04/gradle-home/caches/9.7.1/transforms/f795e401016967dc5cdb8c7aad57f141/transformed/analysis/instrumentation-hierarchy.bin because:
  Build cache is disabled
  Caching not enabled.
Caching disabled for MergeInstrumentationAnalysisTransform: /root/projects/PassVault/audit-runtime-linux-android-host-graph04/gradle-home/caches/9.7.1/transforms/f795e401016967dc5cdb8c7aad57f141/transformed/analysis/instrumentation-dependencies.bin because:
  Build cache is disabled
  Caching not enabled.
Caching disabled for MergeInstrumentationAnalysisTransform: /root/projects/PassVault/audit-runtime-linux-android-host-graph04/gradle-home/caches/modules-2/files-2.1/androidx.databinding/databinding-compiler-common/9.4.0/ee18738f9b4b0611aea6428eaad49fb9c168523e/databinding-compiler-common-9.4.0.jar because:
  Build cache is disabled
  Caching not enabled.
Caching disabled for ExternalDependencyInstrumentingArtifactTransform: /root/projects/PassVault/audit-runtime-linux-android-host-graph04/gradle-home/caches/9.7.1/transforms/907dc837fffe25634afb7c2c6993d5b4/transformed/merge/instrumentation-dependencies.bin because:
  Build cache is disabled
  Caching not enabled.
Caching disabled for ExternalDependencyInstrumentingArtifactTransform: /root/projects/PassVault/audit-runtime-linux-android-host-graph04/gradle-home/caches/modules-2/files-2.1/androidx.databinding/databinding-compiler-common/9.4.0/ee18738f9b4b0611aea6428eaad49fb9c168523e/databinding-compiler-common-9.4.0.jar because:
  Build cache is disabled
  Caching not enabled.
Caching disabled for MergeInstrumentationAnalysisTransform: /root/projects/PassVault/audit-runtime-linux-android-host-graph04/gradle-home/caches/9.7.1/transforms/8b93082de4c3ecef036a45774c5ed35d/transformed/analysis/instrumentation-hierarchy.bin because:
  Build cache is disabled
  Caching not enabled.
Caching disabled for MergeInstrumentationAnalysisTransform: /root/projects/PassVault/audit-runtime-linux-android-host-graph04/gradle-home/caches/9.7.1/transforms/8b93082de4c3ecef036a45774c5ed35d/transformed/analysis/instrumentation-dependencies.bin because:
  Build cache is disabled
  Caching not enabled.
Caching disabled for MergeInstrumentationAnalysisTransform: /root/projects/PassVault/audit-runtime-linux-android-host-graph04/gradle-home/caches/modules-2/files-2.1/com.android.tools.build.jetifier/jetifier-processor/1.0.0-beta10/946c39eb0c052ff4f60a8939648a8b99af20d604/jetifier-processor-1.0.0-beta10.jar because:
  Build cache is disabled
  Caching not enabled.
Caching disabled for ExternalDependencyInstrumentingArtifactTransform: /root/projects/PassVault/audit-runtime-linux-android-host-graph04/gradle-home/caches/9.7.1/transforms/a22313cf16e0b28bc7bb103b49401a7f/transformed/merge/instrumentation-dependencies.bin because:
  Build cache is disabled
  Caching not enabled.
Caching disabled for ExternalDependencyInstrumentingArtifactTransform: /root/projects/PassVault/audit-runtime-linux-android-host-graph04/gradle-home/caches/modules-2/files-2.1/com.android.tools.build.jetifier/jetifier-processor/1.0.0-beta10/946c39eb0c052ff4f60a8939648a8b99af20d604/jetifier-processor-1.0.0-beta10.jar because:
  Build cache is disabled
  Caching not enabled.
Caching disabled for MergeInstrumentationAnalysisTransform: /root/projects/PassVault/audit-runtime-linux-android-host-graph04/gradle-home/caches/9.7.1/transforms/c449837041688080111950291b2b032a/transformed/analysis/instrumentation-hierarchy.bin because:
  Build cache is disabled
  Caching not enabled.
Caching disabled for MergeInstrumentationAnalysisTransform: /root/projects/PassVault/audit-runtime-linux-android-host-graph04/gradle-home/caches/9.7.1/transforms/c449837041688080111950291b2b032a/transformed/analysis/instrumentation-dependencies.bin because:
  Build cache is disabled
  Caching not enabled.
Caching disabled for MergeInstrumentationAnalysisTransform: /root/projects/PassVault/audit-runtime-linux-android-host-graph04/gradle-home/caches/modules-2/files-2.1/com.android.tools.build.jetifier/jetifier-core/1.0.0-beta10/6e621022a9c95af12a7004d6b55805bbd1126837/jetifier-core-1.0.0-beta10.jar because:
  Build cache is disabled
  Caching not enabled.
Caching disabled for ExternalDependencyInstrumentingArtifactTransform: /root/projects/PassVault/audit-runtime-linux-android-host-graph04/gradle-home/caches/9.7.1/transforms/19137e2dab3e1c80c5b07ba7dc04e34f/transformed/merge/instrumentation-dependencies.bin because:
  Build cache is disabled
  Caching not enabled.
Caching disabled for ExternalDependencyInstrumentingArtifactTransform: /root/projects/PassVault/audit-runtime-linux-android-host-graph04/gradle-home/caches/modules-2/files-2.1/com.android.tools.build.jetifier/jetifier-core/1.0.0-beta10/6e621022a9c95af12a7004d6b55805bbd1126837/jetifier-core-1.0.0-beta10.jar because:
  Build cache is disabled
  Caching not enabled.
Caching disabled for MergeInstrumentationAnalysisTransform: /root/projects/PassVault/audit-runtime-linux-android-host-graph04/gradle-home/caches/9.7.1/transforms/9b87b90661d37108c4898cf2b395ea31/transformed/analysis/instrumentation-hierarchy.bin because:
  Build cache is disabled
  Caching not enabled.
Caching disabled for MergeInstrumentationAnalysisTransform: /root/projects/PassVault/audit-runtime-linux-android-host-graph04/gradle-home/caches/9.7.1/transforms/9b87b90661d37108c4898cf2b395ea31/transformed/analysis/instrumentation-dependencies.bin because:
  Build cache is disabled
  Caching not enabled.
Caching disabled for MergeInstrumentationAnalysisTransform: /root/projects/PassVault/audit-runtime-linux-android-host-graph04/gradle-home/caches/modules-2/files-2.1/com.android.tools.build/builder/9.4.0/d1d5f9a479131e45d876213b674c9fd1a8a2d6ea/builder-9.4.0.jar because:
  Build cache is disabled
  Caching not enabled.
Caching disabled for ExternalDependencyInstrumentingArtifactTransform: /root/projects/PassVault/audit-runtime-linux-android-host-graph04/gradle-home/caches/9.7.1/transforms/b28fc293c60775e83d0013a1e4de3383/transformed/merge/instrumentation-dependencies.bin because:
  Build cache is disabled
  Caching not enabled.
Caching disabled for ExternalDependencyInstrumentingArtifactTransform: /root/projects/PassVault/audit-runtime-linux-android-host-graph04/gradle-home/caches/modules-2/files-2.1/com.android.tools.build/builder/9.4.0/d1d5f9a479131e45d876213b674c9fd1a8a2d6ea/builder-9.4.0.jar because:
  Build cache is disabled
  Caching not enabled.
Caching disabled for MergeInstrumentationAnalysisTransform: /root/projects/PassVault/audit-runtime-linux-android-host-graph04/gradle-home/caches/9.7.1/transforms/8ec6b612ef68c7e82a84fd5c4501d9f2/transformed/analysis/instrumentation-hierarchy.bin because:
  Build cache is disabled
  Caching not enabled.
Caching disabled for MergeInstrumentationAnalysisTransform: /root/projects/PassVault/audit-runtime-linux-android-host-graph04/gradle-home/caches/9.7.1/transforms/8ec6b612ef68c7e82a84fd5c4501d9f2/transformed/analysis/instrumentation-dependencies.bin because:
  Build cache is disabled
  Caching not enabled.
Caching disabled for MergeInstrumentationAnalysisTransform: /root/projects/PassVault/audit-runtime-linux-android-host-graph04/gradle-home/caches/modules-2/files-2.1/com.android.tools.lint/lint-model/32.4.0/2a01476159d9ab4b0f12e84f41f5a3a142414c6/lint-model-32.4.0.jar because:
  Build cache is disabled
  Caching not enabled.
Caching disabled for ExternalDependencyInstrumentingArtifactTransform: /root/projects/PassVault/audit-runtime-linux-android-host-graph04/gradle-home/caches/9.7.1/transforms/7275a14f3eb9103456d3e634187a3542/transformed/merge/instrumentation-dependencies.bin because:
  Build cache is disabled
  Caching not enabled.
Caching disabled for ExternalDependencyInstrumentingArtifactTransform: /root/projects/PassVault/audit-runtime-linux-android-host-graph04/gradle-home/caches/modules-2/files-2.1/com.android.tools.lint/lint-model/32.4.0/2a01476159d9ab4b0f12e84f41f5a3a142414c6/lint-model-32.4.0.jar because:
  Build cache is disabled
  Caching not enabled.
Caching disabled for MergeInstrumentationAnalysisTransform: /root/projects/PassVault/audit-runtime-linux-android-host-graph04/gradle-home/caches/9.7.1/transforms/1dd6dba579e88aa8ab9536a70f5cad17/transformed/analysis/instrumentation-hierarchy.bin because:
  Build cache is disabled
  Caching not enabled.
Caching disabled for MergeInstrumentationAnalysisTransform: /root/projects/PassVault/audit-runtime-linux-android-host-graph04/gradle-home/caches/9.7.1/transforms/1dd6dba579e88aa8ab9536a70f5cad17/transformed/analysis/instrumentation-dependencies.bin because:
  Build cache is disabled
  Caching not enabled.
Caching disabled for MergeInstrumentationAnalysisTransform: /root/projects/PassVault/audit-runtime-linux-android-host-graph04/gradle-home/caches/modules-2/files-2.1/com.android.tools.build/builder-model/9.4.0/2edee2cd225a6dc43276d3328a3ffac827694a9f/builder-model-9.4.0.jar because:
  Build cache is disabled
  Caching not enabled.
Caching disabled for ExternalDependencyInstrumentingArtifactTransform: /root/projects/PassVault/audit-runtime-linux-android-host-graph04/gradle-home/caches/9.7.1/transforms/9a2c0936d67096d1d110fbef8d9410d9/transformed/merge/instrumentation-dependencies.bin because:
  Build cache is disabled
  Caching not enabled.
Caching disabled for ExternalDependencyInstrumentingArtifactTransform: /root/projects/PassVault/audit-runtime-linux-android-host-graph04/gradle-home/caches/modules-2/files-2.1/com.android.tools.build/builder-model/9.4.0/2edee2cd225a6dc43276d3328a3ffac827694a9f/builder-model-9.4.0.jar because:
  Build cache is disabled
  Caching not enabled.
Caching disabled for MergeInstrumentationAnalysisTransform: /root/projects/PassVault/audit-runtime-linux-android-host-graph04/gradle-home/caches/9.7.1/transforms/8b9c1bfa9b7e382f112652a4772d6268/transformed/analysis/instrumentation-hierarchy.bin because:
  Build cache is disabled
  Caching not enabled.
Caching disabled for MergeInstrumentationAnalysisTransform: /root/projects/PassVault/audit-runtime-linux-android-host-graph04/gradle-home/caches/9.7.1/transforms/8b9c1bfa9b7e382f112652a4772d6268/transformed/analysis/instrumentation-dependencies.bin because:
  Build cache is disabled
  Caching not enabled.
Caching disabled for MergeInstrumentationAnalysisTransform: /root/projects/PassVault/audit-runtime-linux-android-host-graph04/gradle-home/caches/modules-2/files-2.1/com.android.tools.build/manifest-merger/32.4.0/69a65bba12474ac5a1cf407def4f118bcd94b8dc/manifest-merger-32.4.0.jar because:
  Build cache is disabled
  Caching not enabled.
Caching disabled for ExternalDependencyInstrumentingArtifactTransform: /root/projects/PassVault/audit-runtime-linux-android-host-graph04/gradle-home/caches/9.7.1/transforms/796c1bba5c3af7525bb5f997aee8a439/transformed/merge/instrumentation-dependencies.bin because:
  Build cache is disabled
  Caching not enabled.
Caching disabled for ExternalDependencyInstrumentingArtifactTransform: /root/projects/PassVault/audit-runtime-linux-android-host-graph04/gradle-home/caches/modules-2/files-2.1/com.android.tools.build/manifest-merger/32.4.0/69a65bba12474ac5a1cf407def4f118bcd94b8dc/manifest-merger-32.4.0.jar because:
  Build cache is disabled
  Caching not enabled.
Caching disabled for MergeInstrumentationAnalysisTransform: /root/projects/PassVault/audit-runtime-linux-android-host-graph04/gradle-home/caches/9.7.1/transforms/d554671a3597f0740953b68708416fd6/transformed/analysis/instrumentation-hierarchy.bin because:
  Build cache is disabled
  Caching not enabled.
Caching disabled for MergeInstrumentationAnalysisTransform: /root/projects/PassVault/audit-runtime-linux-android-host-graph04/gradle-home/caches/9.7.1/transforms/d554671a3597f0740953b68708416fd6/transformed/analysis/instrumentation-dependencies.bin because:
  Build cache is disabled
  Caching not enabled.
Caching disabled for MergeInstrumentationAnalysisTransform: /root/projects/PassVault/audit-runtime-linux-android-host-graph04/gradle-home/caches/modules-2/files-2.1/com.android.tools/sdk-common/32.4.0/aa7fdb85569977f294b4fba5b1451b5a14d6c422/sdk-common-32.4.0.jar because:
  Build cache is disabled
  Caching not enabled.
Caching disabled for ExternalDependencyInstrumentingArtifactTransform: /root/projects/PassVault/audit-runtime-linux-android-host-graph04/gradle-home/caches/9.7.1/transforms/b1f86b13d70eaec7f679d1d575d3ad7c/transformed/merge/instrumentation-dependencies.bin because:
  Build cache is disabled
  Caching not enabled.
Caching disabled for ExternalDependencyInstrumentingArtifactTransform: /root/projects/PassVault/audit-runtime-linux-android-host-graph04/gradle-home/caches/modules-2/files-2.1/com.android.tools/sdk-common/32.4.0/aa7fdb85569977f294b4fba5b1451b5a14d6c422/sdk-common-32.4.0.jar because:
  Build cache is disabled
  Caching not enabled.
Caching disabled for MergeInstrumentationAnalysisTransform: /root/projects/PassVault/audit-runtime-linux-android-host-graph04/gradle-home/caches/9.7.1/transforms/de7c872effd46a75e242d09568ad2438/transformed/analysis/instrumentation-hierarchy.bin because:
  Build cache is disabled
  Caching not enabled.
Caching disabled for MergeInstrumentationAnalysisTransform: /root/projects/PassVault/audit-runtime-linux-android-host-graph04/gradle-home/caches/9.7.1/transforms/de7c872effd46a75e242d09568ad2438/transformed/analysis/instrumentation-dependencies.bin because:
  Build cache is disabled
  Caching not enabled.
Caching disabled for MergeInstrumentationAnalysisTransform: /root/projects/PassVault/audit-runtime-linux-android-host-graph04/gradle-home/caches/modules-2/files-2.1/org.jetbrains.kotlin/kotlin-reflect/2.4.0/532cc727c0960d12f4c9acb6a6c2c4a3e08187b/kotlin-reflect-2.4.0.jar because:
  Build cache is disabled
  Caching not enabled.
Caching disabled for ExternalDependencyInstrumentingArtifactTransform: /root/projects/PassVault/audit-runtime-linux-android-host-graph04/gradle-home/caches/9.7.1/transforms/8c042b5839fb36fac367e8d68b262c89/transformed/merge/instrumentation-dependencies.bin because:
  Build cache is disabled
  Caching not enabled.
Caching disabled for ExternalDependencyInstrumentingArtifactTransform: /root/projects/PassVault/audit-runtime-linux-android-host-graph04/gradle-home/caches/modules-2/files-2.1/org.jetbrains.kotlin/kotlin-reflect/2.4.0/532cc727c0960d12f4c9acb6a6c2c4a3e08187b/kotlin-reflect-2.4.0.jar because:
  Build cache is disabled
  Caching not enabled.
Caching disabled for MergeInstrumentationAnalysisTransform: /root/projects/PassVault/audit-runtime-linux-android-host-graph04/gradle-home/caches/9.7.1/transforms/c7d223a254cc8ce596e19e487d511f5f/transformed/analysis/instrumentation-hierarchy.bin because:
  Build cache is disabled
  Caching not enabled.
Caching disabled for MergeInstrumentationAnalysisTransform: /root/projects/PassVault/audit-runtime-linux-android-host-graph04/gradle-home/caches/9.7.1/transforms/c7d223a254cc8ce596e19e487d511f5f/transformed/analysis/instrumentation-dependencies.bin because:
  Build cache is disabled
  Caching not enabled.
Caching disabled for MergeInstrumentationAnalysisTransform: /root/projects/PassVault/audit-runtime-linux-android-host-graph04/gradle-home/caches/modules-2/files-2.1/com.android.tools/sdklib/32.4.0/16b34ddee0d33385dbce03577a83b1c1e09aff3a/sdklib-32.4.0.jar because:
  Build cache is disabled
  Caching not enabled.
Caching disabled for ExternalDependencyInstrumentingArtifactTransform: /root/projects/PassVault/audit-runtime-linux-android-host-graph04/gradle-home/caches/9.7.1/transforms/47d81b989cb3ca9974fc03a7ca4fba71/transformed/merge/instrumentation-dependencies.bin because:
  Build cache is disabled
  Caching not enabled.
Caching disabled for ExternalDependencyInstrumentingArtifactTransform: /root/projects/PassVault/audit-runtime-linux-android-host-graph04/gradle-home/caches/modules-2/files-2.1/com.android.tools/sdklib/32.4.0/16b34ddee0d33385dbce03577a83b1c1e09aff3a/sdklib-32.4.0.jar because:
  Build cache is disabled
  Caching not enabled.
Caching disabled for MergeInstrumentationAnalysisTransform: /root/projects/PassVault/audit-runtime-linux-android-host-graph04/gradle-home/caches/9.7.1/transforms/cfc14889272a909133065011eb6a19df/transformed/analysis/instrumentation-hierarchy.bin because:
  Build cache is disabled
  Caching not enabled.
Caching disabled for MergeInstrumentationAnalysisTransform: /root/projects/PassVault/audit-runtime-linux-android-host-graph04/gradle-home/caches/9.7.1/transforms/cfc14889272a909133065011eb6a19df/transformed/analysis/instrumentation-dependencies.bin because:
  Build cache is disabled
  Caching not enabled.
Caching disabled for MergeInstrumentationAnalysisTransform: /root/projects/PassVault/audit-runtime-linux-android-host-graph04/gradle-home/caches/modules-2/files-2.1/com.android.tools/repository/32.4.0/8b46d4a01e62b854aaad0f32b09b04576652d97b/repository-32.4.0.jar because:
  Build cache is disabled
  Caching not enabled.
Caching disabled for ExternalDependencyInstrumentingArtifactTransform: /root/projects/PassVault/audit-runtime-linux-android-host-graph04/gradle-home/caches/9.7.1/transforms/7aa009ffc86c188bcac4429c98272a15/transformed/merge/instrumentation-dependencies.bin because:
  Build cache is disabled
  Caching not enabled.
Caching disabled for ExternalDependencyInstrumentingArtifactTransform: /root/projects/PassVault/audit-runtime-linux-android-host-graph04/gradle-home/caches/modules-2/files-2.1/com.android.tools/repository/32.4.0/8b46d4a01e62b854aaad0f32b09b04576652d97b/repository-32.4.0.jar because:
  Build cache is disabled
  Caching not enabled.
Caching disabled for MergeInstrumentationAnalysisTransform: /root/projects/PassVault/audit-runtime-linux-android-host-graph04/gradle-home/caches/9.7.1/transforms/1f63175a0fd140929131ebafe5571fd5/transformed/analysis/instrumentation-hierarchy.bin because:
  Build cache is disabled
  Caching not enabled.
Caching disabled for MergeInstrumentationAnalysisTransform: /root/projects/PassVault/audit-runtime-linux-android-host-graph04/gradle-home/caches/9.7.1/transforms/1f63175a0fd140929131ebafe5571fd5/transformed/analysis/instrumentation-dependencies.bin because:
  Build cache is disabled
  Caching not enabled.
Caching disabled for MergeInstrumentationAnalysisTransform: /root/projects/PassVault/audit-runtime-linux-android-host-graph04/gradle-home/caches/modules-2/files-2.1/com.android.tools.analytics-library/tracker/32.4.0/e5b8d9ea7f4dc2354d302a76b8b1eedb23557e78/tracker-32.4.0.jar because:
  Build cache is disabled
  Caching not enabled.
Caching disabled for ExternalDependencyInstrumentingArtifactTransform: /root/projects/PassVault/audit-runtime-linux-android-host-graph04/gradle-home/caches/9.7.1/transforms/9c7973b6a8896cb7e921fb64a5723f49/transformed/merge/instrumentation-dependencies.bin because:
  Build cache is disabled
  Caching not enabled.
Caching disabled for ExternalDependencyInstrumentingArtifactTransform: /root/projects/PassVault/audit-runtime-linux-android-host-graph04/gradle-home/caches/modules-2/files-2.1/com.android.tools.analytics-library/tracker/32.4.0/e5b8d9ea7f4dc2354d302a76b8b1eedb23557e78/tracker-32.4.0.jar because:
  Build cache is disabled
  Caching not enabled.
Caching disabled for MergeInstrumentationAnalysisTransform: /root/projects/PassVault/audit-runtime-linux-android-host-graph04/gradle-home/caches/9.7.1/transforms/0abe0b71fbb462d1cbc1ab8a4cd319bb/transformed/analysis/instrumentation-hierarchy.bin because:
  Build cache is disabled
  Caching not enabled.
Caching disabled for MergeInstrumentationAnalysisTransform: /root/projects/PassVault/audit-runtime-linux-android-host-graph04/gradle-home/caches/9.7.1/transforms/0abe0b71fbb462d1cbc1ab8a4cd319bb/transformed/analysis/instrumentation-dependencies.bin because:
  Build cache is disabled
  Caching not enabled.
Caching disabled for MergeInstrumentationAnalysisTransform: /root/projects/PassVault/audit-runtime-linux-android-host-graph04/gradle-home/caches/modules-2/files-2.1/com.android.tools.analytics-library/shared/32.4.0/429c17cd9d8efce819180878b2375d4a5c4ff2aa/shared-32.4.0.jar because:
  Build cache is disabled
  Caching not enabled.
Caching disabled for ExternalDependencyInstrumentingArtifactTransform: /root/projects/PassVault/audit-runtime-linux-android-host-graph04/gradle-home/caches/9.7.1/transforms/68681d912a9e23657cf5aeeead96d0d4/transformed/merge/instrumentation-dependencies.bin because:
  Build cache is disabled
  Caching not enabled.
Caching disabled for ExternalDependencyInstrumentingArtifactTransform: /root/projects/PassVault/audit-runtime-linux-android-host-graph04/gradle-home/caches/modules-2/files-2.1/com.android.tools.analytics-library/shared/32.4.0/429c17cd9d8efce819180878b2375d4a5c4ff2aa/shared-32.4.0.jar because:
  Build cache is disabled
  Caching not enabled.
Caching disabled for MergeInstrumentationAnalysisTransform: /root/projects/PassVault/audit-runtime-linux-android-host-graph04/gradle-home/caches/9.7.1/transforms/c165176ea2f5ad88879a3aa5cb2c4cd0/transformed/analysis/instrumentation-hierarchy.bin because:
  Build cache is disabled
  Caching not enabled.
Caching disabled for MergeInstrumentationAnalysisTransform: /root/projects/PassVault/audit-runtime-linux-android-host-graph04/gradle-home/caches/9.7.1/transforms/c165176ea2f5ad88879a3aa5cb2c4cd0/transformed/analysis/instrumentation-dependencies.bin because:
  Build cache is disabled
  Caching not enabled.
Caching disabled for MergeInstrumentationAnalysisTransform: /root/projects/PassVault/audit-runtime-linux-android-host-graph04/gradle-home/caches/modules-2/files-2.1/com.android.tools.build/builder-test-api/9.4.0/a6e38343c3f6fd6ce1f833e569bce4b2d85b0182/builder-test-api-9.4.0.jar because:
  Build cache is disabled
  Caching not enabled.
Caching disabled for ExternalDependencyInstrumentingArtifactTransform: /root/projects/PassVault/audit-runtime-linux-android-host-graph04/gradle-home/caches/9.7.1/transforms/7dfc5e54a3d098b15e17146b0696a5f4/transformed/merge/instrumentation-dependencies.bin because:
  Build cache is disabled
  Caching not enabled.
Caching disabled for ExternalDependencyInstrumentingArtifactTransform: /root/projects/PassVault/audit-runtime-linux-android-host-graph04/gradle-home/caches/modules-2/files-2.1/com.android.tools.build/builder-test-api/9.4.0/a6e38343c3f6fd6ce1f833e569bce4b2d85b0182/builder-test-api-9.4.0.jar because:
  Build cache is disabled
  Caching not enabled.
Caching disabled for MergeInstrumentationAnalysisTransform: /root/projects/PassVault/audit-runtime-linux-android-host-graph04/gradle-home/caches/9.7.1/transforms/ec7f00c695ec105091aed6be7f084b74/transformed/analysis/instrumentation-hierarchy.bin because:
  Build cache is disabled
  Caching not enabled.
Caching disabled for MergeInstrumentationAnalysisTransform: /root/projects/PassVault/audit-runtime-linux-android-host-graph04/gradle-home/caches/9.7.1/transforms/ec7f00c695ec105091aed6be7f084b74/transformed/analysis/instrumentation-dependencies.bin because:
  Build cache is disabled
  Caching not enabled.
Caching disabled for MergeInstrumentationAnalysisTransform: /root/projects/PassVault/audit-runtime-linux-android-host-graph04/gradle-home/caches/modules-2/files-2.1/com.android.tools.ddms/ddmlib/32.4.0/47a5071917cd3269367f3a6b8e717abfe949db25/ddmlib-32.4.0.jar because:
  Build cache is disabled
  Caching not enabled.
Caching disabled for ExternalDependencyInstrumentingArtifactTransform: /root/projects/PassVault/audit-runtime-linux-android-host-graph04/gradle-home/caches/9.7.1/transforms/e59bebe2d87f5a67c0ffb2ec086aba72/transformed/merge/instrumentation-dependencies.bin because:
  Build cache is disabled
  Caching not enabled.
Caching disabled for ExternalDependencyInstrumentingArtifactTransform: /root/projects/PassVault/audit-runtime-linux-android-host-graph04/gradle-home/caches/modules-2/files-2.1/com.android.tools.ddms/ddmlib/32.4.0/47a5071917cd3269367f3a6b8e717abfe949db25/ddmlib-32.4.0.jar because:
  Build cache is disabled
  Caching not enabled.
Caching disabled for MergeInstrumentationAnalysisTransform: /root/projects/PassVault/audit-runtime-linux-android-host-graph04/gradle-home/caches/9.7.1/transforms/9e68cdb48604f318c42a6ea943de320f/transformed/analysis/instrumentation-hierarchy.bin because:
  Build cache is disabled
  Caching not enabled.
Caching disabled for MergeInstrumentationAnalysisTransform: /root/projects/PassVault/audit-runtime-linux-android-host-graph04/gradle-home/caches/9.7.1/transforms/9e68cdb48604f318c42a6ea943de320f/transformed/analysis/instrumentation-dependencies.bin because:
  Build cache is disabled
  Caching not enabled.
Caching disabled for MergeInstrumentationAnalysisTransform: /root/projects/PassVault/audit-runtime-linux-android-host-graph04/gradle-home/caches/modules-2/files-2.1/com.android.tools.layoutlib/layoutlib-api/32.4.0/8f655b3d30a60639f6ece73c9721caa86966e9ed/layoutlib-api-32.4.0.jar because:
  Build cache is disabled
  Caching not enabled.
Caching disabled for ExternalDependencyInstrumentingArtifactTransform: /root/projects/PassVault/audit-runtime-linux-android-host-graph04/gradle-home/caches/9.7.1/transforms/8748e7fef71a95e39f107af517746590/transformed/merge/instrumentation-dependencies.bin because:
  Build cache is disabled
  Caching not enabled.
Caching disabled for ExternalDependencyInstrumentingArtifactTransform: /root/projects/PassVault/audit-runtime-linux-android-host-graph04/gradle-home/caches/modules-2/files-2.1/com.android.tools.layoutlib/layoutlib-api/32.4.0/8f655b3d30a60639f6ece73c9721caa86966e9ed/layoutlib-api-32.4.0.jar because:
  Build cache is disabled
  Caching not enabled.
Caching disabled for MergeInstrumentationAnalysisTransform: /root/projects/PassVault/audit-runtime-linux-android-host-graph04/gradle-home/caches/9.7.1/transforms/8963e19d1575d43636f3136f02b7107e/transformed/analysis/instrumentation-hierarchy.bin because:
  Build cache is disabled
  Caching not enabled.
Caching disabled for MergeInstrumentationAnalysisTransform: /root/projects/PassVault/audit-runtime-linux-android-host-graph04/gradle-home/caches/9.7.1/transforms/8963e19d1575d43636f3136f02b7107e/transformed/analysis/instrumentation-dependencies.bin because:
  Build cache is disabled
  Caching not enabled.
Caching disabled for MergeInstrumentationAnalysisTransform: /root/projects/PassVault/audit-runtime-linux-android-host-graph04/gradle-home/caches/modules-2/files-2.1/com.android.tools/dvlib/32.4.0/ddf23cd64ef10c248076fc4d7011c7d8250385cd/dvlib-32.4.0.jar because:
  Build cache is disabled
  Caching not enabled.
Caching disabled for ExternalDependencyInstrumentingArtifactTransform: /root/projects/PassVault/audit-runtime-linux-android-host-graph04/gradle-home/caches/9.7.1/transforms/7e3c8fe04615defd789ecd8955987cfe/transformed/merge/instrumentation-dependencies.bin because:
  Build cache is disabled
  Caching not enabled.
Caching disabled for ExternalDependencyInstrumentingArtifactTransform: /root/projects/PassVault/audit-runtime-linux-android-host-graph04/gradle-home/caches/modules-2/files-2.1/com.android.tools/dvlib/32.4.0/ddf23cd64ef10c248076fc4d7011c7d8250385cd/dvlib-32.4.0.jar because:
  Build cache is disabled
  Caching not enabled.
Caching disabled for MergeInstrumentationAnalysisTransform: /root/projects/PassVault/audit-runtime-linux-android-host-graph04/gradle-home/caches/9.7.1/transforms/d0bdb2a875c9a7393d1a1204d5023c17/transformed/analysis/instrumentation-hierarchy.bin because:
  Build cache is disabled
  Caching not enabled.
Caching disabled for MergeInstrumentationAnalysisTransform: /root/projects/PassVault/audit-runtime-linux-android-host-graph04/gradle-home/caches/9.7.1/transforms/d0bdb2a875c9a7393d1a1204d5023c17/transformed/analysis/instrumentation-dependencies.bin because:
  Build cache is disabled
  Caching not enabled.
Caching disabled for MergeInstrumentationAnalysisTransform: /root/projects/PassVault/audit-runtime-linux-android-host-graph04/gradle-home/caches/modules-2/files-2.1/com.android.tools/common/32.4.0/e726669a2e96bd6a0d68bb48d9a6bf09210f5c1a/common-32.4.0.jar because:
  Build cache is disabled
  Caching not enabled.
Caching disabled for ExternalDependencyInstrumentingArtifactTransform: /root/projects/PassVault/audit-runtime-linux-android-host-graph04/gradle-home/caches/9.7.1/transforms/7875692627900e5c9cd102929d744a3d/transformed/merge/instrumentation-dependencies.bin because:
  Build cache is disabled
  Caching not enabled.
Caching disabled for ExternalDependencyInstrumentingArtifactTransform: /root/projects/PassVault/audit-runtime-linux-android-host-graph04/gradle-home/caches/modules-2/files-2.1/com.android.tools/common/32.4.0/e726669a2e96bd6a0d68bb48d9a6bf09210f5c1a/common-32.4.0.jar because:
  Build cache is disabled
  Caching not enabled.
Caching disabled for MergeInstrumentationAnalysisTransform: /root/projects/PassVault/audit-runtime-linux-android-host-graph04/gradle-home/caches/9.7.1/transforms/ba01a1ef951a5d4638db34e3bd3bd748/transformed/analysis/instrumentation-hierarchy.bin because:
  Build cache is disabled
  Caching not enabled.
Caching disabled for MergeInstrumentationAnalysisTransform: /root/projects/PassVault/audit-runtime-linux-android-host-graph04/gradle-home/caches/9.7.1/transforms/ba01a1ef951a5d4638db34e3bd3bd748/transformed/analysis/instrumentation-dependencies.bin because:
  Build cache is disabled
  Caching not enabled.
Caching disabled for MergeInstrumentationAnalysisTransform: /root/projects/PassVault/audit-runtime-linux-android-host-graph04/gradle-home/caches/modules-2/files-2.1/dev.detekt/detekt-gradle-plugin/2.0.0-alpha.6/ae5ae80c78324d77ef1513d7cc63ab9b698bd335/detekt-gradle-plugin-2.0.0-alpha.6.jar because:
  Build cache is disabled
  Caching not enabled.
Caching disabled for ExternalDependencyInstrumentingArtifactTransform: /root/projects/PassVault/audit-runtime-linux-android-host-graph04/gradle-home/caches/9.7.1/transforms/6f56aa8da2c1c8de6961e696fc21bb0d/transformed/merge/instrumentation-dependencies.bin because:
  Build cache is disabled
  Caching not enabled.
Caching disabled for ExternalDependencyInstrumentingArtifactTransform: /root/projects/PassVault/audit-runtime-linux-android-host-graph04/gradle-home/caches/modules-2/files-2.1/dev.detekt/detekt-gradle-plugin/2.0.0-alpha.6/ae5ae80c78324d77ef1513d7cc63ab9b698bd335/detekt-gradle-plugin-2.0.0-alpha.6.jar because:
  Build cache is disabled
  Caching not enabled.
Caching disabled for MergeInstrumentationAnalysisTransform: /root/projects/PassVault/audit-runtime-linux-android-host-graph04/gradle-home/caches/9.7.1/transforms/b3d2c90a9b2cfea963b65fa3ea9247bd/transformed/analysis/instrumentation-hierarchy.bin because:
  Build cache is disabled
  Caching not enabled.
Caching disabled for MergeInstrumentationAnalysisTransform: /root/projects/PassVault/audit-runtime-linux-android-host-graph04/gradle-home/caches/9.7.1/transforms/b3d2c90a9b2cfea963b65fa3ea9247bd/transformed/analysis/instrumentation-dependencies.bin because:
  Build cache is disabled
  Caching not enabled.
Caching disabled for MergeInstrumentationAnalysisTransform: /root/projects/PassVault/audit-runtime-linux-android-host-graph04/gradle-home/caches/modules-2/files-2.1/io.github.detekt.sarif4k/sarif4k-jvm/0.6.0/a0f3805c3fdd35ff6619e8f057ce50ff1aac7145/sarif4k-jvm-0.6.0.jar because:
  Build cache is disabled
  Caching not enabled.
Caching disabled for ExternalDependencyInstrumentingArtifactTransform: /root/projects/PassVault/audit-runtime-linux-android-host-graph04/gradle-home/caches/9.7.1/transforms/64852da5096f5feef6122e657c0b90eb/transformed/merge/instrumentation-dependencies.bin because:
  Build cache is disabled
  Caching not enabled.
Caching disabled for ExternalDependencyInstrumentingArtifactTransform: /root/projects/PassVault/audit-runtime-linux-android-host-graph04/gradle-home/caches/modules-2/files-2.1/io.github.detekt.sarif4k/sarif4k-jvm/0.6.0/a0f3805c3fdd35ff6619e8f057ce50ff1aac7145/sarif4k-jvm-0.6.0.jar because:
  Build cache is disabled
  Caching not enabled.
Caching disabled for MergeInstrumentationAnalysisTransform: /root/projects/PassVault/audit-runtime-linux-android-host-graph04/gradle-home/caches/9.7.1/transforms/2c53b140d910e3071a0a547c9a72351a/transformed/analysis/instrumentation-hierarchy.bin because:
  Build cache is disabled
  Caching not enabled.
Caching disabled for MergeInstrumentationAnalysisTransform: /root/projects/PassVault/audit-runtime-linux-android-host-graph04/gradle-home/caches/9.7.1/transforms/2c53b140d910e3071a0a547c9a72351a/transformed/analysis/instrumentation-dependencies.bin because:
  Build cache is disabled
  Caching not enabled.
Caching disabled for MergeInstrumentationAnalysisTransform: /root/projects/PassVault/audit-runtime-linux-android-host-graph04/gradle-home/caches/modules-2/files-2.1/org.jetbrains.kotlinx/kotlinx-serialization-json-jvm/1.4.1/e6430b33f06dcdff88998abfcb2e78bc3cd0a1f6/kotlinx-serialization-json-jvm-1.4.1.jar because:
  Build cache is disabled
  Caching not enabled.
Caching disabled for ExternalDependencyInstrumentingArtifactTransform: /root/projects/PassVault/audit-runtime-linux-android-host-graph04/gradle-home/caches/9.7.1/transforms/f4afb6ad77b1622b6812112dc74df6df/transformed/merge/instrumentation-dependencies.bin because:
  Build cache is disabled
  Caching not enabled.
Caching disabled for ExternalDependencyInstrumentingArtifactTransform: /root/projects/PassVault/audit-runtime-linux-android-host-graph04/gradle-home/caches/modules-2/files-2.1/org.jetbrains.kotlinx/kotlinx-serialization-json-jvm/1.4.1/e6430b33f06dcdff88998abfcb2e78bc3cd0a1f6/kotlinx-serialization-json-jvm-1.4.1.jar because:
  Build cache is disabled
  Caching not enabled.
Caching disabled for MergeInstrumentationAnalysisTransform: /root/projects/PassVault/audit-runtime-linux-android-host-graph04/gradle-home/caches/9.7.1/transforms/ee71acca119e0bfa57d6caff8b976f51/transformed/analysis/instrumentation-hierarchy.bin because:
  Build cache is disabled
  Caching not enabled.
Caching disabled for MergeInstrumentationAnalysisTransform: /root/projects/PassVault/audit-runtime-linux-android-host-graph04/gradle-home/caches/9.7.1/transforms/ee71acca119e0bfa57d6caff8b976f51/transformed/analysis/instrumentation-dependencies.bin because:
  Build cache is disabled
  Caching not enabled.
Caching disabled for MergeInstrumentationAnalysisTransform: /root/projects/PassVault/audit-runtime-linux-android-host-graph04/gradle-home/caches/modules-2/files-2.1/org.jetbrains.kotlinx/kotlinx-serialization-core-jvm/1.4.1/e0c2c11e5d0d541ca343c8f09602c0c2287d15a1/kotlinx-serialization-core-jvm-1.4.1.jar because:
  Build cache is disabled
  Caching not enabled.
Caching disabled for ExternalDependencyInstrumentingArtifactTransform: /root/projects/PassVault/audit-runtime-linux-android-host-graph04/gradle-home/caches/9.7.1/transforms/2794c927bc5de153968ca752cd78a93e/transformed/merge/instrumentation-dependencies.bin because:
  Build cache is disabled
  Caching not enabled.
Caching disabled for ExternalDependencyInstrumentingArtifactTransform: /root/projects/PassVault/audit-runtime-linux-android-host-graph04/gradle-home/caches/modules-2/files-2.1/org.jetbrains.kotlinx/kotlinx-serialization-core-jvm/1.4.1/e0c2c11e5d0d541ca343c8f09602c0c2287d15a1/kotlinx-serialization-core-jvm-1.4.1.jar because:
  Build cache is disabled
  Caching not enabled.
Caching disabled for MergeInstrumentationAnalysisTransform: /root/projects/PassVault/audit-runtime-linux-android-host-graph04/gradle-home/caches/9.7.1/transforms/62fd2bf5ff8fab7fbb70dd39b775ff9d/transformed/analysis/instrumentation-dependencies.bin because:
  Build cache is disabled
  Caching not enabled.
Caching disabled for MergeInstrumentationAnalysisTransform: /root/projects/PassVault/audit-runtime-linux-android-host-graph04/gradle-home/caches/modules-2/files-2.1/org.jetbrains.kotlin/kotlin-stdlib-jdk8/2.2.10/80cc9a776a058eeda7053731350bc41af8858a5a/kotlin-stdlib-jdk8-2.2.10.jar because:
  Build cache is disabled
  Caching not enabled.
Caching disabled for ExternalDependencyInstrumentingArtifactTransform: /root/projects/PassVault/audit-runtime-linux-android-host-graph04/gradle-home/caches/9.7.1/transforms/4d74143c5c023509bf8414f0f7687961/transformed/merge/instrumentation-dependencies.bin because:
  Build cache is disabled
  Caching not enabled.
Caching disabled for ExternalDependencyInstrumentingArtifactTransform: /root/projects/PassVault/audit-runtime-linux-android-host-graph04/gradle-home/caches/modules-2/files-2.1/org.jetbrains.kotlin/kotlin-stdlib-jdk8/2.2.10/80cc9a776a058eeda7053731350bc41af8858a5a/kotlin-stdlib-jdk8-2.2.10.jar because:
  Build cache is disabled
  Caching not enabled.
Caching disabled for MergeInstrumentationAnalysisTransform: /root/projects/PassVault/audit-runtime-linux-android-host-graph04/gradle-home/caches/9.7.1/transforms/5bce7a116393f1a468c185fa8c2a1eb7/transformed/analysis/instrumentation-hierarchy.bin because:
  Build cache is disabled
  Caching not enabled.
Caching disabled for MergeInstrumentationAnalysisTransform: /root/projects/PassVault/audit-runtime-linux-android-host-graph04/gradle-home/caches/9.7.1/transforms/5bce7a116393f1a468c185fa8c2a1eb7/transformed/analysis/instrumentation-dependencies.bin because:
  Build cache is disabled
  Caching not enabled.
Caching disabled for MergeInstrumentationAnalysisTransform: /root/projects/PassVault/audit-runtime-linux-android-host-graph04/gradle-home/caches/modules-2/files-2.1/org.jetbrains.kotlin/kotlin-serialization/2.4.10/44ea603b799fe4b3900cfdb5fc2879638258ccf/kotlin-serialization-2.4.10-gradle813.jar because:
  Build cache is disabled
  Caching not enabled.
Caching disabled for ExternalDependencyInstrumentingArtifactTransform: /root/projects/PassVault/audit-runtime-linux-android-host-graph04/gradle-home/caches/9.7.1/transforms/7925a67c1a2cc6746777075abbc93a1e/transformed/merge/instrumentation-dependencies.bin because:
  Build cache is disabled
  Caching not enabled.
Caching disabled for ExternalDependencyInstrumentingArtifactTransform: /root/projects/PassVault/audit-runtime-linux-android-host-graph04/gradle-home/caches/modules-2/files-2.1/org.jetbrains.kotlin/kotlin-serialization/2.4.10/44ea603b799fe4b3900cfdb5fc2879638258ccf/kotlin-serialization-2.4.10-gradle813.jar because:
  Build cache is disabled
  Caching not enabled.
Caching disabled for MergeInstrumentationAnalysisTransform: /root/projects/PassVault/audit-runtime-linux-android-host-graph04/gradle-home/caches/9.7.1/transforms/7841a23685739c9307e3c6ad0aebaed8/transformed/analysis/instrumentation-hierarchy.bin because:
  Build cache is disabled
  Caching not enabled.
Caching disabled for MergeInstrumentationAnalysisTransform: /root/projects/PassVault/audit-runtime-linux-android-host-graph04/gradle-home/caches/9.7.1/transforms/7841a23685739c9307e3c6ad0aebaed8/transformed/analysis/instrumentation-dependencies.bin because:
  Build cache is disabled
  Caching not enabled.
Caching disabled for MergeInstrumentationAnalysisTransform: /root/projects/PassVault/audit-runtime-linux-android-host-graph04/gradle-home/caches/modules-2/files-2.1/org.jetbrains.kotlin/fus-statistics-gradle-plugin/2.4.10/9d2373587d4c591036e79e877b6b5f0a105a052d/fus-statistics-gradle-plugin-2.4.10-gradle813.jar because:
  Build cache is disabled
  Caching not enabled.
Caching disabled for ExternalDependencyInstrumentingArtifactTransform: /root/projects/PassVault/audit-runtime-linux-android-host-graph04/gradle-home/caches/9.7.1/transforms/6aeff341533dc3587d159a7de4c3f0db/transformed/merge/instrumentation-dependencies.bin because:
  Build cache is disabled
  Caching not enabled.
Caching disabled for ExternalDependencyInstrumentingArtifactTransform: /root/projects/PassVault/audit-runtime-linux-android-host-graph04/gradle-home/caches/modules-2/files-2.1/org.jetbrains.kotlin/fus-statistics-gradle-plugin/2.4.10/9d2373587d4c591036e79e877b6b5f0a105a052d/fus-statistics-gradle-plugin-2.4.10-gradle813.jar because:
  Build cache is disabled
  Caching not enabled.
Caching disabled for MergeInstrumentationAnalysisTransform: /root/projects/PassVault/audit-runtime-linux-android-host-graph04/gradle-home/caches/9.7.1/transforms/31260ac1ef85de63928022f8e7a9fbf9/transformed/analysis/instrumentation-hierarchy.bin because:
  Build cache is disabled
  Caching not enabled.
Caching disabled for MergeInstrumentationAnalysisTransform: /root/projects/PassVault/audit-runtime-linux-android-host-graph04/gradle-home/caches/9.7.1/transforms/31260ac1ef85de63928022f8e7a9fbf9/transformed/analysis/instrumentation-dependencies.bin because:
  Build cache is disabled
  Caching not enabled.
Caching disabled for MergeInstrumentationAnalysisTransform: /root/projects/PassVault/audit-runtime-linux-android-host-graph04/gradle-home/caches/modules-2/files-2.1/org.jetbrains.kotlin/kotlin-gradle-plugin-api/2.4.10/57abfa0230a1ffc31556110bff4b946b55967ba3/kotlin-gradle-plugin-api-2.4.10-gradle813.jar because:
  Build cache is disabled
  Caching not enabled.
Caching disabled for ExternalDependencyInstrumentingArtifactTransform: /root/projects/PassVault/audit-runtime-linux-android-host-graph04/gradle-home/caches/9.7.1/transforms/b7662c05f838960ada5c84b5473b2c65/transformed/merge/instrumentation-dependencies.bin because:
  Build cache is disabled
  Caching not enabled.
Caching disabled for ExternalDependencyInstrumentingArtifactTransform: /root/projects/PassVault/audit-runtime-linux-android-host-graph04/gradle-home/caches/modules-2/files-2.1/org.jetbrains.kotlin/kotlin-gradle-plugin-api/2.4.10/57abfa0230a1ffc31556110bff4b946b55967ba3/kotlin-gradle-plugin-api-2.4.10-gradle813.jar because:
  Build cache is disabled
  Caching not enabled.
Caching disabled for MergeInstrumentationAnalysisTransform: /root/projects/PassVault/audit-runtime-linux-android-host-graph04/gradle-home/caches/9.7.1/transforms/e688fdfefb987f39d2c06eba9d568708/transformed/analysis/instrumentation-hierarchy.bin because:
  Build cache is disabled
  Caching not enabled.
Caching disabled for MergeInstrumentationAnalysisTransform: /root/projects/PassVault/audit-runtime-linux-android-host-graph04/gradle-home/caches/9.7.1/transforms/e688fdfefb987f39d2c06eba9d568708/transformed/analysis/instrumentation-dependencies.bin because:
  Build cache is disabled
  Caching not enabled.
Caching disabled for MergeInstrumentationAnalysisTransform: /root/projects/PassVault/audit-runtime-linux-android-host-graph04/gradle-home/caches/modules-2/files-2.1/org.jetbrains.kotlin/compose-compiler-gradle-plugin/2.4.10/380183bbebcd293bd84e8738d012bc3b0403408c/compose-compiler-gradle-plugin-2.4.10-gradle813.jar because:
  Build cache is disabled
  Caching not enabled.
Caching disabled for ExternalDependencyInstrumentingArtifactTransform: /root/projects/PassVault/audit-runtime-linux-android-host-graph04/gradle-home/caches/9.7.1/transforms/d4ea655971fa46d500d9b34f5b747b81/transformed/merge/instrumentation-dependencies.bin because:
  Build cache is disabled
  Caching not enabled.
Caching disabled for ExternalDependencyInstrumentingArtifactTransform: /root/projects/PassVault/audit-runtime-linux-android-host-graph04/gradle-home/caches/modules-2/files-2.1/org.jetbrains.kotlin/compose-compiler-gradle-plugin/2.4.10/380183bbebcd293bd84e8738d012bc3b0403408c/compose-compiler-gradle-plugin-2.4.10-gradle813.jar because:
  Build cache is disabled
  Caching not enabled.
Caching disabled for MergeInstrumentationAnalysisTransform: /root/projects/PassVault/audit-runtime-linux-android-host-graph04/gradle-home/caches/9.7.1/transforms/84367fc657e9bb63175ddf6b41b4d43b/transformed/analysis/instrumentation-hierarchy.bin because:
  Build cache is disabled
  Caching not enabled.
Caching disabled for MergeInstrumentationAnalysisTransform: /root/projects/PassVault/audit-runtime-linux-android-host-graph04/gradle-home/caches/9.7.1/transforms/84367fc657e9bb63175ddf6b41b4d43b/transformed/analysis/instrumentation-dependencies.bin because:
  Build cache is disabled
  Caching not enabled.
Caching disabled for MergeInstrumentationAnalysisTransform: /root/projects/PassVault/audit-runtime-linux-android-host-graph04/gradle-home/caches/modules-2/files-2.1/org.jetbrains.kotlin/kotlin-gradle-plugin/2.4.10/54e85b6639aa6819abc9985612e470576540e8ec/kotlin-gradle-plugin-2.4.10-gradle813.jar because:
  Build cache is disabled
  Caching not enabled.
Caching disabled for ExternalDependencyInstrumentingArtifactTransform: /root/projects/PassVault/audit-runtime-linux-android-host-graph04/gradle-home/caches/9.7.1/transforms/1517f9585908a943dfadbd4f6dd130ee/transformed/merge/instrumentation-dependencies.bin because:
  Build cache is disabled
  Caching not enabled.
Caching disabled for ExternalDependencyInstrumentingArtifactTransform: /root/projects/PassVault/audit-runtime-linux-android-host-graph04/gradle-home/caches/modules-2/files-2.1/org.jetbrains.kotlin/kotlin-gradle-plugin/2.4.10/54e85b6639aa6819abc9985612e470576540e8ec/kotlin-gradle-plugin-2.4.10-gradle813.jar because:
  Build cache is disabled
  Caching not enabled.
Caching disabled for MergeInstrumentationAnalysisTransform: /root/projects/PassVault/audit-runtime-linux-android-host-graph04/gradle-home/caches/9.7.1/transforms/dfa3eb9a3e9cede2631918747296c921/transformed/analysis/instrumentation-hierarchy.bin because:
  Build cache is disabled
  Caching not enabled.
Caching disabled for MergeInstrumentationAnalysisTransform: /root/projects/PassVault/audit-runtime-linux-android-host-graph04/gradle-home/caches/9.7.1/transforms/dfa3eb9a3e9cede2631918747296c921/transformed/analysis/instrumentation-dependencies.bin because:
  Build cache is disabled
  Caching not enabled.
Caching disabled for MergeInstrumentationAnalysisTransform: /root/projects/PassVault/audit-runtime-linux-android-host-graph04/gradle-home/caches/modules-2/files-2.1/org.jetbrains.kotlin/kotlin-compiler-runner/2.4.10/db761b9c5e0a67bcea290bc7e0700a7075af97de/kotlin-compiler-runner-2.4.10.jar because:
  Build cache is disabled
  Caching not enabled.
Caching disabled for ExternalDependencyInstrumentingArtifactTransform: /root/projects/PassVault/audit-runtime-linux-android-host-graph04/gradle-home/caches/9.7.1/transforms/a6835e4141bfea73d08e38923180abbb/transformed/merge/instrumentation-dependencies.bin because:
  Build cache is disabled
  Caching not enabled.
Caching disabled for ExternalDependencyInstrumentingArtifactTransform: /root/projects/PassVault/audit-runtime-linux-android-host-graph04/gradle-home/caches/modules-2/files-2.1/org.jetbrains.kotlin/kotlin-compiler-runner/2.4.10/db761b9c5e0a67bcea290bc7e0700a7075af97de/kotlin-compiler-runner-2.4.10.jar because:
  Build cache is disabled
  Caching not enabled.
Caching disabled for MergeInstrumentationAnalysisTransform: /root/projects/PassVault/audit-runtime-linux-android-host-graph04/gradle-home/caches/9.7.1/transforms/9b7cd23f7ff8be98da6d58ac2957529b/transformed/analysis/instrumentation-hierarchy.bin because:
  Build cache is disabled
  Caching not enabled.
Caching disabled for MergeInstrumentationAnalysisTransform: /root/projects/PassVault/audit-runtime-linux-android-host-graph04/gradle-home/caches/9.7.1/transforms/9b7cd23f7ff8be98da6d58ac2957529b/transformed/analysis/instrumentation-dependencies.bin because:
  Build cache is disabled
  Caching not enabled.
Caching disabled for MergeInstrumentationAnalysisTransform: /root/projects/PassVault/audit-runtime-linux-android-host-graph04/gradle-home/caches/modules-2/files-2.1/org.jetbrains.kotlinx/kotlinx-coroutines-core-jvm/1.9.0/9beade4c1c1569e4f36cbd2c37e02e3e41502601/kotlinx-coroutines-core-jvm-1.9.0.jar because:
  Build cache is disabled
  Caching not enabled.
Caching disabled for ExternalDependencyInstrumentingArtifactTransform: /root/projects/PassVault/audit-runtime-linux-android-host-graph04/gradle-home/caches/9.7.1/transforms/4de5cb9c5ae05c63e2729fc7069ca0ac/transformed/merge/instrumentation-dependencies.bin because:
  Build cache is disabled
  Caching not enabled.
Caching disabled for ExternalDependencyInstrumentingArtifactTransform: /root/projects/PassVault/audit-runtime-linux-android-host-graph04/gradle-home/caches/modules-2/files-2.1/org.jetbrains.kotlinx/kotlinx-coroutines-core-jvm/1.9.0/9beade4c1c1569e4f36cbd2c37e02e3e41502601/kotlinx-coroutines-core-jvm-1.9.0.jar because:
  Build cache is disabled
  Caching not enabled.
Caching disabled for MergeInstrumentationAnalysisTransform: /root/projects/PassVault/audit-runtime-linux-android-host-graph04/gradle-home/caches/9.7.1/transforms/7622f8f2f526cbad69a9d449fff29593/transformed/analysis/instrumentation-dependencies.bin because:
  Build cache is disabled
  Caching not enabled.
Caching disabled for MergeInstrumentationAnalysisTransform: /root/projects/PassVault/audit-runtime-linux-android-host-graph04/gradle-home/caches/modules-2/files-2.1/org.jetbrains.kotlin/kotlin-stdlib-jdk7/2.2.10/18cc96ae090a71726822631e1808c7d329faab5d/kotlin-stdlib-jdk7-2.2.10.jar because:
  Build cache is disabled
  Caching not enabled.
Caching disabled for ExternalDependencyInstrumentingArtifactTransform: /root/projects/PassVault/audit-runtime-linux-android-host-graph04/gradle-home/caches/9.7.1/transforms/bb12aeceda699b8c3569d8ee78b86d15/transformed/merge/instrumentation-dependencies.bin because:
  Build cache is disabled
  Caching not enabled.
Caching disabled for ExternalDependencyInstrumentingArtifactTransform: /root/projects/PassVault/audit-runtime-linux-android-host-graph04/gradle-home/caches/modules-2/files-2.1/org.jetbrains.kotlin/kotlin-stdlib-jdk7/2.2.10/18cc96ae090a71726822631e1808c7d329faab5d/kotlin-stdlib-jdk7-2.2.10.jar because:
  Build cache is disabled
  Caching not enabled.
Caching disabled for MergeInstrumentationAnalysisTransform: /root/projects/PassVault/audit-runtime-linux-android-host-graph04/gradle-home/caches/9.7.1/transforms/b5d984a42c5870af0efdaee3ffa89944/transformed/analysis/instrumentation-hierarchy.bin because:
  Build cache is disabled
  Caching not enabled.
Caching disabled for MergeInstrumentationAnalysisTransform: /root/projects/PassVault/audit-runtime-linux-android-host-graph04/gradle-home/caches/9.7.1/transforms/b5d984a42c5870af0efdaee3ffa89944/transformed/analysis/instrumentation-dependencies.bin because:
  Build cache is disabled
  Caching not enabled.
Caching disabled for MergeInstrumentationAnalysisTransform: /root/projects/PassVault/audit-runtime-linux-android-host-graph04/gradle-home/caches/modules-2/files-2.1/org.jetbrains.kotlin/kotlin-stdlib/2.4.0/4e9f4b531dce5c7dee58ed2de9a8b9a763c8dc6c/kotlin-stdlib-2.4.0.jar because:
  Build cache is disabled
  Caching not enabled.
Caching disabled for ExternalDependencyInstrumentingArtifactTransform: /root/projects/PassVault/audit-runtime-linux-android-host-graph04/gradle-home/caches/9.7.1/transforms/34011ab51407bc5460c6a1b8f7450a1d/transformed/merge/instrumentation-dependencies.bin because:
  Build cache is disabled
  Caching not enabled.
Caching disabled for ExternalDependencyInstrumentingArtifactTransform: /root/projects/PassVault/audit-runtime-linux-android-host-graph04/gradle-home/caches/modules-2/files-2.1/org.jetbrains.kotlin/kotlin-stdlib/2.4.0/4e9f4b531dce5c7dee58ed2de9a8b9a763c8dc6c/kotlin-stdlib-2.4.0.jar because:
  Build cache is disabled
  Caching not enabled.
Caching disabled for MergeInstrumentationAnalysisTransform: /root/projects/PassVault/audit-runtime-linux-android-host-graph04/gradle-home/caches/9.7.1/transforms/81a44ac670246dade6417ddea22886f3/transformed/analysis/instrumentation-dependencies.bin because:
  Build cache is disabled
  Caching not enabled.
Caching disabled for MergeInstrumentationAnalysisTransform: /root/projects/PassVault/audit-runtime-linux-android-host-graph04/gradle-home/caches/modules-2/files-2.1/org.jetbrains/annotations/13.0/919f0dfe192fb4e063e7dacadee7f8bb9a2672a9/annotations-13.0.jar because:
  Build cache is disabled
  Caching not enabled.
Caching disabled for ExternalDependencyInstrumentingArtifactTransform: /root/projects/PassVault/audit-runtime-linux-android-host-graph04/gradle-home/caches/9.7.1/transforms/8126f3cce5251585bdd0ad0b6c9abf43/transformed/merge/instrumentation-dependencies.bin because:
  Build cache is disabled
  Caching not enabled.
Caching disabled for ExternalDependencyInstrumentingArtifactTransform: /root/projects/PassVault/audit-runtime-linux-android-host-graph04/gradle-home/caches/modules-2/files-2.1/org.jetbrains/annotations/13.0/919f0dfe192fb4e063e7dacadee7f8bb9a2672a9/annotations-13.0.jar because:
  Build cache is disabled
  Caching not enabled.
Caching disabled for MergeInstrumentationAnalysisTransform: /root/projects/PassVault/audit-runtime-linux-android-host-graph04/gradle-home/caches/9.7.1/transforms/744bf07847b9240460e49bbfee5377af/transformed/analysis/instrumentation-hierarchy.bin because:
  Build cache is disabled
  Caching not enabled.
Caching disabled for MergeInstrumentationAnalysisTransform: /root/projects/PassVault/audit-runtime-linux-android-host-graph04/gradle-home/caches/9.7.1/transforms/744bf07847b9240460e49bbfee5377af/transformed/analysis/instrumentation-dependencies.bin because:
  Build cache is disabled
  Caching not enabled.
Caching disabled for MergeInstrumentationAnalysisTransform: /root/projects/PassVault/audit-runtime-linux-android-host-graph04/gradle-home/caches/modules-2/files-2.1/org.jetbrains.compose/compose-gradle-plugin/1.11.1/84e978c779bd496be8b922e87559e88190521ce5/compose-gradle-plugin-1.11.1.jar because:
  Build cache is disabled
  Caching not enabled.
Caching disabled for ExternalDependencyInstrumentingArtifactTransform: /root/projects/PassVault/audit-runtime-linux-android-host-graph04/gradle-home/caches/9.7.1/transforms/48cae775defce0cb4961417fc2a70b95/transformed/merge/instrumentation-dependencies.bin because:
  Build cache is disabled
  Caching not enabled.
Caching disabled for ExternalDependencyInstrumentingArtifactTransform: /root/projects/PassVault/audit-runtime-linux-android-host-graph04/gradle-home/caches/modules-2/files-2.1/org.jetbrains.compose/compose-gradle-plugin/1.11.1/84e978c779bd496be8b922e87559e88190521ce5/compose-gradle-plugin-1.11.1.jar because:
  Build cache is disabled
  Caching not enabled.
Caching disabled for MergeInstrumentationAnalysisTransform: /root/projects/PassVault/audit-runtime-linux-android-host-graph04/gradle-home/caches/9.7.1/transforms/1fdaa35d85cc92aba93ba8cb66788155/transformed/analysis/instrumentation-hierarchy.bin because:
  Build cache is disabled
  Caching not enabled.
Caching disabled for MergeInstrumentationAnalysisTransform: /root/projects/PassVault/audit-runtime-linux-android-host-graph04/gradle-home/caches/9.7.1/transforms/1fdaa35d85cc92aba93ba8cb66788155/transformed/analysis/instrumentation-dependencies.bin because:
  Build cache is disabled
  Caching not enabled.
Caching disabled for MergeInstrumentationAnalysisTransform: /root/projects/PassVault/audit-runtime-linux-android-host-graph04/gradle-home/caches/modules-2/files-2.1/org.jetbrains.kotlin/kotlin-gradle-plugin-idea-proto/2.4.10/e3b327b851ffdd00917458e4e4240f349e04c234/kotlin-gradle-plugin-idea-proto-2.4.10.jar because:
  Build cache is disabled
  Caching not enabled.
Caching disabled for ExternalDependencyInstrumentingArtifactTransform: /root/projects/PassVault/audit-runtime-linux-android-host-graph04/gradle-home/caches/9.7.1/transforms/137947850f8d62324f5d6b6b34663471/transformed/merge/instrumentation-dependencies.bin because:
  Build cache is disabled
  Caching not enabled.
Caching disabled for ExternalDependencyInstrumentingArtifactTransform: /root/projects/PassVault/audit-runtime-linux-android-host-graph04/gradle-home/caches/modules-2/files-2.1/org.jetbrains.kotlin/kotlin-gradle-plugin-idea-proto/2.4.10/e3b327b851ffdd00917458e4e4240f349e04c234/kotlin-gradle-plugin-idea-proto-2.4.10.jar because:
  Build cache is disabled
  Caching not enabled.
Caching disabled for MergeInstrumentationAnalysisTransform: /root/projects/PassVault/audit-runtime-linux-android-host-graph04/gradle-home/caches/9.7.1/transforms/de1b023f03ccc3734878960012fef141/transformed/analysis/instrumentation-hierarchy.bin because:
  Build cache is disabled
  Caching not enabled.
Caching disabled for MergeInstrumentationAnalysisTransform: /root/projects/PassVault/audit-runtime-linux-android-host-graph04/gradle-home/caches/9.7.1/transforms/de1b023f03ccc3734878960012fef141/transformed/analysis/instrumentation-dependencies.bin because:
  Build cache is disabled
  Caching not enabled.
Caching disabled for MergeInstrumentationAnalysisTransform: /root/projects/PassVault/audit-runtime-linux-android-host-graph04/gradle-home/caches/modules-2/files-2.1/org.jetbrains.kotlin/kotlin-gradle-plugin-idea/2.4.10/905431b905fbd7c516de862a1179d7ab5fae3955/kotlin-gradle-plugin-idea-2.4.10.jar because:
  Build cache is disabled
  Caching not enabled.
Caching disabled for ExternalDependencyInstrumentingArtifactTransform: /root/projects/PassVault/audit-runtime-linux-android-host-graph04/gradle-home/caches/9.7.1/transforms/eff493ebb11696e93a7d8dcabab26e0b/transformed/merge/instrumentation-dependencies.bin because:
  Build cache is disabled
  Caching not enabled.
Caching disabled for ExternalDependencyInstrumentingArtifactTransform: /root/projects/PassVault/audit-runtime-linux-android-host-graph04/gradle-home/caches/modules-2/files-2.1/org.jetbrains.kotlin/kotlin-gradle-plugin-idea/2.4.10/905431b905fbd7c516de862a1179d7ab5fae3955/kotlin-gradle-plugin-idea-2.4.10.jar because:
  Build cache is disabled
  Caching not enabled.
Caching disabled for MergeInstrumentationAnalysisTransform: /root/projects/PassVault/audit-runtime-linux-android-host-graph04/gradle-home/caches/9.7.1/transforms/6f7b70293f653ef0c33617890bd31f39/transformed/analysis/instrumentation-hierarchy.bin because:
  Build cache is disabled
  Caching not enabled.
Caching disabled for MergeInstrumentationAnalysisTransform: /root/projects/PassVault/audit-runtime-linux-android-host-graph04/gradle-home/caches/9.7.1/transforms/6f7b70293f653ef0c33617890bd31f39/transformed/analysis/instrumentation-dependencies.bin because:
  Build cache is disabled
  Caching not enabled.
Caching disabled for MergeInstrumentationAnalysisTransform: /root/projects/PassVault/audit-runtime-linux-android-host-graph04/gradle-home/caches/modules-2/files-2.1/org.jetbrains.kotlin/kotlin-klib-commonizer-api/2.4.10/3339c9ce1b5f60fed1048142d9c71c7181662641/kotlin-klib-commonizer-api-2.4.10.jar because:
  Build cache is disabled
  Caching not enabled.
Caching disabled for ExternalDependencyInstrumentingArtifactTransform: /root/projects/PassVault/audit-runtime-linux-android-host-graph04/gradle-home/caches/9.7.1/transforms/1387ad49c2326405809aadba6f7f3181/transformed/merge/instrumentation-dependencies.bin because:
  Build cache is disabled
  Caching not enabled.
Caching disabled for ExternalDependencyInstrumentingArtifactTransform: /root/projects/PassVault/audit-runtime-linux-android-host-graph04/gradle-home/caches/modules-2/files-2.1/org.jetbrains.kotlin/kotlin-klib-commonizer-api/2.4.10/3339c9ce1b5f60fed1048142d9c71c7181662641/kotlin-klib-commonizer-api-2.4.10.jar because:
  Build cache is disabled
  Caching not enabled.
Caching disabled for MergeInstrumentationAnalysisTransform: /root/projects/PassVault/audit-runtime-linux-android-host-graph04/gradle-home/caches/9.7.1/transforms/817b51ad4eb26eb708d9967cb27ce336/transformed/analysis/instrumentation-hierarchy.bin because:
  Build cache is disabled
  Caching not enabled.
Caching disabled for MergeInstrumentationAnalysisTransform: /root/projects/PassVault/audit-runtime-linux-android-host-graph04/gradle-home/caches/9.7.1/transforms/817b51ad4eb26eb708d9967cb27ce336/transformed/analysis/instrumentation-dependencies.bin because:
  Build cache is disabled
  Caching not enabled.
Caching disabled for MergeInstrumentationAnalysisTransform: /root/projects/PassVault/audit-runtime-linux-android-host-graph04/gradle-home/caches/modules-2/files-2.1/org.jetbrains.kotlin/kotlin-build-statistics/2.4.10/3e16cd72908cbc218f6b2124a4bdaa26d885de6b/kotlin-build-statistics-2.4.10.jar because:
  Build cache is disabled
  Caching not enabled.
Caching disabled for ExternalDependencyInstrumentingArtifactTransform: /root/projects/PassVault/audit-runtime-linux-android-host-graph04/gradle-home/caches/9.7.1/transforms/4b1c9c2b9cdeb1553812aa335a04b247/transformed/merge/instrumentation-dependencies.bin because:
  Build cache is disabled
  Caching not enabled.
Caching disabled for ExternalDependencyInstrumentingArtifactTransform: /root/projects/PassVault/audit-runtime-linux-android-host-graph04/gradle-home/caches/modules-2/files-2.1/org.jetbrains.kotlin/kotlin-build-statistics/2.4.10/3e16cd72908cbc218f6b2124a4bdaa26d885de6b/kotlin-build-statistics-2.4.10.jar because:
  Build cache is disabled
  Caching not enabled.
Caching disabled for MergeInstrumentationAnalysisTransform: /root/projects/PassVault/audit-runtime-linux-android-host-graph04/gradle-home/caches/9.7.1/transforms/59d27df745c5229b84eb8056ab71ec9f/transformed/analysis/instrumentation-hierarchy.bin because:
  Build cache is disabled
  Caching not enabled.
Caching disabled for MergeInstrumentationAnalysisTransform: /root/projects/PassVault/audit-runtime-linux-android-host-graph04/gradle-home/caches/9.7.1/transforms/59d27df745c5229b84eb8056ab71ec9f/transformed/analysis/instrumentation-dependencies.bin because:
  Build cache is disabled
  Caching not enabled.
Caching disabled for MergeInstrumentationAnalysisTransform: /root/projects/PassVault/audit-runtime-linux-android-host-graph04/gradle-home/caches/modules-2/files-2.1/org.jetbrains.kotlin/kotlin-util-klib-metadata/2.4.10/5d0b35631780153637205c66a75aa61c3fa2adc8/kotlin-util-klib-metadata-2.4.10.jar because:
  Build cache is disabled
  Caching not enabled.
Caching disabled for ExternalDependencyInstrumentingArtifactTransform: /root/projects/PassVault/audit-runtime-linux-android-host-graph04/gradle-home/caches/9.7.1/transforms/43f5e0074f5a1acfabddaeb8928fb9d9/transformed/merge/instrumentation-dependencies.bin because:
  Build cache is disabled
  Caching not enabled.
Caching disabled for ExternalDependencyInstrumentingArtifactTransform: /root/projects/PassVault/audit-runtime-linux-android-host-graph04/gradle-home/caches/modules-2/files-2.1/org.jetbrains.kotlin/kotlin-util-klib-metadata/2.4.10/5d0b35631780153637205c66a75aa61c3fa2adc8/kotlin-util-klib-metadata-2.4.10.jar because:
  Build cache is disabled
  Caching not enabled.
Caching disabled for MergeInstrumentationAnalysisTransform: /root/projects/PassVault/audit-runtime-linux-android-host-graph04/gradle-home/caches/9.7.1/transforms/6537b034dc13c3e53f223b54f2e4b8ad/transformed/analysis/instrumentation-hierarchy.bin because:
  Build cache is disabled
  Caching not enabled.
Caching disabled for MergeInstrumentationAnalysisTransform: /root/projects/PassVault/audit-runtime-linux-android-host-graph04/gradle-home/caches/9.7.1/transforms/6537b034dc13c3e53f223b54f2e4b8ad/transformed/analysis/instrumentation-dependencies.bin because:
  Build cache is disabled
  Caching not enabled.
Caching disabled for MergeInstrumentationAnalysisTransform: /root/projects/PassVault/audit-runtime-linux-android-host-graph04/gradle-home/caches/modules-2/files-2.1/org.jetbrains.compose.hot-reload/hot-reload-gradle-plugin/1.1.1/6d3c8fc18f34ab5ebce4fc736bcf301bf01f43d/hot-reload-gradle-plugin-1.1.1.jar because:
  Build cache is disabled
  Caching not enabled.
Caching disabled for ExternalDependencyInstrumentingArtifactTransform: /root/projects/PassVault/audit-runtime-linux-android-host-graph04/gradle-home/caches/9.7.1/transforms/32cbcad76941fb6ec82120d060f356c7/transformed/merge/instrumentation-dependencies.bin because:
  Build cache is disabled
  Caching not enabled.
Caching disabled for ExternalDependencyInstrumentingArtifactTransform: /root/projects/PassVault/audit-runtime-linux-android-host-graph04/gradle-home/caches/modules-2/files-2.1/org.jetbrains.compose.hot-reload/hot-reload-gradle-plugin/1.1.1/6d3c8fc18f34ab5ebce4fc736bcf301bf01f43d/hot-reload-gradle-plugin-1.1.1.jar because:
  Build cache is disabled
  Caching not enabled.
Caching disabled for MergeInstrumentationAnalysisTransform: /root/projects/PassVault/audit-runtime-linux-android-host-graph04/gradle-home/caches/9.7.1/transforms/d38116a0e618c3b3a2e8fff7ea0d9604/transformed/analysis/instrumentation-hierarchy.bin because:
  Build cache is disabled
  Caching not enabled.
Caching disabled for MergeInstrumentationAnalysisTransform: /root/projects/PassVault/audit-runtime-linux-android-host-graph04/gradle-home/caches/9.7.1/transforms/d38116a0e618c3b3a2e8fff7ea0d9604/transformed/analysis/instrumentation-dependencies.bin because:
  Build cache is disabled
  Caching not enabled.
Caching disabled for MergeInstrumentationAnalysisTransform: /root/projects/PassVault/audit-runtime-linux-android-host-graph04/gradle-home/caches/modules-2/files-2.1/com.android.tools.build/bundletool/1.18.3/8d7bee8e57a4158a872ed99190a60a498c2adc8d/bundletool-1.18.3.jar because:
  Build cache is disabled
  Caching not enabled.
Caching disabled for ExternalDependencyInstrumentingArtifactTransform: /root/projects/PassVault/audit-runtime-linux-android-host-graph04/gradle-home/caches/9.7.1/transforms/1b3a7aa043e469b0b2641f295c117a12/transformed/merge/instrumentation-dependencies.bin because:
  Build cache is disabled
  Caching not enabled.
Caching disabled for ExternalDependencyInstrumentingArtifactTransform: /root/projects/PassVault/audit-runtime-linux-android-host-graph04/gradle-home/caches/modules-2/files-2.1/com.android.tools.build/bundletool/1.18.3/8d7bee8e57a4158a872ed99190a60a498c2adc8d/bundletool-1.18.3.jar because:
  Build cache is disabled
  Caching not enabled.
Caching disabled for MergeInstrumentationAnalysisTransform: /root/projects/PassVault/audit-runtime-linux-android-host-graph04/gradle-home/caches/9.7.1/transforms/f1bb5f8e8f75cef5aa5a875dcf29000e/transformed/analysis/instrumentation-hierarchy.bin because:
  Build cache is disabled
  Caching not enabled.
Caching disabled for MergeInstrumentationAnalysisTransform: /root/projects/PassVault/audit-runtime-linux-android-host-graph04/gradle-home/caches/9.7.1/transforms/f1bb5f8e8f75cef5aa5a875dcf29000e/transformed/analysis/instrumentation-dependencies.bin because:
  Build cache is disabled
  Caching not enabled.
Caching disabled for MergeInstrumentationAnalysisTransform: /root/projects/PassVault/audit-runtime-linux-android-host-graph04/gradle-home/caches/modules-2/files-2.1/com.android.tools.build/aapt2-proto/9.4.0-15978811/cbffec6e4effe25da0382f547eafab6d38847f9c/aapt2-proto-9.4.0-15978811.jar because:
  Build cache is disabled
  Caching not enabled.
Caching disabled for ExternalDependencyInstrumentingArtifactTransform: /root/projects/PassVault/audit-runtime-linux-android-host-graph04/gradle-home/caches/9.7.1/transforms/f2a762d3438fb3c5ccb3e82cbdc8a775/transformed/merge/instrumentation-dependencies.bin because:
  Build cache is disabled
  Caching not enabled.
Caching disabled for ExternalDependencyInstrumentingArtifactTransform: /root/projects/PassVault/audit-runtime-linux-android-host-graph04/gradle-home/caches/modules-2/files-2.1/com.android.tools.build/aapt2-proto/9.4.0-15978811/cbffec6e4effe25da0382f547eafab6d38847f9c/aapt2-proto-9.4.0-15978811.jar because:
  Build cache is disabled
  Caching not enabled.
Caching disabled for MergeInstrumentationAnalysisTransform: /root/projects/PassVault/audit-runtime-linux-android-host-graph04/gradle-home/caches/9.7.1/transforms/4d031d43122d5b860e95df66c9bdc266/transformed/analysis/instrumentation-hierarchy.bin because:
  Build cache is disabled
  Caching not enabled.
Caching disabled for MergeInstrumentationAnalysisTransform: /root/projects/PassVault/audit-runtime-linux-android-host-graph04/gradle-home/caches/9.7.1/transforms/4d031d43122d5b860e95df66c9bdc266/transformed/analysis/instrumentation-dependencies.bin because:
  Build cache is disabled
  Caching not enabled.
Caching disabled for MergeInstrumentationAnalysisTransform: /root/projects/PassVault/audit-runtime-linux-android-host-graph04/gradle-home/caches/modules-2/files-2.1/com.android.tools.analytics-library/crash/32.4.0/e7c2cc7bcc18c49f1eeb778f61be590cc32fbfdd/crash-32.4.0.jar because:
  Build cache is disabled
  Caching not enabled.
Caching disabled for ExternalDependencyInstrumentingArtifactTransform: /root/projects/PassVault/audit-runtime-linux-android-host-graph04/gradle-home/caches/9.7.1/transforms/c5fa26e7b18e682d06b785651392aeb6/transformed/merge/instrumentation-dependencies.bin because:
  Build cache is disabled
  Caching not enabled.
Caching disabled for ExternalDependencyInstrumentingArtifactTransform: /root/projects/PassVault/audit-runtime-linux-android-host-graph04/gradle-home/caches/modules-2/files-2.1/com.android.tools.analytics-library/crash/32.4.0/e7c2cc7bcc18c49f1eeb778f61be590cc32fbfdd/crash-32.4.0.jar because:
  Build cache is disabled
  Caching not enabled.
Caching disabled for MergeInstrumentationAnalysisTransform: /root/projects/PassVault/audit-runtime-linux-android-host-graph04/gradle-home/caches/9.7.1/transforms/3af58ef9d22a43055ba4941bf1a5be8c/transformed/analysis/instrumentation-hierarchy.bin because:
  Build cache is disabled
  Caching not enabled.
Caching disabled for MergeInstrumentationAnalysisTransform: /root/projects/PassVault/audit-runtime-linux-android-host-graph04/gradle-home/caches/9.7.1/transforms/3af58ef9d22a43055ba4941bf1a5be8c/transformed/analysis/instrumentation-dependencies.bin because:
  Build cache is disabled
  Caching not enabled.
Caching disabled for MergeInstrumentationAnalysisTransform: /root/projects/PassVault/audit-runtime-linux-android-host-graph04/gradle-home/caches/modules-2/files-2.1/com.android.tools.lint/lint-typedef-remover/32.4.0/b8665f5c42647d7d4088cd386d5d1d10e40fd9a2/lint-typedef-remover-32.4.0.jar because:
  Build cache is disabled
  Caching not enabled.
Caching disabled for ExternalDependencyInstrumentingArtifactTransform: /root/projects/PassVault/audit-runtime-linux-android-host-graph04/gradle-home/caches/9.7.1/transforms/d44f54d109eeb8560ab347b3785985d9/transformed/merge/instrumentation-dependencies.bin because:
  Build cache is disabled
  Caching not enabled.
Caching disabled for ExternalDependencyInstrumentingArtifactTransform: /root/projects/PassVault/audit-runtime-linux-android-host-graph04/gradle-home/caches/modules-2/files-2.1/com.android.tools.lint/lint-typedef-remover/32.4.0/b8665f5c42647d7d4088cd386d5d1d10e40fd9a2/lint-typedef-remover-32.4.0.jar because:
  Build cache is disabled
  Caching not enabled.
Caching disabled for MergeInstrumentationAnalysisTransform: /root/projects/PassVault/audit-runtime-linux-android-host-graph04/gradle-home/caches/9.7.1/transforms/f71160501322ea07b20651db54d292ea/transformed/analysis/instrumentation-hierarchy.bin because:
  Build cache is disabled
  Caching not enabled.
Caching disabled for MergeInstrumentationAnalysisTransform: /root/projects/PassVault/audit-runtime-linux-android-host-graph04/gradle-home/caches/9.7.1/transforms/f71160501322ea07b20651db54d292ea/transformed/analysis/instrumentation-dependencies.bin because:
  Build cache is disabled
  Caching not enabled.
Caching disabled for MergeInstrumentationAnalysisTransform: /root/projects/PassVault/audit-runtime-linux-android-host-graph04/gradle-home/caches/modules-2/files-2.1/androidx.databinding/databinding-common/9.4.0/6f14d56ba3258fd1e803e71bc6c589235141c317/databinding-common-9.4.0.jar because:
  Build cache is disabled
  Caching not enabled.
Caching disabled for ExternalDependencyInstrumentingArtifactTransform: /root/projects/PassVault/audit-runtime-linux-android-host-graph04/gradle-home/caches/9.7.1/transforms/c806cbc44a4d35df32cb88f088a8dd90/transformed/merge/instrumentation-dependencies.bin because:
  Build cache is disabled
  Caching not enabled.
Caching disabled for ExternalDependencyInstrumentingArtifactTransform: /root/projects/PassVault/audit-runtime-linux-android-host-graph04/gradle-home/caches/modules-2/files-2.1/androidx.databinding/databinding-common/9.4.0/6f14d56ba3258fd1e803e71bc6c589235141c317/databinding-common-9.4.0.jar because:
  Build cache is disabled
  Caching not enabled.
Caching disabled for MergeInstrumentationAnalysisTransform: /root/projects/PassVault/audit-runtime-linux-android-host-graph04/gradle-home/caches/9.7.1/transforms/60d1708d14d3c68d0864b9ba7e468b45/transformed/analysis/instrumentation-hierarchy.bin because:
  Build cache is disabled
  Caching not enabled.
Caching disabled for MergeInstrumentationAnalysisTransform: /root/projects/PassVault/audit-runtime-linux-android-host-graph04/gradle-home/caches/9.7.1/transforms/60d1708d14d3c68d0864b9ba7e468b45/transformed/analysis/instrumentation-dependencies.bin because:
  Build cache is disabled
  Caching not enabled.
Caching disabled for MergeInstrumentationAnalysisTransform: /root/projects/PassVault/audit-runtime-linux-android-host-graph04/gradle-home/caches/modules-2/files-2.1/com.android.databinding/baseLibrary/9.4.0/a3e410a22b3d7b2608151d2052d044cd3a35ae06/baseLibrary-9.4.0.jar because:
  Build cache is disabled
  Caching not enabled.
Caching disabled for ExternalDependencyInstrumentingArtifactTransform: /root/projects/PassVault/audit-runtime-linux-android-host-graph04/gradle-home/caches/9.7.1/transforms/5d0a5c9ce76cefd9beb5095c10896586/transformed/merge/instrumentation-dependencies.bin because:
  Build cache is disabled
  Caching not enabled.
Caching disabled for ExternalDependencyInstrumentingArtifactTransform: /root/projects/PassVault/audit-runtime-linux-android-host-graph04/gradle-home/caches/modules-2/files-2.1/com.android.databinding/baseLibrary/9.4.0/a3e410a22b3d7b2608151d2052d044cd3a35ae06/baseLibrary-9.4.0.jar because:
  Build cache is disabled
  Caching not enabled.
Caching disabled for MergeInstrumentationAnalysisTransform: /root/projects/PassVault/audit-runtime-linux-android-host-graph04/gradle-home/caches/9.7.1/transforms/3da17a1ebf87cf10b10b5c5a69baddc6/transformed/analysis/instrumentation-hierarchy.bin because:
  Build cache is disabled
  Caching not enabled.
Caching disabled for MergeInstrumentationAnalysisTransform: /root/projects/PassVault/audit-runtime-linux-android-host-graph04/gradle-home/caches/9.7.1/transforms/3da17a1ebf87cf10b10b5c5a69baddc6/transformed/analysis/instrumentation-dependencies.bin because:
  Build cache is disabled
  Caching not enabled.
Caching disabled for MergeInstrumentationAnalysisTransform: /root/projects/PassVault/audit-runtime-linux-android-host-graph04/gradle-home/caches/modules-2/files-2.1/org.apache.httpcomponents/httpmime/4.5.6/164343da11db817e81e24e0d9869527e069850c9/httpmime-4.5.6.jar because:
  Build cache is disabled
  Caching not enabled.
Caching disabled for ExternalDependencyInstrumentingArtifactTransform: /root/projects/PassVault/audit-runtime-linux-android-host-graph04/gradle-home/caches/9.7.1/transforms/6c3f314c84751f908e36394467cd8928/transformed/merge/instrumentation-dependencies.bin because:
  Build cache is disabled
  Caching not enabled.
Caching disabled for ExternalDependencyInstrumentingArtifactTransform: /root/projects/PassVault/audit-runtime-linux-android-host-graph04/gradle-home/caches/modules-2/files-2.1/org.apache.httpcomponents/httpmime/4.5.6/164343da11db817e81e24e0d9869527e069850c9/httpmime-4.5.6.jar because:
  Build cache is disabled
  Caching not enabled.
Caching disabled for MergeInstrumentationAnalysisTransform: /root/projects/PassVault/audit-runtime-linux-android-host-graph04/gradle-home/caches/9.7.1/transforms/65bf582757d0561aa00b3df16395620a/transformed/analysis/instrumentation-hierarchy.bin because:
  Build cache is disabled
  Caching not enabled.
Caching disabled for MergeInstrumentationAnalysisTransform: /root/projects/PassVault/audit-runtime-linux-android-host-graph04/gradle-home/caches/9.7.1/transforms/65bf582757d0561aa00b3df16395620a/transformed/analysis/instrumentation-dependencies.bin because:
  Build cache is disabled
  Caching not enabled.
Caching disabled for MergeInstrumentationAnalysisTransform: /root/projects/PassVault/audit-runtime-linux-android-host-graph04/gradle-home/caches/modules-2/files-2.1/org.apache.commons/commons-compress/1.27.1/a19151084758e2fbb6b41eddaa88e7b8ff4e6599/commons-compress-1.27.1.jar because:
  Build cache is disabled
  Caching not enabled.
Caching disabled for ExternalDependencyInstrumentingArtifactTransform: /root/projects/PassVault/audit-runtime-linux-android-host-graph04/gradle-home/caches/9.7.1/transforms/d0418743f7c52920ee5c733bdbcf61ff/transformed/merge/instrumentation-dependencies.bin because:
  Build cache is disabled
  Caching not enabled.
Caching disabled for ExternalDependencyInstrumentingArtifactTransform: /root/projects/PassVault/audit-runtime-linux-android-host-graph04/gradle-home/caches/modules-2/files-2.1/org.apache.commons/commons-compress/1.27.1/a19151084758e2fbb6b41eddaa88e7b8ff4e6599/commons-compress-1.27.1.jar because:
  Build cache is disabled
  Caching not enabled.
Caching disabled for MergeInstrumentationAnalysisTransform: /root/projects/PassVault/audit-runtime-linux-android-host-graph04/gradle-home/caches/9.7.1/transforms/8df1666bbd904587907c57fa07f3dd4c/transformed/analysis/instrumentation-hierarchy.bin because:
  Build cache is disabled
  Caching not enabled.
Caching disabled for MergeInstrumentationAnalysisTransform: /root/projects/PassVault/audit-runtime-linux-android-host-graph04/gradle-home/caches/9.7.1/transforms/8df1666bbd904587907c57fa07f3dd4c/transformed/analysis/instrumentation-dependencies.bin because:
  Build cache is disabled
  Caching not enabled.
Caching disabled for MergeInstrumentationAnalysisTransform: /root/projects/PassVault/audit-runtime-linux-android-host-graph04/gradle-home/caches/modules-2/files-2.1/commons-io/commons-io/2.16.1/377d592e740dc77124e0901291dbfaa6810a200e/commons-io-2.16.1.jar because:
  Build cache is disabled
  Caching not enabled.
Caching disabled for ExternalDependencyInstrumentingArtifactTransform: /root/projects/PassVault/audit-runtime-linux-android-host-graph04/gradle-home/caches/9.7.1/transforms/273a8ed42f8081c6e602bc0169620655/transformed/merge/instrumentation-dependencies.bin because:
  Build cache is disabled
  Caching not enabled.
Caching disabled for ExternalDependencyInstrumentingArtifactTransform: /root/projects/PassVault/audit-runtime-linux-android-host-graph04/gradle-home/caches/modules-2/files-2.1/commons-io/commons-io/2.16.1/377d592e740dc77124e0901291dbfaa6810a200e/commons-io-2.16.1.jar because:
  Build cache is disabled
  Caching not enabled.
Caching disabled for MergeInstrumentationAnalysisTransform: /root/projects/PassVault/audit-runtime-linux-android-host-graph04/gradle-home/caches/9.7.1/transforms/3626f01c02e9accd2941321f1dbacd40/transformed/analysis/instrumentation-hierarchy.bin because:
  Build cache is disabled
  Caching not enabled.
Caching disabled for MergeInstrumentationAnalysisTransform: /root/projects/PassVault/audit-runtime-linux-android-host-graph04/gradle-home/caches/9.7.1/transforms/3626f01c02e9accd2941321f1dbacd40/transformed/analysis/instrumentation-dependencies.bin because:
  Build cache is disabled
  Caching not enabled.
Caching disabled for MergeInstrumentationAnalysisTransform: /root/projects/PassVault/audit-runtime-linux-android-host-graph04/gradle-home/caches/modules-2/files-2.1/org.ow2.asm/asm-commons/9.9/db9165a3bf908ded6b08612d583a15d1d0c7bda0/asm-commons-9.9.jar because:
  Build cache is disabled
  Caching not enabled.
Caching disabled for ExternalDependencyInstrumentingArtifactTransform: /root/projects/PassVault/audit-runtime-linux-android-host-graph04/gradle-home/caches/9.7.1/transforms/d6181f0189f7e79694c199d42afdf7fd/transformed/merge/instrumentation-dependencies.bin because:
  Build cache is disabled
  Caching not enabled.
Caching disabled for ExternalDependencyInstrumentingArtifactTransform: /root/projects/PassVault/audit-runtime-linux-android-host-graph04/gradle-home/caches/modules-2/files-2.1/org.ow2.asm/asm-commons/9.9/db9165a3bf908ded6b08612d583a15d1d0c7bda0/asm-commons-9.9.jar because:
  Build cache is disabled
  Caching not enabled.
Caching disabled for MergeInstrumentationAnalysisTransform: /root/projects/PassVault/audit-runtime-linux-android-host-graph04/gradle-home/caches/9.7.1/transforms/f02a46af4b04fad15e6ac996470cbda5/transformed/analysis/instrumentation-hierarchy.bin because:
  Build cache is disabled
  Caching not enabled.
Caching disabled for MergeInstrumentationAnalysisTransform: /root/projects/PassVault/audit-runtime-linux-android-host-graph04/gradle-home/caches/9.7.1/transforms/f02a46af4b04fad15e6ac996470cbda5/transformed/analysis/instrumentation-dependencies.bin because:
  Build cache is disabled
  Caching not enabled.
Caching disabled for MergeInstrumentationAnalysisTransform: /root/projects/PassVault/audit-runtime-linux-android-host-graph04/gradle-home/caches/modules-2/files-2.1/org.ow2.asm/asm-util/9.9/42fdfc0508b43807c8078d6e82ecff2ce2112ae8/asm-util-9.9.jar because:
  Build cache is disabled
  Caching not enabled.
Caching disabled for ExternalDependencyInstrumentingArtifactTransform: /root/projects/PassVault/audit-runtime-linux-android-host-graph04/gradle-home/caches/9.7.1/transforms/f8da1e56c5ba206cfb4c89afcc56fec4/transformed/merge/instrumentation-dependencies.bin because:
  Build cache is disabled
  Caching not enabled.
Caching disabled for ExternalDependencyInstrumentingArtifactTransform: /root/projects/PassVault/audit-runtime-linux-android-host-graph04/gradle-home/caches/modules-2/files-2.1/org.ow2.asm/asm-util/9.9/42fdfc0508b43807c8078d6e82ecff2ce2112ae8/asm-util-9.9.jar because:
  Build cache is disabled
  Caching not enabled.
Caching disabled for MergeInstrumentationAnalysisTransform: /root/projects/PassVault/audit-runtime-linux-android-host-graph04/gradle-home/caches/9.7.1/transforms/a5b70382906a57a3892a566be03508ba/transformed/analysis/instrumentation-hierarchy.bin because:
  Build cache is disabled
  Caching not enabled.
Caching disabled for MergeInstrumentationAnalysisTransform: /root/projects/PassVault/audit-runtime-linux-android-host-graph04/gradle-home/caches/9.7.1/transforms/a5b70382906a57a3892a566be03508ba/transformed/analysis/instrumentation-dependencies.bin because:
  Build cache is disabled
  Caching not enabled.
Caching disabled for MergeInstrumentationAnalysisTransform: /root/projects/PassVault/audit-runtime-linux-android-host-graph04/gradle-home/caches/modules-2/files-2.1/org.ow2.asm/asm-analysis/9.9/bf4fa6e66638851c1cd22c2caea0c3ee5d5f437/asm-analysis-9.9.jar because:
  Build cache is disabled
  Caching not enabled.
Caching disabled for ExternalDependencyInstrumentingArtifactTransform: /root/projects/PassVault/audit-runtime-linux-android-host-graph04/gradle-home/caches/9.7.1/transforms/c656ceea8715255e1c854a23440cb191/transformed/merge/instrumentation-dependencies.bin because:
  Build cache is disabled
  Caching not enabled.
Caching disabled for ExternalDependencyInstrumentingArtifactTransform: /root/projects/PassVault/audit-runtime-linux-android-host-graph04/gradle-home/caches/modules-2/files-2.1/org.ow2.asm/asm-analysis/9.9/bf4fa6e66638851c1cd22c2caea0c3ee5d5f437/asm-analysis-9.9.jar because:
  Build cache is disabled
  Caching not enabled.
Caching disabled for MergeInstrumentationAnalysisTransform: /root/projects/PassVault/audit-runtime-linux-android-host-graph04/gradle-home/caches/9.7.1/transforms/3eb39da5ce6ba662d64ff6830eca21c9/transformed/analysis/instrumentation-hierarchy.bin because:
  Build cache is disabled
  Caching not enabled.
Caching disabled for MergeInstrumentationAnalysisTransform: /root/projects/PassVault/audit-runtime-linux-android-host-graph04/gradle-home/caches/9.7.1/transforms/3eb39da5ce6ba662d64ff6830eca21c9/transformed/analysis/instrumentation-dependencies.bin because:
  Build cache is disabled
  Caching not enabled.
Caching disabled for MergeInstrumentationAnalysisTransform: /root/projects/PassVault/audit-runtime-linux-android-host-graph04/gradle-home/caches/modules-2/files-2.1/org.ow2.asm/asm-tree/9.9/f8de6eead6d24dd0f45bd065bbe112b2cda6ea21/asm-tree-9.9.jar because:
  Build cache is disabled
  Caching not enabled.
Caching disabled for ExternalDependencyInstrumentingArtifactTransform: /root/projects/PassVault/audit-runtime-linux-android-host-graph04/gradle-home/caches/9.7.1/transforms/fc1d3fab3333558b7b160fb041d1184a/transformed/merge/instrumentation-dependencies.bin because:
  Build cache is disabled
  Caching not enabled.
Caching disabled for ExternalDependencyInstrumentingArtifactTransform: /root/projects/PassVault/audit-runtime-linux-android-host-graph04/gradle-home/caches/modules-2/files-2.1/org.ow2.asm/asm-tree/9.9/f8de6eead6d24dd0f45bd065bbe112b2cda6ea21/asm-tree-9.9.jar because:
  Build cache is disabled
  Caching not enabled.
Caching disabled for MergeInstrumentationAnalysisTransform: /root/projects/PassVault/audit-runtime-linux-android-host-graph04/gradle-home/caches/9.7.1/transforms/e778a32725cf7a751eb9232dfb9273f7/transformed/analysis/instrumentation-hierarchy.bin because:
  Build cache is disabled
  Caching not enabled.
Caching disabled for MergeInstrumentationAnalysisTransform: /root/projects/PassVault/audit-runtime-linux-android-host-graph04/gradle-home/caches/9.7.1/transforms/e778a32725cf7a751eb9232dfb9273f7/transformed/analysis/instrumentation-dependencies.bin because:
  Build cache is disabled
  Caching not enabled.
Caching disabled for MergeInstrumentationAnalysisTransform: /root/projects/PassVault/audit-runtime-linux-android-host-graph04/gradle-home/caches/modules-2/files-2.1/org.ow2.asm/asm/9.9/c29635c8a7afa03d74b33c1884df8abb2b3f3dcc/asm-9.9.jar because:
  Build cache is disabled
  Caching not enabled.
Caching disabled for ExternalDependencyInstrumentingArtifactTransform: /root/projects/PassVault/audit-runtime-linux-android-host-graph04/gradle-home/caches/9.7.1/transforms/5564523a2b10141be9cb452346e4f82c/transformed/merge/instrumentation-dependencies.bin because:
  Build cache is disabled
  Caching not enabled.
Caching disabled for ExternalDependencyInstrumentingArtifactTransform: /root/projects/PassVault/audit-runtime-linux-android-host-graph04/gradle-home/caches/modules-2/files-2.1/org.ow2.asm/asm/9.9/c29635c8a7afa03d74b33c1884df8abb2b3f3dcc/asm-9.9.jar because:
  Build cache is disabled
  Caching not enabled.
Caching disabled for MergeInstrumentationAnalysisTransform: /root/projects/PassVault/audit-runtime-linux-android-host-graph04/gradle-home/caches/9.7.1/transforms/d7fc341ce1d82c88e8cd91111d840f04/transformed/analysis/instrumentation-hierarchy.bin because:
  Build cache is disabled
  Caching not enabled.
Caching disabled for MergeInstrumentationAnalysisTransform: /root/projects/PassVault/audit-runtime-linux-android-host-graph04/gradle-home/caches/9.7.1/transforms/d7fc341ce1d82c88e8cd91111d840f04/transformed/analysis/instrumentation-dependencies.bin because:
  Build cache is disabled
  Caching not enabled.
Caching disabled for MergeInstrumentationAnalysisTransform: /root/projects/PassVault/audit-runtime-linux-android-host-graph04/gradle-home/caches/modules-2/files-2.1/org.glassfish.jaxb/jaxb-runtime/2.3.2/5528bc882ea499a09d720b42af11785c4fc6be2a/jaxb-runtime-2.3.2.jar because:
  Build cache is disabled
  Caching not enabled.
Caching disabled for ExternalDependencyInstrumentingArtifactTransform: /root/projects/PassVault/audit-runtime-linux-android-host-graph04/gradle-home/caches/9.7.1/transforms/f3b65d2dec35b131335963248dfc4ff4/transformed/merge/instrumentation-dependencies.bin because:
  Build cache is disabled
  Caching not enabled.
Caching disabled for ExternalDependencyInstrumentingArtifactTransform: /root/projects/PassVault/audit-runtime-linux-android-host-graph04/gradle-home/caches/modules-2/files-2.1/org.glassfish.jaxb/jaxb-runtime/2.3.2/5528bc882ea499a09d720b42af11785c4fc6be2a/jaxb-runtime-2.3.2.jar because:
  Build cache is disabled
  Caching not enabled.
Caching disabled for MergeInstrumentationAnalysisTransform: /root/projects/PassVault/audit-runtime-linux-android-host-graph04/gradle-home/caches/9.7.1/transforms/40478a03a919694946f924dbf88598f1/transformed/analysis/instrumentation-hierarchy.bin because:
  Build cache is disabled
  Caching not enabled.
Caching disabled for MergeInstrumentationAnalysisTransform: /root/projects/PassVault/audit-runtime-linux-android-host-graph04/gradle-home/caches/9.7.1/transforms/40478a03a919694946f924dbf88598f1/transformed/analysis/instrumentation-dependencies.bin because:
  Build cache is disabled
  Caching not enabled.
Caching disabled for MergeInstrumentationAnalysisTransform: /root/projects/PassVault/audit-runtime-linux-android-host-graph04/gradle-home/caches/modules-2/files-2.1/net.sf.jopt-simple/jopt-simple/4.9/ee9e9eaa0a35360dcfeac129ff4923215fd65904/jopt-simple-4.9.jar because:
  Build cache is disabled
  Caching not enabled.
Caching disabled for ExternalDependencyInstrumentingArtifactTransform: /root/projects/PassVault/audit-runtime-linux-android-host-graph04/gradle-home/caches/9.7.1/transforms/f64b7346c244d7ea3718d5e889f335d9/transformed/merge/instrumentation-dependencies.bin because:
  Build cache is disabled
  Caching not enabled.
Caching disabled for ExternalDependencyInstrumentingArtifactTransform: /root/projects/PassVault/audit-runtime-linux-android-host-graph04/gradle-home/caches/modules-2/files-2.1/net.sf.jopt-simple/jopt-simple/4.9/ee9e9eaa0a35360dcfeac129ff4923215fd65904/jopt-simple-4.9.jar because:
  Build cache is disabled
  Caching not enabled.
Caching disabled for MergeInstrumentationAnalysisTransform: /root/projects/PassVault/audit-runtime-linux-android-host-graph04/gradle-home/caches/9.7.1/transforms/31e3a9c7776bdc756603de7938fec007/transformed/analysis/instrumentation-hierarchy.bin because:
  Build cache is disabled
  Caching not enabled.
Caching disabled for MergeInstrumentationAnalysisTransform: /root/projects/PassVault/audit-runtime-linux-android-host-graph04/gradle-home/caches/9.7.1/transforms/31e3a9c7776bdc756603de7938fec007/transformed/analysis/instrumentation-dependencies.bin because:
  Build cache is disabled
  Caching not enabled.
Caching disabled for MergeInstrumentationAnalysisTransform: /root/projects/PassVault/audit-runtime-linux-android-host-graph04/gradle-home/caches/modules-2/files-2.1/com.squareup/javapoet/1.13.0/d6562d385049f35eb50403fa86bb11cce76b866a/javapoet-1.13.0.jar because:
  Build cache is disabled
  Caching not enabled.
Caching disabled for ExternalDependencyInstrumentingArtifactTransform: /root/projects/PassVault/audit-runtime-linux-android-host-graph04/gradle-home/caches/9.7.1/transforms/f43a807497d2b293de794d38e3c0c516/transformed/merge/instrumentation-dependencies.bin because:
  Build cache is disabled
  Caching not enabled.
Caching disabled for ExternalDependencyInstrumentingArtifactTransform: /root/projects/PassVault/audit-runtime-linux-android-host-graph04/gradle-home/caches/modules-2/files-2.1/com.squareup/javapoet/1.13.0/d6562d385049f35eb50403fa86bb11cce76b866a/javapoet-1.13.0.jar because:
  Build cache is disabled
  Caching not enabled.
Caching disabled for MergeInstrumentationAnalysisTransform: /root/projects/PassVault/audit-runtime-linux-android-host-graph04/gradle-home/caches/9.7.1/transforms/931fa2eac88d48be41f8d526eb435fda/transformed/analysis/instrumentation-hierarchy.bin because:
  Build cache is disabled
  Caching not enabled.
Caching disabled for MergeInstrumentationAnalysisTransform: /root/projects/PassVault/audit-runtime-linux-android-host-graph04/gradle-home/caches/9.7.1/transforms/931fa2eac88d48be41f8d526eb435fda/transformed/analysis/instrumentation-dependencies.bin because:
  Build cache is disabled
  Caching not enabled.
Caching disabled for MergeInstrumentationAnalysisTransform: /root/projects/PassVault/audit-runtime-linux-android-host-graph04/gradle-home/caches/modules-2/files-2.1/com.google.protobuf/protobuf-java-util/3.25.5/38cc5ce479603e36466feda2a9f1dfdb2210ef00/protobuf-java-util-3.25.5.jar because:
  Build cache is disabled
  Caching not enabled.
Caching disabled for ExternalDependencyInstrumentingArtifactTransform: /root/projects/PassVault/audit-runtime-linux-android-host-graph04/gradle-home/caches/9.7.1/transforms/d4c041554f1eb6df6af8789970193d73/transformed/merge/instrumentation-dependencies.bin because:
  Build cache is disabled
  Caching not enabled.
Caching disabled for ExternalDependencyInstrumentingArtifactTransform: /root/projects/PassVault/audit-runtime-linux-android-host-graph04/gradle-home/caches/modules-2/files-2.1/com.google.protobuf/protobuf-java-util/3.25.5/38cc5ce479603e36466feda2a9f1dfdb2210ef00/protobuf-java-util-3.25.5.jar because:
  Build cache is disabled
  Caching not enabled.
Caching disabled for MergeInstrumentationAnalysisTransform: /root/projects/PassVault/audit-runtime-linux-android-host-graph04/gradle-home/caches/9.7.1/transforms/1fe73ced6bcc0ee3ca8e3de0cece73ef/transformed/analysis/instrumentation-hierarchy.bin because:
  Build cache is disabled
  Caching not enabled.
Caching disabled for MergeInstrumentationAnalysisTransform: /root/projects/PassVault/audit-runtime-linux-android-host-graph04/gradle-home/caches/9.7.1/transforms/1fe73ced6bcc0ee3ca8e3de0cece73ef/transformed/analysis/instrumentation-dependencies.bin because:
  Build cache is disabled
  Caching not enabled.
Caching disabled for MergeInstrumentationAnalysisTransform: /root/projects/PassVault/audit-runtime-linux-android-host-graph04/gradle-home/caches/modules-2/files-2.1/com.google.crypto.tink/tink/1.7.0/668b57f109d32349b2870448f06ae6f202713edc/tink-1.7.0.jar because:
  Build cache is disabled
  Caching not enabled.
Caching disabled for ExternalDependencyInstrumentingArtifactTransform: /root/projects/PassVault/audit-runtime-linux-android-host-graph04/gradle-home/caches/9.7.1/transforms/cc68d08fd608edf0eeecfcc600955364/transformed/merge/instrumentation-dependencies.bin because:
  Build cache is disabled
  Caching not enabled.
Caching disabled for ExternalDependencyInstrumentingArtifactTransform: /root/projects/PassVault/audit-runtime-linux-android-host-graph04/gradle-home/caches/modules-2/files-2.1/com.google.crypto.tink/tink/1.7.0/668b57f109d32349b2870448f06ae6f202713edc/tink-1.7.0.jar because:
  Build cache is disabled
  Caching not enabled.
Caching disabled for MergeInstrumentationAnalysisTransform: /root/projects/PassVault/audit-runtime-linux-android-host-graph04/gradle-home/caches/9.7.1/transforms/445800d5f37d135a9daf17f23681f4b7/transformed/analysis/instrumentation-hierarchy.bin because:
  Build cache is disabled
  Caching not enabled.
Caching disabled for MergeInstrumentationAnalysisTransform: /root/projects/PassVault/audit-runtime-linux-android-host-graph04/gradle-home/caches/9.7.1/transforms/445800d5f37d135a9daf17f23681f4b7/transformed/analysis/instrumentation-dependencies.bin because:
  Build cache is disabled
  Caching not enabled.
Caching disabled for MergeInstrumentationAnalysisTransform: /root/projects/PassVault/audit-runtime-linux-android-host-graph04/gradle-home/caches/modules-2/files-2.1/com.android.tools.analytics-library/protos/32.4.0/72ce19690099b238b9214e35e08d0641bd4e726d/protos-32.4.0.jar because:
  Build cache is disabled
  Caching not enabled.
Caching disabled for ExternalDependencyInstrumentingArtifactTransform: /root/projects/PassVault/audit-runtime-linux-android-host-graph04/gradle-home/caches/9.7.1/transforms/f2bb65bdf199a4986c471064c88dfad1/transformed/merge/instrumentation-dependencies.bin because:
  Build cache is disabled
  Caching not enabled.
Caching disabled for ExternalDependencyInstrumentingArtifactTransform: /root/projects/PassVault/audit-runtime-linux-android-host-graph04/gradle-home/caches/modules-2/files-2.1/com.android.tools.analytics-library/protos/32.4.0/72ce19690099b238b9214e35e08d0641bd4e726d/protos-32.4.0.jar because:
  Build cache is disabled
  Caching not enabled.
Caching disabled for MergeInstrumentationAnalysisTransform: /root/projects/PassVault/audit-runtime-linux-android-host-graph04/gradle-home/caches/9.7.1/transforms/17b606efad8503ea91ad1e7a741ad1a8/transformed/analysis/instrumentation-hierarchy.bin because:
  Build cache is disabled
  Caching not enabled.
Caching disabled for MergeInstrumentationAnalysisTransform: /root/projects/PassVault/audit-runtime-linux-android-host-graph04/gradle-home/caches/9.7.1/transforms/17b606efad8503ea91ad1e7a741ad1a8/transformed/analysis/instrumentation-dependencies.bin because:
  Build cache is disabled
  Caching not enabled.
Caching disabled for MergeInstrumentationAnalysisTransform: /root/projects/PassVault/audit-runtime-linux-android-host-graph04/gradle-home/caches/modules-2/files-2.1/com.google.protobuf/protobuf-java/3.25.5/5ae5c9ec39930ae9b5a61b32b93288818ec05ec1/protobuf-java-3.25.5.jar because:
  Build cache is disabled
  Caching not enabled.
Caching disabled for ExternalDependencyInstrumentingArtifactTransform: /root/projects/PassVault/audit-runtime-linux-android-host-graph04/gradle-home/caches/9.7.1/transforms/550c39950c749462586c2a3fe669758f/transformed/merge/instrumentation-dependencies.bin because:
  Build cache is disabled
  Caching not enabled.
Caching disabled for ExternalDependencyInstrumentingArtifactTransform: /root/projects/PassVault/audit-runtime-linux-android-host-graph04/gradle-home/caches/modules-2/files-2.1/com.google.protobuf/protobuf-java/3.25.5/5ae5c9ec39930ae9b5a61b32b93288818ec05ec1/protobuf-java-3.25.5.jar because:
  Build cache is disabled
  Caching not enabled.
Caching disabled for MergeInstrumentationAnalysisTransform: /root/projects/PassVault/audit-runtime-linux-android-host-graph04/gradle-home/caches/9.7.1/transforms/7a08eb6d0b24ae46f004bed095a34e79/transformed/analysis/instrumentation-hierarchy.bin because:
  Build cache is disabled
  Caching not enabled.
Caching disabled for MergeInstrumentationAnalysisTransform: /root/projects/PassVault/audit-runtime-linux-android-host-graph04/gradle-home/caches/9.7.1/transforms/7a08eb6d0b24ae46f004bed095a34e79/transformed/analysis/instrumentation-dependencies.bin because:
  Build cache is disabled
  Caching not enabled.
Caching disabled for MergeInstrumentationAnalysisTransform: /root/projects/PassVault/audit-runtime-linux-android-host-graph04/gradle-home/caches/modules-2/files-2.1/com.google.code.gson/gson/2.11.0/527175ca6d81050b53bdd4c457a6d6e017626b0e/gson-2.11.0.jar because:
  Build cache is disabled
  Caching not enabled.
Caching disabled for ExternalDependencyInstrumentingArtifactTransform: /root/projects/PassVault/audit-runtime-linux-android-host-graph04/gradle-home/caches/9.7.1/transforms/9139fc90b458302ecfa928d1e5e1a4e2/transformed/merge/instrumentation-dependencies.bin because:
  Build cache is disabled
  Caching not enabled.
Caching disabled for ExternalDependencyInstrumentingArtifactTransform: /root/projects/PassVault/audit-runtime-linux-android-host-graph04/gradle-home/caches/modules-2/files-2.1/com.google.code.gson/gson/2.11.0/527175ca6d81050b53bdd4c457a6d6e017626b0e/gson-2.11.0.jar because:
  Build cache is disabled
  Caching not enabled.
Caching disabled for MergeInstrumentationAnalysisTransform: /root/projects/PassVault/audit-runtime-linux-android-host-graph04/gradle-home/caches/9.7.1/transforms/e1b4ed7ec6cd2a86696da966a26dbffc/transformed/analysis/instrumentation-hierarchy.bin because:
  Build cache is disabled
  Caching not enabled.
Caching disabled for MergeInstrumentationAnalysisTransform: /root/projects/PassVault/audit-runtime-linux-android-host-graph04/gradle-home/caches/9.7.1/transforms/e1b4ed7ec6cd2a86696da966a26dbffc/transformed/analysis/instrumentation-dependencies.bin because:
  Build cache is disabled
  Caching not enabled.
Caching disabled for MergeInstrumentationAnalysisTransform: /root/projects/PassVault/audit-runtime-linux-android-host-graph04/gradle-home/caches/modules-2/files-2.1/org.tensorflow/tensorflow-lite-metadata/0.2.0/7dbe8f75ae5c0ef7093c43c3ac8b560bbc7ea4b6/tensorflow-lite-metadata-0.2.0.jar because:
  Build cache is disabled
  Caching not enabled.
Caching disabled for ExternalDependencyInstrumentingArtifactTransform: /root/projects/PassVault/audit-runtime-linux-android-host-graph04/gradle-home/caches/9.7.1/transforms/082768b4fbaec179f3b538040de78002/transformed/merge/instrumentation-dependencies.bin because:
  Build cache is disabled
  Caching not enabled.
Caching disabled for ExternalDependencyInstrumentingArtifactTransform: /root/projects/PassVault/audit-runtime-linux-android-host-graph04/gradle-home/caches/modules-2/files-2.1/org.tensorflow/tensorflow-lite-metadata/0.2.0/7dbe8f75ae5c0ef7093c43c3ac8b560bbc7ea4b6/tensorflow-lite-metadata-0.2.0.jar because:
  Build cache is disabled
  Caching not enabled.
Caching disabled for MergeInstrumentationAnalysisTransform: /root/projects/PassVault/audit-runtime-linux-android-host-graph04/gradle-home/caches/9.7.1/transforms/0367b4a13f937f635a429a3a576947ac/transformed/analysis/instrumentation-dependencies.bin because:
  Build cache is disabled
  Caching not enabled.
Caching disabled for MergeInstrumentationAnalysisTransform: /root/projects/PassVault/audit-runtime-linux-android-host-graph04/gradle-home/caches/modules-2/files-2.1/org.jetbrains.kotlin/kotlin-gradle-plugin-annotations/2.4.10/d7e21334dd356764357f26dd1044975cb63e820f/kotlin-gradle-plugin-annotations-2.4.10.jar because:
  Build cache is disabled
  Caching not enabled.
Caching disabled for ExternalDependencyInstrumentingArtifactTransform: /root/projects/PassVault/audit-runtime-linux-android-host-graph04/gradle-home/caches/9.7.1/transforms/3976e289277675415d9362e67a82083a/transformed/merge/instrumentation-dependencies.bin because:
  Build cache is disabled
  Caching not enabled.
Caching disabled for ExternalDependencyInstrumentingArtifactTransform: /root/projects/PassVault/audit-runtime-linux-android-host-graph04/gradle-home/caches/modules-2/files-2.1/org.jetbrains.kotlin/kotlin-gradle-plugin-annotations/2.4.10/d7e21334dd356764357f26dd1044975cb63e820f/kotlin-gradle-plugin-annotations-2.4.10.jar because:
  Build cache is disabled
  Caching not enabled.
Caching disabled for MergeInstrumentationAnalysisTransform: /root/projects/PassVault/audit-runtime-linux-android-host-graph04/gradle-home/caches/9.7.1/transforms/28bdc1203607bed9432af1fd41940e29/transformed/analysis/instrumentation-hierarchy.bin because:
  Build cache is disabled
  Caching not enabled.
Caching disabled for MergeInstrumentationAnalysisTransform: /root/projects/PassVault/audit-runtime-linux-android-host-graph04/gradle-home/caches/9.7.1/transforms/28bdc1203607bed9432af1fd41940e29/transformed/analysis/instrumentation-dependencies.bin because:
  Build cache is disabled
  Caching not enabled.
Caching disabled for MergeInstrumentationAnalysisTransform: /root/projects/PassVault/audit-runtime-linux-android-host-graph04/gradle-home/caches/modules-2/files-2.1/org.jetbrains.kotlin/kotlin-native-utils/2.4.10/ffa1a46704f3172c99f23fd024965ebb24055ab6/kotlin-native-utils-2.4.10.jar because:
  Build cache is disabled
  Caching not enabled.
Caching disabled for ExternalDependencyInstrumentingArtifactTransform: /root/projects/PassVault/audit-runtime-linux-android-host-graph04/gradle-home/caches/9.7.1/transforms/b3ab5ac2fc01d2e289a98735199dafbd/transformed/merge/instrumentation-dependencies.bin because:
  Build cache is disabled
  Caching not enabled.
Caching disabled for ExternalDependencyInstrumentingArtifactTransform: /root/projects/PassVault/audit-runtime-linux-android-host-graph04/gradle-home/caches/modules-2/files-2.1/org.jetbrains.kotlin/kotlin-native-utils/2.4.10/ffa1a46704f3172c99f23fd024965ebb24055ab6/kotlin-native-utils-2.4.10.jar because:
  Build cache is disabled
  Caching not enabled.
Caching disabled for MergeInstrumentationAnalysisTransform: /root/projects/PassVault/audit-runtime-linux-android-host-graph04/gradle-home/caches/9.7.1/transforms/2204220f833f8a3cb5cbbc96bd04a4db/transformed/analysis/instrumentation-hierarchy.bin because:
  Build cache is disabled
  Caching not enabled.
Caching disabled for MergeInstrumentationAnalysisTransform: /root/projects/PassVault/audit-runtime-linux-android-host-graph04/gradle-home/caches/9.7.1/transforms/2204220f833f8a3cb5cbbc96bd04a4db/transformed/analysis/instrumentation-dependencies.bin because:
  Build cache is disabled
  Caching not enabled.
Caching disabled for MergeInstrumentationAnalysisTransform: /root/projects/PassVault/audit-runtime-linux-android-host-graph04/gradle-home/caches/modules-2/files-2.1/org.jetbrains.kotlin/kotlin-tooling-core/2.4.10/75970f5a2a9cb4d25557965bbec0a7ccd55bfbcf/kotlin-tooling-core-2.4.10.jar because:
  Build cache is disabled
  Caching not enabled.
Caching disabled for ExternalDependencyInstrumentingArtifactTransform: /root/projects/PassVault/audit-runtime-linux-android-host-graph04/gradle-home/caches/9.7.1/transforms/2613e430d5ba737db5a05e8577b9bbe9/transformed/merge/instrumentation-dependencies.bin because:
  Build cache is disabled
  Caching not enabled.
Caching disabled for ExternalDependencyInstrumentingArtifactTransform: /root/projects/PassVault/audit-runtime-linux-android-host-graph04/gradle-home/caches/modules-2/files-2.1/org.jetbrains.kotlin/kotlin-tooling-core/2.4.10/75970f5a2a9cb4d25557965bbec0a7ccd55bfbcf/kotlin-tooling-core-2.4.10.jar because:
  Build cache is disabled
  Caching not enabled.
Caching disabled for MergeInstrumentationAnalysisTransform: /root/projects/PassVault/audit-runtime-linux-android-host-graph04/gradle-home/caches/9.7.1/transforms/fa8785dff862722b0844292be840d6a6/transformed/analysis/instrumentation-hierarchy.bin because:
  Build cache is disabled
  Caching not enabled.
Caching disabled for MergeInstrumentationAnalysisTransform: /root/projects/PassVault/audit-runtime-linux-android-host-graph04/gradle-home/caches/9.7.1/transforms/fa8785dff862722b0844292be840d6a6/transformed/analysis/instrumentation-dependencies.bin because:
  Build cache is disabled
  Caching not enabled.
Caching disabled for MergeInstrumentationAnalysisTransform: /root/projects/PassVault/audit-runtime-linux-android-host-graph04/gradle-home/caches/modules-2/files-2.1/org.jetbrains.kotlin/kotlin-build-tools-api/2.4.10/c88fe54d8d8c568de500b26fd459853c7202de39/kotlin-build-tools-api-2.4.10.jar because:
  Build cache is disabled
  Caching not enabled.
Caching disabled for ExternalDependencyInstrumentingArtifactTransform: /root/projects/PassVault/audit-runtime-linux-android-host-graph04/gradle-home/caches/9.7.1/transforms/4825ec5fdd84f8265b7bc36f43995313/transformed/merge/instrumentation-dependencies.bin because:
  Build cache is disabled
  Caching not enabled.
Caching disabled for ExternalDependencyInstrumentingArtifactTransform: /root/projects/PassVault/audit-runtime-linux-android-host-graph04/gradle-home/caches/modules-2/files-2.1/org.jetbrains.kotlin/kotlin-build-tools-api/2.4.10/c88fe54d8d8c568de500b26fd459853c7202de39/kotlin-build-tools-api-2.4.10.jar because:
  Build cache is disabled
  Caching not enabled.
Caching disabled for MergeInstrumentationAnalysisTransform: /root/projects/PassVault/audit-runtime-linux-android-host-graph04/gradle-home/caches/9.7.1/transforms/d63b8fdf354364cb8e7019016e41e372/transformed/analysis/instrumentation-hierarchy.bin because:
  Build cache is disabled
  Caching not enabled.
Caching disabled for MergeInstrumentationAnalysisTransform: /root/projects/PassVault/audit-runtime-linux-android-host-graph04/gradle-home/caches/9.7.1/transforms/d63b8fdf354364cb8e7019016e41e372/transformed/analysis/instrumentation-dependencies.bin because:
  Build cache is disabled
  Caching not enabled.
Caching disabled for MergeInstrumentationAnalysisTransform: /root/projects/PassVault/audit-runtime-linux-android-host-graph04/gradle-home/caches/modules-2/files-2.1/org.jetbrains.kotlin/kotlin-util-klib/2.4.10/4c70cfc757d717d056b9cec24932506677bb0f52/kotlin-util-klib-2.4.10.jar because:
  Build cache is disabled
  Caching not enabled.
Caching disabled for ExternalDependencyInstrumentingArtifactTransform: /root/projects/PassVault/audit-runtime-linux-android-host-graph04/gradle-home/caches/9.7.1/transforms/6fe031cda8fb78bff21348cba3e0bec3/transformed/merge/instrumentation-dependencies.bin because:
  Build cache is disabled
  Caching not enabled.
Caching disabled for ExternalDependencyInstrumentingArtifactTransform: /root/projects/PassVault/audit-runtime-linux-android-host-graph04/gradle-home/caches/modules-2/files-2.1/org.jetbrains.kotlin/kotlin-util-klib/2.4.10/4c70cfc757d717d056b9cec24932506677bb0f52/kotlin-util-klib-2.4.10.jar because:
  Build cache is disabled
  Caching not enabled.
Caching disabled for MergeInstrumentationAnalysisTransform: /root/projects/PassVault/audit-runtime-linux-android-host-graph04/gradle-home/caches/9.7.1/transforms/eb613282374489dcbe96d9df48d07a0e/transformed/analysis/instrumentation-hierarchy.bin because:
  Build cache is disabled
  Caching not enabled.
Caching disabled for MergeInstrumentationAnalysisTransform: /root/projects/PassVault/audit-runtime-linux-android-host-graph04/gradle-home/caches/9.7.1/transforms/eb613282374489dcbe96d9df48d07a0e/transformed/analysis/instrumentation-dependencies.bin because:
  Build cache is disabled
  Caching not enabled.
Caching disabled for MergeInstrumentationAnalysisTransform: /root/projects/PassVault/audit-runtime-linux-android-host-graph04/gradle-home/caches/modules-2/files-2.1/org.jetbrains.kotlin/kotlin-util-io/2.4.10/22c395cc2a2833b5dd1aa368155c491b8a04be6d/kotlin-util-io-2.4.10.jar because:
  Build cache is disabled
  Caching not enabled.
Caching disabled for ExternalDependencyInstrumentingArtifactTransform: /root/projects/PassVault/audit-runtime-linux-android-host-graph04/gradle-home/caches/9.7.1/transforms/c41104bcc2388c1f181b231d22ec1403/transformed/merge/instrumentation-dependencies.bin because:
  Build cache is disabled
  Caching not enabled.
Caching disabled for ExternalDependencyInstrumentingArtifactTransform: /root/projects/PassVault/audit-runtime-linux-android-host-graph04/gradle-home/caches/modules-2/files-2.1/org.jetbrains.kotlin/kotlin-util-io/2.4.10/22c395cc2a2833b5dd1aa368155c491b8a04be6d/kotlin-util-io-2.4.10.jar because:
  Build cache is disabled
  Caching not enabled.
Caching disabled for MergeInstrumentationAnalysisTransform: /root/projects/PassVault/audit-runtime-linux-android-host-graph04/gradle-home/caches/9.7.1/transforms/fb4da546fe684629e47ee03cda883ea9/transformed/analysis/instrumentation-hierarchy.bin because:
  Build cache is disabled
  Caching not enabled.
Caching disabled for MergeInstrumentationAnalysisTransform: /root/projects/PassVault/audit-runtime-linux-android-host-graph04/gradle-home/caches/9.7.1/transforms/fb4da546fe684629e47ee03cda883ea9/transformed/analysis/instrumentation-dependencies.bin because:
  Build cache is disabled
  Caching not enabled.
Caching disabled for MergeInstrumentationAnalysisTransform: /root/projects/PassVault/audit-runtime-linux-android-host-graph04/gradle-home/caches/modules-2/files-2.1/org.jetbrains.kotlin/kotlin-daemon-client/2.4.10/8c3aa7a03a90240de365985d93bc8ed39163f852/kotlin-daemon-client-2.4.10.jar because:
  Build cache is disabled
  Caching not enabled.
Caching disabled for ExternalDependencyInstrumentingArtifactTransform: /root/projects/PassVault/audit-runtime-linux-android-host-graph04/gradle-home/caches/9.7.1/transforms/169c346de421d5f2fc6dd1c4b6ba2f94/transformed/merge/instrumentation-dependencies.bin because:
  Build cache is disabled
  Caching not enabled.
Caching disabled for ExternalDependencyInstrumentingArtifactTransform: /root/projects/PassVault/audit-runtime-linux-android-host-graph04/gradle-home/caches/modules-2/files-2.1/org.jetbrains.kotlin/kotlin-daemon-client/2.4.10/8c3aa7a03a90240de365985d93bc8ed39163f852/kotlin-daemon-client-2.4.10.jar because:
  Build cache is disabled
  Caching not enabled.
Caching disabled for MergeInstrumentationAnalysisTransform: /root/projects/PassVault/audit-runtime-linux-android-host-graph04/gradle-home/caches/9.7.1/transforms/845bb3c4f75e9675c51e90670c81034d/transformed/analysis/instrumentation-hierarchy.bin because:
  Build cache is disabled
  Caching not enabled.
Caching disabled for MergeInstrumentationAnalysisTransform: /root/projects/PassVault/audit-runtime-linux-android-host-graph04/gradle-home/caches/9.7.1/transforms/845bb3c4f75e9675c51e90670c81034d/transformed/analysis/instrumentation-dependencies.bin because:
  Build cache is disabled
  Caching not enabled.
Caching disabled for MergeInstrumentationAnalysisTransform: /root/projects/PassVault/audit-runtime-linux-android-host-graph04/gradle-home/caches/modules-2/files-2.1/com.google.jimfs/jimfs/1.1/8fbd0579dc68aba6186935cc1bee21d2f3e7ec1c/jimfs-1.1.jar because:
  Build cache is disabled
  Caching not enabled.
Caching disabled for ExternalDependencyInstrumentingArtifactTransform: /root/projects/PassVault/audit-runtime-linux-android-host-graph04/gradle-home/caches/9.7.1/transforms/5e42c8b56b1d2f81a55bd036d98da98f/transformed/merge/instrumentation-dependencies.bin because:
  Build cache is disabled
  Caching not enabled.
Caching disabled for ExternalDependencyInstrumentingArtifactTransform: /root/projects/PassVault/audit-runtime-linux-android-host-graph04/gradle-home/caches/modules-2/files-2.1/com.google.jimfs/jimfs/1.1/8fbd0579dc68aba6186935cc1bee21d2f3e7ec1c/jimfs-1.1.jar because:
  Build cache is disabled
  Caching not enabled.
Caching disabled for MergeInstrumentationAnalysisTransform: /root/projects/PassVault/audit-runtime-linux-android-host-graph04/gradle-home/caches/9.7.1/transforms/aca89e3e4b19a40e795b5f0f4e4c53a5/transformed/analysis/instrumentation-hierarchy.bin because:
  Build cache is disabled
  Caching not enabled.
Caching disabled for MergeInstrumentationAnalysisTransform: /root/projects/PassVault/audit-runtime-linux-android-host-graph04/gradle-home/caches/9.7.1/transforms/aca89e3e4b19a40e795b5f0f4e4c53a5/transformed/analysis/instrumentation-dependencies.bin because:
  Build cache is disabled
  Caching not enabled.
Caching disabled for MergeInstrumentationAnalysisTransform: /root/projects/PassVault/audit-runtime-linux-android-host-graph04/gradle-home/caches/modules-2/files-2.1/com.android.tools.build/apkzlib/9.4.0/81e69e9fd7e45be473e784f6220d09bea36115cc/apkzlib-9.4.0.jar because:
  Build cache is disabled
  Caching not enabled.
Caching disabled for ExternalDependencyInstrumentingArtifactTransform: /root/projects/PassVault/audit-runtime-linux-android-host-graph04/gradle-home/caches/9.7.1/transforms/ee7da3b891a38f181d17cb0bdc74ab8e/transformed/merge/instrumentation-dependencies.bin because:
  Build cache is disabled
  Caching not enabled.
Caching disabled for ExternalDependencyInstrumentingArtifactTransform: /root/projects/PassVault/audit-runtime-linux-android-host-graph04/gradle-home/caches/modules-2/files-2.1/com.android.tools.build/apkzlib/9.4.0/81e69e9fd7e45be473e784f6220d09bea36115cc/apkzlib-9.4.0.jar because:
  Build cache is disabled
  Caching not enabled.
Caching disabled for MergeInstrumentationAnalysisTransform: /root/projects/PassVault/audit-runtime-linux-android-host-graph04/gradle-home/caches/9.7.1/transforms/f5cc598891b10bb36aca1a800912fa1e/transformed/analysis/instrumentation-hierarchy.bin because:
  Build cache is disabled
  Caching not enabled.
Caching disabled for MergeInstrumentationAnalysisTransform: /root/projects/PassVault/audit-runtime-linux-android-host-graph04/gradle-home/caches/9.7.1/transforms/f5cc598891b10bb36aca1a800912fa1e/transformed/analysis/instrumentation-dependencies.bin because:
  Build cache is disabled
  Caching not enabled.
Caching disabled for MergeInstrumentationAnalysisTransform: /root/projects/PassVault/audit-runtime-linux-android-host-graph04/gradle-home/caches/modules-2/files-2.1/com.google.guava/guava/33.4.0-jre/3fcc0a259f724c7de54a6a55ea7e26d3d5c0cac/guava-33.4.0-jre.jar because:
  Build cache is disabled
  Caching not enabled.
Caching disabled for ExternalDependencyInstrumentingArtifactTransform: /root/projects/PassVault/audit-runtime-linux-android-host-graph04/gradle-home/caches/9.7.1/transforms/de3cfc8b787a228bcba79772a8f4fe4d/transformed/merge/instrumentation-dependencies.bin because:
  Build cache is disabled
  Caching not enabled.
Caching disabled for ExternalDependencyInstrumentingArtifactTransform: /root/projects/PassVault/audit-runtime-linux-android-host-graph04/gradle-home/caches/modules-2/files-2.1/com.google.guava/guava/33.4.0-jre/3fcc0a259f724c7de54a6a55ea7e26d3d5c0cac/guava-33.4.0-jre.jar because:
  Build cache is disabled
  Caching not enabled.
Caching disabled for MergeInstrumentationAnalysisTransform: /root/projects/PassVault/audit-runtime-linux-android-host-graph04/gradle-home/caches/9.7.1/transforms/c08061cc85075eb440aa9c2baf06236a/transformed/analysis/instrumentation-hierarchy.bin because:
  Build cache is disabled
  Caching not enabled.
Caching disabled for MergeInstrumentationAnalysisTransform: /root/projects/PassVault/audit-runtime-linux-android-host-graph04/gradle-home/caches/9.7.1/transforms/c08061cc85075eb440aa9c2baf06236a/transformed/analysis/instrumentation-dependencies.bin because:
  Build cache is disabled
  Caching not enabled.
Caching disabled for MergeInstrumentationAnalysisTransform: /root/projects/PassVault/audit-runtime-linux-android-host-graph04/gradle-home/caches/modules-2/files-2.1/com.google.dagger/dagger/2.28.3/10d83810ef9e19714116ed518896c90c6606d633/dagger-2.28.3.jar because:
  Build cache is disabled
  Caching not enabled.
Caching disabled for ExternalDependencyInstrumentingArtifactTransform: /root/projects/PassVault/audit-runtime-linux-android-host-graph04/gradle-home/caches/9.7.1/transforms/d609e9daaaeafb529fd8b6e4c542b6ff/transformed/merge/instrumentation-dependencies.bin because:
  Build cache is disabled
  Caching not enabled.
Caching disabled for ExternalDependencyInstrumentingArtifactTransform: /root/projects/PassVault/audit-runtime-linux-android-host-graph04/gradle-home/caches/modules-2/files-2.1/com.google.dagger/dagger/2.28.3/10d83810ef9e19714116ed518896c90c6606d633/dagger-2.28.3.jar because:
  Build cache is disabled
  Caching not enabled.
Caching disabled for MergeInstrumentationAnalysisTransform: /root/projects/PassVault/audit-runtime-linux-android-host-graph04/gradle-home/caches/9.7.1/transforms/60674c83291875d44bda9f6eb6496792/transformed/analysis/instrumentation-dependencies.bin because:
  Build cache is disabled
  Caching not enabled.
Caching disabled for MergeInstrumentationAnalysisTransform: /root/projects/PassVault/audit-runtime-linux-android-host-graph04/gradle-home/caches/modules-2/files-2.1/javax.inject/javax.inject/1/6975da39a7040257bd51d21a231b76c915872d38/javax.inject-1.jar because:
  Build cache is disabled
  Caching not enabled.
Caching disabled for ExternalDependencyInstrumentingArtifactTransform: /root/projects/PassVault/audit-runtime-linux-android-host-graph04/gradle-home/caches/9.7.1/transforms/6ffad1652eb1bc749fdfb8ae61774cfb/transformed/merge/instrumentation-dependencies.bin because:
  Build cache is disabled
  Caching not enabled.
Caching disabled for ExternalDependencyInstrumentingArtifactTransform: /root/projects/PassVault/audit-runtime-linux-android-host-graph04/gradle-home/caches/modules-2/files-2.1/javax.inject/javax.inject/1/6975da39a7040257bd51d21a231b76c915872d38/javax.inject-1.jar because:
  Build cache is disabled
  Caching not enabled.
Caching disabled for MergeInstrumentationAnalysisTransform: /root/projects/PassVault/audit-runtime-linux-android-host-graph04/gradle-home/caches/9.7.1/transforms/c2b1ea5b67d2782bb5e2dcb4c02f1a84/transformed/analysis/instrumentation-hierarchy.bin because:
  Build cache is disabled
  Caching not enabled.
Caching disabled for MergeInstrumentationAnalysisTransform: /root/projects/PassVault/audit-runtime-linux-android-host-graph04/gradle-home/caches/9.7.1/transforms/c2b1ea5b67d2782bb5e2dcb4c02f1a84/transformed/analysis/instrumentation-dependencies.bin because:
  Build cache is disabled
  Caching not enabled.
Caching disabled for MergeInstrumentationAnalysisTransform: /root/projects/PassVault/audit-runtime-linux-android-host-graph04/gradle-home/caches/modules-2/files-2.1/net.sf.kxml/kxml2/2.3.0/ccbc77a5fd907ef863c29f3596c6f54ffa4e9442/kxml2-2.3.0.jar because:
  Build cache is disabled
  Caching not enabled.
Caching disabled for ExternalDependencyInstrumentingArtifactTransform: /root/projects/PassVault/audit-runtime-linux-android-host-graph04/gradle-home/caches/9.7.1/transforms/126b80274fc658356e527ee1459ff1f5/transformed/merge/instrumentation-dependencies.bin because:
  Build cache is disabled
  Caching not enabled.
Caching disabled for ExternalDependencyInstrumentingArtifactTransform: /root/projects/PassVault/audit-runtime-linux-android-host-graph04/gradle-home/caches/modules-2/files-2.1/net.sf.kxml/kxml2/2.3.0/ccbc77a5fd907ef863c29f3596c6f54ffa4e9442/kxml2-2.3.0.jar because:
  Build cache is disabled
  Caching not enabled.
Caching disabled for MergeInstrumentationAnalysisTransform: /root/projects/PassVault/audit-runtime-linux-android-host-graph04/gradle-home/caches/9.7.1/transforms/3ab15090e92fc75794c91edfa1cf89fa/transformed/analysis/instrumentation-hierarchy.bin because:
  Build cache is disabled
  Caching not enabled.
Caching disabled for MergeInstrumentationAnalysisTransform: /root/projects/PassVault/audit-runtime-linux-android-host-graph04/gradle-home/caches/9.7.1/transforms/3ab15090e92fc75794c91edfa1cf89fa/transformed/analysis/instrumentation-dependencies.bin because:
  Build cache is disabled
  Caching not enabled.
Caching disabled for MergeInstrumentationAnalysisTransform: /root/projects/PassVault/audit-runtime-linux-android-host-graph04/gradle-home/caches/modules-2/files-2.1/org.bouncycastle/bcpkix-jdk18on/1.80.2/cc97199b13ed4166079aec30e020bd684ead274c/bcpkix-jdk18on-1.80.2.jar because:
  Build cache is disabled
  Caching not enabled.
Caching disabled for ExternalDependencyInstrumentingArtifactTransform: /root/projects/PassVault/audit-runtime-linux-android-host-graph04/gradle-home/caches/9.7.1/transforms/bd5d7c0790a4adcfe507671ef0cfe4a3/transformed/merge/instrumentation-dependencies.bin because:
  Build cache is disabled
  Caching not enabled.
Caching disabled for ExternalDependencyInstrumentingArtifactTransform: /root/projects/PassVault/audit-runtime-linux-android-host-graph04/gradle-home/caches/modules-2/files-2.1/org.bouncycastle/bcpkix-jdk18on/1.80.2/cc97199b13ed4166079aec30e020bd684ead274c/bcpkix-jdk18on-1.80.2.jar because:
  Build cache is disabled
  Caching not enabled.
Caching disabled for MergeInstrumentationAnalysisTransform: /root/projects/PassVault/audit-runtime-linux-android-host-graph04/gradle-home/caches/9.7.1/transforms/dd28feafbbbb990afe97722b8a128881/transformed/analysis/instrumentation-hierarchy.bin because:
  Build cache is disabled
  Caching not enabled.
Caching disabled for MergeInstrumentationAnalysisTransform: /root/projects/PassVault/audit-runtime-linux-android-host-graph04/gradle-home/caches/9.7.1/transforms/dd28feafbbbb990afe97722b8a128881/transformed/analysis/instrumentation-dependencies.bin because:
  Build cache is disabled
  Caching not enabled.
Caching disabled for MergeInstrumentationAnalysisTransform: /root/projects/PassVault/audit-runtime-linux-android-host-graph04/gradle-home/caches/modules-2/files-2.1/org.bouncycastle/bcutil-jdk18on/1.80.2/5aa52bcc7b7d5dc8975a3df9e657abdb5cea62be/bcutil-jdk18on-1.80.2.jar because:
  Build cache is disabled
  Caching not enabled.
Caching disabled for ExternalDependencyInstrumentingArtifactTransform: /root/projects/PassVault/audit-runtime-linux-android-host-graph04/gradle-home/caches/9.7.1/transforms/7588192300ff5d91dc850feef3c4da75/transformed/merge/instrumentation-dependencies.bin because:
  Build cache is disabled
  Caching not enabled.
Caching disabled for ExternalDependencyInstrumentingArtifactTransform: /root/projects/PassVault/audit-runtime-linux-android-host-graph04/gradle-home/caches/modules-2/files-2.1/org.bouncycastle/bcutil-jdk18on/1.80.2/5aa52bcc7b7d5dc8975a3df9e657abdb5cea62be/bcutil-jdk18on-1.80.2.jar because:
  Build cache is disabled
  Caching not enabled.
Caching disabled for MergeInstrumentationAnalysisTransform: /root/projects/PassVault/audit-runtime-linux-android-host-graph04/gradle-home/caches/9.7.1/transforms/3cc98381e209f2b86496b9726414c295/transformed/analysis/instrumentation-hierarchy.bin because:
  Build cache is disabled
  Caching not enabled.
Caching disabled for MergeInstrumentationAnalysisTransform: /root/projects/PassVault/audit-runtime-linux-android-host-graph04/gradle-home/caches/9.7.1/transforms/3cc98381e209f2b86496b9726414c295/transformed/analysis/instrumentation-dependencies.bin because:
  Build cache is disabled
  Caching not enabled.
Caching disabled for MergeInstrumentationAnalysisTransform: /root/projects/PassVault/audit-runtime-linux-android-host-graph04/gradle-home/caches/modules-2/files-2.1/org.bouncycastle/bcprov-jdk18on/1.80.2/698ebb5539a939849576a6854bd52e191cbe1c5c/bcprov-jdk18on-1.80.2.jar because:
  Build cache is disabled
  Caching not enabled.
Caching disabled for ExternalDependencyInstrumentingArtifactTransform: /root/projects/PassVault/audit-runtime-linux-android-host-graph04/gradle-home/caches/9.7.1/transforms/c3b91ce2e2682e393f7e83414752ba65/transformed/merge/instrumentation-dependencies.bin because:
  Build cache is disabled
  Caching not enabled.
Caching disabled for ExternalDependencyInstrumentingArtifactTransform: /root/projects/PassVault/audit-runtime-linux-android-host-graph04/gradle-home/caches/modules-2/files-2.1/org.bouncycastle/bcprov-jdk18on/1.80.2/698ebb5539a939849576a6854bd52e191cbe1c5c/bcprov-jdk18on-1.80.2.jar because:
  Build cache is disabled
  Caching not enabled.
Caching disabled for MergeInstrumentationAnalysisTransform: /root/projects/PassVault/audit-runtime-linux-android-host-graph04/gradle-home/caches/9.7.1/transforms/cc0f4a96529e4dd8cd282d8d922e8b31/transformed/analysis/instrumentation-hierarchy.bin because:
  Build cache is disabled
  Caching not enabled.
Caching disabled for MergeInstrumentationAnalysisTransform: /root/projects/PassVault/audit-runtime-linux-android-host-graph04/gradle-home/caches/9.7.1/transforms/cc0f4a96529e4dd8cd282d8d922e8b31/transformed/analysis/instrumentation-dependencies.bin because:
  Build cache is disabled
  Caching not enabled.
Caching disabled for MergeInstrumentationAnalysisTransform: /root/projects/PassVault/audit-runtime-linux-android-host-graph04/gradle-home/caches/modules-2/files-2.1/org.apache.httpcomponents/httpclient/4.5.14/1194890e6f56ec29177673f2f12d0b8e627dec98/httpclient-4.5.14.jar because:
  Build cache is disabled
  Caching not enabled.
Caching disabled for ExternalDependencyInstrumentingArtifactTransform: /root/projects/PassVault/audit-runtime-linux-android-host-graph04/gradle-home/caches/9.7.1/transforms/79758e47697340de6d8af8d5b4245c25/transformed/merge/instrumentation-dependencies.bin because:
  Build cache is disabled
  Caching not enabled.
Caching disabled for ExternalDependencyInstrumentingArtifactTransform: /root/projects/PassVault/audit-runtime-linux-android-host-graph04/gradle-home/caches/modules-2/files-2.1/org.apache.httpcomponents/httpclient/4.5.14/1194890e6f56ec29177673f2f12d0b8e627dec98/httpclient-4.5.14.jar because:
  Build cache is disabled
  Caching not enabled.
Caching disabled for MergeInstrumentationAnalysisTransform: /root/projects/PassVault/audit-runtime-linux-android-host-graph04/gradle-home/caches/9.7.1/transforms/31d9d8a638847bb4431a84f1799832b7/transformed/analysis/instrumentation-hierarchy.bin because:
  Build cache is disabled
  Caching not enabled.
Caching disabled for MergeInstrumentationAnalysisTransform: /root/projects/PassVault/audit-runtime-linux-android-host-graph04/gradle-home/caches/9.7.1/transforms/31d9d8a638847bb4431a84f1799832b7/transformed/analysis/instrumentation-dependencies.bin because:
  Build cache is disabled
  Caching not enabled.
Caching disabled for MergeInstrumentationAnalysisTransform: /root/projects/PassVault/audit-runtime-linux-android-host-graph04/gradle-home/caches/modules-2/files-2.1/org.apache.httpcomponents/httpcore/4.4.16/51cf043c87253c9f58b539c9f7e44c8894223850/httpcore-4.4.16.jar because:
  Build cache is disabled
  Caching not enabled.
Caching disabled for ExternalDependencyInstrumentingArtifactTransform: /root/projects/PassVault/audit-runtime-linux-android-host-graph04/gradle-home/caches/9.7.1/transforms/07822c53f1cb7dd8ef46f6e3b9387c02/transformed/merge/instrumentation-dependencies.bin because:
  Build cache is disabled
  Caching not enabled.
Caching disabled for ExternalDependencyInstrumentingArtifactTransform: /root/projects/PassVault/audit-runtime-linux-android-host-graph04/gradle-home/caches/modules-2/files-2.1/org.apache.httpcomponents/httpcore/4.4.16/51cf043c87253c9f58b539c9f7e44c8894223850/httpcore-4.4.16.jar because:
  Build cache is disabled
  Caching not enabled.
Caching disabled for MergeInstrumentationAnalysisTransform: /root/projects/PassVault/audit-runtime-linux-android-host-graph04/gradle-home/caches/9.7.1/transforms/f91bb7f1ebe7a21a548c13ed242a01b9/transformed/analysis/instrumentation-hierarchy.bin because:
  Build cache is disabled
  Caching not enabled.
Caching disabled for MergeInstrumentationAnalysisTransform: /root/projects/PassVault/audit-runtime-linux-android-host-graph04/gradle-home/caches/9.7.1/transforms/f91bb7f1ebe7a21a548c13ed242a01b9/transformed/analysis/instrumentation-dependencies.bin because:
  Build cache is disabled
  Caching not enabled.
Caching disabled for MergeInstrumentationAnalysisTransform: /root/projects/PassVault/audit-runtime-linux-android-host-graph04/gradle-home/caches/modules-2/files-2.1/com.android/signflinger/9.4.0/931575c0547261e249124c8749ece3b1664763a5/signflinger-9.4.0.jar because:
  Build cache is disabled
  Caching not enabled.
Caching disabled for ExternalDependencyInstrumentingArtifactTransform: /root/projects/PassVault/audit-runtime-linux-android-host-graph04/gradle-home/caches/9.7.1/transforms/decb7ead719c4d014e64e9a237ec2e8e/transformed/merge/instrumentation-dependencies.bin because:
  Build cache is disabled
  Caching not enabled.
Caching disabled for ExternalDependencyInstrumentingArtifactTransform: /root/projects/PassVault/audit-runtime-linux-android-host-graph04/gradle-home/caches/modules-2/files-2.1/com.android/signflinger/9.4.0/931575c0547261e249124c8749ece3b1664763a5/signflinger-9.4.0.jar because:
  Build cache is disabled
  Caching not enabled.
Caching disabled for MergeInstrumentationAnalysisTransform: /root/projects/PassVault/audit-runtime-linux-android-host-graph04/gradle-home/caches/9.7.1/transforms/295a6db3665573f8bbba40fb079de830/transformed/analysis/instrumentation-hierarchy.bin because:
  Build cache is disabled
  Caching not enabled.
Caching disabled for MergeInstrumentationAnalysisTransform: /root/projects/PassVault/audit-runtime-linux-android-host-graph04/gradle-home/caches/9.7.1/transforms/295a6db3665573f8bbba40fb079de830/transformed/analysis/instrumentation-dependencies.bin because:
  Build cache is disabled
  Caching not enabled.
Caching disabled for MergeInstrumentationAnalysisTransform: /root/projects/PassVault/audit-runtime-linux-android-host-graph04/gradle-home/caches/modules-2/files-2.1/com.android/zipflinger/9.4.0/468d84015634e21c1607b7cb298fff3017dbe19/zipflinger-9.4.0.jar because:
  Build cache is disabled
  Caching not enabled.
Caching disabled for ExternalDependencyInstrumentingArtifactTransform: /root/projects/PassVault/audit-runtime-linux-android-host-graph04/gradle-home/caches/9.7.1/transforms/011134460310e7099da3bdb482379058/transformed/merge/instrumentation-dependencies.bin because:
  Build cache is disabled
  Caching not enabled.
Caching disabled for ExternalDependencyInstrumentingArtifactTransform: /root/projects/PassVault/audit-runtime-linux-android-host-graph04/gradle-home/caches/modules-2/files-2.1/com.android/zipflinger/9.4.0/468d84015634e21c1607b7cb298fff3017dbe19/zipflinger-9.4.0.jar because:
  Build cache is disabled
  Caching not enabled.
Caching disabled for MergeInstrumentationAnalysisTransform: /root/projects/PassVault/audit-runtime-linux-android-host-graph04/gradle-home/caches/9.7.1/transforms/489e58f98c40bce34654df51d3313672/transformed/analysis/instrumentation-dependencies.bin because:
  Build cache is disabled
  Caching not enabled.
Caching disabled for MergeInstrumentationAnalysisTransform: /root/projects/PassVault/audit-runtime-linux-android-host-graph04/gradle-home/caches/modules-2/files-2.1/com.android.tools/annotations/32.4.0/755aa98f446d71a443d30a732b42f906cce94a44/annotations-32.4.0.jar because:
  Build cache is disabled
  Caching not enabled.
Caching disabled for ExternalDependencyInstrumentingArtifactTransform: /root/projects/PassVault/audit-runtime-linux-android-host-graph04/gradle-home/caches/9.7.1/transforms/341fefe2feefe32e6ceb9e8fe63121d7/transformed/merge/instrumentation-dependencies.bin because:
  Build cache is disabled
  Caching not enabled.
Caching disabled for ExternalDependencyInstrumentingArtifactTransform: /root/projects/PassVault/audit-runtime-linux-android-host-graph04/gradle-home/caches/modules-2/files-2.1/com.android.tools/annotations/32.4.0/755aa98f446d71a443d30a732b42f906cce94a44/annotations-32.4.0.jar because:
  Build cache is disabled
  Caching not enabled.
Caching disabled for MergeInstrumentationAnalysisTransform: /root/projects/PassVault/audit-runtime-linux-android-host-graph04/gradle-home/caches/9.7.1/transforms/418acdc60d36c8825b7a81b7140a2368/transformed/analysis/instrumentation-hierarchy.bin because:
  Build cache is disabled
  Caching not enabled.
Caching disabled for MergeInstrumentationAnalysisTransform: /root/projects/PassVault/audit-runtime-linux-android-host-graph04/gradle-home/caches/9.7.1/transforms/418acdc60d36c8825b7a81b7140a2368/transformed/analysis/instrumentation-dependencies.bin because:
  Build cache is disabled
  Caching not enabled.
Caching disabled for MergeInstrumentationAnalysisTransform: /root/projects/PassVault/audit-runtime-linux-android-host-graph04/gradle-home/caches/modules-2/files-2.1/net.java.dev.jna/jna-platform/5.6.0/d18424ffb8bbfd036d71bcaab9b546858f2ef986/jna-platform-5.6.0.jar because:
  Build cache is disabled
  Caching not enabled.
Caching disabled for ExternalDependencyInstrumentingArtifactTransform: /root/projects/PassVault/audit-runtime-linux-android-host-graph04/gradle-home/caches/9.7.1/transforms/f7bfd7cda920754866bb4d79a171dd8b/transformed/merge/instrumentation-dependencies.bin because:
  Build cache is disabled
  Caching not enabled.
Caching disabled for ExternalDependencyInstrumentingArtifactTransform: /root/projects/PassVault/audit-runtime-linux-android-host-graph04/gradle-home/caches/modules-2/files-2.1/net.java.dev.jna/jna-platform/5.6.0/d18424ffb8bbfd036d71bcaab9b546858f2ef986/jna-platform-5.6.0.jar because:
  Build cache is disabled
  Caching not enabled.
Caching disabled for MergeInstrumentationAnalysisTransform: /root/projects/PassVault/audit-runtime-linux-android-host-graph04/gradle-home/caches/9.7.1/transforms/52a672ea120bec7fc8d540098b4936a6/transformed/analysis/instrumentation-hierarchy.bin because:
  Build cache is disabled
  Caching not enabled.
Caching disabled for MergeInstrumentationAnalysisTransform: /root/projects/PassVault/audit-runtime-linux-android-host-graph04/gradle-home/caches/9.7.1/transforms/52a672ea120bec7fc8d540098b4936a6/transformed/analysis/instrumentation-dependencies.bin because:
  Build cache is disabled
  Caching not enabled.
Caching disabled for MergeInstrumentationAnalysisTransform: /root/projects/PassVault/audit-runtime-linux-android-host-graph04/gradle-home/caches/modules-2/files-2.1/com.googlecode.juniversalchardet/juniversalchardet/1.0.3/cd49678784c46aa8789c060538e0154013bb421b/juniversalchardet-1.0.3.jar because:
  Build cache is disabled
  Caching not enabled.
Caching disabled for ExternalDependencyInstrumentingArtifactTransform: /root/projects/PassVault/audit-runtime-linux-android-host-graph04/gradle-home/caches/9.7.1/transforms/81eff2f31cac98c60e80f818230959e5/transformed/merge/instrumentation-dependencies.bin because:
  Build cache is disabled
  Caching not enabled.
Caching disabled for ExternalDependencyInstrumentingArtifactTransform: /root/projects/PassVault/audit-runtime-linux-android-host-graph04/gradle-home/caches/modules-2/files-2.1/com.googlecode.juniversalchardet/juniversalchardet/1.0.3/cd49678784c46aa8789c060538e0154013bb421b/juniversalchardet-1.0.3.jar because:
  Build cache is disabled
  Caching not enabled.
Caching disabled for MergeInstrumentationAnalysisTransform: /root/projects/PassVault/audit-runtime-linux-android-host-graph04/gradle-home/caches/9.7.1/transforms/519355526de068562868b8fefab36674/transformed/analysis/instrumentation-hierarchy.bin because:
  Build cache is disabled
  Caching not enabled.
Caching disabled for MergeInstrumentationAnalysisTransform: /root/projects/PassVault/audit-runtime-linux-android-host-graph04/gradle-home/caches/9.7.1/transforms/519355526de068562868b8fefab36674/transformed/analysis/instrumentation-dependencies.bin because:
  Build cache is disabled
  Caching not enabled.
Caching disabled for MergeInstrumentationAnalysisTransform: /root/projects/PassVault/audit-runtime-linux-android-host-graph04/gradle-home/caches/modules-2/files-2.1/org.jvnet.staxex/stax-ex/1.8.1/78011e483a21102fb4858f3e8f269a677e50aa23/stax-ex-1.8.1.jar because:
  Build cache is disabled
  Caching not enabled.
Caching disabled for ExternalDependencyInstrumentingArtifactTransform: /root/projects/PassVault/audit-runtime-linux-android-host-graph04/gradle-home/caches/9.7.1/transforms/4a52e2982a53a1ecb56dc81f066e698d/transformed/merge/instrumentation-dependencies.bin because:
  Build cache is disabled
  Caching not enabled.
Caching disabled for ExternalDependencyInstrumentingArtifactTransform: /root/projects/PassVault/audit-runtime-linux-android-host-graph04/gradle-home/caches/modules-2/files-2.1/org.jvnet.staxex/stax-ex/1.8.1/78011e483a21102fb4858f3e8f269a677e50aa23/stax-ex-1.8.1.jar because:
  Build cache is disabled
  Caching not enabled.
Caching disabled for MergeInstrumentationAnalysisTransform: /root/projects/PassVault/audit-runtime-linux-android-host-graph04/gradle-home/caches/9.7.1/transforms/02101700b2b96c2a474a89a2a8272f27/transformed/analysis/instrumentation-hierarchy.bin because:
  Build cache is disabled
  Caching not enabled.
Caching disabled for MergeInstrumentationAnalysisTransform: /root/projects/PassVault/audit-runtime-linux-android-host-graph04/gradle-home/caches/9.7.1/transforms/02101700b2b96c2a474a89a2a8272f27/transformed/analysis/instrumentation-dependencies.bin because:
  Build cache is disabled
  Caching not enabled.
Caching disabled for MergeInstrumentationAnalysisTransform: /root/projects/PassVault/audit-runtime-linux-android-host-graph04/gradle-home/caches/modules-2/files-2.1/jakarta.xml.bind/jakarta.xml.bind-api/2.3.2/8d49996a4338670764d7ca4b85a1c4ccf7fe665d/jakarta.xml.bind-api-2.3.2.jar because:
  Build cache is disabled
  Caching not enabled.
Caching disabled for ExternalDependencyInstrumentingArtifactTransform: /root/projects/PassVault/audit-runtime-linux-android-host-graph04/gradle-home/caches/9.7.1/transforms/e68c9f766525a108a913814cb8189a62/transformed/merge/instrumentation-dependencies.bin because:
  Build cache is disabled
  Caching not enabled.
Caching disabled for ExternalDependencyInstrumentingArtifactTransform: /root/projects/PassVault/audit-runtime-linux-android-host-graph04/gradle-home/caches/modules-2/files-2.1/jakarta.xml.bind/jakarta.xml.bind-api/2.3.2/8d49996a4338670764d7ca4b85a1c4ccf7fe665d/jakarta.xml.bind-api-2.3.2.jar because:
  Build cache is disabled
  Caching not enabled.
Caching disabled for MergeInstrumentationAnalysisTransform: /root/projects/PassVault/audit-runtime-linux-android-host-graph04/gradle-home/caches/9.7.1/transforms/fa1b3367dd0eb7e9c57f7d8a99039563/transformed/analysis/instrumentation-hierarchy.bin because:
  Build cache is disabled
  Caching not enabled.
Caching disabled for MergeInstrumentationAnalysisTransform: /root/projects/PassVault/audit-runtime-linux-android-host-graph04/gradle-home/caches/9.7.1/transforms/fa1b3367dd0eb7e9c57f7d8a99039563/transformed/analysis/instrumentation-dependencies.bin because:
  Build cache is disabled
  Caching not enabled.
Caching disabled for MergeInstrumentationAnalysisTransform: /root/projects/PassVault/audit-runtime-linux-android-host-graph04/gradle-home/caches/modules-2/files-2.1/org.glassfish.jaxb/txw2/2.3.2/ce5be7da2e442c25ec14c766cb60cb802741727b/txw2-2.3.2.jar because:
  Build cache is disabled
  Caching not enabled.
Caching disabled for ExternalDependencyInstrumentingArtifactTransform: /root/projects/PassVault/audit-runtime-linux-android-host-graph04/gradle-home/caches/9.7.1/transforms/a2d10a403ca8d50fca935c6bc4da535f/transformed/merge/instrumentation-dependencies.bin because:
  Build cache is disabled
  Caching not enabled.
Caching disabled for ExternalDependencyInstrumentingArtifactTransform: /root/projects/PassVault/audit-runtime-linux-android-host-graph04/gradle-home/caches/modules-2/files-2.1/org.glassfish.jaxb/txw2/2.3.2/ce5be7da2e442c25ec14c766cb60cb802741727b/txw2-2.3.2.jar because:
  Build cache is disabled
  Caching not enabled.
Caching disabled for MergeInstrumentationAnalysisTransform: /root/projects/PassVault/audit-runtime-linux-android-host-graph04/gradle-home/caches/9.7.1/transforms/ae037bd8b281be6b380af6fb2373809b/transformed/analysis/instrumentation-hierarchy.bin because:
  Build cache is disabled
  Caching not enabled.
Caching disabled for MergeInstrumentationAnalysisTransform: /root/projects/PassVault/audit-runtime-linux-android-host-graph04/gradle-home/caches/9.7.1/transforms/ae037bd8b281be6b380af6fb2373809b/transformed/analysis/instrumentation-dependencies.bin because:
  Build cache is disabled
  Caching not enabled.
Caching disabled for MergeInstrumentationAnalysisTransform: /root/projects/PassVault/audit-runtime-linux-android-host-graph04/gradle-home/caches/modules-2/files-2.1/com.sun.istack/istack-commons-runtime/3.0.8/d6a97364045aa6b99bf2d3c566a3f98599c2d296/istack-commons-runtime-3.0.8.jar because:
  Build cache is disabled
  Caching not enabled.
Caching disabled for ExternalDependencyInstrumentingArtifactTransform: /root/projects/PassVault/audit-runtime-linux-android-host-graph04/gradle-home/caches/9.7.1/transforms/e9c758f377bd09300ab0a14c2873998c/transformed/merge/instrumentation-dependencies.bin because:
  Build cache is disabled
  Caching not enabled.
Caching disabled for ExternalDependencyInstrumentingArtifactTransform: /root/projects/PassVault/audit-runtime-linux-android-host-graph04/gradle-home/caches/modules-2/files-2.1/com.sun.istack/istack-commons-runtime/3.0.8/d6a97364045aa6b99bf2d3c566a3f98599c2d296/istack-commons-runtime-3.0.8.jar because:
  Build cache is disabled
  Caching not enabled.
Caching disabled for MergeInstrumentationAnalysisTransform: /root/projects/PassVault/audit-runtime-linux-android-host-graph04/gradle-home/caches/9.7.1/transforms/7ce254947106a21a3381087443bbad9c/transformed/analysis/instrumentation-hierarchy.bin because:
  Build cache is disabled
  Caching not enabled.
Caching disabled for MergeInstrumentationAnalysisTransform: /root/projects/PassVault/audit-runtime-linux-android-host-graph04/gradle-home/caches/9.7.1/transforms/7ce254947106a21a3381087443bbad9c/transformed/analysis/instrumentation-dependencies.bin because:
  Build cache is disabled
  Caching not enabled.
Caching disabled for MergeInstrumentationAnalysisTransform: /root/projects/PassVault/audit-runtime-linux-android-host-graph04/gradle-home/caches/modules-2/files-2.1/com.sun.xml.fastinfoset/FastInfoset/1.2.16/4eb6a0adad553bf759ffe86927df6f3b848c8bea/FastInfoset-1.2.16.jar because:
  Build cache is disabled
  Caching not enabled.
Caching disabled for ExternalDependencyInstrumentingArtifactTransform: /root/projects/PassVault/audit-runtime-linux-android-host-graph04/gradle-home/caches/9.7.1/transforms/8e02ad396870aedcd503c66f8416ca75/transformed/merge/instrumentation-dependencies.bin because:
  Build cache is disabled
  Caching not enabled.
Caching disabled for ExternalDependencyInstrumentingArtifactTransform: /root/projects/PassVault/audit-runtime-linux-android-host-graph04/gradle-home/caches/modules-2/files-2.1/com.sun.xml.fastinfoset/FastInfoset/1.2.16/4eb6a0adad553bf759ffe86927df6f3b848c8bea/FastInfoset-1.2.16.jar because:
  Build cache is disabled
  Caching not enabled.
Caching disabled for MergeInstrumentationAnalysisTransform: /root/projects/PassVault/audit-runtime-linux-android-host-graph04/gradle-home/caches/9.7.1/transforms/0e5245cedaf833c4b7197430d3a4e62f/transformed/analysis/instrumentation-hierarchy.bin because:
  Build cache is disabled
  Caching not enabled.
Caching disabled for MergeInstrumentationAnalysisTransform: /root/projects/PassVault/audit-runtime-linux-android-host-graph04/gradle-home/caches/9.7.1/transforms/0e5245cedaf833c4b7197430d3a4e62f/transformed/analysis/instrumentation-dependencies.bin because:
  Build cache is disabled
  Caching not enabled.
Caching disabled for MergeInstrumentationAnalysisTransform: /root/projects/PassVault/audit-runtime-linux-android-host-graph04/gradle-home/caches/modules-2/files-2.1/jakarta.activation/jakarta.activation-api/1.2.1/562a587face36ec7eff2db7f2fc95425c6602bc1/jakarta.activation-api-1.2.1.jar because:
  Build cache is disabled
  Caching not enabled.
Caching disabled for ExternalDependencyInstrumentingArtifactTransform: /root/projects/PassVault/audit-runtime-linux-android-host-graph04/gradle-home/caches/9.7.1/transforms/beed509e8990915a2b68bbbdfdbc875f/transformed/merge/instrumentation-dependencies.bin because:
  Build cache is disabled
  Caching not enabled.
Caching disabled for ExternalDependencyInstrumentingArtifactTransform: /root/projects/PassVault/audit-runtime-linux-android-host-graph04/gradle-home/caches/modules-2/files-2.1/jakarta.activation/jakarta.activation-api/1.2.1/562a587face36ec7eff2db7f2fc95425c6602bc1/jakarta.activation-api-1.2.1.jar because:
  Build cache is disabled
  Caching not enabled.
Caching disabled for MergeInstrumentationAnalysisTransform: /root/projects/PassVault/audit-runtime-linux-android-host-graph04/gradle-home/caches/9.7.1/transforms/a750bdb5bbc4eb48e7b24e35c2354d15/transformed/analysis/instrumentation-dependencies.bin because:
  Build cache is disabled
  Caching not enabled.
Caching disabled for MergeInstrumentationAnalysisTransform: /root/projects/PassVault/audit-runtime-linux-android-host-graph04/gradle-home/caches/modules-2/files-2.1/com.google.auto.value/auto-value-annotations/1.6.2/ed193d86e0af90cc2342aedbe73c5d86b03fa09b/auto-value-annotations-1.6.2.jar because:
  Build cache is disabled
  Caching not enabled.
Caching disabled for ExternalDependencyInstrumentingArtifactTransform: /root/projects/PassVault/audit-runtime-linux-android-host-graph04/gradle-home/caches/9.7.1/transforms/8b7961da3a711d0e98172b2175bb82c3/transformed/merge/instrumentation-dependencies.bin because:
  Build cache is disabled
  Caching not enabled.
Caching disabled for ExternalDependencyInstrumentingArtifactTransform: /root/projects/PassVault/audit-runtime-linux-android-host-graph04/gradle-home/caches/modules-2/files-2.1/com.google.auto.value/auto-value-annotations/1.6.2/ed193d86e0af90cc2342aedbe73c5d86b03fa09b/auto-value-annotations-1.6.2.jar because:
  Build cache is disabled
  Caching not enabled.
Caching disabled for MergeInstrumentationAnalysisTransform: /root/projects/PassVault/audit-runtime-linux-android-host-graph04/gradle-home/caches/9.7.1/transforms/fda10334247ba28c692fe205cda12b2e/transformed/analysis/instrumentation-dependencies.bin because:
  Build cache is disabled
  Caching not enabled.
Caching disabled for MergeInstrumentationAnalysisTransform: /root/projects/PassVault/audit-runtime-linux-android-host-graph04/gradle-home/caches/modules-2/files-2.1/com.google.errorprone/error_prone_annotations/2.36.0/227d4d4957ccc3dc5761bd897e3a0ee587e750a7/error_prone_annotations-2.36.0.jar because:
  Build cache is disabled
  Caching not enabled.
Caching disabled for ExternalDependencyInstrumentingArtifactTransform: /root/projects/PassVault/audit-runtime-linux-android-host-graph04/gradle-home/caches/9.7.1/transforms/e6c8c9681f469a6867b03e0114f959ff/transformed/merge/instrumentation-dependencies.bin because:
  Build cache is disabled
  Caching not enabled.
Caching disabled for ExternalDependencyInstrumentingArtifactTransform: /root/projects/PassVault/audit-runtime-linux-android-host-graph04/gradle-home/caches/modules-2/files-2.1/com.google.errorprone/error_prone_annotations/2.36.0/227d4d4957ccc3dc5761bd897e3a0ee587e750a7/error_prone_annotations-2.36.0.jar because:
  Build cache is disabled
  Caching not enabled.
Caching disabled for MergeInstrumentationAnalysisTransform: /root/projects/PassVault/audit-runtime-linux-android-host-graph04/gradle-home/caches/9.7.1/transforms/d3f84dfac77982d0c3189c9678c95bf5/transformed/analysis/instrumentation-hierarchy.bin because:
  Build cache is disabled
  Caching not enabled.
Caching disabled for MergeInstrumentationAnalysisTransform: /root/projects/PassVault/audit-runtime-linux-android-host-graph04/gradle-home/caches/9.7.1/transforms/d3f84dfac77982d0c3189c9678c95bf5/transformed/analysis/instrumentation-dependencies.bin because:
  Build cache is disabled
  Caching not enabled.
Caching disabled for MergeInstrumentationAnalysisTransform: /root/projects/PassVault/audit-runtime-linux-android-host-graph04/gradle-home/caches/modules-2/files-2.1/org.bitbucket.b_c/jose4j/0.9.5/e4ca26802488e6f16e24558d74ac8775a955fdd3/jose4j-0.9.5.jar because:
  Build cache is disabled
  Caching not enabled.
Caching disabled for ExternalDependencyInstrumentingArtifactTransform: /root/projects/PassVault/audit-runtime-linux-android-host-graph04/gradle-home/caches/9.7.1/transforms/d95680cd6a570c1c54eedfacded8d880/transformed/merge/instrumentation-dependencies.bin because:
  Build cache is disabled
  Caching not enabled.
Caching disabled for ExternalDependencyInstrumentingArtifactTransform: /root/projects/PassVault/audit-runtime-linux-android-host-graph04/gradle-home/caches/modules-2/files-2.1/org.bitbucket.b_c/jose4j/0.9.5/e4ca26802488e6f16e24558d74ac8775a955fdd3/jose4j-0.9.5.jar because:
  Build cache is disabled
  Caching not enabled.
Caching disabled for MergeInstrumentationAnalysisTransform: /root/projects/PassVault/audit-runtime-linux-android-host-graph04/gradle-home/caches/9.7.1/transforms/ed64cb312e97f8982bdd177cd5a1c91c/transformed/analysis/instrumentation-hierarchy.bin because:
  Build cache is disabled
  Caching not enabled.
Caching disabled for MergeInstrumentationAnalysisTransform: /root/projects/PassVault/audit-runtime-linux-android-host-graph04/gradle-home/caches/9.7.1/transforms/ed64cb312e97f8982bdd177cd5a1c91c/transformed/analysis/instrumentation-dependencies.bin because:
  Build cache is disabled
  Caching not enabled.
Caching disabled for MergeInstrumentationAnalysisTransform: /root/projects/PassVault/audit-runtime-linux-android-host-graph04/gradle-home/caches/modules-2/files-2.1/org.slf4j/slf4j-api/1.7.30/b5a4b6d16ab13e34a88fae84c35cd5d68cac922c/slf4j-api-1.7.30.jar because:
  Build cache is disabled
  Caching not enabled.
Caching disabled for ExternalDependencyInstrumentingArtifactTransform: /root/projects/PassVault/audit-runtime-linux-android-host-graph04/gradle-home/caches/9.7.1/transforms/51d88b711ba4f3c13d2e5426b591608f/transformed/merge/instrumentation-dependencies.bin because:
  Build cache is disabled
  Caching not enabled.
Caching disabled for ExternalDependencyInstrumentingArtifactTransform: /root/projects/PassVault/audit-runtime-linux-android-host-graph04/gradle-home/caches/modules-2/files-2.1/org.slf4j/slf4j-api/1.7.30/b5a4b6d16ab13e34a88fae84c35cd5d68cac922c/slf4j-api-1.7.30.jar because:
  Build cache is disabled
  Caching not enabled.
Caching disabled for MergeInstrumentationAnalysisTransform: /root/projects/PassVault/audit-runtime-linux-android-host-graph04/gradle-home/caches/9.7.1/transforms/f4685bcdb7d9e4f703ad739725c03aa0/transformed/analysis/instrumentation-hierarchy.bin because:
  Build cache is disabled
  Caching not enabled.
Caching disabled for MergeInstrumentationAnalysisTransform: /root/projects/PassVault/audit-runtime-linux-android-host-graph04/gradle-home/caches/9.7.1/transforms/f4685bcdb7d9e4f703ad739725c03aa0/transformed/analysis/instrumentation-dependencies.bin because:
  Build cache is disabled
  Caching not enabled.
Caching disabled for MergeInstrumentationAnalysisTransform: /root/projects/PassVault/audit-runtime-linux-android-host-graph04/gradle-home/caches/modules-2/files-2.1/org.jdom/jdom2/2.0.6/6f14738ec2e9dd0011e343717fa624a10f8aab64/jdom2-2.0.6.jar because:
  Build cache is disabled
  Caching not enabled.
Caching disabled for ExternalDependencyInstrumentingArtifactTransform: /root/projects/PassVault/audit-runtime-linux-android-host-graph04/gradle-home/caches/9.7.1/transforms/5e077f057919b67278d333758ed2fe78/transformed/merge/instrumentation-dependencies.bin because:
  Build cache is disabled
  Caching not enabled.
Caching disabled for ExternalDependencyInstrumentingArtifactTransform: /root/projects/PassVault/audit-runtime-linux-android-host-graph04/gradle-home/caches/modules-2/files-2.1/org.jdom/jdom2/2.0.6/6f14738ec2e9dd0011e343717fa624a10f8aab64/jdom2-2.0.6.jar because:
  Build cache is disabled
  Caching not enabled.
Caching disabled for MergeInstrumentationAnalysisTransform: /root/projects/PassVault/audit-runtime-linux-android-host-graph04/gradle-home/caches/9.7.1/transforms/9357dd5df4ffad234426bcec56e5a7e2/transformed/analysis/instrumentation-hierarchy.bin because:
  Build cache is disabled
  Caching not enabled.
Caching disabled for MergeInstrumentationAnalysisTransform: /root/projects/PassVault/audit-runtime-linux-android-host-graph04/gradle-home/caches/9.7.1/transforms/9357dd5df4ffad234426bcec56e5a7e2/transformed/analysis/instrumentation-dependencies.bin because:
  Build cache is disabled
  Caching not enabled.
Caching disabled for MergeInstrumentationAnalysisTransform: /root/projects/PassVault/audit-runtime-linux-android-host-graph04/gradle-home/caches/modules-2/files-2.1/com.google.code.findbugs/jsr305/3.0.2/25ea2e8b0c338a877313bd4672d3fe056ea78f0d/jsr305-3.0.2.jar because:
  Build cache is disabled
  Caching not enabled.
Caching disabled for ExternalDependencyInstrumentingArtifactTransform: /root/projects/PassVault/audit-runtime-linux-android-host-graph04/gradle-home/caches/9.7.1/transforms/37369a77849638a8e0bed449a6703e38/transformed/merge/instrumentation-dependencies.bin because:
  Build cache is disabled
  Caching not enabled.
Caching disabled for ExternalDependencyInstrumentingArtifactTransform: /root/projects/PassVault/audit-runtime-linux-android-host-graph04/gradle-home/caches/modules-2/files-2.1/com.google.code.findbugs/jsr305/3.0.2/25ea2e8b0c338a877313bd4672d3fe056ea78f0d/jsr305-3.0.2.jar because:
  Build cache is disabled
  Caching not enabled.
Caching disabled for MergeInstrumentationAnalysisTransform: /root/projects/PassVault/audit-runtime-linux-android-host-graph04/gradle-home/caches/9.7.1/transforms/d42e2e1fc04df266a817a81badaf06aa/transformed/analysis/instrumentation-dependencies.bin because:
  Build cache is disabled
  Caching not enabled.
Caching disabled for MergeInstrumentationAnalysisTransform: /root/projects/PassVault/audit-runtime-linux-android-host-graph04/gradle-home/caches/modules-2/files-2.1/com.google.j2objc/j2objc-annotations/3.0.0/7399e65dd7e9ff3404f4535b2f017093bdb134c7/j2objc-annotations-3.0.0.jar because:
  Build cache is disabled
  Caching not enabled.
Caching disabled for ExternalDependencyInstrumentingArtifactTransform: /root/projects/PassVault/audit-runtime-linux-android-host-graph04/gradle-home/caches/9.7.1/transforms/5ac7b0284f2ee8e5af3999221284dc6e/transformed/merge/instrumentation-dependencies.bin because:
  Build cache is disabled
  Caching not enabled.
Caching disabled for ExternalDependencyInstrumentingArtifactTransform: /root/projects/PassVault/audit-runtime-linux-android-host-graph04/gradle-home/caches/modules-2/files-2.1/com.google.j2objc/j2objc-annotations/3.0.0/7399e65dd7e9ff3404f4535b2f017093bdb134c7/j2objc-annotations-3.0.0.jar because:
  Build cache is disabled
  Caching not enabled.
Caching disabled for MergeInstrumentationAnalysisTransform: /root/projects/PassVault/audit-runtime-linux-android-host-graph04/gradle-home/caches/9.7.1/transforms/fbb08e0a53a0a2bfc3d4d9d0b0f868d3/transformed/analysis/instrumentation-dependencies.bin because:
  Build cache is disabled
  Caching not enabled.
Caching disabled for MergeInstrumentationAnalysisTransform: /root/projects/PassVault/audit-runtime-linux-android-host-graph04/gradle-home/caches/modules-2/files-2.1/org.checkerframework/checker-qual/3.43.0/9425eee39e56b116d2b998b7c2cebcbd11a3c98b/checker-qual-3.43.0.jar because:
  Build cache is disabled
  Caching not enabled.
Caching disabled for ExternalDependencyInstrumentingArtifactTransform: /root/projects/PassVault/audit-runtime-linux-android-host-graph04/gradle-home/caches/9.7.1/transforms/e3270d33851941cceb6e93b3d56f6eaf/transformed/merge/instrumentation-dependencies.bin because:
  Build cache is disabled
  Caching not enabled.
Caching disabled for ExternalDependencyInstrumentingArtifactTransform: /root/projects/PassVault/audit-runtime-linux-android-host-graph04/gradle-home/caches/modules-2/files-2.1/org.checkerframework/checker-qual/3.43.0/9425eee39e56b116d2b998b7c2cebcbd11a3c98b/checker-qual-3.43.0.jar because:
  Build cache is disabled
  Caching not enabled.
Caching disabled for MergeInstrumentationAnalysisTransform: /root/projects/PassVault/audit-runtime-linux-android-host-graph04/gradle-home/caches/9.7.1/transforms/aacde1b5d23c6d549fe95d949804ac15/transformed/analysis/instrumentation-hierarchy.bin because:
  Build cache is disabled
  Caching not enabled.
Caching disabled for MergeInstrumentationAnalysisTransform: /root/projects/PassVault/audit-runtime-linux-android-host-graph04/gradle-home/caches/9.7.1/transforms/aacde1b5d23c6d549fe95d949804ac15/transformed/analysis/instrumentation-dependencies.bin because:
  Build cache is disabled
  Caching not enabled.
Caching disabled for MergeInstrumentationAnalysisTransform: /root/projects/PassVault/audit-runtime-linux-android-host-graph04/gradle-home/caches/modules-2/files-2.1/com.google.flatbuffers/flatbuffers-java/1.12.0/8201cc7b511177a37071249e891f2f2fea4b32e9/flatbuffers-java-1.12.0.jar because:
  Build cache is disabled
  Caching not enabled.
Caching disabled for ExternalDependencyInstrumentingArtifactTransform: /root/projects/PassVault/audit-runtime-linux-android-host-graph04/gradle-home/caches/9.7.1/transforms/acaed3bdc5d534de7d516efbf9fa998d/transformed/merge/instrumentation-dependencies.bin because:
  Build cache is disabled
  Caching not enabled.
Caching disabled for ExternalDependencyInstrumentingArtifactTransform: /root/projects/PassVault/audit-runtime-linux-android-host-graph04/gradle-home/caches/modules-2/files-2.1/com.google.flatbuffers/flatbuffers-java/1.12.0/8201cc7b511177a37071249e891f2f2fea4b32e9/flatbuffers-java-1.12.0.jar because:
  Build cache is disabled
  Caching not enabled.
Caching disabled for MergeInstrumentationAnalysisTransform: /root/projects/PassVault/audit-runtime-linux-android-host-graph04/gradle-home/caches/9.7.1/transforms/517123a72d2ceab0c1b4cb80ddc3b76c/transformed/analysis/instrumentation-hierarchy.bin because:
  Build cache is disabled
  Caching not enabled.
Caching disabled for MergeInstrumentationAnalysisTransform: /root/projects/PassVault/audit-runtime-linux-android-host-graph04/gradle-home/caches/9.7.1/transforms/517123a72d2ceab0c1b4cb80ddc3b76c/transformed/analysis/instrumentation-dependencies.bin because:
  Build cache is disabled
  Caching not enabled.
Caching disabled for MergeInstrumentationAnalysisTransform: /root/projects/PassVault/audit-runtime-linux-android-host-graph04/gradle-home/caches/modules-2/files-2.1/com.android.tools.build/apksig/9.4.0/4b5fb2950c949258167c18b868e66d7a6f49ec3a/apksig-9.4.0.jar because:
  Build cache is disabled
  Caching not enabled.
Caching disabled for ExternalDependencyInstrumentingArtifactTransform: /root/projects/PassVault/audit-runtime-linux-android-host-graph04/gradle-home/caches/9.7.1/transforms/df3da54f9cec1c8a342b449ca30a736a/transformed/merge/instrumentation-dependencies.bin because:
  Build cache is disabled
  Caching not enabled.
Caching disabled for ExternalDependencyInstrumentingArtifactTransform: /root/projects/PassVault/audit-runtime-linux-android-host-graph04/gradle-home/caches/modules-2/files-2.1/com.android.tools.build/apksig/9.4.0/4b5fb2950c949258167c18b868e66d7a6f49ec3a/apksig-9.4.0.jar because:
  Build cache is disabled
  Caching not enabled.
Caching disabled for MergeInstrumentationAnalysisTransform: /root/projects/PassVault/audit-runtime-linux-android-host-graph04/gradle-home/caches/9.7.1/transforms/3e5df928086fe09743bcaaa1177e9ef4/transformed/analysis/instrumentation-hierarchy.bin because:
  Build cache is disabled
  Caching not enabled.
Caching disabled for MergeInstrumentationAnalysisTransform: /root/projects/PassVault/audit-runtime-linux-android-host-graph04/gradle-home/caches/9.7.1/transforms/3e5df928086fe09743bcaaa1177e9ef4/transformed/analysis/instrumentation-dependencies.bin because:
  Build cache is disabled
  Caching not enabled.
Caching disabled for MergeInstrumentationAnalysisTransform: /root/projects/PassVault/audit-runtime-linux-android-host-graph04/gradle-home/caches/modules-2/files-2.1/com.squareup/javawriter/2.5.0/81241ff7078ef14f42ea2a8995fa09c096256e6b/javawriter-2.5.0.jar because:
  Build cache is disabled
  Caching not enabled.
Caching disabled for ExternalDependencyInstrumentingArtifactTransform: /root/projects/PassVault/audit-runtime-linux-android-host-graph04/gradle-home/caches/9.7.1/transforms/771ec1c8f98cf3f59ba61cf3db1b82d6/transformed/merge/instrumentation-dependencies.bin because:
  Build cache is disabled
  Caching not enabled.
Caching disabled for ExternalDependencyInstrumentingArtifactTransform: /root/projects/PassVault/audit-runtime-linux-android-host-graph04/gradle-home/caches/modules-2/files-2.1/com.squareup/javawriter/2.5.0/81241ff7078ef14f42ea2a8995fa09c096256e6b/javawriter-2.5.0.jar because:
  Build cache is disabled
  Caching not enabled.
Caching disabled for MergeInstrumentationAnalysisTransform: /root/projects/PassVault/audit-runtime-linux-android-host-graph04/gradle-home/caches/9.7.1/transforms/3291fd13fbf197eb24008368798b5b3b/transformed/analysis/instrumentation-dependencies.bin because:
  Build cache is disabled
  Caching not enabled.
Caching disabled for MergeInstrumentationAnalysisTransform: /root/projects/PassVault/audit-runtime-linux-android-host-graph04/gradle-home/caches/modules-2/files-2.1/com.google.guava/failureaccess/1.0.2/c4a06a64e650562f30b7bf9aaec1bfed43aca12b/failureaccess-1.0.2.jar because:
  Build cache is disabled
  Caching not enabled.
Caching disabled for ExternalDependencyInstrumentingArtifactTransform: /root/projects/PassVault/audit-runtime-linux-android-host-graph04/gradle-home/caches/9.7.1/transforms/f79df8df205458ab4ae00e237bfe1db5/transformed/merge/instrumentation-dependencies.bin because:
  Build cache is disabled
  Caching not enabled.
Caching disabled for ExternalDependencyInstrumentingArtifactTransform: /root/projects/PassVault/audit-runtime-linux-android-host-graph04/gradle-home/caches/modules-2/files-2.1/com.google.guava/failureaccess/1.0.2/c4a06a64e650562f30b7bf9aaec1bfed43aca12b/failureaccess-1.0.2.jar because:
  Build cache is disabled
  Caching not enabled.
Caching disabled for MergeInstrumentationAnalysisTransform: /root/projects/PassVault/audit-runtime-linux-android-host-graph04/gradle-home/caches/9.7.1/transforms/a426ee8af50d95148e204101d0590264/transformed/analysis/instrumentation-dependencies.bin because:
  Build cache is disabled
  Caching not enabled.
Caching disabled for MergeInstrumentationAnalysisTransform: /root/projects/PassVault/audit-runtime-linux-android-host-graph04/gradle-home/caches/modules-2/files-2.1/com.google.guava/listenablefuture/9999.0-empty-to-avoid-conflict-with-guava/b421526c5f297295adef1c886e5246c39d4ac629/listenablefuture-9999.0-empty-to-avoid-conflict-with-guava.jar because:
  Build cache is disabled
  Caching not enabled.
Caching disabled for ExternalDependencyInstrumentingArtifactTransform: /root/projects/PassVault/audit-runtime-linux-android-host-graph04/gradle-home/caches/9.7.1/transforms/81d6d371d8d1e4d19e65ab6927e45575/transformed/merge/instrumentation-dependencies.bin because:
  Build cache is disabled
  Caching not enabled.
Caching disabled for ExternalDependencyInstrumentingArtifactTransform: /root/projects/PassVault/audit-runtime-linux-android-host-graph04/gradle-home/caches/modules-2/files-2.1/com.google.guava/listenablefuture/9999.0-empty-to-avoid-conflict-with-guava/b421526c5f297295adef1c886e5246c39d4ac629/listenablefuture-9999.0-empty-to-avoid-conflict-with-guava.jar because:
  Build cache is disabled
  Caching not enabled.
Caching disabled for MergeInstrumentationAnalysisTransform: /root/projects/PassVault/audit-runtime-linux-android-host-graph04/gradle-home/caches/9.7.1/transforms/39b1542f181b86eba995bb7763f1524f/transformed/analysis/instrumentation-hierarchy.bin because:
  Build cache is disabled
  Caching not enabled.
Caching disabled for MergeInstrumentationAnalysisTransform: /root/projects/PassVault/audit-runtime-linux-android-host-graph04/gradle-home/caches/9.7.1/transforms/39b1542f181b86eba995bb7763f1524f/transformed/analysis/instrumentation-dependencies.bin because:
  Build cache is disabled
  Caching not enabled.
Caching disabled for MergeInstrumentationAnalysisTransform: /root/projects/PassVault/audit-runtime-linux-android-host-graph04/gradle-home/caches/modules-2/files-2.1/commons-codec/commons-codec/1.17.1/973638b7149d333563584137ebf13a691bb60579/commons-codec-1.17.1.jar because:
  Build cache is disabled
  Caching not enabled.
Caching disabled for ExternalDependencyInstrumentingArtifactTransform: /root/projects/PassVault/audit-runtime-linux-android-host-graph04/gradle-home/caches/9.7.1/transforms/2ae78a9bc06e55d94d6cdfef23e9d267/transformed/merge/instrumentation-dependencies.bin because:
  Build cache is disabled
  Caching not enabled.
Caching disabled for ExternalDependencyInstrumentingArtifactTransform: /root/projects/PassVault/audit-runtime-linux-android-host-graph04/gradle-home/caches/modules-2/files-2.1/commons-codec/commons-codec/1.17.1/973638b7149d333563584137ebf13a691bb60579/commons-codec-1.17.1.jar because:
  Build cache is disabled
  Caching not enabled.
Caching disabled for MergeInstrumentationAnalysisTransform: /root/projects/PassVault/audit-runtime-linux-android-host-graph04/gradle-home/caches/9.7.1/transforms/09b11410174e4f99f582724a2bbeb2a7/transformed/analysis/instrumentation-hierarchy.bin because:
  Build cache is disabled
  Caching not enabled.
Caching disabled for MergeInstrumentationAnalysisTransform: /root/projects/PassVault/audit-runtime-linux-android-host-graph04/gradle-home/caches/9.7.1/transforms/09b11410174e4f99f582724a2bbeb2a7/transformed/analysis/instrumentation-dependencies.bin because:
  Build cache is disabled
  Caching not enabled.
Caching disabled for MergeInstrumentationAnalysisTransform: /root/projects/PassVault/audit-runtime-linux-android-host-graph04/gradle-home/caches/modules-2/files-2.1/org.apache.commons/commons-lang3/3.16.0/3eb54effe40946dfb06dc5cd6c7ce4116cd51ea4/commons-lang3-3.16.0.jar because:
  Build cache is disabled
  Caching not enabled.
Caching disabled for ExternalDependencyInstrumentingArtifactTransform: /root/projects/PassVault/audit-runtime-linux-android-host-graph04/gradle-home/caches/9.7.1/transforms/de59a6f490f8abaf58c5ff6b7f8d71a4/transformed/merge/instrumentation-dependencies.bin because:
  Build cache is disabled
  Caching not enabled.
Caching disabled for ExternalDependencyInstrumentingArtifactTransform: /root/projects/PassVault/audit-runtime-linux-android-host-graph04/gradle-home/caches/modules-2/files-2.1/org.apache.commons/commons-lang3/3.16.0/3eb54effe40946dfb06dc5cd6c7ce4116cd51ea4/commons-lang3-3.16.0.jar because:
  Build cache is disabled
  Caching not enabled.
Caching disabled for MergeInstrumentationAnalysisTransform: /root/projects/PassVault/audit-runtime-linux-android-host-graph04/gradle-home/caches/9.7.1/transforms/723be355e9161e2e88be628f9ad8b527/transformed/analysis/instrumentation-hierarchy.bin because:
  Build cache is disabled
  Caching not enabled.
Caching disabled for MergeInstrumentationAnalysisTransform: /root/projects/PassVault/audit-runtime-linux-android-host-graph04/gradle-home/caches/9.7.1/transforms/723be355e9161e2e88be628f9ad8b527/transformed/analysis/instrumentation-dependencies.bin because:
  Build cache is disabled
  Caching not enabled.
Caching disabled for MergeInstrumentationAnalysisTransform: /root/projects/PassVault/audit-runtime-linux-android-host-graph04/gradle-home/caches/modules-2/files-2.1/commons-logging/commons-logging/1.2/4bfc12adfe4842bf07b657f0369c4cb522955686/commons-logging-1.2.jar because:
  Build cache is disabled
  Caching not enabled.
Caching disabled for ExternalDependencyInstrumentingArtifactTransform: /root/projects/PassVault/audit-runtime-linux-android-host-graph04/gradle-home/caches/9.7.1/transforms/c1dcfa8e55df364a31d95445d036f816/transformed/merge/instrumentation-dependencies.bin because:
  Build cache is disabled
  Caching not enabled.
Caching disabled for ExternalDependencyInstrumentingArtifactTransform: /root/projects/PassVault/audit-runtime-linux-android-host-graph04/gradle-home/caches/modules-2/files-2.1/commons-logging/commons-logging/1.2/4bfc12adfe4842bf07b657f0369c4cb522955686/commons-logging-1.2.jar because:
  Build cache is disabled
  Caching not enabled.
Caching disabled for MergeInstrumentationAnalysisTransform: /root/projects/PassVault/audit-runtime-linux-android-host-graph04/gradle-home/caches/9.7.1/transforms/107a90d5038e7ca46c15e2d3de0f57a5/transformed/analysis/instrumentation-hierarchy.bin because:
  Build cache is disabled
  Caching not enabled.
Caching disabled for MergeInstrumentationAnalysisTransform: /root/projects/PassVault/audit-runtime-linux-android-host-graph04/gradle-home/caches/9.7.1/transforms/107a90d5038e7ca46c15e2d3de0f57a5/transformed/analysis/instrumentation-dependencies.bin because:
  Build cache is disabled
  Caching not enabled.
Caching disabled for MergeInstrumentationAnalysisTransform: /root/projects/PassVault/audit-runtime-linux-android-host-graph04/gradle-home/caches/modules-2/files-2.1/net.java.dev.jna/jna/5.6.0/330f2244e9030119ab3030fc3fededc86713d9cc/jna-5.6.0.jar because:
  Build cache is disabled
  Caching not enabled.
Caching disabled for ExternalDependencyInstrumentingArtifactTransform: /root/projects/PassVault/audit-runtime-linux-android-host-graph04/gradle-home/caches/9.7.1/transforms/0b498f95e00a76157023db6ab9f07cc9/transformed/merge/instrumentation-dependencies.bin because:
  Build cache is disabled
  Caching not enabled.
Caching disabled for ExternalDependencyInstrumentingArtifactTransform: /root/projects/PassVault/audit-runtime-linux-android-host-graph04/gradle-home/caches/modules-2/files-2.1/net.java.dev.jna/jna/5.6.0/330f2244e9030119ab3030fc3fededc86713d9cc/jna-5.6.0.jar because:
  Build cache is disabled
  Caching not enabled.
Caching disabled for Kotlin DSL accessors for root project 'passvault' because:
  Build cache is disabled
  Build caching of Kotlin script accessor generation disabled by property
Caching disabled for Kotlin DSL script compilation (Project/TopLevel/stage2) because:
  Build cache is disabled

> Configure project :app-android
Evaluating project ':app-android' using build file '/root/projects/PassVault/audit-runtime-linux-android-host-graph04/checkout/app-android/build.gradle.kts'.
Caching disabled for Kotlin DSL script compilation (Project/TopLevel/stage1) because:
  Build cache is disabled
Resolved plugin [id: 'com.android.application', version: '9.4.0']
Resolved plugin [id: 'org.jetbrains.compose', version: '1.11.1']
Resolved plugin [id: 'org.jetbrains.kotlin.plugin.compose', version: '2.4.10']
Build 2dfbbf23-075b-40e3-ad21-5526133febd0 is started
Using default execution profile
Caching disabled for Kotlin DSL accessors for project ':app-android' because:
  Build cache is disabled
  Build caching of Kotlin script accessor generation disabled by property
Caching disabled for Kotlin DSL script compilation (Project/TopLevel/stage2) because:
  Build cache is disabled
Detected Android Gradle Plugin compose compiler configuration
Detected Android Gradle Plugin compose compiler configuration
Detected Android Gradle Plugin compose compiler configuration
Detected Android Gradle Plugin compose compiler configuration
Detected Android Gradle Plugin compose compiler configuration

> Configure project :app-desktop
Evaluating project ':app-desktop' using build file '/root/projects/PassVault/audit-runtime-linux-android-host-graph04/checkout/app-desktop/build.gradle.kts'.
Caching disabled for Kotlin DSL script compilation (Project/TopLevel/stage1) because:
  Build cache is disabled
Resolved plugin [id: 'org.jetbrains.kotlin.multiplatform', version: '2.4.10']
Resolved plugin [id: 'org.jetbrains.compose', version: '1.11.1']
Resolved plugin [id: 'org.jetbrains.kotlin.plugin.compose', version: '2.4.10']
Using Kotlin Gradle Plugin gradle813 variant
Configure multi-module compose resources
Configure compose resources generation
Configure Res object generation for commonMain
Configure resource accessors generation for commonMain
Configure resource accessors generation for commonTest
Configure expect resource collectors generation for commonMain
Caching disabled for Kotlin DSL accessors for project ':app-desktop' because:
  Build cache is disabled
  Build caching of Kotlin script accessor generation disabled by property
Caching disabled for Kotlin DSL script compilation (Project/TopLevel/stage2) because:
  Build cache is disabled
Configure resource accessors generation for desktopMain
kotlin scripting plugin: created the scripting discovery configuration: kotlinScriptDef
Configure resource accessors generation for desktopTest
kotlin scripting plugin: created the scripting discovery configuration: testKotlinScriptDef
Configure actual resource collectors generation for desktopMain
Configure main resources for 'desktop' target
Configure test resources for 'desktop' target
Check that new 'org.jetbrains.kotlin.plugin.compose' was applied
Configure resource accessors generation for desktopDev
kotlin scripting plugin: created the scripting discovery configuration: devKotlinScriptDef
Configure dev resources for 'desktop' target

> Configure project :core
Evaluating project ':core' using build file '/root/projects/PassVault/audit-runtime-linux-android-host-graph04/checkout/core/build.gradle'.

> Configure project :feature
Evaluating project ':feature' using build file '/root/projects/PassVault/audit-runtime-linux-android-host-graph04/checkout/feature/build.gradle'.

> Configure project :shared
Evaluating project ':shared' using build file '/root/projects/PassVault/audit-runtime-linux-android-host-graph04/checkout/shared/build.gradle.kts'.
Caching disabled for Kotlin DSL script compilation (Project/TopLevel/stage1) because:
  Build cache is disabled
Resolved plugin [id: 'org.jetbrains.kotlin.multiplatform', version: '2.4.10']
Resolved plugin [id: 'com.android.kotlin.multiplatform.library', version: '9.4.0']
Resolved plugin [id: 'org.jetbrains.compose', version: '1.11.1']
Resolved plugin [id: 'org.jetbrains.kotlin.plugin.compose', version: '2.4.10']
Using Kotlin Gradle Plugin gradle813 variant
Created androidJvm target
kotlin scripting plugin: created the scripting discovery configuration: kotlinScriptDef
Created compile task: compileAndroidMain
Using default execution profile
Configure multi-module compose resources
Configure compose resources generation
Configure resource accessors generation for androidMain
Configure Res object generation for commonMain
Configure resource accessors generation for commonMain
Configure resource accessors generation for commonTest
Configure expect resource collectors generation for commonMain
Configure actual resource collectors generation for androidMain
Configure compose resources with KotlinMultiplatformAndroidComponentsExtension
Caching disabled for Kotlin DSL accessors for project ':shared' because:
  Build cache is disabled
  Build caching of Kotlin script accessor generation disabled by property
Caching disabled for Kotlin DSL script compilation (Project/TopLevel/stage2) because:
  Build cache is disabled
Configure resource accessors generation for androidHostTest
kotlin scripting plugin: created the scripting discovery configuration: hostTestKotlinScriptDef
Created compile task: compileAndroidHostTest
Configure resource accessors generation for desktopMain
kotlin scripting plugin: created the scripting discovery configuration: kotlinScriptDef
Configure resource accessors generation for desktopTest
kotlin scripting plugin: created the scripting discovery configuration: testKotlinScriptDef
Configure actual resource collectors generation for desktopMain
Configure main resources for 'desktop' target
Configure test resources for 'desktop' target
Configure resource accessors generation for iosArm64Main
Configure resource accessors generation for iosArm64Test
Configure actual resource collectors generation for iosArm64Main
Configure main resources for 'iosArm64' target
Configure KMP component publication for 'iosArm64'
Collect resolved main resources for 'iosArm64'
Configure test resources for 'iosArm64' target
Configure resource accessors generation for iosSimulatorArm64Main
Configure resource accessors generation for iosSimulatorArm64Test
Configure actual resource collectors generation for iosSimulatorArm64Main
Configure main resources for 'iosSimulatorArm64' target
Configure KMP component publication for 'iosSimulatorArm64'
Collect resolved main resources for 'iosSimulatorArm64'
Configure test resources for 'iosSimulatorArm64' target
compileSdkVersion=android-37.0
Configure androidMain resources for 'android' target
Check that new 'org.jetbrains.kotlin.plugin.compose' was applied
Configure resource accessors generation for desktopDev
kotlin scripting plugin: created the scripting discovery configuration: devKotlinScriptDef
Configure dev resources for 'desktop' target
Configure resource accessors generation for nativeMain
Configure resource accessors generation for appleMain
Configure resource accessors generation for iosMain
Configure resource accessors generation for nativeTest
Configure resource accessors generation for appleTest
Configure resource accessors generation for iosTest
w: ⚠️ Native task 'iosSimulatorArm64Test' is disabled
Task 'iosSimulatorArm64Test' for target 'ios_simulator_arm64' cannot run on the current host (linux-x86_64).
Reason: simulator tests require macOS
Solution: To suppress this warning, add 'kotlin.native.ignoreDisabledTargets=true' to gradle.properties.


> Configure project :core:crypto
Evaluating project ':core:crypto' using build file '/root/projects/PassVault/audit-runtime-linux-android-host-graph04/checkout/core/crypto/build.gradle.kts'.
Caching disabled for Kotlin DSL script compilation (Project/TopLevel/stage1) because:
  Build cache is disabled
Resolved plugin [id: 'org.jetbrains.kotlin.multiplatform', version: '2.4.10']
Resolved plugin [id: 'com.android.kotlin.multiplatform.library', version: '9.4.0']
Using Kotlin Gradle Plugin gradle813 variant
Created androidJvm target
kotlin scripting plugin: created the scripting discovery configuration: kotlinScriptDef
Created compile task: compileAndroidMain
Using default execution profile
Caching disabled for Kotlin DSL accessors for project ':core:crypto' because:
  Build cache is disabled
  Build caching of Kotlin script accessor generation disabled by property
Caching disabled for Kotlin DSL script compilation (Project/TopLevel/stage2) because:
  Build cache is disabled
kotlin scripting plugin: created the scripting discovery configuration: hostTestKotlinScriptDef
Created compile task: compileAndroidHostTest
kotlin scripting plugin: created the scripting discovery configuration: deviceTestKotlinScriptDef
Created compile task: compileAndroidDeviceTest
kotlin scripting plugin: created the scripting discovery configuration: kotlinScriptDef
kotlin scripting plugin: created the scripting discovery configuration: testKotlinScriptDef
compileSdkVersion=android-37.0
w: ⚠️ Cross Compilation with Cinterop Not Supported in Project 'crypto'
In project 'crypto', cross compilation to target 'iosArm64' has been disabled because it contains cinterops: 'rawSodium' which cannot be processed on host 'linux_x64'.
Cinterop libraries require platform-specific native toolchains that aren't available on the current host system.
Solutions:
 * Remove the cinterop dependencies 'rawSodium' from target 'iosArm64'
 * Build on a compatible host platform for this target/cinterop combination
 * To disable klib cross compilation entirely, add 'kotlin.native.enableKlibsCrossCompilation=false' to your Gradle properties

w: ⚠️ Cross Compilation with Cinterop Not Supported in Project 'crypto'
In project 'crypto', cross compilation to target 'iosSimulatorArm64' has been disabled because it contains cinterops: 'rawSodium' which cannot be processed on host 'linux_x64'.
Cinterop libraries require platform-specific native toolchains that aren't available on the current host system.
Solutions:
 * Remove the cinterop dependencies 'rawSodium' from target 'iosSimulatorArm64'
 * Build on a compatible host platform for this target/cinterop combination
 * To disable klib cross compilation entirely, add 'kotlin.native.enableKlibsCrossCompilation=false' to your Gradle properties

w: ⚠️ Disabled Kotlin/Native Targets
The following Kotlin/Native targets cannot be built on this machine and are disabled:
iosArm64, iosSimulatorArm64
Solution: To hide this message, add 'kotlin.native.ignoreDisabledTargets=true' to the Gradle properties.


> Configure project :core:database
Evaluating project ':core:database' using build file '/root/projects/PassVault/audit-runtime-linux-android-host-graph04/checkout/core/database/build.gradle.kts'.
Caching disabled for Kotlin DSL script compilation (Project/TopLevel/stage1) because:
  Build cache is disabled
Resolved plugin [id: 'org.jetbrains.kotlin.multiplatform', version: '2.4.10']
Resolved plugin [id: 'com.android.kotlin.multiplatform.library', version: '9.4.0']
Resolved plugin [id: 'org.jetbrains.kotlin.plugin.serialization', version: '2.4.10']
Resolved plugin [id: 'com.google.devtools.ksp', version: '2.3.10']
Resolved plugin [id: 'androidx.room', version: '2.8.4']
Using Kotlin Gradle Plugin gradle813 variant
Created androidJvm target
kotlin scripting plugin: created the scripting discovery configuration: kotlinScriptDef
Created compile task: compileAndroidMain
Using default execution profile
Caching disabled for Kotlin DSL accessors for project ':core:database' because:
  Build cache is disabled
  Build caching of Kotlin script accessor generation disabled by property
Caching disabled for Kotlin DSL script compilation (Project/TopLevel/stage2) because:
  Build cache is disabled
kotlin scripting plugin: created the scripting discovery configuration: hostTestKotlinScriptDef
Created compile task: compileAndroidHostTest
kotlin scripting plugin: created the scripting discovery configuration: kotlinScriptDef
kotlin scripting plugin: created the scripting discovery configuration: testKotlinScriptDef
compileSdkVersion=android-37.0

> Configure project :core:designsystem
Evaluating project ':core:designsystem' using build file '/root/projects/PassVault/audit-runtime-linux-android-host-graph04/checkout/core/designsystem/build.gradle.kts'.
Caching disabled for Kotlin DSL script compilation (Project/TopLevel/stage1) because:
  Build cache is disabled
Resolved plugin [id: 'org.jetbrains.kotlin.multiplatform', version: '2.4.10']
Resolved plugin [id: 'com.android.kotlin.multiplatform.library', version: '9.4.0']
Resolved plugin [id: 'org.jetbrains.compose', version: '1.11.1']
Resolved plugin [id: 'org.jetbrains.kotlin.plugin.compose', version: '2.4.10']
Using Kotlin Gradle Plugin gradle813 variant
Created androidJvm target
kotlin scripting plugin: created the scripting discovery configuration: kotlinScriptDef
Created compile task: compileAndroidMain
Using default execution profile
Configure multi-module compose resources
Configure compose resources generation
Configure resource accessors generation for androidMain
Configure Res object generation for commonMain
Configure resource accessors generation for commonMain
Configure resource accessors generation for commonTest
Configure expect resource collectors generation for commonMain
Configure actual resource collectors generation for androidMain
Configure compose resources with KotlinMultiplatformAndroidComponentsExtension
Caching disabled for Kotlin DSL script compilation (Project/TopLevel/stage2) because:
  Build cache is disabled
Configure resource accessors generation for androidHostTest
kotlin scripting plugin: created the scripting discovery configuration: hostTestKotlinScriptDef
Created compile task: compileAndroidHostTest
Configure resource accessors generation for desktopMain
kotlin scripting plugin: created the scripting discovery configuration: kotlinScriptDef
Configure resource accessors generation for desktopTest
kotlin scripting plugin: created the scripting discovery configuration: testKotlinScriptDef
Configure actual resource collectors generation for desktopMain
Configure main resources for 'desktop' target
Configure test resources for 'desktop' target
Configure resource accessors generation for iosArm64Main
Configure resource accessors generation for iosArm64Test
Configure actual resource collectors generation for iosArm64Main
Configure main resources for 'iosArm64' target
Configure KMP component publication for 'iosArm64'
Collect resolved main resources for 'iosArm64'
Configure test resources for 'iosArm64' target
Configure resource accessors generation for iosSimulatorArm64Main
Configure resource accessors generation for iosSimulatorArm64Test
Configure actual resource collectors generation for iosSimulatorArm64Main
Configure main resources for 'iosSimulatorArm64' target
Configure KMP component publication for 'iosSimulatorArm64'
Collect resolved main resources for 'iosSimulatorArm64'
Configure test resources for 'iosSimulatorArm64' target
compileSdkVersion=android-37.0
Configure androidMain resources for 'android' target
Check that new 'org.jetbrains.kotlin.plugin.compose' was applied
Configure resource accessors generation for desktopDev
kotlin scripting plugin: created the scripting discovery configuration: devKotlinScriptDef
Configure dev resources for 'desktop' target
Configure resource accessors generation for nativeMain
Configure resource accessors generation for appleMain
Configure resource accessors generation for iosMain
Configure resource accessors generation for nativeTest
Configure resource accessors generation for appleTest
Configure resource accessors generation for iosTest

> Configure project :core:domain
Evaluating project ':core:domain' using build file '/root/projects/PassVault/audit-runtime-linux-android-host-graph04/checkout/core/domain/build.gradle.kts'.
Caching disabled for Kotlin DSL script compilation (Project/TopLevel/stage1) because:
  Build cache is disabled
Resolved plugin [id: 'org.jetbrains.kotlin.multiplatform', version: '2.4.10']
Resolved plugin [id: 'com.android.kotlin.multiplatform.library', version: '9.4.0']
Resolved plugin [id: 'org.jetbrains.kotlin.plugin.serialization', version: '2.4.10']
Using Kotlin Gradle Plugin gradle813 variant
Created androidJvm target
kotlin scripting plugin: created the scripting discovery configuration: kotlinScriptDef
Created compile task: compileAndroidMain
Using default execution profile
Caching disabled for Kotlin DSL script compilation (Project/TopLevel/stage2) because:
  Build cache is disabled
kotlin scripting plugin: created the scripting discovery configuration: hostTestKotlinScriptDef
Created compile task: compileAndroidHostTest
kotlin scripting plugin: created the scripting discovery configuration: kotlinScriptDef
kotlin scripting plugin: created the scripting discovery configuration: testKotlinScriptDef
compileSdkVersion=android-37.0

> Configure project :core:navigation
Evaluating project ':core:navigation' using build file '/root/projects/PassVault/audit-runtime-linux-android-host-graph04/checkout/core/navigation/build.gradle.kts'.
Caching disabled for Kotlin DSL script compilation (Project/TopLevel/stage1) because:
  Build cache is disabled
Resolved plugin [id: 'org.jetbrains.kotlin.multiplatform', version: '2.4.10']
Resolved plugin [id: 'com.android.kotlin.multiplatform.library', version: '9.4.0']
Resolved plugin [id: 'org.jetbrains.kotlin.plugin.serialization', version: '2.4.10']
Using Kotlin Gradle Plugin gradle813 variant
Created androidJvm target
kotlin scripting plugin: created the scripting discovery configuration: kotlinScriptDef
Created compile task: compileAndroidMain
Using default execution profile
Caching disabled for Kotlin DSL script compilation (Project/TopLevel/stage2) because:
  Build cache is disabled
kotlin scripting plugin: created the scripting discovery configuration: hostTestKotlinScriptDef
Created compile task: compileAndroidHostTest
kotlin scripting plugin: created the scripting discovery configuration: kotlinScriptDef
kotlin scripting plugin: created the scripting discovery configuration: testKotlinScriptDef
compileSdkVersion=android-37.0

> Configure project :core:otp
Evaluating project ':core:otp' using build file '/root/projects/PassVault/audit-runtime-linux-android-host-graph04/checkout/core/otp/build.gradle.kts'.
Caching disabled for Kotlin DSL script compilation (Project/TopLevel/stage1) because:
  Build cache is disabled
Resolved plugin [id: 'org.jetbrains.kotlin.multiplatform', version: '2.4.10']
Resolved plugin [id: 'com.android.kotlin.multiplatform.library', version: '9.4.0']
Using Kotlin Gradle Plugin gradle813 variant
Created androidJvm target
kotlin scripting plugin: created the scripting discovery configuration: kotlinScriptDef
Created compile task: compileAndroidMain
Using default execution profile
Caching disabled for Kotlin DSL script compilation (Project/TopLevel/stage2) because:
  Build cache is disabled
kotlin scripting plugin: created the scripting discovery configuration: hostTestKotlinScriptDef
Created compile task: compileAndroidHostTest
kotlin scripting plugin: created the scripting discovery configuration: kotlinScriptDef
kotlin scripting plugin: created the scripting discovery configuration: testKotlinScriptDef
compileSdkVersion=android-37.0

> Configure project :core:security
Evaluating project ':core:security' using build file '/root/projects/PassVault/audit-runtime-linux-android-host-graph04/checkout/core/security/build.gradle.kts'.
Caching disabled for Kotlin DSL script compilation (Project/TopLevel/stage1) because:
  Build cache is disabled
Resolved plugin [id: 'org.jetbrains.kotlin.multiplatform', version: '2.4.10']
Resolved plugin [id: 'com.android.kotlin.multiplatform.library', version: '9.4.0']
Using Kotlin Gradle Plugin gradle813 variant
Created androidJvm target
kotlin scripting plugin: created the scripting discovery configuration: kotlinScriptDef
Created compile task: compileAndroidMain
Using default execution profile
Caching disabled for Kotlin DSL script compilation (Project/TopLevel/stage2) because:
  Build cache is disabled
kotlin scripting plugin: created the scripting discovery configuration: hostTestKotlinScriptDef
Created compile task: compileAndroidHostTest
kotlin scripting plugin: created the scripting discovery configuration: kotlinScriptDef
kotlin scripting plugin: created the scripting discovery configuration: testKotlinScriptDef
compileSdkVersion=android-37.0

> Configure project :core:testing
Evaluating project ':core:testing' using build file '/root/projects/PassVault/audit-runtime-linux-android-host-graph04/checkout/core/testing/build.gradle.kts'.
Caching disabled for Kotlin DSL script compilation (Project/TopLevel/stage1) because:
  Build cache is disabled
Resolved plugin [id: 'org.jetbrains.kotlin.multiplatform', version: '2.4.10']
Resolved plugin [id: 'com.android.kotlin.multiplatform.library', version: '9.4.0']
Using Kotlin Gradle Plugin gradle813 variant
Created androidJvm target
kotlin scripting plugin: created the scripting discovery configuration: kotlinScriptDef
Created compile task: compileAndroidMain
Using default execution profile
Caching disabled for Kotlin DSL script compilation (Project/TopLevel/stage2) because:
  Build cache is disabled
kotlin scripting plugin: created the scripting discovery configuration: hostTestKotlinScriptDef
Created compile task: compileAndroidHostTest
kotlin scripting plugin: created the scripting discovery configuration: kotlinScriptDef
kotlin scripting plugin: created the scripting discovery configuration: testKotlinScriptDef
compileSdkVersion=android-37.0

> Configure project :feature:backup
Evaluating project ':feature:backup' using build file '/root/projects/PassVault/audit-runtime-linux-android-host-graph04/checkout/feature/backup/build.gradle.kts'.
Caching disabled for Kotlin DSL script compilation (Project/TopLevel/stage1) because:
  Build cache is disabled
Resolved plugin [id: 'org.jetbrains.kotlin.multiplatform', version: '2.4.10']
Resolved plugin [id: 'com.android.kotlin.multiplatform.library', version: '9.4.0']
Resolved plugin [id: 'org.jetbrains.compose', version: '1.11.1']
Resolved plugin [id: 'org.jetbrains.kotlin.plugin.compose', version: '2.4.10']
Using Kotlin Gradle Plugin gradle813 variant
Created androidJvm target
kotlin scripting plugin: created the scripting discovery configuration: kotlinScriptDef
Created compile task: compileAndroidMain
Using default execution profile
Configure multi-module compose resources
Configure compose resources generation
Configure resource accessors generation for androidMain
Configure Res object generation for commonMain
Configure resource accessors generation for commonMain
Configure resource accessors generation for commonTest
Configure expect resource collectors generation for commonMain
Configure actual resource collectors generation for androidMain
Configure compose resources with KotlinMultiplatformAndroidComponentsExtension
Caching disabled for Kotlin DSL script compilation (Project/TopLevel/stage2) because:
  Build cache is disabled
Configure resource accessors generation for androidHostTest
kotlin scripting plugin: created the scripting discovery configuration: hostTestKotlinScriptDef
Created compile task: compileAndroidHostTest
Configure resource accessors generation for desktopMain
kotlin scripting plugin: created the scripting discovery configuration: kotlinScriptDef
Configure resource accessors generation for desktopTest
kotlin scripting plugin: created the scripting discovery configuration: testKotlinScriptDef
Configure actual resource collectors generation for desktopMain
Configure main resources for 'desktop' target
Configure test resources for 'desktop' target
Configure resource accessors generation for iosArm64Main
Configure resource accessors generation for iosArm64Test
Configure actual resource collectors generation for iosArm64Main
Configure main resources for 'iosArm64' target
Configure KMP component publication for 'iosArm64'
Collect resolved main resources for 'iosArm64'
Configure test resources for 'iosArm64' target
Configure resource accessors generation for iosSimulatorArm64Main
Configure resource accessors generation for iosSimulatorArm64Test
Configure actual resource collectors generation for iosSimulatorArm64Main
Configure main resources for 'iosSimulatorArm64' target
Configure KMP component publication for 'iosSimulatorArm64'
Collect resolved main resources for 'iosSimulatorArm64'
Configure test resources for 'iosSimulatorArm64' target
compileSdkVersion=android-37.0
Configure androidMain resources for 'android' target
Check that new 'org.jetbrains.kotlin.plugin.compose' was applied
Configure resource accessors generation for desktopDev
kotlin scripting plugin: created the scripting discovery configuration: devKotlinScriptDef
Configure dev resources for 'desktop' target
Configure resource accessors generation for nativeMain
Configure resource accessors generation for appleMain
Configure resource accessors generation for iosMain
Configure resource accessors generation for nativeTest
Configure resource accessors generation for appleTest
Configure resource accessors generation for iosTest

> Configure project :feature:credential
Evaluating project ':feature:credential' using build file '/root/projects/PassVault/audit-runtime-linux-android-host-graph04/checkout/feature/credential/build.gradle.kts'.
Caching disabled for Kotlin DSL script compilation (Project/TopLevel/stage1) because:
  Build cache is disabled
Resolved plugin [id: 'org.jetbrains.kotlin.multiplatform', version: '2.4.10']
Resolved plugin [id: 'com.android.kotlin.multiplatform.library', version: '9.4.0']
Resolved plugin [id: 'org.jetbrains.compose', version: '1.11.1']
Resolved plugin [id: 'org.jetbrains.kotlin.plugin.compose', version: '2.4.10']
Using Kotlin Gradle Plugin gradle813 variant
Created androidJvm target
kotlin scripting plugin: created the scripting discovery configuration: kotlinScriptDef
Created compile task: compileAndroidMain
Using default execution profile
Configure multi-module compose resources
Configure compose resources generation
Configure resource accessors generation for androidMain
Configure Res object generation for commonMain
Configure resource accessors generation for commonMain
Configure resource accessors generation for commonTest
Configure expect resource collectors generation for commonMain
Configure actual resource collectors generation for androidMain
Configure compose resources with KotlinMultiplatformAndroidComponentsExtension
Caching disabled for Kotlin DSL script compilation (Project/TopLevel/stage2) because:
  Build cache is disabled
Configure resource accessors generation for androidHostTest
kotlin scripting plugin: created the scripting discovery configuration: hostTestKotlinScriptDef
Created compile task: compileAndroidHostTest
Configure resource accessors generation for desktopMain
kotlin scripting plugin: created the scripting discovery configuration: kotlinScriptDef
Configure resource accessors generation for desktopTest
kotlin scripting plugin: created the scripting discovery configuration: testKotlinScriptDef
Configure actual resource collectors generation for desktopMain
Configure main resources for 'desktop' target
Configure test resources for 'desktop' target
Configure resource accessors generation for iosArm64Main
Configure resource accessors generation for iosArm64Test
Configure actual resource collectors generation for iosArm64Main
Configure main resources for 'iosArm64' target
Configure KMP component publication for 'iosArm64'
Collect resolved main resources for 'iosArm64'
Configure test resources for 'iosArm64' target
Configure resource accessors generation for iosSimulatorArm64Main
Configure resource accessors generation for iosSimulatorArm64Test
Configure actual resource collectors generation for iosSimulatorArm64Main
Configure main resources for 'iosSimulatorArm64' target
Configure KMP component publication for 'iosSimulatorArm64'
Collect resolved main resources for 'iosSimulatorArm64'
Configure test resources for 'iosSimulatorArm64' target
compileSdkVersion=android-37.0
Configure androidMain resources for 'android' target
Check that new 'org.jetbrains.kotlin.plugin.compose' was applied
Configure resource accessors generation for desktopDev
kotlin scripting plugin: created the scripting discovery configuration: devKotlinScriptDef
Configure dev resources for 'desktop' target
Configure resource accessors generation for nativeMain
Configure resource accessors generation for appleMain
Configure resource accessors generation for iosMain
Configure resource accessors generation for nativeTest
Configure resource accessors generation for appleTest
Configure resource accessors generation for iosTest

> Configure project :feature:generator
Evaluating project ':feature:generator' using build file '/root/projects/PassVault/audit-runtime-linux-android-host-graph04/checkout/feature/generator/build.gradle.kts'.
Caching disabled for Kotlin DSL script compilation (Project/TopLevel/stage1) because:
  Build cache is disabled
Resolved plugin [id: 'org.jetbrains.kotlin.multiplatform', version: '2.4.10']
Resolved plugin [id: 'com.android.kotlin.multiplatform.library', version: '9.4.0']
Resolved plugin [id: 'org.jetbrains.compose', version: '1.11.1']
Resolved plugin [id: 'org.jetbrains.kotlin.plugin.compose', version: '2.4.10']
Using Kotlin Gradle Plugin gradle813 variant
Created androidJvm target
kotlin scripting plugin: created the scripting discovery configuration: kotlinScriptDef
Created compile task: compileAndroidMain
Using default execution profile
Configure multi-module compose resources
Configure compose resources generation
Configure resource accessors generation for androidMain
Configure Res object generation for commonMain
Configure resource accessors generation for commonMain
Configure resource accessors generation for commonTest
Configure expect resource collectors generation for commonMain
Configure actual resource collectors generation for androidMain
Configure compose resources with KotlinMultiplatformAndroidComponentsExtension
Caching disabled for Kotlin DSL script compilation (Project/TopLevel/stage2) because:
  Build cache is disabled
Configure resource accessors generation for androidHostTest
kotlin scripting plugin: created the scripting discovery configuration: hostTestKotlinScriptDef
Created compile task: compileAndroidHostTest
Configure resource accessors generation for desktopMain
kotlin scripting plugin: created the scripting discovery configuration: kotlinScriptDef
Configure resource accessors generation for desktopTest
kotlin scripting plugin: created the scripting discovery configuration: testKotlinScriptDef
Configure actual resource collectors generation for desktopMain
Configure main resources for 'desktop' target
Configure test resources for 'desktop' target
Configure resource accessors generation for iosArm64Main
Configure resource accessors generation for iosArm64Test
Configure actual resource collectors generation for iosArm64Main
Configure main resources for 'iosArm64' target
Configure KMP component publication for 'iosArm64'
Collect resolved main resources for 'iosArm64'
Configure test resources for 'iosArm64' target
Configure resource accessors generation for iosSimulatorArm64Main
Configure resource accessors generation for iosSimulatorArm64Test
Configure actual resource collectors generation for iosSimulatorArm64Main
Configure main resources for 'iosSimulatorArm64' target
Configure KMP component publication for 'iosSimulatorArm64'
Collect resolved main resources for 'iosSimulatorArm64'
Configure test resources for 'iosSimulatorArm64' target
compileSdkVersion=android-37.0
Configure androidMain resources for 'android' target
Check that new 'org.jetbrains.kotlin.plugin.compose' was applied
Configure resource accessors generation for desktopDev
kotlin scripting plugin: created the scripting discovery configuration: devKotlinScriptDef
Configure dev resources for 'desktop' target
Configure resource accessors generation for nativeMain
Configure resource accessors generation for appleMain
Configure resource accessors generation for iosMain
Configure resource accessors generation for nativeTest
Configure resource accessors generation for appleTest
Configure resource accessors generation for iosTest

> Configure project :feature:health
Evaluating project ':feature:health' using build file '/root/projects/PassVault/audit-runtime-linux-android-host-graph04/checkout/feature/health/build.gradle.kts'.
Caching disabled for Kotlin DSL script compilation (Project/TopLevel/stage1) because:
  Build cache is disabled
Resolved plugin [id: 'org.jetbrains.kotlin.multiplatform', version: '2.4.10']
Resolved plugin [id: 'com.android.kotlin.multiplatform.library', version: '9.4.0']
Resolved plugin [id: 'org.jetbrains.compose', version: '1.11.1']
Resolved plugin [id: 'org.jetbrains.kotlin.plugin.compose', version: '2.4.10']
Using Kotlin Gradle Plugin gradle813 variant
Created androidJvm target
kotlin scripting plugin: created the scripting discovery configuration: kotlinScriptDef
Created compile task: compileAndroidMain
Using default execution profile
Configure multi-module compose resources
Configure compose resources generation
Configure resource accessors generation for androidMain
Configure Res object generation for commonMain
Configure resource accessors generation for commonMain
Configure resource accessors generation for commonTest
Configure expect resource collectors generation for commonMain
Configure actual resource collectors generation for androidMain
Configure compose resources with KotlinMultiplatformAndroidComponentsExtension
Caching disabled for Kotlin DSL script compilation (Project/TopLevel/stage2) because:
  Build cache is disabled
Configure resource accessors generation for androidHostTest
kotlin scripting plugin: created the scripting discovery configuration: hostTestKotlinScriptDef
Created compile task: compileAndroidHostTest
Configure resource accessors generation for desktopMain
kotlin scripting plugin: created the scripting discovery configuration: kotlinScriptDef
Configure resource accessors generation for desktopTest
kotlin scripting plugin: created the scripting discovery configuration: testKotlinScriptDef
Configure actual resource collectors generation for desktopMain
Configure main resources for 'desktop' target
Configure test resources for 'desktop' target
Configure resource accessors generation for iosArm64Main
Configure resource accessors generation for iosArm64Test
Configure actual resource collectors generation for iosArm64Main
Configure main resources for 'iosArm64' target
Configure KMP component publication for 'iosArm64'
Collect resolved main resources for 'iosArm64'
Configure test resources for 'iosArm64' target
Configure resource accessors generation for iosSimulatorArm64Main
Configure resource accessors generation for iosSimulatorArm64Test
Configure actual resource collectors generation for iosSimulatorArm64Main
Configure main resources for 'iosSimulatorArm64' target
Configure KMP component publication for 'iosSimulatorArm64'
Collect resolved main resources for 'iosSimulatorArm64'
Configure test resources for 'iosSimulatorArm64' target
compileSdkVersion=android-37.0
Configure androidMain resources for 'android' target
Check that new 'org.jetbrains.kotlin.plugin.compose' was applied
Configure resource accessors generation for desktopDev
kotlin scripting plugin: created the scripting discovery configuration: devKotlinScriptDef
Configure dev resources for 'desktop' target
Configure resource accessors generation for nativeMain
Configure resource accessors generation for appleMain
Configure resource accessors generation for iosMain
Configure resource accessors generation for nativeTest
Configure resource accessors generation for appleTest
Configure resource accessors generation for iosTest

> Configure project :feature:onboarding
Evaluating project ':feature:onboarding' using build file '/root/projects/PassVault/audit-runtime-linux-android-host-graph04/checkout/feature/onboarding/build.gradle.kts'.
Caching disabled for Kotlin DSL script compilation (Project/TopLevel/stage1) because:
  Build cache is disabled
Resolved plugin [id: 'org.jetbrains.kotlin.multiplatform', version: '2.4.10']
Resolved plugin [id: 'com.android.kotlin.multiplatform.library', version: '9.4.0']
Resolved plugin [id: 'org.jetbrains.compose', version: '1.11.1']
Resolved plugin [id: 'org.jetbrains.kotlin.plugin.compose', version: '2.4.10']
Using Kotlin Gradle Plugin gradle813 variant
Created androidJvm target
kotlin scripting plugin: created the scripting discovery configuration: kotlinScriptDef
Created compile task: compileAndroidMain
Using default execution profile
Configure multi-module compose resources
Configure compose resources generation
Configure resource accessors generation for androidMain
Configure Res object generation for commonMain
Configure resource accessors generation for commonMain
Configure resource accessors generation for commonTest
Configure expect resource collectors generation for commonMain
Configure actual resource collectors generation for androidMain
Configure compose resources with KotlinMultiplatformAndroidComponentsExtension
Caching disabled for Kotlin DSL script compilation (Project/TopLevel/stage2) because:
  Build cache is disabled
Configure resource accessors generation for androidHostTest
kotlin scripting plugin: created the scripting discovery configuration: hostTestKotlinScriptDef
Created compile task: compileAndroidHostTest
Configure resource accessors generation for desktopMain
kotlin scripting plugin: created the scripting discovery configuration: kotlinScriptDef
Configure resource accessors generation for desktopTest
kotlin scripting plugin: created the scripting discovery configuration: testKotlinScriptDef
Configure actual resource collectors generation for desktopMain
Configure main resources for 'desktop' target
Configure test resources for 'desktop' target
Configure resource accessors generation for iosArm64Main
Configure resource accessors generation for iosArm64Test
Configure actual resource collectors generation for iosArm64Main
Configure main resources for 'iosArm64' target
Configure KMP component publication for 'iosArm64'
Collect resolved main resources for 'iosArm64'
Configure test resources for 'iosArm64' target
Configure resource accessors generation for iosSimulatorArm64Main
Configure resource accessors generation for iosSimulatorArm64Test
Configure actual resource collectors generation for iosSimulatorArm64Main
Configure main resources for 'iosSimulatorArm64' target
Configure KMP component publication for 'iosSimulatorArm64'
Collect resolved main resources for 'iosSimulatorArm64'
Configure test resources for 'iosSimulatorArm64' target
compileSdkVersion=android-37.0
Configure androidMain resources for 'android' target
Check that new 'org.jetbrains.kotlin.plugin.compose' was applied
Configure resource accessors generation for desktopDev
kotlin scripting plugin: created the scripting discovery configuration: devKotlinScriptDef
Configure dev resources for 'desktop' target
Configure resource accessors generation for nativeMain
Configure resource accessors generation for appleMain
Configure resource accessors generation for iosMain
Configure resource accessors generation for nativeTest
Configure resource accessors generation for appleTest
Configure resource accessors generation for iosTest

> Configure project :feature:settings
Evaluating project ':feature:settings' using build file '/root/projects/PassVault/audit-runtime-linux-android-host-graph04/checkout/feature/settings/build.gradle.kts'.
Caching disabled for Kotlin DSL script compilation (Project/TopLevel/stage1) because:
  Build cache is disabled
Resolved plugin [id: 'org.jetbrains.kotlin.multiplatform', version: '2.4.10']
Resolved plugin [id: 'com.android.kotlin.multiplatform.library', version: '9.4.0']
Resolved plugin [id: 'org.jetbrains.compose', version: '1.11.1']
Resolved plugin [id: 'org.jetbrains.kotlin.plugin.compose', version: '2.4.10']
Using Kotlin Gradle Plugin gradle813 variant
Created androidJvm target
kotlin scripting plugin: created the scripting discovery configuration: kotlinScriptDef
Created compile task: compileAndroidMain
Using default execution profile
Configure multi-module compose resources
Configure compose resources generation
Configure resource accessors generation for androidMain
Configure Res object generation for commonMain
Configure resource accessors generation for commonMain
Configure resource accessors generation for commonTest
Configure expect resource collectors generation for commonMain
Configure actual resource collectors generation for androidMain
Configure compose resources with KotlinMultiplatformAndroidComponentsExtension
Caching disabled for Kotlin DSL script compilation (Project/TopLevel/stage2) because:
  Build cache is disabled
Configure resource accessors generation for androidHostTest
kotlin scripting plugin: created the scripting discovery configuration: hostTestKotlinScriptDef
Created compile task: compileAndroidHostTest
Configure resource accessors generation for desktopMain
kotlin scripting plugin: created the scripting discovery configuration: kotlinScriptDef
Configure resource accessors generation for desktopTest
kotlin scripting plugin: created the scripting discovery configuration: testKotlinScriptDef
Configure actual resource collectors generation for desktopMain
Configure main resources for 'desktop' target
Configure test resources for 'desktop' target
Configure resource accessors generation for iosArm64Main
Configure resource accessors generation for iosArm64Test
Configure actual resource collectors generation for iosArm64Main
Configure main resources for 'iosArm64' target
Configure KMP component publication for 'iosArm64'
Collect resolved main resources for 'iosArm64'
Configure test resources for 'iosArm64' target
Configure resource accessors generation for iosSimulatorArm64Main
Configure resource accessors generation for iosSimulatorArm64Test
Configure actual resource collectors generation for iosSimulatorArm64Main
Configure main resources for 'iosSimulatorArm64' target
Configure KMP component publication for 'iosSimulatorArm64'
Collect resolved main resources for 'iosSimulatorArm64'
Configure test resources for 'iosSimulatorArm64' target
compileSdkVersion=android-37.0
Configure androidMain resources for 'android' target
Check that new 'org.jetbrains.kotlin.plugin.compose' was applied
Configure resource accessors generation for desktopDev
kotlin scripting plugin: created the scripting discovery configuration: devKotlinScriptDef
Configure dev resources for 'desktop' target
Configure resource accessors generation for nativeMain
Configure resource accessors generation for appleMain
Configure resource accessors generation for iosMain
Configure resource accessors generation for nativeTest
Configure resource accessors generation for appleTest
Configure resource accessors generation for iosTest

> Configure project :feature:unlock
Evaluating project ':feature:unlock' using build file '/root/projects/PassVault/audit-runtime-linux-android-host-graph04/checkout/feature/unlock/build.gradle.kts'.
Caching disabled for Kotlin DSL script compilation (Project/TopLevel/stage1) because:
  Build cache is disabled
Resolved plugin [id: 'org.jetbrains.kotlin.multiplatform', version: '2.4.10']
Resolved plugin [id: 'com.android.kotlin.multiplatform.library', version: '9.4.0']
Resolved plugin [id: 'org.jetbrains.compose', version: '1.11.1']
Resolved plugin [id: 'org.jetbrains.kotlin.plugin.compose', version: '2.4.10']
Using Kotlin Gradle Plugin gradle813 variant
Created androidJvm target
kotlin scripting plugin: created the scripting discovery configuration: kotlinScriptDef
Created compile task: compileAndroidMain
Using default execution profile
Configure multi-module compose resources
Configure compose resources generation
Configure resource accessors generation for androidMain
Configure Res object generation for commonMain
Configure resource accessors generation for commonMain
Configure resource accessors generation for commonTest
Configure expect resource collectors generation for commonMain
Configure actual resource collectors generation for androidMain
Configure compose resources with KotlinMultiplatformAndroidComponentsExtension
Caching disabled for Kotlin DSL script compilation (Project/TopLevel/stage2) because:
  Build cache is disabled
Configure resource accessors generation for androidHostTest
kotlin scripting plugin: created the scripting discovery configuration: hostTestKotlinScriptDef
Created compile task: compileAndroidHostTest
Configure resource accessors generation for desktopMain
kotlin scripting plugin: created the scripting discovery configuration: kotlinScriptDef
Configure resource accessors generation for desktopTest
kotlin scripting plugin: created the scripting discovery configuration: testKotlinScriptDef
Configure actual resource collectors generation for desktopMain
Configure main resources for 'desktop' target
Configure test resources for 'desktop' target
Configure resource accessors generation for iosArm64Main
Configure resource accessors generation for iosArm64Test
Configure actual resource collectors generation for iosArm64Main
Configure main resources for 'iosArm64' target
Configure KMP component publication for 'iosArm64'
Collect resolved main resources for 'iosArm64'
Configure test resources for 'iosArm64' target
Configure resource accessors generation for iosSimulatorArm64Main
Configure resource accessors generation for iosSimulatorArm64Test
Configure actual resource collectors generation for iosSimulatorArm64Main
Configure main resources for 'iosSimulatorArm64' target
Configure KMP component publication for 'iosSimulatorArm64'
Collect resolved main resources for 'iosSimulatorArm64'
Configure test resources for 'iosSimulatorArm64' target
compileSdkVersion=android-37.0
Configure androidMain resources for 'android' target
Check that new 'org.jetbrains.kotlin.plugin.compose' was applied
Configure resource accessors generation for desktopDev
kotlin scripting plugin: created the scripting discovery configuration: devKotlinScriptDef
Configure dev resources for 'desktop' target
Configure resource accessors generation for nativeMain
Configure resource accessors generation for appleMain
Configure resource accessors generation for iosMain
Configure resource accessors generation for nativeTest
Configure resource accessors generation for appleTest
Configure resource accessors generation for iosTest

> Configure project :feature:vault
Evaluating project ':feature:vault' using build file '/root/projects/PassVault/audit-runtime-linux-android-host-graph04/checkout/feature/vault/build.gradle.kts'.
Caching disabled for Kotlin DSL script compilation (Project/TopLevel/stage1) because:
  Build cache is disabled
Resolved plugin [id: 'org.jetbrains.kotlin.multiplatform', version: '2.4.10']
Resolved plugin [id: 'com.android.kotlin.multiplatform.library', version: '9.4.0']
Resolved plugin [id: 'org.jetbrains.compose', version: '1.11.1']
Resolved plugin [id: 'org.jetbrains.kotlin.plugin.compose', version: '2.4.10']
Using Kotlin Gradle Plugin gradle813 variant
Created androidJvm target
kotlin scripting plugin: created the scripting discovery configuration: kotlinScriptDef
Created compile task: compileAndroidMain
Using default execution profile
Configure multi-module compose resources
Configure compose resources generation
Configure resource accessors generation for androidMain
Configure Res object generation for commonMain
Configure resource accessors generation for commonMain
Configure resource accessors generation for commonTest
Configure expect resource collectors generation for commonMain
Configure actual resource collectors generation for androidMain
Configure compose resources with KotlinMultiplatformAndroidComponentsExtension
Caching disabled for Kotlin DSL script compilation (Project/TopLevel/stage2) because:
  Build cache is disabled
Configure resource accessors generation for androidHostTest
kotlin scripting plugin: created the scripting discovery configuration: hostTestKotlinScriptDef
Created compile task: compileAndroidHostTest
Configure resource accessors generation for desktopMain
kotlin scripting plugin: created the scripting discovery configuration: kotlinScriptDef
Configure resource accessors generation for desktopTest
kotlin scripting plugin: created the scripting discovery configuration: testKotlinScriptDef
Configure actual resource collectors generation for desktopMain
Configure main resources for 'desktop' target
Configure test resources for 'desktop' target
Configure resource accessors generation for iosArm64Main
Configure resource accessors generation for iosArm64Test
Configure actual resource collectors generation for iosArm64Main
Configure main resources for 'iosArm64' target
Configure KMP component publication for 'iosArm64'
Collect resolved main resources for 'iosArm64'
Configure test resources for 'iosArm64' target
Configure resource accessors generation for iosSimulatorArm64Main
Configure resource accessors generation for iosSimulatorArm64Test
Configure actual resource collectors generation for iosSimulatorArm64Main
Configure main resources for 'iosSimulatorArm64' target
Configure KMP component publication for 'iosSimulatorArm64'
Collect resolved main resources for 'iosSimulatorArm64'
Configure test resources for 'iosSimulatorArm64' target
compileSdkVersion=android-37.0
Configure androidMain resources for 'android' target
Check that new 'org.jetbrains.kotlin.plugin.compose' was applied
Configure resource accessors generation for desktopDev
kotlin scripting plugin: created the scripting discovery configuration: devKotlinScriptDef
Configure dev resources for 'desktop' target
Configure resource accessors generation for nativeMain
Configure resource accessors generation for appleMain
Configure resource accessors generation for iosMain
Configure resource accessors generation for nativeTest
Configure resource accessors generation for appleTest
Configure resource accessors generation for iosTest
All projects evaluated.
Task path ':app-android:testDebugUnitTest' matched project ':app-android'
Task name matched 'testDebugUnitTest'
Selected primary task 'testDebugUnitTest' from project :app-android
Adding -Xuse-inline-scopes-numbers Kotlin compiler flag for task :app-android:compileDebugKotlin
compileSdkVersion=android-37.0
compileSdkVersion=android-37.0
compileSdkVersion=android-37.0
compileSdkVersion=android-37.0
compileSdkVersion=android-37.0
compileSdkVersion=android-37.0
compileSdkVersion=android-37.0
compileSdkVersion=android-37.0
compileSdkVersion=android-37.0
compileSdkVersion=android-37.0
compileSdkVersion=android-37.0
compileSdkVersion=android-37.0
compileSdkVersion=android-37.0
compileSdkVersion=android-37.0
compileSdkVersion=android-37.0
compileSdkVersion=android-37.0
compileSdkVersion=android-37.0
compileSdkVersion=android-37.0
compileSdkVersion=android-37.0
compileSdkVersion=android-37.0
compileSdkVersion=android-37.0
compileSdkVersion=android-37.0
compileSdkVersion=android-37.0
compileSdkVersion=android-37.0
compileSdkVersion=android-37.0
compileSdkVersion=android-37.0
compileSdkVersion=android-37.0
compileSdkVersion=android-37.0
compileSdkVersion=android-37.0
compileSdkVersion=android-37.0
compileSdkVersion=android-37.0
compileSdkVersion=android-37.0
compileSdkVersion=android-37.0
compileSdkVersion=android-37.0
compileSdkVersion=android-37.0
compileSdkVersion=android-37.0
compileSdkVersion=android-37.0
compileSdkVersion=android-37.0
compileSdkVersion=android-37.0
compileSdkVersion=android-37.0
compileSdkVersion=android-37.0
compileSdkVersion=android-37.0
compileSdkVersion=android-37.0
compileSdkVersion=android-37.0
compileSdkVersion=android-37.0
compileSdkVersion=android-37.0
compileSdkVersion=android-37.0
compileSdkVersion=android-37.0
compileSdkVersion=android-37.0
compileSdkVersion=android-37.0
compileSdkVersion=android-37.0
compileSdkVersion=android-37.0
compileSdkVersion=android-37.0
compileSdkVersion=android-37.0
compileSdkVersion=android-37.0
compileSdkVersion=android-37.0
compileSdkVersion=android-37.0
compileSdkVersion=android-37.0
compileSdkVersion=android-37.0
compileSdkVersion=android-37.0
compileSdkVersion=android-37.0
compileSdkVersion=android-37.0
compileSdkVersion=android-37.0
compileSdkVersion=android-37.0
compileSdkVersion=android-37.0
compileSdkVersion=android-37.0
compileSdkVersion=android-37.0
compileSdkVersion=android-37.0
compileSdkVersion=android-37.0
compileSdkVersion=android-37.0
compileSdkVersion=android-37.0
compileSdkVersion=android-37.0
compileSdkVersion=android-37.0
compileSdkVersion=android-37.0
compileSdkVersion=android-37.0
compileSdkVersion=android-37.0
compileSdkVersion=android-37.0
compileSdkVersion=android-37.0
compileSdkVersion=android-37.0
compileSdkVersion=android-37.0
compileSdkVersion=android-37.0
Tasks to be executed: [task ':app-android:preBuild', task ':app-android:preDebugBuild', task ':app-android:generateDebugBuildConfig', task ':app-android:generateDebugResources', task ':app-android:packageDebugResources', task ':shared:androidPreBuild', task ':shared:preAndroidMainBuild', task ':shared:generateAndroidMainEmptyResourceFiles', task ':core:crypto:androidPreBuild', task ':core:crypto:preAndroidMainBuild', task ':core:crypto:generateAndroidMainEmptyResourceFiles', task ':core:database:androidPreBuild', task ':core:database:preAndroidMainBuild', task ':core:database:generateAndroidMainEmptyResourceFiles', task ':core:designsystem:androidPreBuild', task ':core:designsystem:preAndroidMainBuild', task ':core:designsystem:generateAndroidMainEmptyResourceFiles', task ':core:domain:androidPreBuild', task ':core:domain:preAndroidMainBuild', task ':core:domain:generateAndroidMainEmptyResourceFiles', task ':core:navigation:androidPreBuild', task ':core:navigation:preAndroidMainBuild', task ':core:navigation:generateAndroidMainEmptyResourceFiles', task ':core:otp:androidPreBuild', task ':core:otp:preAndroidMainBuild', task ':core:otp:generateAndroidMainEmptyResourceFiles', task ':core:security:androidPreBuild', task ':core:security:preAndroidMainBuild', task ':core:security:generateAndroidMainEmptyResourceFiles', task ':feature:backup:androidPreBuild', task ':feature:backup:preAndroidMainBuild', task ':feature:backup:generateAndroidMainEmptyResourceFiles', task ':feature:credential:androidPreBuild', task ':feature:credential:preAndroidMainBuild', task ':feature:credential:generateAndroidMainEmptyResourceFiles', task ':feature:generator:androidPreBuild', task ':feature:generator:preAndroidMainBuild', task ':feature:generator:generateAndroidMainEmptyResourceFiles', task ':feature:health:androidPreBuild', task ':feature:health:preAndroidMainBuild', task ':feature:health:generateAndroidMainEmptyResourceFiles', task ':feature:onboarding:androidPreBuild', task ':feature:onboarding:preAndroidMainBuild', task ':feature:onboarding:generateAndroidMainEmptyResourceFiles', task ':feature:settings:androidPreBuild', task ':feature:settings:preAndroidMainBuild', task ':feature:settings:generateAndroidMainEmptyResourceFiles', task ':feature:unlock:androidPreBuild', task ':feature:unlock:preAndroidMainBuild', task ':feature:unlock:generateAndroidMainEmptyResourceFiles', task ':feature:vault:androidPreBuild', task ':feature:vault:preAndroidMainBuild', task ':feature:vault:generateAndroidMainEmptyResourceFiles', task ':app-android:processDebugNavigationResources', task ':app-android:parseDebugLocalResources', task ':app-android:generateDebugRFile', task ':shared:kmpPartiallyResolvedDependenciesChecker', task ':shared:checkKotlinGradlePluginConfigurationErrors', task ':shared:convertXmlValueResourcesForAndroidMain', task ':shared:copyNonXmlValueResourcesForAndroidMain', task ':shared:prepareComposeResourcesTaskForAndroidMain', task ':shared:generateResourceAccessorsForAndroidMain', task ':shared:convertXmlValueResourcesForCommonMain', task ':shared:copyNonXmlValueResourcesForCommonMain', task ':shared:prepareComposeResourcesTaskForCommonMain', task ':shared:generateResourceAccessorsForCommonMain', task ':shared:generateActualResourceCollectorsForAndroidMain', task ':shared:generateComposeResClass', task ':shared:generateExpectResourceCollectorsForCommonMain', task ':core:crypto:kmpPartiallyResolvedDependenciesChecker', task ':core:crypto:checkKotlinGradlePluginConfigurationErrors', task ':core:crypto:compileAndroidMain', task ':core:crypto:bundleAndroidMainClassesToCompileJar', task ':core:database:kmpPartiallyResolvedDependenciesChecker', task ':core:database:checkKotlinGradlePluginConfigurationErrors', task ':core:domain:kmpPartiallyResolvedDependenciesChecker', task ':core:domain:checkKotlinGradlePluginConfigurationErrors', task ':core:domain:compileAndroidMain', task ':core:domain:bundleAndroidMainClassesToCompileJar', task ':core:security:kmpPartiallyResolvedDependenciesChecker', task ':core:security:checkKotlinGradlePluginConfigurationErrors', task ':core:security:compileAndroidMain', task ':core:security:bundleAndroidMainClassesToCompileJar', task ':core:database:kspAndroidMain', task ':core:database:copyRoomSchemas', task ':core:database:compileAndroidMain', task ':core:database:bundleAndroidMainClassesToCompileJar', task ':core:designsystem:kmpPartiallyResolvedDependenciesChecker', task ':core:designsystem:checkKotlinGradlePluginConfigurationErrors', task ':core:designsystem:convertXmlValueResourcesForAndroidMain', task ':core:designsystem:copyNonXmlValueResourcesForAndroidMain', task ':core:designsystem:prepareComposeResourcesTaskForAndroidMain', task ':core:designsystem:generateResourceAccessorsForAndroidMain', task ':core:designsystem:convertXmlValueResourcesForCommonMain', task ':core:designsystem:copyNonXmlValueResourcesForCommonMain', task ':core:designsystem:prepareComposeResourcesTaskForCommonMain', task ':core:designsystem:generateResourceAccessorsForCommonMain', task ':core:designsystem:generateActualResourceCollectorsForAndroidMain', task ':core:designsystem:copyAndroidMainComposeResourcesToAndroidAssets', task ':core:designsystem:packageAndroidMainResources', task ':core:designsystem:parseAndroidMainLocalResources', task ':core:designsystem:generateAndroidMainRFile', task ':core:designsystem:generateComposeResClass', task ':core:designsystem:generateExpectResourceCollectorsForCommonMain', task ':core:designsystem:compileAndroidMain', task ':core:designsystem:bundleAndroidMainClassesToCompileJar', task ':core:navigation:kmpPartiallyResolvedDependenciesChecker', task ':core:navigation:checkKotlinGradlePluginConfigurationErrors', task ':core:navigation:compileAndroidMain', task ':core:navigation:bundleAndroidMainClassesToCompileJar', task ':core:otp:kmpPartiallyResolvedDependenciesChecker', task ':core:otp:checkKotlinGradlePluginConfigurationErrors', task ':core:otp:compileAndroidMain', task ':core:otp:bundleAndroidMainClassesToCompileJar', task ':feature:backup:kmpPartiallyResolvedDependenciesChecker', task ':feature:backup:checkKotlinGradlePluginConfigurationErrors', task ':feature:backup:convertXmlValueResourcesForAndroidMain', task ':feature:backup:copyNonXmlValueResourcesForAndroidMain', task ':feature:backup:prepareComposeResourcesTaskForAndroidMain', task ':feature:backup:generateResourceAccessorsForAndroidMain', task ':feature:backup:convertXmlValueResourcesForCommonMain', task ':feature:backup:copyNonXmlValueResourcesForCommonMain', task ':feature:backup:prepareComposeResourcesTaskForCommonMain', task ':feature:backup:generateResourceAccessorsForCommonMain', task ':feature:backup:generateActualResourceCollectorsForAndroidMain', task ':feature:backup:generateComposeResClass', task ':feature:backup:generateExpectResourceCollectorsForCommonMain', task ':feature:backup:compileAndroidMain', task ':feature:backup:bundleAndroidMainClassesToCompileJar', task ':feature:credential:kmpPartiallyResolvedDependenciesChecker', task ':feature:credential:checkKotlinGradlePluginConfigurationErrors', task ':feature:credential:convertXmlValueResourcesForAndroidMain', task ':feature:credential:copyNonXmlValueResourcesForAndroidMain', task ':feature:credential:prepareComposeResourcesTaskForAndroidMain', task ':feature:credential:generateResourceAccessorsForAndroidMain', task ':feature:credential:convertXmlValueResourcesForCommonMain', task ':feature:credential:copyNonXmlValueResourcesForCommonMain', task ':feature:credential:prepareComposeResourcesTaskForCommonMain', task ':feature:credential:generateResourceAccessorsForCommonMain', task ':feature:credential:generateActualResourceCollectorsForAndroidMain', task ':feature:credential:generateComposeResClass', task ':feature:credential:generateExpectResourceCollectorsForCommonMain', task ':feature:credential:compileAndroidMain', task ':feature:credential:bundleAndroidMainClassesToCompileJar', task ':feature:generator:kmpPartiallyResolvedDependenciesChecker', task ':feature:generator:checkKotlinGradlePluginConfigurationErrors', task ':feature:generator:convertXmlValueResourcesForAndroidMain', task ':feature:generator:copyNonXmlValueResourcesForAndroidMain', task ':feature:generator:prepareComposeResourcesTaskForAndroidMain', task ':feature:generator:generateResourceAccessorsForAndroidMain', task ':feature:generator:convertXmlValueResourcesForCommonMain', task ':feature:generator:copyNonXmlValueResourcesForCommonMain', task ':feature:generator:prepareComposeResourcesTaskForCommonMain', task ':feature:generator:generateResourceAccessorsForCommonMain', task ':feature:generator:generateActualResourceCollectorsForAndroidMain', task ':feature:generator:generateComposeResClass', task ':feature:generator:generateExpectResourceCollectorsForCommonMain', task ':feature:generator:compileAndroidMain', task ':feature:generator:bundleAndroidMainClassesToCompileJar', task ':feature:health:kmpPartiallyResolvedDependenciesChecker', task ':feature:health:checkKotlinGradlePluginConfigurationErrors', task ':feature:health:convertXmlValueResourcesForAndroidMain', task ':feature:health:copyNonXmlValueResourcesForAndroidMain', task ':feature:health:prepareComposeResourcesTaskForAndroidMain', task ':feature:health:generateResourceAccessorsForAndroidMain', task ':feature:health:convertXmlValueResourcesForCommonMain', task ':feature:health:copyNonXmlValueResourcesForCommonMain', task ':feature:health:prepareComposeResourcesTaskForCommonMain', task ':feature:health:generateResourceAccessorsForCommonMain', task ':feature:health:generateActualResourceCollectorsForAndroidMain', task ':feature:health:generateComposeResClass', task ':feature:health:generateExpectResourceCollectorsForCommonMain', task ':feature:health:compileAndroidMain', task ':feature:health:bundleAndroidMainClassesToCompileJar', task ':feature:onboarding:kmpPartiallyResolvedDependenciesChecker', task ':feature:onboarding:checkKotlinGradlePluginConfigurationErrors', task ':feature:onboarding:convertXmlValueResourcesForAndroidMain', task ':feature:onboarding:copyNonXmlValueResourcesForAndroidMain', task ':feature:onboarding:prepareComposeResourcesTaskForAndroidMain', task ':feature:onboarding:generateResourceAccessorsForAndroidMain', task ':feature:onboarding:convertXmlValueResourcesForCommonMain', task ':feature:onboarding:copyNonXmlValueResourcesForCommonMain', task ':feature:onboarding:prepareComposeResourcesTaskForCommonMain', task ':feature:onboarding:generateResourceAccessorsForCommonMain', task ':feature:onboarding:generateActualResourceCollectorsForAndroidMain', task ':feature:onboarding:generateComposeResClass', task ':feature:onboarding:generateExpectResourceCollectorsForCommonMain', task ':feature:onboarding:compileAndroidMain', task ':feature:onboarding:bundleAndroidMainClassesToCompileJar', task ':feature:settings:kmpPartiallyResolvedDependenciesChecker', task ':feature:settings:checkKotlinGradlePluginConfigurationErrors', task ':feature:settings:convertXmlValueResourcesForAndroidMain', task ':feature:settings:copyNonXmlValueResourcesForAndroidMain', task ':feature:settings:prepareComposeResourcesTaskForAndroidMain', task ':feature:settings:generateResourceAccessorsForAndroidMain', task ':feature:settings:convertXmlValueResourcesForCommonMain', task ':feature:settings:copyNonXmlValueResourcesForCommonMain', task ':feature:settings:prepareComposeResourcesTaskForCommonMain', task ':feature:settings:generateResourceAccessorsForCommonMain', task ':feature:settings:generateActualResourceCollectorsForAndroidMain', task ':feature:settings:generateComposeResClass', task ':feature:settings:generateExpectResourceCollectorsForCommonMain', task ':feature:settings:compileAndroidMain', task ':feature:settings:bundleAndroidMainClassesToCompileJar', task ':feature:unlock:kmpPartiallyResolvedDependenciesChecker', task ':feature:unlock:checkKotlinGradlePluginConfigurationErrors', task ':feature:unlock:convertXmlValueResourcesForAndroidMain', task ':feature:unlock:copyNonXmlValueResourcesForAndroidMain', task ':feature:unlock:prepareComposeResourcesTaskForAndroidMain', task ':feature:unlock:generateResourceAccessorsForAndroidMain', task ':feature:unlock:convertXmlValueResourcesForCommonMain', task ':feature:unlock:copyNonXmlValueResourcesForCommonMain', task ':feature:unlock:prepareComposeResourcesTaskForCommonMain', task ':feature:unlock:generateResourceAccessorsForCommonMain', task ':feature:unlock:generateActualResourceCollectorsForAndroidMain', task ':feature:unlock:generateComposeResClass', task ':feature:unlock:generateExpectResourceCollectorsForCommonMain', task ':feature:unlock:compileAndroidMain', task ':feature:unlock:bundleAndroidMainClassesToCompileJar', task ':feature:vault:kmpPartiallyResolvedDependenciesChecker', task ':feature:vault:checkKotlinGradlePluginConfigurationErrors', task ':feature:vault:convertXmlValueResourcesForAndroidMain', task ':feature:vault:copyNonXmlValueResourcesForAndroidMain', task ':feature:vault:prepareComposeResourcesTaskForAndroidMain', task ':feature:vault:generateResourceAccessorsForAndroidMain', task ':feature:vault:convertXmlValueResourcesForCommonMain', task ':feature:vault:copyNonXmlValueResourcesForCommonMain', task ':feature:vault:prepareComposeResourcesTaskForCommonMain', task ':feature:vault:generateResourceAccessorsForCommonMain', task ':feature:vault:generateActualResourceCollectorsForAndroidMain', task ':feature:vault:generateComposeResClass', task ':feature:vault:generateExpectResourceCollectorsForCommonMain', task ':feature:vault:compileAndroidMain', task ':feature:vault:bundleAndroidMainClassesToCompileJar', task ':shared:compileAndroidMain', task ':shared:bundleAndroidMainClassesToCompileJar', task ':app-android:compileDebugKotlin', task ':app-android:javaPreCompileDebug', task ':app-android:compileDebugJavaWithJavac', task ':shared:writeAndroidMainAarMetadata', task ':core:crypto:writeAndroidMainAarMetadata', task ':core:database:writeAndroidMainAarMetadata', task ':core:designsystem:writeAndroidMainAarMetadata', task ':core:domain:writeAndroidMainAarMetadata', task ':core:navigation:writeAndroidMainAarMetadata', task ':core:otp:writeAndroidMainAarMetadata', task ':core:security:writeAndroidMainAarMetadata', task ':feature:backup:writeAndroidMainAarMetadata', task ':feature:credential:writeAndroidMainAarMetadata', task ':feature:generator:writeAndroidMainAarMetadata', task ':feature:health:writeAndroidMainAarMetadata', task ':feature:onboarding:writeAndroidMainAarMetadata', task ':feature:settings:writeAndroidMainAarMetadata', task ':feature:unlock:writeAndroidMainAarMetadata', task ':feature:vault:writeAndroidMainAarMetadata', task ':app-android:checkDebugAarMetadata', task ':app-android:mapDebugSourceSetPaths', task ':app-android:compileDebugNavigationResources', task ':app-android:mergeDebugResources', task ':app-android:createDebugCompatibleScreenManifests', task ':app-android:extractDeepLinksDebug', task ':shared:processAndroidMainManifest', task ':core:crypto:processAndroidMainManifest', task ':core:database:processAndroidMainManifest', task ':core:designsystem:processAndroidMainManifest', task ':core:domain:processAndroidMainManifest', task ':core:navigation:processAndroidMainManifest', task ':core:otp:processAndroidMainManifest', task ':core:security:processAndroidMainManifest', task ':feature:backup:processAndroidMainManifest', task ':feature:credential:processAndroidMainManifest', task ':feature:generator:processAndroidMainManifest', task ':feature:health:processAndroidMainManifest', task ':feature:onboarding:processAndroidMainManifest', task ':feature:settings:processAndroidMainManifest', task ':feature:unlock:processAndroidMainManifest', task ':feature:vault:processAndroidMainManifest', task ':app-android:processDebugMainManifest', task ':app-android:processDebugManifest', task ':app-android:processDebugManifestForPackage', task ':core:designsystem:mapAndroidMainSourceSetPaths', task ':core:designsystem:compileAndroidMainLibraryResources', task ':app-android:processDebugResources', task ':app-android:bundleDebugClassesToRuntimeJar', task ':app-android:bundleDebugClassesToCompileJar', task ':app-android:preDebugUnitTestBuild', task ':app-android:compileDebugUnitTestKotlin', task ':app-android:javaPreCompileDebugUnitTest', task ':app-android:compileDebugUnitTestJavaWithJavac', task ':app-android:generateDebugAssets', task ':app-android:prepareAndroidLegalAssets', task ':core:designsystem:generateAndroidMainAssets', task ':core:designsystem:mergeAndroidMainAssets', task ':app-android:mergeDebugAssets', task ':app-android:packageDebugUnitTestForUnitTest', task ':app-android:mergeDebugUnitTestManifest', task ':app-android:processDebugUnitTestManifest', task ':app-android:generateDebugUnitTestConfig', task ':app-android:processDebugJavaRes', task ':app-android:processDebugUnitTestJavaRes', task ':shared:bundleAndroidMainClassesToRuntimeJar', task ':shared:processAndroidMainJavaRes', task ':core:crypto:bundleAndroidMainClassesToRuntimeJar', task ':core:crypto:processAndroidMainJavaRes', task ':core:database:bundleAndroidMainClassesToRuntimeJar', task ':core:database:processAndroidMainJavaRes', task ':core:designsystem:bundleAndroidMainClassesToRuntimeJar', task ':core:designsystem:processAndroidMainJavaRes', task ':core:domain:bundleAndroidMainClassesToRuntimeJar', task ':core:domain:processAndroidMainJavaRes', task ':core:navigation:bundleAndroidMainClassesToRuntimeJar', task ':core:navigation:processAndroidMainJavaRes', task ':core:otp:bundleAndroidMainClassesToRuntimeJar', task ':core:otp:processAndroidMainJavaRes', task ':core:security:bundleAndroidMainClassesToRuntimeJar', task ':core:security:processAndroidMainJavaRes', task ':feature:backup:bundleAndroidMainClassesToRuntimeJar', task ':feature:backup:processAndroidMainJavaRes', task ':feature:credential:bundleAndroidMainClassesToRuntimeJar', task ':feature:credential:processAndroidMainJavaRes', task ':feature:generator:bundleAndroidMainClassesToRuntimeJar', task ':feature:generator:processAndroidMainJavaRes', task ':feature:health:bundleAndroidMainClassesToRuntimeJar', task ':feature:health:processAndroidMainJavaRes', task ':feature:onboarding:bundleAndroidMainClassesToRuntimeJar', task ':feature:onboarding:processAndroidMainJavaRes', task ':feature:settings:bundleAndroidMainClassesToRuntimeJar', task ':feature:settings:processAndroidMainJavaRes', task ':feature:unlock:bundleAndroidMainClassesToRuntimeJar', task ':feature:unlock:processAndroidMainJavaRes', task ':feature:vault:bundleAndroidMainClassesToRuntimeJar', task ':feature:vault:processAndroidMainJavaRes', task ':app-android:testDebugUnitTest']
Tasks that were excluded: []
PASSVAULT_ANDROID_HOST_GRAPH04={"format":"passvault-android-host-graph04-receipt-v1","runId":"linux-android-host-graph04","sourceManifestSha256":"5eed5ec803e336c3868d1fe4255f02535fda3672ed5455e7499d7b9ffc881aa6","subjectSha256":"ea3b535b99390d4850269bcc2089c8f6e26c1096cd17052ef361fae3ba5b3332","selector":[":app-android:testDebugUnitTest"],"methodFilter":"com.passvault.android.security.AndroidClipboardServiceTest.newSensitiveCopyDoesNotInheritAnUnavailablePendingClearOrPriorExpiry","graphOnly":true,"kind":"graph","taskCount":333,"tasks":[{"path":":app-android:preBuild","type":"org.gradle.api.DefaultTask_Decorated","enabled":true,"isTest":false,"isExec":false,"isJavaExec":false,"isArchive":false,"dependencies":[],"finalizers":[],"mustRunAfter":[],"shouldRunAfter":[]},{"path":":app-android:preDebugBuild","type":"com.android.build.gradle.internal.tasks.AndroidVariantTask_Decorated","enabled":true,"isTest":false,"isExec":false,"isJavaExec":false,"isArchive":false,"dependencies":[":app-android:preBuild"],"finalizers":[],"mustRunAfter":[],"shouldRunAfter":[]},{"path":":app-android:generateDebugBuildConfig","type":"com.android.build.gradle.tasks.GenerateBuildConfig_Decorated","enabled":true,"isTest":false,"isExec":false,"isJavaExec":false,"isArchive":false,"dependencies":[":app-android:preDebugBuild"],"finalizers":[],"mustRunAfter":[],"shouldRunAfter":[]},{"path":":app-android:generateDebugResources","type":"com.android.build.gradle.internal.tasks.ValidateResourcesTask_Decorated","enabled":true,"isTest":false,"isExec":false,"isJavaExec":false,"isArchive":false,"dependencies":[":app-android:preDebugBuild"],"finalizers":[],"mustRunAfter":[],"shouldRunAfter":[]},{"path":":app-android:packageDebugResources","type":"com.android.build.gradle.tasks.MergeResources_Decorated","enabled":true,"isTest":false,"isExec":false,"isJavaExec":false,"isArchive":false,"dependencies":[":app-android:generateDebugResources",":app-android:preDebugBuild"],"finalizers":[],"mustRunAfter":[],"shouldRunAfter":[]},{"path":":shared:androidPreBuild","type":"org.gradle.api.DefaultTask_Decorated","enabled":true,"isTest":false,"isExec":false,"isJavaExec":false,"isArchive":false,"dependencies":[],"finalizers":[],"mustRunAfter":[],"shouldRunAfter":[]},{"path":":shared:preAndroidMainBuild","type":"com.android.build.gradle.internal.tasks.AndroidVariantTask_Decorated","enabled":true,"isTest":false,"isExec":false,"isJavaExec":false,"isArchive":false,"dependencies":[":shared:androidPreBuild"],"finalizers":[],"mustRunAfter":[],"shouldRunAfter":[]},{"path":":shared:generateAndroidMainEmptyResourceFiles","type":"com.android.build.gradle.internal.res.GenerateEmptyResourceFilesTask_Decorated","enabled":true,"isTest":false,"isExec":false,"isJavaExec":false,"isArchive":false,"dependencies":[":shared:preAndroidMainBuild"],"finalizers":[],"mustRunAfter":[],"shouldRunAfter":[]},{"path":":core:crypto:androidPreBuild","type":"org.gradle.api.DefaultTask_Decorated","enabled":true,"isTest":false,"isExec":false,"isJavaExec":false,"isArchive":false,"dependencies":[],"finalizers":[],"mustRunAfter":[],"shouldRunAfter":[]},{"path":":core:crypto:preAndroidMainBuild","type":"com.android.build.gradle.internal.tasks.AndroidVariantTask_Decorated","enabled":true,"isTest":false,"isExec":false,"isJavaExec":false,"isArchive":false,"dependencies":[":core:crypto:androidPreBuild"],"finalizers":[],"mustRunAfter":[],"shouldRunAfter":[]},{"path":":core:crypto:generateAndroidMainEmptyResourceFiles","type":"com.android.build.gradle.internal.res.GenerateEmptyResourceFilesTask_Decorated","enabled":true,"isTest":false,"isExec":false,"isJavaExec":false,"isArchive":false,"dependencies":[":core:crypto:preAndroidMainBuild"],"finalizers":[],"mustRunAfter":[],"shouldRunAfter":[]},{"path":":core:database:androidPreBuild","type":"org.gradle.api.DefaultTask_Decorated","enabled":true,"isTest":false,"isExec":false,"isJavaExec":false,"isArchive":false,"dependencies":[],"finalizers":[],"mustRunAfter":[],"shouldRunAfter":[]},{"path":":core:database:preAndroidMainBuild","type":"com.android.build.gradle.internal.tasks.AndroidVariantTask_Decorated","enabled":true,"isTest":false,"isExec":false,"isJavaExec":false,"isArchive":false,"dependencies":[":core:database:androidPreBuild"],"finalizers":[],"mustRunAfter":[],"shouldRunAfter":[]},{"path":":core:database:generateAndroidMainEmptyResourceFiles","type":"com.android.build.gradle.internal.res.GenerateEmptyResourceFilesTask_Decorated","enabled":true,"isTest":false,"isExec":false,"isJavaExec":false,"isArchive":false,"dependencies":[":core:database:preAndroidMainBuild"],"finalizers":[],"mustRunAfter":[],"shouldRunAfter":[]},{"path":":core:designsystem:androidPreBuild","type":"org.gradle.api.DefaultTask_Decorated","enabled":true,"isTest":false,"isExec":false,"isJavaExec":false,"isArchive":false,"dependencies":[],"finalizers":[],"mustRunAfter":[],"shouldRunAfter":[]},{"path":":core:designsystem:preAndroidMainBuild","type":"com.android.build.gradle.internal.tasks.AndroidVariantTask_Decorated","enabled":true,"isTest":false,"isExec":false,"isJavaExec":false,"isArchive":false,"dependencies":[":core:designsystem:androidPreBuild"],"finalizers":[],"mustRunAfter":[],"shouldRunAfter":[]},{"path":":core:designsystem:generateAndroidMainEmptyResourceFiles","type":"com.android.build.gradle.internal.res.GenerateEmptyResourceFilesTask_Decorated","enabled":true,"isTest":false,"isExec":false,"isJavaExec":false,"isArchive":false,"dependencies":[":core:designsystem:preAndroidMainBuild"],"finalizers":[],"mustRunAfter":[],"shouldRunAfter":[]},{"path":":core:domain:androidPreBuild","type":"org.gradle.api.DefaultTask_Decorated","enabled":true,"isTest":false,"isExec":false,"isJavaExec":false,"isArchive":false,"dependencies":[],"finalizers":[],"mustRunAfter":[],"shouldRunAfter":[]},{"path":":core:domain:preAndroidMainBuild","type":"com.android.build.gradle.internal.tasks.AndroidVariantTask_Decorated","enabled":true,"isTest":false,"isExec":false,"isJavaExec":false,"isArchive":false,"dependencies":[":core:domain:androidPreBuild"],"finalizers":[],"mustRunAfter":[],"shouldRunAfter":[]},{"path":":core:domain:generateAndroidMainEmptyResourceFiles","type":"com.android.build.gradle.internal.res.GenerateEmptyResourceFilesTask_Decorated","enabled":true,"isTest":false,"isExec":false,"isJavaExec":false,"isArchive":false,"dependencies":[":core:domain:preAndroidMainBuild"],"finalizers":[],"mustRunAfter":[],"shouldRunAfter":[]},{"path":":core:navigation:androidPreBuild","type":"org.gradle.api.DefaultTask_Decorated","enabled":true,"isTest":false,"isExec":false,"isJavaExec":false,"isArchive":false,"dependencies":[],"finalizers":[],"mustRunAfter":[],"shouldRunAfter":[]},{"path":":core:navigation:preAndroidMainBuild","type":"com.android.build.gradle.internal.tasks.AndroidVariantTask_Decorated","enabled":true,"isTest":false,"isExec":false,"isJavaExec":false,"isArchive":false,"dependencies":[":core:navigation:androidPreBuild"],"finalizers":[],"mustRunAfter":[],"shouldRunAfter":[]},{"path":":core:navigation:generateAndroidMainEmptyResourceFiles","type":"com.android.build.gradle.internal.res.GenerateEmptyResourceFilesTask_Decorated","enabled":true,"isTest":false,"isExec":false,"isJavaExec":false,"isArchive":false,"dependencies":[":core:navigation:preAndroidMainBuild"],"finalizers":[],"mustRunAfter":[],"shouldRunAfter":[]},{"path":":core:otp:androidPreBuild","type":"org.gradle.api.DefaultTask_Decorated","enabled":true,"isTest":false,"isExec":false,"isJavaExec":false,"isArchive":false,"dependencies":[],"finalizers":[],"mustRunAfter":[],"shouldRunAfter":[]},{"path":":core:otp:preAndroidMainBuild","type":"com.android.build.gradle.internal.tasks.AndroidVariantTask_Decorated","enabled":true,"isTest":false,"isExec":false,"isJavaExec":false,"isArchive":false,"dependencies":[":core:otp:androidPreBuild"],"finalizers":[],"mustRunAfter":[],"shouldRunAfter":[]},{"path":":core:otp:generateAndroidMainEmptyResourceFiles","type":"com.android.build.gradle.internal.res.GenerateEmptyResourceFilesTask_Decorated","enabled":true,"isTest":false,"isExec":false,"isJavaExec":false,"isArchive":false,"dependencies":[":core:otp:preAndroidMainBuild"],"finalizers":[],"mustRunAfter":[],"shouldRunAfter":[]},{"path":":core:security:androidPreBuild","type":"org.gradle.api.DefaultTask_Decorated","enabled":true,"isTest":false,"isExec":false,"isJavaExec":false,"isArchive":false,"dependencies":[],"finalizers":[],"mustRunAfter":[],"shouldRunAfter":[]},{"path":":core:security:preAndroidMainBuild","type":"com.android.build.gradle.internal.tasks.AndroidVariantTask_Decorated","enabled":true,"isTest":false,"isExec":false,"isJavaExec":false,"isArchive":false,"dependencies":[":core:security:androidPreBuild"],"finalizers":[],"mustRunAfter":[],"shouldRunAfter":[]},{"path":":core:security:generateAndroidMainEmptyResourceFiles","type":"com.android.build.gradle.internal.res.GenerateEmptyResourceFilesTask_Decorated","enabled":true,"isTest":false,"isExec":false,"isJavaExec":false,"isArchive":false,"dependencies":[":core:security:preAndroidMainBuild"],"finalizers":[],"mustRunAfter":[],"shouldRunAfter":[]},{"path":":feature:backup:androidPreBuild","type":"org.gradle.api.DefaultTask_Decorated","enabled":true,"isTest":false,"isExec":false,"isJavaExec":false,"isArchive":false,"dependencies":[],"finalizers":[],"mustRunAfter":[],"shouldRunAfter":[]},{"path":":feature:backup:preAndroidMainBuild","type":"com.android.build.gradle.internal.tasks.AndroidVariantTask_Decorated","enabled":true,"isTest":false,"isExec":false,"isJavaExec":false,"isArchive":false,"dependencies":[":feature:backup:androidPreBuild"],"finalizers":[],"mustRunAfter":[],"shouldRunAfter":[]},{"path":":feature:backup:generateAndroidMainEmptyResourceFiles","type":"com.android.build.gradle.internal.res.GenerateEmptyResourceFilesTask_Decorated","enabled":true,"isTest":false,"isExec":false,"isJavaExec":false,"isArchive":false,"dependencies":[":feature:backup:preAndroidMainBuild"],"finalizers":[],"mustRunAfter":[],"shouldRunAfter":[]},{"path":":feature:credential:androidPreBuild","type":"org.gradle.api.DefaultTask_Decorated","enabled":true,"isTest":false,"isExec":false,"isJavaExec":false,"isArchive":false,"dependencies":[],"finalizers":[],"mustRunAfter":[],"shouldRunAfter":[]},{"path":":feature:credential:preAndroidMainBuild","type":"com.android.build.gradle.internal.tasks.AndroidVariantTask_Decorated","enabled":true,"isTest":false,"isExec":false,"isJavaExec":false,"isArchive":false,"dependencies":[":feature:credential:androidPreBuild"],"finalizers":[],"mustRunAfter":[],"shouldRunAfter":[]},{"path":":feature:credential:generateAndroidMainEmptyResourceFiles","type":"com.android.build.gradle.internal.res.GenerateEmptyResourceFilesTask_Decorated","enabled":true,"isTest":false,"isExec":false,"isJavaExec":false,"isArchive":false,"dependencies":[":feature:credential:preAndroidMainBuild"],"finalizers":[],"mustRunAfter":[],"shouldRunAfter":[]},{"path":":feature:generator:androidPreBuild","type":"org.gradle.api.DefaultTask_Decorated","enabled":true,"isTest":false,"isExec":false,"isJavaExec":false,"isArchive":false,"dependencies":[],"finalizers":[],"mustRunAfter":[],"shouldRunAfter":[]},{"path":":feature:generator:preAndroidMainBuild","type":"com.android.build.gradle.internal.tasks.AndroidVariantTask_Decorated","enabled":true,"isTest":false,"isExec":false,"isJavaExec":false,"isArchive":false,"dependencies":[":feature:generator:androidPreBuild"],"finalizers":[],"mustRunAfter":[],"shouldRunAfter":[]},{"path":":feature:generator:generateAndroidMainEmptyResourceFiles","type":"com.android.build.gradle.internal.res.GenerateEmptyResourceFilesTask_Decorated","enabled":true,"isTest":false,"isExec":false,"isJavaExec":false,"isArchive":false,"dependencies":[":feature:generator:preAndroidMainBuild"],"finalizers":[],"mustRunAfter":[],"shouldRunAfter":[]},{"path":":feature:health:androidPreBuild","type":"org.gradle.api.DefaultTask_Decorated","enabled":true,"isTest":false,"isExec":false,"isJavaExec":false,"isArchive":false,"dependencies":[],"finalizers":[],"mustRunAfter":[],"shouldRunAfter":[]},{"path":":feature:health:preAndroidMainBuild","type":"com.android.build.gradle.internal.tasks.AndroidVariantTask_Decorated","enabled":true,"isTest":false,"isExec":false,"isJavaExec":false,"isArchive":false,"dependencies":[":feature:health:androidPreBuild"],"finalizers":[],"mustRunAfter":[],"shouldRunAfter":[]},{"path":":feature:health:generateAndroidMainEmptyResourceFiles","type":"com.android.build.gradle.internal.res.GenerateEmptyResourceFilesTask_Decorated","enabled":true,"isTest":false,"isExec":false,"isJavaExec":false,"isArchive":false,"dependencies":[":feature:health:preAndroidMainBuild"],"finalizers":[],"mustRunAfter":[],"shouldRunAfter":[]},{"path":":feature:onboarding:androidPreBuild","type":"org.gradle.api.DefaultTask_Decorated","enabled":true,"isTest":false,"isExec":false,"isJavaExec":false,"isArchive":false,"dependencies":[],"finalizers":[],"mustRunAfter":[],"shouldRunAfter":[]},{"path":":feature:onboarding:preAndroidMainBuild","type":"com.android.build.gradle.internal.tasks.AndroidVariantTask_Decorated","enabled":true,"isTest":false,"isExec":false,"isJavaExec":false,"isArchive":false,"dependencies":[":feature:onboarding:androidPreBuild"],"finalizers":[],"mustRunAfter":[],"shouldRunAfter":[]},{"path":":feature:onboarding:generateAndroidMainEmptyResourceFiles","type":"com.android.build.gradle.internal.res.GenerateEmptyResourceFilesTask_Decorated","enabled":true,"isTest":false,"isExec":false,"isJavaExec":false,"isArchive":false,"dependencies":[":feature:onboarding:preAndroidMainBuild"],"finalizers":[],"mustRunAfter":[],"shouldRunAfter":[]},{"path":":feature:settings:androidPreBuild","type":"org.gradle.api.DefaultTask_Decorated","enabled":true,"isTest":false,"isExec":false,"isJavaExec":false,"isArchive":false,"dependencies":[],"finalizers":[],"mustRunAfter":[],"shouldRunAfter":[]},{"path":":feature:settings:preAndroidMainBuild","type":"com.android.build.gradle.internal.tasks.AndroidVariantTask_Decorated","enabled":true,"isTest":false,"isExec":false,"isJavaExec":false,"isArchive":false,"dependencies":[":feature:settings:androidPreBuild"],"finalizers":[],"mustRunAfter":[],"shouldRunAfter":[]},{"path":":feature:settings:generateAndroidMainEmptyResourceFiles","type":"com.android.build.gradle.internal.res.GenerateEmptyResourceFilesTask_Decorated","enabled":true,"isTest":false,"isExec":false,"isJavaExec":false,"isArchive":false,"dependencies":[":feature:settings:preAndroidMainBuild"],"finalizers":[],"mustRunAfter":[],"shouldRunAfter":[]},{"path":":feature:unlock:androidPreBuild","type":"org.gradle.api.DefaultTask_Decorated","enabled":true,"isTest":false,"isExec":false,"isJavaExec":false,"isArchive":false,"dependencies":[],"finalizers":[],"mustRunAfter":[],"shouldRunAfter":[]},{"path":":feature:unlock:preAndroidMainBuild","type":"com.android.build.gradle.internal.tasks.AndroidVariantTask_Decorated","enabled":true,"isTest":false,"isExec":false,"isJavaExec":false,"isArchive":false,"dependencies":[":feature:unlock:androidPreBuild"],"finalizers":[],"mustRunAfter":[],"shouldRunAfter":[]},{"path":":feature:unlock:generateAndroidMainEmptyResourceFiles","type":"com.android.build.gradle.internal.res.GenerateEmptyResourceFilesTask_Decorated","enabled":true,"isTest":false,"isExec":false,"isJavaExec":false,"isArchive":false,"dependencies":[":feature:unlock:preAndroidMainBuild"],"finalizers":[],"mustRunAfter":[],"shouldRunAfter":[]},{"path":":feature:vault:androidPreBuild","type":"org.gradle.api.DefaultTask_Decorated","enabled":true,"isTest":false,"isExec":false,"isJavaExec":false,"isArchive":false,"dependencies":[],"finalizers":[],"mustRunAfter":[],"shouldRunAfter":[]},{"path":":feature:vault:preAndroidMainBuild","type":"com.android.build.gradle.internal.tasks.AndroidVariantTask_Decorated","enabled":true,"isTest":false,"isExec":false,"isJavaExec":false,"isArchive":false,"dependencies":[":feature:vault:androidPreBuild"],"finalizers":[],"mustRunAfter":[],"shouldRunAfter":[]},{"path":":feature:vault:generateAndroidMainEmptyResourceFiles","type":"com.android.build.gradle.internal.res.GenerateEmptyResourceFilesTask_Decorated","enabled":true,"isTest":false,"isExec":false,"isJavaExec":false,"isArchive":false,"dependencies":[":feature:vault:preAndroidMainBuild"],"finalizers":[],"mustRunAfter":[],"shouldRunAfter":[]},{"path":":app-android:processDebugNavigationResources","type":"com.android.build.gradle.internal.tasks.ProcessNavigationXmlTask_Decorated","enabled":true,"isTest":false,"isExec":false,"isJavaExec":false,"isArchive":false,"dependencies":[":app-android:preDebugBuild",":core:crypto:generateAndroidMainEmptyResourceFiles",":core:database:generateAndroidMainEmptyResourceFiles",":core:designsystem:generateAndroidMainEmptyResourceFiles",":core:domain:generateAndroidMainEmptyResourceFiles",":core:navigation:generateAndroidMainEmptyResourceFiles",":core:otp:generateAndroidMainEmptyResourceFiles",":core:security:generateAndroidMainEmptyResourceFiles",":feature:backup:generateAndroidMainEmptyResourceFiles",":feature:credential:generateAndroidMainEmptyResourceFiles",":feature:generator:generateAndroidMainEmptyResourceFiles",":feature:health:generateAndroidMainEmptyResourceFiles",":feature:onboarding:generateAndroidMainEmptyResourceFiles",":feature:settings:generateAndroidMainEmptyResourceFiles",":feature:unlock:generateAndroidMainEmptyResourceFiles",":feature:vault:generateAndroidMainEmptyResourceFiles",":shared:generateAndroidMainEmptyResourceFiles"],"finalizers":[],"mustRunAfter":[],"shouldRunAfter":[]},{"path":":app-android:parseDebugLocalResources","type":"com.android.build.gradle.internal.res.ParseLibraryResourcesTask_Decorated","enabled":true,"isTest":false,"isExec":false,"isJavaExec":false,"isArchive":false,"dependencies":[":app-android:packageDebugResources",":app-android:preDebugBuild",":app-android:processDebugNavigationResources"],"finalizers":[],"mustRunAfter":[],"shouldRunAfter":[]},{"path":":app-android:generateDebugRFile","type":"com.android.build.gradle.internal.res.GenerateLibraryRFileTask_Decorated","enabled":true,"isTest":false,"isExec":false,"isJavaExec":false,"isArchive":false,"dependencies":[":app-android:parseDebugLocalResources",":app-android:preDebugBuild"],"finalizers":[],"mustRunAfter":[],"shouldRunAfter":[]},{"path":":shared:kmpPartiallyResolvedDependenciesChecker","type":"org.jetbrains.kotlin.gradle.plugin.diagnostics.checkers.KmpPartiallyResolvedDependenciesCheckerProjectsEvaluated_Decorated","enabled":true,"isTest":false,"isExec":false,"isJavaExec":false,"isArchive":false,"dependencies":[],"finalizers":[],"mustRunAfter":[],"shouldRunAfter":[]},{"path":":shared:checkKotlinGradlePluginConfigurationErrors","type":"org.jetbrains.kotlin.gradle.plugin.diagnostics.CheckKotlinGradlePluginConfigurationErrors_Decorated","enabled":true,"isTest":false,"isExec":false,"isJavaExec":false,"isArchive":false,"dependencies":[":shared:kmpPartiallyResolvedDependenciesChecker"],"finalizers":[],"mustRunAfter":[],"shouldRunAfter":[]},{"path":":shared:convertXmlValueResourcesForAndroidMain","type":"org.jetbrains.compose.resources.XmlValuesConverterTask_Decorated","enabled":true,"isTest":false,"isExec":false,"isJavaExec":false,"isArchive":false,"dependencies":[],"finalizers":[],"mustRunAfter":[],"shouldRunAfter":[]},{"path":":shared:copyNonXmlValueResourcesForAndroidMain","type":"org.jetbrains.compose.resources.CopyNonXmlValueResourcesTask_Decorated","enabled":true,"isTest":false,"isExec":false,"isJavaExec":false,"isArchive":false,"dependencies":[],"finalizers":[],"mustRunAfter":[],"shouldRunAfter":[]},{"path":":shared:prepareComposeResourcesTaskForAndroidMain","type":"org.jetbrains.compose.resources.PrepareComposeResourcesTask_Decorated","enabled":true,"isTest":false,"isExec":false,"isJavaExec":false,"isArchive":false,"dependencies":[":shared:convertXmlValueResourcesForAndroidMain",":shared:copyNonXmlValueResourcesForAndroidMain"],"finalizers":[],"mustRunAfter":[],"shouldRunAfter":[]},{"path":":shared:generateResourceAccessorsForAndroidMain","type":"org.jetbrains.compose.resources.GenerateResourceAccessorsTask_Decorated","enabled":true,"isTest":false,"isExec":false,"isJavaExec":false,"isArchive":false,"dependencies":[":shared:prepareComposeResourcesTaskForAndroidMain"],"finalizers":[],"mustRunAfter":[],"shouldRunAfter":[]},{"path":":shared:convertXmlValueResourcesForCommonMain","type":"org.jetbrains.compose.resources.XmlValuesConverterTask_Decorated","enabled":true,"isTest":false,"isExec":false,"isJavaExec":false,"isArchive":false,"dependencies":[],"finalizers":[],"mustRunAfter":[],"shouldRunAfter":[]},{"path":":shared:copyNonXmlValueResourcesForCommonMain","type":"org.jetbrains.compose.resources.CopyNonXmlValueResourcesTask_Decorated","enabled":true,"isTest":false,"isExec":false,"isJavaExec":false,"isArchive":false,"dependencies":[],"finalizers":[],"mustRunAfter":[],"shouldRunAfter":[]},{"path":":shared:prepareComposeResourcesTaskForCommonMain","type":"org.jetbrains.compose.resources.PrepareComposeResourcesTask_Decorated","enabled":true,"isTest":false,"isExec":false,"isJavaExec":false,"isArchive":false,"dependencies":[":shared:convertXmlValueResourcesForCommonMain",":shared:copyNonXmlValueResourcesForCommonMain"],"finalizers":[],"mustRunAfter":[],"shouldRunAfter":[]},{"path":":shared:generateResourceAccessorsForCommonMain","type":"org.jetbrains.compose.resources.GenerateResourceAccessorsTask_Decorated","enabled":true,"isTest":false,"isExec":false,"isJavaExec":false,"isArchive":false,"dependencies":[":shared:prepareComposeResourcesTaskForCommonMain"],"finalizers":[],"mustRunAfter":[],"shouldRunAfter":[]},{"path":":shared:generateActualResourceCollectorsForAndroidMain","type":"org.jetbrains.compose.resources.GenerateActualResourceCollectorsTask_Decorated","enabled":true,"isTest":false,"isExec":false,"isJavaExec":false,"isArchive":false,"dependencies":[":shared:generateResourceAccessorsForAndroidMain",":shared:generateResourceAccessorsForCommonMain"],"finalizers":[],"mustRunAfter":[],"shouldRunAfter":[]},{"path":":shared:generateComposeResClass","type":"org.jetbrains.compose.resources.GenerateResClassTask_Decorated","enabled":true,"isTest":false,"isExec":false,"isJavaExec":false,"isArchive":false,"dependencies":[],"finalizers":[],"mustRunAfter":[],"shouldRunAfter":[]},{"path":":shared:generateExpectResourceCollectorsForCommonMain","type":"org.jetbrains.compose.resources.GenerateExpectResourceCollectorsTask_Decorated","enabled":true,"isTest":false,"isExec":false,"isJavaExec":false,"isArchive":false,"dependencies":[],"finalizers":[],"mustRunAfter":[],"shouldRunAfter":[]},{"path":":core:crypto:kmpPartiallyResolvedDependenciesChecker","type":"org.jetbrains.kotlin.gradle.plugin.diagnostics.checkers.KmpPartiallyResolvedDependenciesCheckerProjectsEvaluated_Decorated","enabled":true,"isTest":false,"isExec":false,"isJavaExec":false,"isArchive":false,"dependencies":[],"finalizers":[],"mustRunAfter":[],"shouldRunAfter":[]},{"path":":core:crypto:checkKotlinGradlePluginConfigurationErrors","type":"org.jetbrains.kotlin.gradle.plugin.diagnostics.CheckKotlinGradlePluginConfigurationErrors_Decorated","enabled":true,"isTest":false,"isExec":false,"isJavaExec":false,"isArchive":false,"dependencies":[":core:crypto:kmpPartiallyResolvedDependenciesChecker"],"finalizers":[],"mustRunAfter":[],"shouldRunAfter":[]},{"path":":core:crypto:compileAndroidMain","type":"org.jetbrains.kotlin.gradle.tasks.KotlinCompile_Decorated","enabled":true,"isTest":false,"isExec":false,"isJavaExec":false,"isArchive":false,"dependencies":[":core:crypto:checkKotlinGradlePluginConfigurationErrors",":core:crypto:kmpPartiallyResolvedDependenciesChecker"],"finalizers":[],"mustRunAfter":[],"shouldRunAfter":[]},{"path":":core:crypto:bundleAndroidMainClassesToCompileJar","type":"com.android.build.gradle.internal.tasks.BundleLibraryClassesJar_Decorated","enabled":true,"isTest":false,"isExec":false,"isJavaExec":false,"isArchive":false,"dependencies":[":core:crypto:compileAndroidMain",":core:crypto:preAndroidMainBuild"],"finalizers":[],"mustRunAfter":[],"shouldRunAfter":[]},{"path":":core:database:kmpPartiallyResolvedDependenciesChecker","type":"org.jetbrains.kotlin.gradle.plugin.diagnostics.checkers.KmpPartiallyResolvedDependenciesCheckerProjectsEvaluated_Decorated","enabled":true,"isTest":false,"isExec":false,"isJavaExec":false,"isArchive":false,"dependencies":[],"finalizers":[],"mustRunAfter":[],"shouldRunAfter":[]},{"path":":core:database:checkKotlinGradlePluginConfigurationErrors","type":"org.jetbrains.kotlin.gradle.plugin.diagnostics.CheckKotlinGradlePluginConfigurationErrors_Decorated","enabled":true,"isTest":false,"isExec":false,"isJavaExec":false,"isArchive":false,"dependencies":[":core:database:kmpPartiallyResolvedDependenciesChecker"],"finalizers":[],"mustRunAfter":[],"shouldRunAfter":[]},{"path":":core:domain:kmpPartiallyResolvedDependenciesChecker","type":"org.jetbrains.kotlin.gradle.plugin.diagnostics.checkers.KmpPartiallyResolvedDependenciesCheckerProjectsEvaluated_Decorated","enabled":true,"isTest":false,"isExec":false,"isJavaExec":false,"isArchive":false,"dependencies":[],"finalizers":[],"mustRunAfter":[],"shouldRunAfter":[]},{"path":":core:domain:checkKotlinGradlePluginConfigurationErrors","type":"org.jetbrains.kotlin.gradle.plugin.diagnostics.CheckKotlinGradlePluginConfigurationErrors_Decorated","enabled":true,"isTest":false,"isExec":false,"isJavaExec":false,"isArchive":false,"dependencies":[":core:domain:kmpPartiallyResolvedDependenciesChecker"],"finalizers":[],"mustRunAfter":[],"shouldRunAfter":[]},{"path":":core:domain:compileAndroidMain","type":"org.jetbrains.kotlin.gradle.tasks.KotlinCompile_Decorated","enabled":true,"isTest":false,"isExec":false,"isJavaExec":false,"isArchive":false,"dependencies":[":core:domain:checkKotlinGradlePluginConfigurationErrors",":core:domain:kmpPartiallyResolvedDependenciesChecker"],"finalizers":[],"mustRunAfter":[],"shouldRunAfter":[]},{"path":":core:domain:bundleAndroidMainClassesToCompileJar","type":"com.android.build.gradle.internal.tasks.BundleLibraryClassesJar_Decorated","enabled":true,"isTest":false,"isExec":false,"isJavaExec":false,"isArchive":false,"dependencies":[":core:domain:compileAndroidMain",":core:domain:preAndroidMainBuild"],"finalizers":[],"mustRunAfter":[],"shouldRunAfter":[]},{"path":":core:security:kmpPartiallyResolvedDependenciesChecker","type":"org.jetbrains.kotlin.gradle.plugin.diagnostics.checkers.KmpPartiallyResolvedDependenciesCheckerProjectsEvaluated_Decorated","enabled":true,"isTest":false,"isExec":false,"isJavaExec":false,"isArchive":false,"dependencies":[],"finalizers":[],"mustRunAfter":[],"shouldRunAfter":[]},{"path":":core:security:checkKotlinGradlePluginConfigurationErrors","type":"org.jetbrains.kotlin.gradle.plugin.diagnostics.CheckKotlinGradlePluginConfigurationErrors_Decorated","enabled":true,"isTest":false,"isExec":false,"isJavaExec":false,"isArchive":false,"dependencies":[":core:security:kmpPartiallyResolvedDependenciesChecker"],"finalizers":[],"mustRunAfter":[],"shouldRunAfter":[]},{"path":":core:security:compileAndroidMain","type":"org.jetbrains.kotlin.gradle.tasks.KotlinCompile_Decorated","enabled":true,"isTest":false,"isExec":false,"isJavaExec":false,"isArchive":false,"dependencies":[":core:security:checkKotlinGradlePluginConfigurationErrors",":core:security:kmpPartiallyResolvedDependenciesChecker"],"finalizers":[],"mustRunAfter":[],"shouldRunAfter":[]},{"path":":core:security:bundleAndroidMainClassesToCompileJar","type":"com.android.build.gradle.internal.tasks.BundleLibraryClassesJar_Decorated","enabled":true,"isTest":false,"isExec":false,"isJavaExec":false,"isArchive":false,"dependencies":[":core:security:compileAndroidMain",":core:security:preAndroidMainBuild"],"finalizers":[],"mustRunAfter":[],"shouldRunAfter":[]},{"path":":core:database:kspAndroidMain","type":"com.google.devtools.ksp.gradle.KspAATask_Decorated","enabled":true,"isTest":false,"isExec":false,"isJavaExec":false,"isArchive":false,"dependencies":[":core:crypto:bundleAndroidMainClassesToCompileJar",":core:domain:bundleAndroidMainClassesToCompileJar",":core:security:bundleAndroidMainClassesToCompileJar"],"finalizers":[":core:database:copyRoomSchemas"],"mustRunAfter":[],"shouldRunAfter":[]},{"path":":core:database:copyRoomSchemas","type":"androidx.room.gradle.RoomSchemaCopyTask_Decorated","enabled":true,"isTest":false,"isExec":false,"isJavaExec":false,"isArchive":false,"dependencies":[],"finalizers":[],"mustRunAfter":[],"shouldRunAfter":[]},{"path":":core:database:compileAndroidMain","type":"org.jetbrains.kotlin.gradle.tasks.KotlinCompile_Decorated","enabled":true,"isTest":false,"isExec":false,"isJavaExec":false,"isArchive":false,"dependencies":[":core:crypto:bundleAndroidMainClassesToCompileJar",":core:database:checkKotlinGradlePluginConfigurationErrors",":core:database:kmpPartiallyResolvedDependenciesChecker",":core:database:kspAndroidMain",":core:domain:bundleAndroidMainClassesToCompileJar",":core:security:bundleAndroidMainClassesToCompileJar"],"finalizers":[],"mustRunAfter":[],"shouldRunAfter":[]},{"path":":core:database:bundleAndroidMainClassesToCompileJar","type":"com.android.build.gradle.internal.tasks.BundleLibraryClassesJar_Decorated","enabled":true,"isTest":false,"isExec":false,"isJavaExec":false,"isArchive":false,"dependencies":[":core:database:compileAndroidMain",":core:database:preAndroidMainBuild"],"finalizers":[],"mustRunAfter":[],"shouldRunAfter":[]},{"path":":core:designsystem:kmpPartiallyResolvedDependenciesChecker","type":"org.jetbrains.kotlin.gradle.plugin.diagnostics.checkers.KmpPartiallyResolvedDependenciesCheckerProjectsEvaluated_Decorated","enabled":true,"isTest":false,"isExec":false,"isJavaExec":false,"isArchive":false,"dependencies":[],"finalizers":[],"mustRunAfter":[],"shouldRunAfter":[]},{"path":":core:designsystem:checkKotlinGradlePluginConfigurationErrors","type":"org.jetbrains.kotlin.gradle.plugin.diagnostics.CheckKotlinGradlePluginConfigurationErrors_Decorated","enabled":true,"isTest":false,"isExec":false,"isJavaExec":false,"isArchive":false,"dependencies":[":core:designsystem:kmpPartiallyResolvedDependenciesChecker"],"finalizers":[],"mustRunAfter":[],"shouldRunAfter":[]},{"path":":core:designsystem:convertXmlValueResourcesForAndroidMain","type":"org.jetbrains.compose.resources.XmlValuesConverterTask_Decorated","enabled":true,"isTest":false,"isExec":false,"isJavaExec":false,"isArchive":false,"dependencies":[],"finalizers":[],"mustRunAfter":[],"shouldRunAfter":[]},{"path":":core:designsystem:copyNonXmlValueResourcesForAndroidMain","type":"org.jetbrains.compose.resources.CopyNonXmlValueResourcesTask_Decorated","enabled":true,"isTest":false,"isExec":false,"isJavaExec":false,"isArchive":false,"dependencies":[],"finalizers":[],"mustRunAfter":[],"shouldRunAfter":[]},{"path":":core:designsystem:prepareComposeResourcesTaskForAndroidMain","type":"org.jetbrains.compose.resources.PrepareComposeResourcesTask_Decorated","enabled":true,"isTest":false,"isExec":false,"isJavaExec":false,"isArchive":false,"dependencies":[":core:designsystem:convertXmlValueResourcesForAndroidMain",":core:designsystem:copyNonXmlValueResourcesForAndroidMain"],"finalizers":[],"mustRunAfter":[],"shouldRunAfter":[]},{"path":":core:designsystem:generateResourceAccessorsForAndroidMain","type":"org.jetbrains.compose.resources.GenerateResourceAccessorsTask_Decorated","enabled":true,"isTest":false,"isExec":false,"isJavaExec":false,"isArchive":false,"dependencies":[":core:designsystem:prepareComposeResourcesTaskForAndroidMain"],"finalizers":[],"mustRunAfter":[],"shouldRunAfter":[]},{"path":":core:designsystem:convertXmlValueResourcesForCommonMain","type":"org.jetbrains.compose.resources.XmlValuesConverterTask_Decorated","enabled":true,"isTest":false,"isExec":false,"isJavaExec":false,"isArchive":false,"dependencies":[],"finalizers":[],"mustRunAfter":[],"shouldRunAfter":[]},{"path":":core:designsystem:copyNonXmlValueResourcesForCommonMain","type":"org.jetbrains.compose.resources.CopyNonXmlValueResourcesTask_Decorated","enabled":true,"isTest":false,"isExec":false,"isJavaExec":false,"isArchive":false,"dependencies":[],"finalizers":[],"mustRunAfter":[],"shouldRunAfter":[]},{"path":":core:designsystem:prepareComposeResourcesTaskForCommonMain","type":"org.jetbrains.compose.resources.PrepareComposeResourcesTask_Decorated","enabled":true,"isTest":false,"isExec":false,"isJavaExec":false,"isArchive":false,"dependencies":[":core:designsystem:convertXmlValueResourcesForCommonMain",":core:designsystem:copyNonXmlValueResourcesForCommonMain"],"finalizers":[],"mustRunAfter":[],"shouldRunAfter":[]},{"path":":core:designsystem:generateResourceAccessorsForCommonMain","type":"org.jetbrains.compose.resources.GenerateResourceAccessorsTask_Decorated","enabled":true,"isTest":false,"isExec":false,"isJavaExec":false,"isArchive":false,"dependencies":[":core:designsystem:prepareComposeResourcesTaskForCommonMain"],"finalizers":[],"mustRunAfter":[],"shouldRunAfter":[]},{"path":":core:designsystem:generateActualResourceCollectorsForAndroidMain","type":"org.jetbrains.compose.resources.GenerateActualResourceCollectorsTask_Decorated","enabled":true,"isTest":false,"isExec":false,"isJavaExec":false,"isArchive":false,"dependencies":[":core:designsystem:generateResourceAccessorsForAndroidMain",":core:designsystem:generateResourceAccessorsForCommonMain"],"finalizers":[],"mustRunAfter":[],"shouldRunAfter":[]},{"path":":core:designsystem:copyAndroidMainComposeResourcesToAndroidAssets","type":"org.jetbrains.compose.resources.CopyResourcesToAndroidAssetsTask_Decorated","enabled":true,"isTest":false,"isExec":false,"isJavaExec":false,"isArchive":false,"dependencies":[":core:designsystem:prepareComposeResourcesTaskForAndroidMain",":core:designsystem:prepareComposeResourcesTaskForCommonMain"],"finalizers":[],"mustRunAfter":[],"shouldRunAfter":[]},{"path":":core:designsystem:packageAndroidMainResources","type":"com.android.build.gradle.tasks.MergeResources_Decorated","enabled":true,"isTest":false,"isExec":false,"isJavaExec":false,"isArchive":false,"dependencies":[":core:designsystem:copyAndroidMainComposeResourcesToAndroidAssets",":core:designsystem:preAndroidMainBuild"],"finalizers":[],"mustRunAfter":[],"shouldRunAfter":[]},{"path":":core:designsystem:parseAndroidMainLocalResources","type":"com.android.build.gradle.internal.res.ParseLibraryResourcesTask_Decorated","enabled":true,"isTest":false,"isExec":false,"isJavaExec":false,"isArchive":false,"dependencies":[":core:designsystem:generateAndroidMainEmptyResourceFiles",":core:designsystem:packageAndroidMainResources",":core:designsystem:preAndroidMainBuild"],"finalizers":[],"mustRunAfter":[],"shouldRunAfter":[]},{"path":":core:designsystem:generateAndroidMainRFile","type":"com.android.build.gradle.internal.res.GenerateLibraryRFileTask_Decorated","enabled":true,"isTest":false,"isExec":false,"isJavaExec":false,"isArchive":false,"dependencies":[":core:designsystem:parseAndroidMainLocalResources",":core:designsystem:preAndroidMainBuild"],"finalizers":[],"mustRunAfter":[],"shouldRunAfter":[]},{"path":":core:designsystem:generateComposeResClass","type":"org.jetbrains.compose.resources.GenerateResClassTask_Decorated","enabled":true,"isTest":false,"isExec":false,"isJavaExec":false,"isArchive":false,"dependencies":[],"finalizers":[],"mustRunAfter":[],"shouldRunAfter":[]},{"path":":core:designsystem:generateExpectResourceCollectorsForCommonMain","type":"org.jetbrains.compose.resources.GenerateExpectResourceCollectorsTask_Decorated","enabled":true,"isTest":false,"isExec":false,"isJavaExec":false,"isArchive":false,"dependencies":[],"finalizers":[],"mustRunAfter":[],"shouldRunAfter":[]},{"path":":core:designsystem:compileAndroidMain","type":"org.jetbrains.kotlin.gradle.tasks.KotlinCompile_Decorated","enabled":true,"isTest":false,"isExec":false,"isJavaExec":false,"isArchive":false,"dependencies":[":core:designsystem:checkKotlinGradlePluginConfigurationErrors",":core:designsystem:generateActualResourceCollectorsForAndroidMain",":core:designsystem:generateAndroidMainRFile",":core:designsystem:generateComposeResClass",":core:designsystem:generateExpectResourceCollectorsForCommonMain",":core:designsystem:generateResourceAccessorsForAndroidMain",":core:designsystem:generateResourceAccessorsForCommonMain",":core:designsystem:kmpPartiallyResolvedDependenciesChecker",":core:designsystem:packageAndroidMainResources"],"finalizers":[],"mustRunAfter":[],"shouldRunAfter":[]},{"path":":core:designsystem:bundleAndroidMainClassesToCompileJar","type":"com.android.build.gradle.internal.tasks.BundleLibraryClassesJar_Decorated","enabled":true,"isTest":false,"isExec":false,"isJavaExec":false,"isArchive":false,"dependencies":[":core:designsystem:compileAndroidMain",":core:designsystem:generateAndroidMainRFile",":core:designsystem:preAndroidMainBuild"],"finalizers":[],"mustRunAfter":[],"shouldRunAfter":[]},{"path":":core:navigation:kmpPartiallyResolvedDependenciesChecker","type":"org.jetbrains.kotlin.gradle.plugin.diagnostics.checkers.KmpPartiallyResolvedDependenciesCheckerProjectsEvaluated_Decorated","enabled":true,"isTest":false,"isExec":false,"isJavaExec":false,"isArchive":false,"dependencies":[],"finalizers":[],"mustRunAfter":[],"shouldRunAfter":[]},{"path":":core:navigation:checkKotlinGradlePluginConfigurationErrors","type":"org.jetbrains.kotlin.gradle.plugin.diagnostics.CheckKotlinGradlePluginConfigurationErrors_Decorated","enabled":true,"isTest":false,"isExec":false,"isJavaExec":false,"isArchive":false,"dependencies":[":core:navigation:kmpPartiallyResolvedDependenciesChecker"],"finalizers":[],"mustRunAfter":[],"shouldRunAfter":[]},{"path":":core:navigation:compileAndroidMain","type":"org.jetbrains.kotlin.gradle.tasks.KotlinCompile_Decorated","enabled":true,"isTest":false,"isExec":false,"isJavaExec":false,"isArchive":false,"dependencies":[":core:navigation:checkKotlinGradlePluginConfigurationErrors",":core:navigation:kmpPartiallyResolvedDependenciesChecker"],"finalizers":[],"mustRunAfter":[],"shouldRunAfter":[]},{"path":":core:navigation:bundleAndroidMainClassesToCompileJar","type":"com.android.build.gradle.internal.tasks.BundleLibraryClassesJar_Decorated","enabled":true,"isTest":false,"isExec":false,"isJavaExec":false,"isArchive":false,"dependencies":[":core:navigation:compileAndroidMain",":core:navigation:preAndroidMainBuild"],"finalizers":[],"mustRunAfter":[],"shouldRunAfter":[]},{"path":":core:otp:kmpPartiallyResolvedDependenciesChecker","type":"org.jetbrains.kotlin.gradle.plugin.diagnostics.checkers.KmpPartiallyResolvedDependenciesCheckerProjectsEvaluated_Decorated","enabled":true,"isTest":false,"isExec":false,"isJavaExec":false,"isArchive":false,"dependencies":[],"finalizers":[],"mustRunAfter":[],"shouldRunAfter":[]},{"path":":core:otp:checkKotlinGradlePluginConfigurationErrors","type":"org.jetbrains.kotlin.gradle.plugin.diagnostics.CheckKotlinGradlePluginConfigurationErrors_Decorated","enabled":true,"isTest":false,"isExec":false,"isJavaExec":false,"isArchive":false,"dependencies":[":core:otp:kmpPartiallyResolvedDependenciesChecker"],"finalizers":[],"mustRunAfter":[],"shouldRunAfter":[]},{"path":":core:otp:compileAndroidMain","type":"org.jetbrains.kotlin.gradle.tasks.KotlinCompile_Decorated","enabled":true,"isTest":false,"isExec":false,"isJavaExec":false,"isArchive":false,"dependencies":[":core:domain:bundleAndroidMainClassesToCompileJar",":core:otp:checkKotlinGradlePluginConfigurationErrors",":core:otp:kmpPartiallyResolvedDependenciesChecker"],"finalizers":[],"mustRunAfter":[],"shouldRunAfter":[]},{"path":":core:otp:bundleAndroidMainClassesToCompileJar","type":"com.android.build.gradle.internal.tasks.BundleLibraryClassesJar_Decorated","enabled":true,"isTest":false,"isExec":false,"isJavaExec":false,"isArchive":false,"dependencies":[":core:otp:compileAndroidMain",":core:otp:preAndroidMainBuild"],"finalizers":[],"mustRunAfter":[],"shouldRunAfter":[]},{"path":":feature:backup:kmpPartiallyResolvedDependenciesChecker","type":"org.jetbrains.kotlin.gradle.plugin.diagnostics.checkers.KmpPartiallyResolvedDependenciesCheckerProjectsEvaluated_Decorated","enabled":true,"isTest":false,"isExec":false,"isJavaExec":false,"isArchive":false,"dependencies":[],"finalizers":[],"mustRunAfter":[],"shouldRunAfter":[]},{"path":":feature:backup:checkKotlinGradlePluginConfigurationErrors","type":"org.jetbrains.kotlin.gradle.plugin.diagnostics.CheckKotlinGradlePluginConfigurationErrors_Decorated","enabled":true,"isTest":false,"isExec":false,"isJavaExec":false,"isArchive":false,"dependencies":[":feature:backup:kmpPartiallyResolvedDependenciesChecker"],"finalizers":[],"mustRunAfter":[],"shouldRunAfter":[]},{"path":":feature:backup:convertXmlValueResourcesForAndroidMain","type":"org.jetbrains.compose.resources.XmlValuesConverterTask_Decorated","enabled":true,"isTest":false,"isExec":false,"isJavaExec":false,"isArchive":false,"dependencies":[],"finalizers":[],"mustRunAfter":[],"shouldRunAfter":[]},{"path":":feature:backup:copyNonXmlValueResourcesForAndroidMain","type":"org.jetbrains.compose.resources.CopyNonXmlValueResourcesTask_Decorated","enabled":true,"isTest":false,"isExec":false,"isJavaExec":false,"isArchive":false,"dependencies":[],"finalizers":[],"mustRunAfter":[],"shouldRunAfter":[]},{"path":":feature:backup:prepareComposeResourcesTaskForAndroidMain","type":"org.jetbrains.compose.resources.PrepareComposeResourcesTask_Decorated","enabled":true,"isTest":false,"isExec":false,"isJavaExec":false,"isArchive":false,"dependencies":[":feature:backup:convertXmlValueResourcesForAndroidMain",":feature:backup:copyNonXmlValueResourcesForAndroidMain"],"finalizers":[],"mustRunAfter":[],"shouldRunAfter":[]},{"path":":feature:backup:generateResourceAccessorsForAndroidMain","type":"org.jetbrains.compose.resources.GenerateResourceAccessorsTask_Decorated","enabled":true,"isTest":false,"isExec":false,"isJavaExec":false,"isArchive":false,"dependencies":[":feature:backup:prepareComposeResourcesTaskForAndroidMain"],"finalizers":[],"mustRunAfter":[],"shouldRunAfter":[]},{"path":":feature:backup:convertXmlValueResourcesForCommonMain","type":"org.jetbrains.compose.resources.XmlValuesConverterTask_Decorated","enabled":true,"isTest":false,"isExec":false,"isJavaExec":false,"isArchive":false,"dependencies":[],"finalizers":[],"mustRunAfter":[],"shouldRunAfter":[]},{"path":":feature:backup:copyNonXmlValueResourcesForCommonMain","type":"org.jetbrains.compose.resources.CopyNonXmlValueResourcesTask_Decorated","enabled":true,"isTest":false,"isExec":false,"isJavaExec":false,"isArchive":false,"dependencies":[],"finalizers":[],"mustRunAfter":[],"shouldRunAfter":[]},{"path":":feature:backup:prepareComposeResourcesTaskForCommonMain","type":"org.jetbrains.compose.resources.PrepareComposeResourcesTask_Decorated","enabled":true,"isTest":false,"isExec":false,"isJavaExec":false,"isArchive":false,"dependencies":[":feature:backup:convertXmlValueResourcesForCommonMain",":feature:backup:copyNonXmlValueResourcesForCommonMain"],"finalizers":[],"mustRunAfter":[],"shouldRunAfter":[]},{"path":":feature:backup:generateResourceAccessorsForCommonMain","type":"org.jetbrains.compose.resources.GenerateResourceAccessorsTask_Decorated","enabled":true,"isTest":false,"isExec":false,"isJavaExec":false,"isArchive":false,"dependencies":[":feature:backup:prepareComposeResourcesTaskForCommonMain"],"finalizers":[],"mustRunAfter":[],"shouldRunAfter":[]},{"path":":feature:backup:generateActualResourceCollectorsForAndroidMain","type":"org.jetbrains.compose.resources.GenerateActualResourceCollectorsTask_Decorated","enabled":true,"isTest":false,"isExec":false,"isJavaExec":false,"isArchive":false,"dependencies":[":feature:backup:generateResourceAccessorsForAndroidMain",":feature:backup:generateResourceAccessorsForCommonMain"],"finalizers":[],"mustRunAfter":[],"shouldRunAfter":[]},{"path":":feature:backup:generateComposeResClass","type":"org.jetbrains.compose.resources.GenerateResClassTask_Decorated","enabled":true,"isTest":false,"isExec":false,"isJavaExec":false,"isArchive":false,"dependencies":[],"finalizers":[],"mustRunAfter":[],"shouldRunAfter":[]},{"path":":feature:backup:generateExpectResourceCollectorsForCommonMain","type":"org.jetbrains.compose.resources.GenerateExpectResourceCollectorsTask_Decorated","enabled":true,"isTest":false,"isExec":false,"isJavaExec":false,"isArchive":false,"dependencies":[],"finalizers":[],"mustRunAfter":[],"shouldRunAfter":[]},{"path":":feature:backup:compileAndroidMain","type":"org.jetbrains.kotlin.gradle.tasks.KotlinCompile_Decorated","enabled":true,"isTest":false,"isExec":false,"isJavaExec":false,"isArchive":false,"dependencies":[":core:database:bundleAndroidMainClassesToCompileJar",":core:designsystem:bundleAndroidMainClassesToCompileJar",":core:domain:bundleAndroidMainClassesToCompileJar",":feature:backup:checkKotlinGradlePluginConfigurationErrors",":feature:backup:generateActualResourceCollectorsForAndroidMain",":feature:backup:generateComposeResClass",":feature:backup:generateExpectResourceCollectorsForCommonMain",":feature:backup:generateResourceAccessorsForAndroidMain",":feature:backup:generateResourceAccessorsForCommonMain",":feature:backup:kmpPartiallyResolvedDependenciesChecker"],"finalizers":[],"mustRunAfter":[],"shouldRunAfter":[]},{"path":":feature:backup:bundleAndroidMainClassesToCompileJar","type":"com.android.build.gradle.internal.tasks.BundleLibraryClassesJar_Decorated","enabled":true,"isTest":false,"isExec":false,"isJavaExec":false,"isArchive":false,"dependencies":[":feature:backup:compileAndroidMain",":feature:backup:preAndroidMainBuild"],"finalizers":[],"mustRunAfter":[],"shouldRunAfter":[]},{"path":":feature:credential:kmpPartiallyResolvedDependenciesChecker","type":"org.jetbrains.kotlin.gradle.plugin.diagnostics.checkers.KmpPartiallyResolvedDependenciesCheckerProjectsEvaluated_Decorated","enabled":true,"isTest":false,"isExec":false,"isJavaExec":false,"isArchive":false,"dependencies":[],"finalizers":[],"mustRunAfter":[],"shouldRunAfter":[]},{"path":":feature:credential:checkKotlinGradlePluginConfigurationErrors","type":"org.jetbrains.kotlin.gradle.plugin.diagnostics.CheckKotlinGradlePluginConfigurationErrors_Decorated","enabled":true,"isTest":false,"isExec":false,"isJavaExec":false,"isArchive":false,"dependencies":[":feature:credential:kmpPartiallyResolvedDependenciesChecker"],"finalizers":[],"mustRunAfter":[],"shouldRunAfter":[]},{"path":":feature:credential:convertXmlValueResourcesForAndroidMain","type":"org.jetbrains.compose.resources.XmlValuesConverterTask_Decorated","enabled":true,"isTest":false,"isExec":false,"isJavaExec":false,"isArchive":false,"dependencies":[],"finalizers":[],"mustRunAfter":[],"shouldRunAfter":[]},{"path":":feature:credential:copyNonXmlValueResourcesForAndroidMain","type":"org.jetbrains.compose.resources.CopyNonXmlValueResourcesTask_Decorated","enabled":true,"isTest":false,"isExec":false,"isJavaExec":false,"isArchive":false,"dependencies":[],"finalizers":[],"mustRunAfter":[],"shouldRunAfter":[]},{"path":":feature:credential:prepareComposeResourcesTaskForAndroidMain","type":"org.jetbrains.compose.resources.PrepareComposeResourcesTask_Decorated","enabled":true,"isTest":false,"isExec":false,"isJavaExec":false,"isArchive":false,"dependencies":[":feature:credential:convertXmlValueResourcesForAndroidMain",":feature:credential:copyNonXmlValueResourcesForAndroidMain"],"finalizers":[],"mustRunAfter":[],"shouldRunAfter":[]},{"path":":feature:credential:generateResourceAccessorsForAndroidMain","type":"org.jetbrains.compose.resources.GenerateResourceAccessorsTask_Decorated","enabled":true,"isTest":false,"isExec":false,"isJavaExec":false,"isArchive":false,"dependencies":[":feature:credential:prepareComposeResourcesTaskForAndroidMain"],"finalizers":[],"mustRunAfter":[],"shouldRunAfter":[]},{"path":":feature:credential:convertXmlValueResourcesForCommonMain","type":"org.jetbrains.compose.resources.XmlValuesConverterTask_Decorated","enabled":true,"isTest":false,"isExec":false,"isJavaExec":false,"isArchive":false,"dependencies":[],"finalizers":[],"mustRunAfter":[],"shouldRunAfter":[]},{"path":":feature:credential:copyNonXmlValueResourcesForCommonMain","type":"org.jetbrains.compose.resources.CopyNonXmlValueResourcesTask_Decorated","enabled":true,"isTest":false,"isExec":false,"isJavaExec":false,"isArchive":false,"dependencies":[],"finalizers":[],"mustRunAfter":[],"shouldRunAfter":[]},{"path":":feature:credential:prepareComposeResourcesTaskForCommonMain","type":"org.jetbrains.compose.resources.PrepareComposeResourcesTask_Decorated","enabled":true,"isTest":false,"isExec":false,"isJavaExec":false,"isArchive":false,"dependencies":[":feature:credential:convertXmlValueResourcesForCommonMain",":feature:credential:copyNonXmlValueResourcesForCommonMain"],"finalizers":[],"mustRunAfter":[],"shouldRunAfter":[]},{"path":":feature:credential:generateResourceAccessorsForCommonMain","type":"org.jetbrains.compose.resources.GenerateResourceAccessorsTask_Decorated","enabled":true,"isTest":false,"isExec":false,"isJavaExec":false,"isArchive":false,"dependencies":[":feature:credential:prepareComposeResourcesTaskForCommonMain"],"finalizers":[],"mustRunAfter":[],"shouldRunAfter":[]},{"path":":feature:credential:generateActualResourceCollectorsForAndroidMain","type":"org.jetbrains.compose.resources.GenerateActualResourceCollectorsTask_Decorated","enabled":true,"isTest":false,"isExec":false,"isJavaExec":false,"isArchive":false,"dependencies":[":feature:credential:generateResourceAccessorsForAndroidMain",":feature:credential:generateResourceAccessorsForCommonMain"],"finalizers":[],"mustRunAfter":[],"shouldRunAfter":[]},{"path":":feature:credential:generateComposeResClass","type":"org.jetbrains.compose.resources.GenerateResClassTask_Decorated","enabled":true,"isTest":false,"isExec":false,"isJavaExec":false,"isArchive":false,"dependencies":[],"finalizers":[],"mustRunAfter":[],"shouldRunAfter":[]},{"path":":feature:credential:generateExpectResourceCollectorsForCommonMain","type":"org.jetbrains.compose.resources.GenerateExpectResourceCollectorsTask_Decorated","enabled":true,"isTest":false,"isExec":false,"isJavaExec":false,"isArchive":false,"dependencies":[],"finalizers":[],"mustRunAfter":[],"shouldRunAfter":[]},{"path":":feature:credential:compileAndroidMain","type":"org.jetbrains.kotlin.gradle.tasks.KotlinCompile_Decorated","enabled":true,"isTest":false,"isExec":false,"isJavaExec":false,"isArchive":false,"dependencies":[":core:crypto:bundleAndroidMainClassesToCompileJar",":core:designsystem:bundleAndroidMainClassesToCompileJar",":core:domain:bundleAndroidMainClassesToCompileJar",":core:otp:bundleAndroidMainClassesToCompileJar",":core:security:bundleAndroidMainClassesToCompileJar",":feature:credential:checkKotlinGradlePluginConfigurationErrors",":feature:credential:generateActualResourceCollectorsForAndroidMain",":feature:credential:generateComposeResClass",":feature:credential:generateExpectResourceCollectorsForCommonMain",":feature:credential:generateResourceAccessorsForAndroidMain",":feature:credential:generateResourceAccessorsForCommonMain",":feature:credential:kmpPartiallyResolvedDependenciesChecker"],"finalizers":[],"mustRunAfter":[],"shouldRunAfter":[]},{"path":":feature:credential:bundleAndroidMainClassesToCompileJar","type":"com.android.build.gradle.internal.tasks.BundleLibraryClassesJar_Decorated","enabled":true,"isTest":false,"isExec":false,"isJavaExec":false,"isArchive":false,"dependencies":[":feature:credential:compileAndroidMain",":feature:credential:preAndroidMainBuild"],"finalizers":[],"mustRunAfter":[],"shouldRunAfter":[]},{"path":":feature:generator:kmpPartiallyResolvedDependenciesChecker","type":"org.jetbrains.kotlin.gradle.plugin.diagnostics.checkers.KmpPartiallyResolvedDependenciesCheckerProjectsEvaluated_Decorated","enabled":true,"isTest":false,"isExec":false,"isJavaExec":false,"isArchive":false,"dependencies":[],"finalizers":[],"mustRunAfter":[],"shouldRunAfter":[]},{"path":":feature:generator:checkKotlinGradlePluginConfigurationErrors","type":"org.jetbrains.kotlin.gradle.plugin.diagnostics.CheckKotlinGradlePluginConfigurationErrors_Decorated","enabled":true,"isTest":false,"isExec":false,"isJavaExec":false,"isArchive":false,"dependencies":[":feature:generator:kmpPartiallyResolvedDependenciesChecker"],"finalizers":[],"mustRunAfter":[],"shouldRunAfter":[]},{"path":":feature:generator:convertXmlValueResourcesForAndroidMain","type":"org.jetbrains.compose.resources.XmlValuesConverterTask_Decorated","enabled":true,"isTest":false,"isExec":false,"isJavaExec":false,"isArchive":false,"dependencies":[],"finalizers":[],"mustRunAfter":[],"shouldRunAfter":[]},{"path":":feature:generator:copyNonXmlValueResourcesForAndroidMain","type":"org.jetbrains.compose.resources.CopyNonXmlValueResourcesTask_Decorated","enabled":true,"isTest":false,"isExec":false,"isJavaExec":false,"isArchive":false,"dependencies":[],"finalizers":[],"mustRunAfter":[],"shouldRunAfter":[]},{"path":":feature:generator:prepareComposeResourcesTaskForAndroidMain","type":"org.jetbrains.compose.resources.PrepareComposeResourcesTask_Decorated","enabled":true,"isTest":false,"isExec":false,"isJavaExec":false,"isArchive":false,"dependencies":[":feature:generator:convertXmlValueResourcesForAndroidMain",":feature:generator:copyNonXmlValueResourcesForAndroidMain"],"finalizers":[],"mustRunAfter":[],"shouldRunAfter":[]},{"path":":feature:generator:generateResourceAccessorsForAndroidMain","type":"org.jetbrains.compose.resources.GenerateResourceAccessorsTask_Decorated","enabled":true,"isTest":false,"isExec":false,"isJavaExec":false,"isArchive":false,"dependencies":[":feature:generator:prepareComposeResourcesTaskForAndroidMain"],"finalizers":[],"mustRunAfter":[],"shouldRunAfter":[]},{"path":":feature:generator:convertXmlValueResourcesForCommonMain","type":"org.jetbrains.compose.resources.XmlValuesConverterTask_Decorated","enabled":true,"isTest":false,"isExec":false,"isJavaExec":false,"isArchive":false,"dependencies":[],"finalizers":[],"mustRunAfter":[],"shouldRunAfter":[]},{"path":":feature:generator:copyNonXmlValueResourcesForCommonMain","type":"org.jetbrains.compose.resources.CopyNonXmlValueResourcesTask_Decorated","enabled":true,"isTest":false,"isExec":false,"isJavaExec":false,"isArchive":false,"dependencies":[],"finalizers":[],"mustRunAfter":[],"shouldRunAfter":[]},{"path":":feature:generator:prepareComposeResourcesTaskForCommonMain","type":"org.jetbrains.compose.resources.PrepareComposeResourcesTask_Decorated","enabled":true,"isTest":false,"isExec":false,"isJavaExec":false,"isArchive":false,"dependencies":[":feature:generator:convertXmlValueResourcesForCommonMain",":feature:generator:copyNonXmlValueResourcesForCommonMain"],"finalizers":[],"mustRunAfter":[],"shouldRunAfter":[]},{"path":":feature:generator:generateResourceAccessorsForCommonMain","type":"org.jetbrains.compose.resources.GenerateResourceAccessorsTask_Decorated","enabled":true,"isTest":false,"isExec":false,"isJavaExec":false,"isArchive":false,"dependencies":[":feature:generator:prepareComposeResourcesTaskForCommonMain"],"finalizers":[],"mustRunAfter":[],"shouldRunAfter":[]},{"path":":feature:generator:generateActualResourceCollectorsForAndroidMain","type":"org.jetbrains.compose.resources.GenerateActualResourceCollectorsTask_Decorated","enabled":true,"isTest":false,"isExec":false,"isJavaExec":false,"isArchive":false,"dependencies":[":feature:generator:generateResourceAccessorsForAndroidMain",":feature:generator:generateResourceAccessorsForCommonMain"],"finalizers":[],"mustRunAfter":[],"shouldRunAfter":[]},{"path":":feature:generator:generateComposeResClass","type":"org.jetbrains.compose.resources.GenerateResClassTask_Decorated","enabled":true,"isTest":false,"isExec":false,"isJavaExec":false,"isArchive":false,"dependencies":[],"finalizers":[],"mustRunAfter":[],"shouldRunAfter":[]},{"path":":feature:generator:generateExpectResourceCollectorsForCommonMain","type":"org.jetbrains.compose.resources.GenerateExpectResourceCollectorsTask_Decorated","enabled":true,"isTest":false,"isExec":false,"isJavaExec":false,"isArchive":false,"dependencies":[],"finalizers":[],"mustRunAfter":[],"shouldRunAfter":[]},{"path":":feature:generator:compileAndroidMain","type":"org.jetbrains.kotlin.gradle.tasks.KotlinCompile_Decorated","enabled":true,"isTest":false,"isExec":false,"isJavaExec":false,"isArchive":false,"dependencies":[":core:crypto:bundleAndroidMainClassesToCompileJar",":core:designsystem:bundleAndroidMainClassesToCompileJar",":core:domain:bundleAndroidMainClassesToCompileJar",":core:security:bundleAndroidMainClassesToCompileJar",":feature:generator:checkKotlinGradlePluginConfigurationErrors",":feature:generator:generateActualResourceCollectorsForAndroidMain",":feature:generator:generateComposeResClass",":feature:generator:generateExpectResourceCollectorsForCommonMain",":feature:generator:generateResourceAccessorsForAndroidMain",":feature:generator:generateResourceAccessorsForCommonMain",":feature:generator:kmpPartiallyResolvedDependenciesChecker"],"finalizers":[],"mustRunAfter":[],"shouldRunAfter":[]},{"path":":feature:generator:bundleAndroidMainClassesToCompileJar","type":"com.android.build.gradle.internal.tasks.BundleLibraryClassesJar_Decorated","enabled":true,"isTest":false,"isExec":false,"isJavaExec":false,"isArchive":false,"dependencies":[":feature:generator:compileAndroidMain",":feature:generator:preAndroidMainBuild"],"finalizers":[],"mustRunAfter":[],"shouldRunAfter":[]},{"path":":feature:health:kmpPartiallyResolvedDependenciesChecker","type":"org.jetbrains.kotlin.gradle.plugin.diagnostics.checkers.KmpPartiallyResolvedDependenciesCheckerProjectsEvaluated_Decorated","enabled":true,"isTest":false,"isExec":false,"isJavaExec":false,"isArchive":false,"dependencies":[],"finalizers":[],"mustRunAfter":[],"shouldRunAfter":[]},{"path":":feature:health:checkKotlinGradlePluginConfigurationErrors","type":"org.jetbrains.kotlin.gradle.plugin.diagnostics.CheckKotlinGradlePluginConfigurationErrors_Decorated","enabled":true,"isTest":false,"isExec":false,"isJavaExec":false,"isArchive":false,"dependencies":[":feature:health:kmpPartiallyResolvedDependenciesChecker"],"finalizers":[],"mustRunAfter":[],"shouldRunAfter":[]},{"path":":feature:health:convertXmlValueResourcesForAndroidMain","type":"org.jetbrains.compose.resources.XmlValuesConverterTask_Decorated","enabled":true,"isTest":false,"isExec":false,"isJavaExec":false,"isArchive":false,"dependencies":[],"finalizers":[],"mustRunAfter":[],"shouldRunAfter":[]},{"path":":feature:health:copyNonXmlValueResourcesForAndroidMain","type":"org.jetbrains.compose.resources.CopyNonXmlValueResourcesTask_Decorated","enabled":true,"isTest":false,"isExec":false,"isJavaExec":false,"isArchive":false,"dependencies":[],"finalizers":[],"mustRunAfter":[],"shouldRunAfter":[]},{"path":":feature:health:prepareComposeResourcesTaskForAndroidMain","type":"org.jetbrains.compose.resources.PrepareComposeResourcesTask_Decorated","enabled":true,"isTest":false,"isExec":false,"isJavaExec":false,"isArchive":false,"dependencies":[":feature:health:convertXmlValueResourcesForAndroidMain",":feature:health:copyNonXmlValueResourcesForAndroidMain"],"finalizers":[],"mustRunAfter":[],"shouldRunAfter":[]},{"path":":feature:health:generateResourceAccessorsForAndroidMain","type":"org.jetbrains.compose.resources.GenerateResourceAccessorsTask_Decorated","enabled":true,"isTest":false,"isExec":false,"isJavaExec":false,"isArchive":false,"dependencies":[":feature:health:prepareComposeResourcesTaskForAndroidMain"],"finalizers":[],"mustRunAfter":[],"shouldRunAfter":[]},{"path":":feature:health:convertXmlValueResourcesForCommonMain","type":"org.jetbrains.compose.resources.XmlValuesConverterTask_Decorated","enabled":true,"isTest":false,"isExec":false,"isJavaExec":false,"isArchive":false,"dependencies":[],"finalizers":[],"mustRunAfter":[],"shouldRunAfter":[]},{"path":":feature:health:copyNonXmlValueResourcesForCommonMain","type":"org.jetbrains.compose.resources.CopyNonXmlValueResourcesTask_Decorated","enabled":true,"isTest":false,"isExec":false,"isJavaExec":false,"isArchive":false,"dependencies":[],"finalizers":[],"mustRunAfter":[],"shouldRunAfter":[]},{"path":":feature:health:prepareComposeResourcesTaskForCommonMain","type":"org.jetbrains.compose.resources.PrepareComposeResourcesTask_Decorated","enabled":true,"isTest":false,"isExec":false,"isJavaExec":false,"isArchive":false,"dependencies":[":feature:health:convertXmlValueResourcesForCommonMain",":feature:health:copyNonXmlValueResourcesForCommonMain"],"finalizers":[],"mustRunAfter":[],"shouldRunAfter":[]},{"path":":feature:health:generateResourceAccessorsForCommonMain","type":"org.jetbrains.compose.resources.GenerateResourceAccessorsTask_Decorated","enabled":true,"isTest":false,"isExec":false,"isJavaExec":false,"isArchive":false,"dependencies":[":feature:health:prepareComposeResourcesTaskForCommonMain"],"finalizers":[],"mustRunAfter":[],"shouldRunAfter":[]},{"path":":feature:health:generateActualResourceCollectorsForAndroidMain","type":"org.jetbrains.compose.resources.GenerateActualResourceCollectorsTask_Decorated","enabled":true,"isTest":false,"isExec":false,"isJavaExec":false,"isArchive":false,"dependencies":[":feature:health:generateResourceAccessorsForAndroidMain",":feature:health:generateResourceAccessorsForCommonMain"],"finalizers":[],"mustRunAfter":[],"shouldRunAfter":[]},{"path":":feature:health:generateComposeResClass","type":"org.jetbrains.compose.resources.GenerateResClassTask_Decorated","enabled":true,"isTest":false,"isExec":false,"isJavaExec":false,"isArchive":false,"dependencies":[],"finalizers":[],"mustRunAfter":[],"shouldRunAfter":[]},{"path":":feature:health:generateExpectResourceCollectorsForCommonMain","type":"org.jetbrains.compose.resources.GenerateExpectResourceCollectorsTask_Decorated","enabled":true,"isTest":false,"isExec":false,"isJavaExec":false,"isArchive":false,"dependencies":[],"finalizers":[],"mustRunAfter":[],"shouldRunAfter":[]},{"path":":feature:health:compileAndroidMain","type":"org.jetbrains.kotlin.gradle.tasks.KotlinCompile_Decorated","enabled":true,"isTest":false,"isExec":false,"isJavaExec":false,"isArchive":false,"dependencies":[":core:designsystem:bundleAndroidMainClassesToCompileJar",":core:domain:bundleAndroidMainClassesToCompileJar",":core:security:bundleAndroidMainClassesToCompileJar",":feature:health:checkKotlinGradlePluginConfigurationErrors",":feature:health:generateActualResourceCollectorsForAndroidMain",":feature:health:generateComposeResClass",":feature:health:generateExpectResourceCollectorsForCommonMain",":feature:health:generateResourceAccessorsForAndroidMain",":feature:health:generateResourceAccessorsForCommonMain",":feature:health:kmpPartiallyResolvedDependenciesChecker"],"finalizers":[],"mustRunAfter":[],"shouldRunAfter":[]},{"path":":feature:health:bundleAndroidMainClassesToCompileJar","type":"com.android.build.gradle.internal.tasks.BundleLibraryClassesJar_Decorated","enabled":true,"isTest":false,"isExec":false,"isJavaExec":false,"isArchive":false,"dependencies":[":feature:health:compileAndroidMain",":feature:health:preAndroidMainBuild"],"finalizers":[],"mustRunAfter":[],"shouldRunAfter":[]},{"path":":feature:onboarding:kmpPartiallyResolvedDependenciesChecker","type":"org.jetbrains.kotlin.gradle.plugin.diagnostics.checkers.KmpPartiallyResolvedDependenciesCheckerProjectsEvaluated_Decorated","enabled":true,"isTest":false,"isExec":false,"isJavaExec":false,"isArchive":false,"dependencies":[],"finalizers":[],"mustRunAfter":[],"shouldRunAfter":[]},{"path":":feature:onboarding:checkKotlinGradlePluginConfigurationErrors","type":"org.jetbrains.kotlin.gradle.plugin.diagnostics.CheckKotlinGradlePluginConfigurationErrors_Decorated","enabled":true,"isTest":false,"isExec":false,"isJavaExec":false,"isArchive":false,"dependencies":[":feature:onboarding:kmpPartiallyResolvedDependenciesChecker"],"finalizers":[],"mustRunAfter":[],"shouldRunAfter":[]},{"path":":feature:onboarding:convertXmlValueResourcesForAndroidMain","type":"org.jetbrains.compose.resources.XmlValuesConverterTask_Decorated","enabled":true,"isTest":false,"isExec":false,"isJavaExec":false,"isArchive":false,"dependencies":[],"finalizers":[],"mustRunAfter":[],"shouldRunAfter":[]},{"path":":feature:onboarding:copyNonXmlValueResourcesForAndroidMain","type":"org.jetbrains.compose.resources.CopyNonXmlValueResourcesTask_Decorated","enabled":true,"isTest":false,"isExec":false,"isJavaExec":false,"isArchive":false,"dependencies":[],"finalizers":[],"mustRunAfter":[],"shouldRunAfter":[]},{"path":":feature:onboarding:prepareComposeResourcesTaskForAndroidMain","type":"org.jetbrains.compose.resources.PrepareComposeResourcesTask_Decorated","enabled":true,"isTest":false,"isExec":false,"isJavaExec":false,"isArchive":false,"dependencies":[":feature:onboarding:convertXmlValueResourcesForAndroidMain",":feature:onboarding:copyNonXmlValueResourcesForAndroidMain"],"finalizers":[],"mustRunAfter":[],"shouldRunAfter":[]},{"path":":feature:onboarding:generateResourceAccessorsForAndroidMain","type":"org.jetbrains.compose.resources.GenerateResourceAccessorsTask_Decorated","enabled":true,"isTest":false,"isExec":false,"isJavaExec":false,"isArchive":false,"dependencies":[":feature:onboarding:prepareComposeResourcesTaskForAndroidMain"],"finalizers":[],"mustRunAfter":[],"shouldRunAfter":[]},{"path":":feature:onboarding:convertXmlValueResourcesForCommonMain","type":"org.jetbrains.compose.resources.XmlValuesConverterTask_Decorated","enabled":true,"isTest":false,"isExec":false,"isJavaExec":false,"isArchive":false,"dependencies":[],"finalizers":[],"mustRunAfter":[],"shouldRunAfter":[]},{"path":":feature:onboarding:copyNonXmlValueResourcesForCommonMain","type":"org.jetbrains.compose.resources.CopyNonXmlValueResourcesTask_Decorated","enabled":true,"isTest":false,"isExec":false,"isJavaExec":false,"isArchive":false,"dependencies":[],"finalizers":[],"mustRunAfter":[],"shouldRunAfter":[]},{"path":":feature:onboarding:prepareComposeResourcesTaskForCommonMain","type":"org.jetbrains.compose.resources.PrepareComposeResourcesTask_Decorated","enabled":true,"isTest":false,"isExec":false,"isJavaExec":false,"isArchive":false,"dependencies":[":feature:onboarding:convertXmlValueResourcesForCommonMain",":feature:onboarding:copyNonXmlValueResourcesForCommonMain"],"finalizers":[],"mustRunAfter":[],"shouldRunAfter":[]},{"path":":feature:onboarding:generateResourceAccessorsForCommonMain","type":"org.jetbrains.compose.resources.GenerateResourceAccessorsTask_Decorated","enabled":true,"isTest":false,"isExec":false,"isJavaExec":false,"isArchive":false,"dependencies":[":feature:onboarding:prepareComposeResourcesTaskForCommonMain"],"finalizers":[],"mustRunAfter":[],"shouldRunAfter":[]},{"path":":feature:onboarding:generateActualResourceCollectorsForAndroidMain","type":"org.jetbrains.compose.resources.GenerateActualResourceCollectorsTask_Decorated","enabled":true,"isTest":false,"isExec":false,"isJavaExec":false,"isArchive":false,"dependencies":[":feature:onboarding:generateResourceAccessorsForAndroidMain",":feature:onboarding:generateResourceAccessorsForCommonMain"],"finalizers":[],"mustRunAfter":[],"shouldRunAfter":[]},{"path":":feature:onboarding:generateComposeResClass","type":"org.jetbrains.compose.resources.GenerateResClassTask_Decorated","enabled":true,"isTest":false,"isExec":false,"isJavaExec":false,"isArchive":false,"dependencies":[],"finalizers":[],"mustRunAfter":[],"shouldRunAfter":[]},{"path":":feature:onboarding:generateExpectResourceCollectorsForCommonMain","type":"org.jetbrains.compose.resources.GenerateExpectResourceCollectorsTask_Decorated","enabled":true,"isTest":false,"isExec":false,"isJavaExec":false,"isArchive":false,"dependencies":[],"finalizers":[],"mustRunAfter":[],"shouldRunAfter":[]},{"path":":feature:onboarding:compileAndroidMain","type":"org.jetbrains.kotlin.gradle.tasks.KotlinCompile_Decorated","enabled":true,"isTest":false,"isExec":false,"isJavaExec":false,"isArchive":false,"dependencies":[":core:designsystem:bundleAndroidMainClassesToCompileJar",":core:domain:bundleAndroidMainClassesToCompileJar",":feature:onboarding:checkKotlinGradlePluginConfigurationErrors",":feature:onboarding:generateActualResourceCollectorsForAndroidMain",":feature:onboarding:generateComposeResClass",":feature:onboarding:generateExpectResourceCollectorsForCommonMain",":feature:onboarding:generateResourceAccessorsForAndroidMain",":feature:onboarding:generateResourceAccessorsForCommonMain",":feature:onboarding:kmpPartiallyResolvedDependenciesChecker"],"finalizers":[],"mustRunAfter":[],"shouldRunAfter":[]},{"path":":feature:onboarding:bundleAndroidMainClassesToCompileJar","type":"com.android.build.gradle.internal.tasks.BundleLibraryClassesJar_Decorated","enabled":true,"isTest":false,"isExec":false,"isJavaExec":false,"isArchive":false,"dependencies":[":feature:onboarding:compileAndroidMain",":feature:onboarding:preAndroidMainBuild"],"finalizers":[],"mustRunAfter":[],"shouldRunAfter":[]},{"path":":feature:settings:kmpPartiallyResolvedDependenciesChecker","type":"org.jetbrains.kotlin.gradle.plugin.diagnostics.checkers.KmpPartiallyResolvedDependenciesCheckerProjectsEvaluated_Decorated","enabled":true,"isTest":false,"isExec":false,"isJavaExec":false,"isArchive":false,"dependencies":[],"finalizers":[],"mustRunAfter":[],"shouldRunAfter":[]},{"path":":feature:settings:checkKotlinGradlePluginConfigurationErrors","type":"org.jetbrains.kotlin.gradle.plugin.diagnostics.CheckKotlinGradlePluginConfigurationErrors_Decorated","enabled":true,"isTest":false,"isExec":false,"isJavaExec":false,"isArchive":false,"dependencies":[":feature:settings:kmpPartiallyResolvedDependenciesChecker"],"finalizers":[],"mustRunAfter":[],"shouldRunAfter":[]},{"path":":feature:settings:convertXmlValueResourcesForAndroidMain","type":"org.jetbrains.compose.resources.XmlValuesConverterTask_Decorated","enabled":true,"isTest":false,"isExec":false,"isJavaExec":false,"isArchive":false,"dependencies":[],"finalizers":[],"mustRunAfter":[],"shouldRunAfter":[]},{"path":":feature:settings:copyNonXmlValueResourcesForAndroidMain","type":"org.jetbrains.compose.resources.CopyNonXmlValueResourcesTask_Decorated","enabled":true,"isTest":false,"isExec":false,"isJavaExec":false,"isArchive":false,"dependencies":[],"finalizers":[],"mustRunAfter":[],"shouldRunAfter":[]},{"path":":feature:settings:prepareComposeResourcesTaskForAndroidMain","type":"org.jetbrains.compose.resources.PrepareComposeResourcesTask_Decorated","enabled":true,"isTest":false,"isExec":false,"isJavaExec":false,"isArchive":false,"dependencies":[":feature:settings:convertXmlValueResourcesForAndroidMain",":feature:settings:copyNonXmlValueResourcesForAndroidMain"],"finalizers":[],"mustRunAfter":[],"shouldRunAfter":[]},{"path":":feature:settings:generateResourceAccessorsForAndroidMain","type":"org.jetbrains.compose.resources.GenerateResourceAccessorsTask_Decorated","enabled":true,"isTest":false,"isExec":false,"isJavaExec":false,"isArchive":false,"dependencies":[":feature:settings:prepareComposeResourcesTaskForAndroidMain"],"finalizers":[],"mustRunAfter":[],"shouldRunAfter":[]},{"path":":feature:settings:convertXmlValueResourcesForCommonMain","type":"org.jetbrains.compose.resources.XmlValuesConverterTask_Decorated","enabled":true,"isTest":false,"isExec":false,"isJavaExec":false,"isArchive":false,"dependencies":[],"finalizers":[],"mustRunAfter":[],"shouldRunAfter":[]},{"path":":feature:settings:copyNonXmlValueResourcesForCommonMain","type":"org.jetbrains.compose.resources.CopyNonXmlValueResourcesTask_Decorated","enabled":true,"isTest":false,"isExec":false,"isJavaExec":false,"isArchive":false,"dependencies":[],"finalizers":[],"mustRunAfter":[],"shouldRunAfter":[]},{"path":":feature:settings:prepareComposeResourcesTaskForCommonMain","type":"org.jetbrains.compose.resources.PrepareComposeResourcesTask_Decorated","enabled":true,"isTest":false,"isExec":false,"isJavaExec":false,"isArchive":false,"dependencies":[":feature:settings:convertXmlValueResourcesForCommonMain",":feature:settings:copyNonXmlValueResourcesForCommonMain"],"finalizers":[],"mustRunAfter":[],"shouldRunAfter":[]},{"path":":feature:settings:generateResourceAccessorsForCommonMain","type":"org.jetbrains.compose.resources.GenerateResourceAccessorsTask_Decorated","enabled":true,"isTest":false,"isExec":false,"isJavaExec":false,"isArchive":false,"dependencies":[":feature:settings:prepareComposeResourcesTaskForCommonMain"],"finalizers":[],"mustRunAfter":[],"shouldRunAfter":[]},{"path":":feature:settings:generateActualResourceCollectorsForAndroidMain","type":"org.jetbrains.compose.resources.GenerateActualResourceCollectorsTask_Decorated","enabled":true,"isTest":false,"isExec":false,"isJavaExec":false,"isArchive":false,"dependencies":[":feature:settings:generateResourceAccessorsForAndroidMain",":feature:settings:generateResourceAccessorsForCommonMain"],"finalizers":[],"mustRunAfter":[],"shouldRunAfter":[]},{"path":":feature:settings:generateComposeResClass","type":"org.jetbrains.compose.resources.GenerateResClassTask_Decorated","enabled":true,"isTest":false,"isExec":false,"isJavaExec":false,"isArchive":false,"dependencies":[],"finalizers":[],"mustRunAfter":[],"shouldRunAfter":[]},{"path":":feature:settings:generateExpectResourceCollectorsForCommonMain","type":"org.jetbrains.compose.resources.GenerateExpectResourceCollectorsTask_Decorated","enabled":true,"isTest":false,"isExec":false,"isJavaExec":false,"isArchive":false,"dependencies":[],"finalizers":[],"mustRunAfter":[],"shouldRunAfter":[]},{"path":":feature:settings:compileAndroidMain","type":"org.jetbrains.kotlin.gradle.tasks.KotlinCompile_Decorated","enabled":true,"isTest":false,"isExec":false,"isJavaExec":false,"isArchive":false,"dependencies":[":core:designsystem:bundleAndroidMainClassesToCompileJar",":core:domain:bundleAndroidMainClassesToCompileJar",":core:security:bundleAndroidMainClassesToCompileJar",":feature:settings:checkKotlinGradlePluginConfigurationErrors",":feature:settings:generateActualResourceCollectorsForAndroidMain",":feature:settings:generateComposeResClass",":feature:settings:generateExpectResourceCollectorsForCommonMain",":feature:settings:generateResourceAccessorsForAndroidMain",":feature:settings:generateResourceAccessorsForCommonMain",":feature:settings:kmpPartiallyResolvedDependenciesChecker"],"finalizers":[],"mustRunAfter":[],"shouldRunAfter":[]},{"path":":feature:settings:bundleAndroidMainClassesToCompileJar","type":"com.android.build.gradle.internal.tasks.BundleLibraryClassesJar_Decorated","enabled":true,"isTest":false,"isExec":false,"isJavaExec":false,"isArchive":false,"dependencies":[":feature:settings:compileAndroidMain",":feature:settings:preAndroidMainBuild"],"finalizers":[],"mustRunAfter":[],"shouldRunAfter":[]},{"path":":feature:unlock:kmpPartiallyResolvedDependenciesChecker","type":"org.jetbrains.kotlin.gradle.plugin.diagnostics.checkers.KmpPartiallyResolvedDependenciesCheckerProjectsEvaluated_Decorated","enabled":true,"isTest":false,"isExec":false,"isJavaExec":false,"isArchive":false,"dependencies":[],"finalizers":[],"mustRunAfter":[],"shouldRunAfter":[]},{"path":":feature:unlock:checkKotlinGradlePluginConfigurationErrors","type":"org.jetbrains.kotlin.gradle.plugin.diagnostics.CheckKotlinGradlePluginConfigurationErrors_Decorated","enabled":true,"isTest":false,"isExec":false,"isJavaExec":false,"isArchive":false,"dependencies":[":feature:unlock:kmpPartiallyResolvedDependenciesChecker"],"finalizers":[],"mustRunAfter":[],"shouldRunAfter":[]},{"path":":feature:unlock:convertXmlValueResourcesForAndroidMain","type":"org.jetbrains.compose.resources.XmlValuesConverterTask_Decorated","enabled":true,"isTest":false,"isExec":false,"isJavaExec":false,"isArchive":false,"dependencies":[],"finalizers":[],"mustRunAfter":[],"shouldRunAfter":[]},{"path":":feature:unlock:copyNonXmlValueResourcesForAndroidMain","type":"org.jetbrains.compose.resources.CopyNonXmlValueResourcesTask_Decorated","enabled":true,"isTest":false,"isExec":false,"isJavaExec":false,"isArchive":false,"dependencies":[],"finalizers":[],"mustRunAfter":[],"shouldRunAfter":[]},{"path":":feature:unlock:prepareComposeResourcesTaskForAndroidMain","type":"org.jetbrains.compose.resources.PrepareComposeResourcesTask_Decorated","enabled":true,"isTest":false,"isExec":false,"isJavaExec":false,"isArchive":false,"dependencies":[":feature:unlock:convertXmlValueResourcesForAndroidMain",":feature:unlock:copyNonXmlValueResourcesForAndroidMain"],"finalizers":[],"mustRunAfter":[],"shouldRunAfter":[]},{"path":":feature:unlock:generateResourceAccessorsForAndroidMain","type":"org.jetbrains.compose.resources.GenerateResourceAccessorsTask_Decorated","enabled":true,"isTest":false,"isExec":false,"isJavaExec":false,"isArchive":false,"dependencies":[":feature:unlock:prepareComposeResourcesTaskForAndroidMain"],"finalizers":[],"mustRunAfter":[],"shouldRunAfter":[]},{"path":":feature:unlock:convertXmlValueResourcesForCommonMain","type":"org.jetbrains.compose.resources.XmlValuesConverterTask_Decorated","enabled":true,"isTest":false,"isExec":false,"isJavaExec":false,"isArchive":false,"dependencies":[],"finalizers":[],"mustRunAfter":[],"shouldRunAfter":[]},{"path":":feature:unlock:copyNonXmlValueResourcesForCommonMain","type":"org.jetbrains.compose.resources.CopyNonXmlValueResourcesTask_Decorated","enabled":true,"isTest":false,"isExec":false,"isJavaExec":false,"isArchive":false,"dependencies":[],"finalizers":[],"mustRunAfter":[],"shouldRunAfter":[]},{"path":":feature:unlock:prepareComposeResourcesTaskForCommonMain","type":"org.jetbrains.compose.resources.PrepareComposeResourcesTask_Decorated","enabled":true,"isTest":false,"isExec":false,"isJavaExec":false,"isArchive":false,"dependencies":[":feature:unlock:convertXmlValueResourcesForCommonMain",":feature:unlock:copyNonXmlValueResourcesForCommonMain"],"finalizers":[],"mustRunAfter":[],"shouldRunAfter":[]},{"path":":feature:unlock:generateResourceAccessorsForCommonMain","type":"org.jetbrains.compose.resources.GenerateResourceAccessorsTask_Decorated","enabled":true,"isTest":false,"isExec":false,"isJavaExec":false,"isArchive":false,"dependencies":[":feature:unlock:prepareComposeResourcesTaskForCommonMain"],"finalizers":[],"mustRunAfter":[],"shouldRunAfter":[]},{"path":":feature:unlock:generateActualResourceCollectorsForAndroidMain","type":"org.jetbrains.compose.resources.GenerateActualResourceCollectorsTask_Decorated","enabled":true,"isTest":false,"isExec":false,"isJavaExec":false,"isArchive":false,"dependencies":[":feature:unlock:generateResourceAccessorsForAndroidMain",":feature:unlock:generateResourceAccessorsForCommonMain"],"finalizers":[],"mustRunAfter":[],"shouldRunAfter":[]},{"path":":feature:unlock:generateComposeResClass","type":"org.jetbrains.compose.resources.GenerateResClassTask_Decorated","enabled":true,"isTest":false,"isExec":false,"isJavaExec":false,"isArchive":false,"dependencies":[],"finalizers":[],"mustRunAfter":[],"shouldRunAfter":[]},{"path":":feature:unlock:generateExpectResourceCollectorsForCommonMain","type":"org.jetbrains.compose.resources.GenerateExpectResourceCollectorsTask_Decorated","enabled":true,"isTest":false,"isExec":false,"isJavaExec":false,"isArchive":false,"dependencies":[],"finalizers":[],"mustRunAfter":[],"shouldRunAfter":[]},{"path":":feature:unlock:compileAndroidMain","type":"org.jetbrains.kotlin.gradle.tasks.KotlinCompile_Decorated","enabled":true,"isTest":false,"isExec":false,"isJavaExec":false,"isArchive":false,"dependencies":[":core:designsystem:bundleAndroidMainClassesToCompileJar",":core:domain:bundleAndroidMainClassesToCompileJar",":core:security:bundleAndroidMainClassesToCompileJar",":feature:unlock:checkKotlinGradlePluginConfigurationErrors",":feature:unlock:generateActualResourceCollectorsForAndroidMain",":feature:unlock:generateComposeResClass",":feature:unlock:generateExpectResourceCollectorsForCommonMain",":feature:unlock:generateResourceAccessorsForAndroidMain",":feature:unlock:generateResourceAccessorsForCommonMain",":feature:unlock:kmpPartiallyResolvedDependenciesChecker"],"finalizers":[],"mustRunAfter":[],"shouldRunAfter":[]},{"path":":feature:unlock:bundleAndroidMainClassesToCompileJar","type":"com.android.build.gradle.internal.tasks.BundleLibraryClassesJar_Decorated","enabled":true,"isTest":false,"isExec":false,"isJavaExec":false,"isArchive":false,"dependencies":[":feature:unlock:compileAndroidMain",":feature:unlock:preAndroidMainBuild"],"finalizers":[],"mustRunAfter":[],"shouldRunAfter":[]},{"path":":feature:vault:kmpPartiallyResolvedDependenciesChecker","type":"org.jetbrains.kotlin.gradle.plugin.diagnostics.checkers.KmpPartiallyResolvedDependenciesCheckerProjectsEvaluated_Decorated","enabled":true,"isTest":false,"isExec":false,"isJavaExec":false,"isArchive":false,"dependencies":[],"finalizers":[],"mustRunAfter":[],"shouldRunAfter":[]},{"path":":feature:vault:checkKotlinGradlePluginConfigurationErrors","type":"org.jetbrains.kotlin.gradle.plugin.diagnostics.CheckKotlinGradlePluginConfigurationErrors_Decorated","enabled":true,"isTest":false,"isExec":false,"isJavaExec":false,"isArchive":false,"dependencies":[":feature:vault:kmpPartiallyResolvedDependenciesChecker"],"finalizers":[],"mustRunAfter":[],"shouldRunAfter":[]},{"path":":feature:vault:convertXmlValueResourcesForAndroidMain","type":"org.jetbrains.compose.resources.XmlValuesConverterTask_Decorated","enabled":true,"isTest":false,"isExec":false,"isJavaExec":false,"isArchive":false,"dependencies":[],"finalizers":[],"mustRunAfter":[],"shouldRunAfter":[]},{"path":":feature:vault:copyNonXmlValueResourcesForAndroidMain","type":"org.jetbrains.compose.resources.CopyNonXmlValueResourcesTask_Decorated","enabled":true,"isTest":false,"isExec":false,"isJavaExec":false,"isArchive":false,"dependencies":[],"finalizers":[],"mustRunAfter":[],"shouldRunAfter":[]},{"path":":feature:vault:prepareComposeResourcesTaskForAndroidMain","type":"org.jetbrains.compose.resources.PrepareComposeResourcesTask_Decorated","enabled":true,"isTest":false,"isExec":false,"isJavaExec":false,"isArchive":false,"dependencies":[":feature:vault:convertXmlValueResourcesForAndroidMain",":feature:vault:copyNonXmlValueResourcesForAndroidMain"],"finalizers":[],"mustRunAfter":[],"shouldRunAfter":[]},{"path":":feature:vault:generateResourceAccessorsForAndroidMain","type":"org.jetbrains.compose.resources.GenerateResourceAccessorsTask_Decorated","enabled":true,"isTest":false,"isExec":false,"isJavaExec":false,"isArchive":false,"dependencies":[":feature:vault:prepareComposeResourcesTaskForAndroidMain"],"finalizers":[],"mustRunAfter":[],"shouldRunAfter":[]},{"path":":feature:vault:convertXmlValueResourcesForCommonMain","type":"org.jetbrains.compose.resources.XmlValuesConverterTask_Decorated","enabled":true,"isTest":false,"isExec":false,"isJavaExec":false,"isArchive":false,"dependencies":[],"finalizers":[],"mustRunAfter":[],"shouldRunAfter":[]},{"path":":feature:vault:copyNonXmlValueResourcesForCommonMain","type":"org.jetbrains.compose.resources.CopyNonXmlValueResourcesTask_Decorated","enabled":true,"isTest":false,"isExec":false,"isJavaExec":false,"isArchive":false,"dependencies":[],"finalizers":[],"mustRunAfter":[],"shouldRunAfter":[]},{"path":":feature:vault:prepareComposeResourcesTaskForCommonMain","type":"org.jetbrains.compose.resources.PrepareComposeResourcesTask_Decorated","enabled":true,"isTest":false,"isExec":false,"isJavaExec":false,"isArchive":false,"dependencies":[":feature:vault:convertXmlValueResourcesForCommonMain",":feature:vault:copyNonXmlValueResourcesForCommonMain"],"finalizers":[],"mustRunAfter":[],"shouldRunAfter":[]},{"path":":feature:vault:generateResourceAccessorsForCommonMain","type":"org.jetbrains.compose.resources.GenerateResourceAccessorsTask_Decorated","enabled":true,"isTest":false,"isExec":false,"isJavaExec":false,"isArchive":false,"dependencies":[":feature:vault:prepareComposeResourcesTaskForCommonMain"],"finalizers":[],"mustRunAfter":[],"shouldRunAfter":[]},{"path":":feature:vault:generateActualResourceCollectorsForAndroidMain","type":"org.jetbrains.compose.resources.GenerateActualResourceCollectorsTask_Decorated","enabled":true,"isTest":false,"isExec":false,"isJavaExec":false,"isArchive":false,"dependencies":[":feature:vault:generateResourceAccessorsForAndroidMain",":feature:vault:generateResourceAccessorsForCommonMain"],"finalizers":[],"mustRunAfter":[],"shouldRunAfter":[]},{"path":":feature:vault:generateComposeResClass","type":"org.jetbrains.compose.resources.GenerateResClassTask_Decorated","enabled":true,"isTest":false,"isExec":false,"isJavaExec":false,"isArchive":false,"dependencies":[],"finalizers":[],"mustRunAfter":[],"shouldRunAfter":[]},{"path":":feature:vault:generateExpectResourceCollectorsForCommonMain","type":"org.jetbrains.compose.resources.GenerateExpectResourceCollectorsTask_Decorated","enabled":true,"isTest":false,"isExec":false,"isJavaExec":false,"isArchive":false,"dependencies":[],"finalizers":[],"mustRunAfter":[],"shouldRunAfter":[]},{"path":":feature:vault:compileAndroidMain","type":"org.jetbrains.kotlin.gradle.tasks.KotlinCompile_Decorated","enabled":true,"isTest":false,"isExec":false,"isJavaExec":false,"isArchive":false,"dependencies":[":core:designsystem:bundleAndroidMainClassesToCompileJar",":core:domain:bundleAndroidMainClassesToCompileJar",":core:otp:bundleAndroidMainClassesToCompileJar",":core:security:bundleAndroidMainClassesToCompileJar",":feature:vault:checkKotlinGradlePluginConfigurationErrors",":feature:vault:generateActualResourceCollectorsForAndroidMain",":feature:vault:generateComposeResClass",":feature:vault:generateExpectResourceCollectorsForCommonMain",":feature:vault:generateResourceAccessorsForAndroidMain",":feature:vault:generateResourceAccessorsForCommonMain",":feature:vault:kmpPartiallyResolvedDependenciesChecker"],"finalizers":[],"mustRunAfter":[],"shouldRunAfter":[]},{"path":":feature:vault:bundleAndroidMainClassesToCompileJar","type":"com.android.build.gradle.internal.tasks.BundleLibraryClassesJar_Decorated","enabled":true,"isTest":false,"isExec":false,"isJavaExec":false,"isArchive":false,"dependencies":[":feature:vault:compileAndroidMain",":feature:vault:preAndroidMainBuild"],"finalizers":[],"mustRunAfter":[],"shouldRunAfter":[]},{"path":":shared:compileAndroidMain","type":"org.jetbrains.kotlin.gradle.tasks.KotlinCompile_Decorated","enabled":true,"isTest":false,"isExec":false,"isJavaExec":false,"isArchive":false,"dependencies":[":core:crypto:bundleAndroidMainClassesToCompileJar",":core:database:bundleAndroidMainClassesToCompileJar",":core:designsystem:bundleAndroidMainClassesToCompileJar",":core:domain:bundleAndroidMainClassesToCompileJar",":core:navigation:bundleAndroidMainClassesToCompileJar",":core:otp:bundleAndroidMainClassesToCompileJar",":core:security:bundleAndroidMainClassesToCompileJar",":feature:backup:bundleAndroidMainClassesToCompileJar",":feature:credential:bundleAndroidMainClassesToCompileJar",":feature:generator:bundleAndroidMainClassesToCompileJar",":feature:health:bundleAndroidMainClassesToCompileJar",":feature:onboarding:bundleAndroidMainClassesToCompileJar",":feature:settings:bundleAndroidMainClassesToCompileJar",":feature:unlock:bundleAndroidMainClassesToCompileJar",":feature:vault:bundleAndroidMainClassesToCompileJar",":shared:checkKotlinGradlePluginConfigurationErrors",":shared:generateActualResourceCollectorsForAndroidMain",":shared:generateComposeResClass",":shared:generateExpectResourceCollectorsForCommonMain",":shared:generateResourceAccessorsForAndroidMain",":shared:generateResourceAccessorsForCommonMain",":shared:kmpPartiallyResolvedDependenciesChecker"],"finalizers":[],"mustRunAfter":[],"shouldRunAfter":[]},{"path":":shared:bundleAndroidMainClassesToCompileJar","type":"com.android.build.gradle.internal.tasks.BundleLibraryClassesJar_Decorated","enabled":true,"isTest":false,"isExec":false,"isJavaExec":false,"isArchive":false,"dependencies":[":shared:compileAndroidMain",":shared:preAndroidMainBuild"],"finalizers":[],"mustRunAfter":[],"shouldRunAfter":[]},{"path":":app-android:compileDebugKotlin","type":"org.jetbrains.kotlin.gradle.tasks.KotlinCompile_Decorated","enabled":true,"isTest":false,"isExec":false,"isJavaExec":false,"isArchive":false,"dependencies":[":app-android:generateDebugBuildConfig",":app-android:generateDebugRFile",":app-android:preDebugBuild",":core:crypto:bundleAndroidMainClassesToCompileJar",":core:database:bundleAndroidMainClassesToCompileJar",":core:designsystem:bundleAndroidMainClassesToCompileJar",":core:domain:bundleAndroidMainClassesToCompileJar",":core:navigation:bundleAndroidMainClassesToCompileJar",":core:otp:bundleAndroidMainClassesToCompileJar",":core:security:bundleAndroidMainClassesToCompileJar",":feature:backup:bundleAndroidMainClassesToCompileJar",":feature:credential:bundleAndroidMainClassesToCompileJar",":feature:generator:bundleAndroidMainClassesToCompileJar",":feature:health:bundleAndroidMainClassesToCompileJar",":feature:onboarding:bundleAndroidMainClassesToCompileJar",":feature:settings:bundleAndroidMainClassesToCompileJar",":feature:unlock:bundleAndroidMainClassesToCompileJar",":feature:vault:bundleAndroidMainClassesToCompileJar",":shared:bundleAndroidMainClassesToCompileJar"],"finalizers":[],"mustRunAfter":[],"shouldRunAfter":[]},{"path":":app-android:javaPreCompileDebug","type":"com.android.build.gradle.tasks.JavaPreCompileTask_Decorated","enabled":true,"isTest":false,"isExec":false,"isJavaExec":false,"isArchive":false,"dependencies":[":app-android:preDebugBuild"],"finalizers":[],"mustRunAfter":[],"shouldRunAfter":[]},{"path":":app-android:compileDebugJavaWithJavac","type":"org.gradle.api.tasks.compile.JavaCompile_Decorated","enabled":true,"isTest":false,"isExec":false,"isJavaExec":false,"isArchive":false,"dependencies":[":app-android:compileDebugKotlin",":app-android:generateDebugBuildConfig",":app-android:generateDebugRFile",":app-android:javaPreCompileDebug",":app-android:preDebugBuild",":core:crypto:bundleAndroidMainClassesToCompileJar",":core:database:bundleAndroidMainClassesToCompileJar",":core:designsystem:bundleAndroidMainClassesToCompileJar",":core:domain:bundleAndroidMainClassesToCompileJar",":core:navigation:bundleAndroidMainClassesToCompileJar",":core:otp:bundleAndroidMainClassesToCompileJar",":core:security:bundleAndroidMainClassesToCompileJar",":feature:backup:bundleAndroidMainClassesToCompileJar",":feature:credential:bundleAndroidMainClassesToCompileJar",":feature:generator:bundleAndroidMainClassesToCompileJar",":feature:health:bundleAndroidMainClassesToCompileJar",":feature:onboarding:bundleAndroidMainClassesToCompileJar",":feature:settings:bundleAndroidMainClassesToCompileJar",":feature:unlock:bundleAndroidMainClassesToCompileJar",":feature:vault:bundleAndroidMainClassesToCompileJar",":shared:bundleAndroidMainClassesToCompileJar"],"finalizers":[],"mustRunAfter":[],"shouldRunAfter":[]},{"path":":shared:writeAndroidMainAarMetadata","type":"com.android.build.gradle.internal.tasks.AarMetadataTask_Decorated","enabled":true,"isTest":false,"isExec":false,"isJavaExec":false,"isArchive":false,"dependencies":[":shared:preAndroidMainBuild"],"finalizers":[],"mustRunAfter":[],"shouldRunAfter":[]},{"path":":core:crypto:writeAndroidMainAarMetadata","type":"com.android.build.gradle.internal.tasks.AarMetadataTask_Decorated","enabled":true,"isTest":false,"isExec":false,"isJavaExec":false,"isArchive":false,"dependencies":[":core:crypto:preAndroidMainBuild"],"finalizers":[],"mustRunAfter":[],"shouldRunAfter":[]},{"path":":core:database:writeAndroidMainAarMetadata","type":"com.android.build.gradle.internal.tasks.AarMetadataTask_Decorated","enabled":true,"isTest":false,"isExec":false,"isJavaExec":false,"isArchive":false,"dependencies":[":core:database:preAndroidMainBuild"],"finalizers":[],"mustRunAfter":[],"shouldRunAfter":[]},{"path":":core:designsystem:writeAndroidMainAarMetadata","type":"com.android.build.gradle.internal.tasks.AarMetadataTask_Decorated","enabled":true,"isTest":false,"isExec":false,"isJavaExec":false,"isArchive":false,"dependencies":[":core:designsystem:preAndroidMainBuild"],"finalizers":[],"mustRunAfter":[],"shouldRunAfter":[]},{"path":":core:domain:writeAndroidMainAarMetadata","type":"com.android.build.gradle.internal.tasks.AarMetadataTask_Decorated","enabled":true,"isTest":false,"isExec":false,"isJavaExec":false,"isArchive":false,"dependencies":[":core:domain:preAndroidMainBuild"],"finalizers":[],"mustRunAfter":[],"shouldRunAfter":[]},{"path":":core:navigation:writeAndroidMainAarMetadata","type":"com.android.build.gradle.internal.tasks.AarMetadataTask_Decorated","enabled":true,"isTest":false,"isExec":false,"isJavaExec":false,"isArchive":false,"dependencies":[":core:navigation:preAndroidMainBuild"],"finalizers":[],"mustRunAfter":[],"shouldRunAfter":[]},{"path":":core:otp:writeAndroidMainAarMetadata","type":"com.android.build.gradle.internal.tasks.AarMetadataTask_Decorated","enabled":true,"isTest":false,"isExec":false,"isJavaExec":false,"isArchive":false,"dependencies":[":core:otp:preAndroidMainBuild"],"finalizers":[],"mustRunAfter":[],"shouldRunAfter":[]},{"path":":core:security:writeAndroidMainAarMetadata","type":"com.android.build.gradle.internal.tasks.AarMetadataTask_Decorated","enabled":true,"isTest":false,"isExec":false,"isJavaExec":false,"isArchive":false,"dependencies":[":core:security:preAndroidMainBuild"],"finalizers":[],"mustRunAfter":[],"shouldRunAfter":[]},{"path":":feature:backup:writeAndroidMainAarMetadata","type":"com.android.build.gradle.internal.tasks.AarMetadataTask_Decorated","enabled":true,"isTest":false,"isExec":false,"isJavaExec":false,"isArchive":false,"dependencies":[":feature:backup:preAndroidMainBuild"],"finalizers":[],"mustRunAfter":[],"shouldRunAfter":[]},{"path":":feature:credential:writeAndroidMainAarMetadata","type":"com.android.build.gradle.internal.tasks.AarMetadataTask_Decorated","enabled":true,"isTest":false,"isExec":false,"isJavaExec":false,"isArchive":false,"dependencies":[":feature:credential:preAndroidMainBuild"],"finalizers":[],"mustRunAfter":[],"shouldRunAfter":[]},{"path":":feature:generator:writeAndroidMainAarMetadata","type":"com.android.build.gradle.internal.tasks.AarMetadataTask_Decorated","enabled":true,"isTest":false,"isExec":false,"isJavaExec":false,"isArchive":false,"dependencies":[":feature:generator:preAndroidMainBuild"],"finalizers":[],"mustRunAfter":[],"shouldRunAfter":[]},{"path":":feature:health:writeAndroidMainAarMetadata","type":"com.android.build.gradle.internal.tasks.AarMetadataTask_Decorated","enabled":true,"isTest":false,"isExec":false,"isJavaExec":false,"isArchive":false,"dependencies":[":feature:health:preAndroidMainBuild"],"finalizers":[],"mustRunAfter":[],"shouldRunAfter":[]},{"path":":feature:onboarding:writeAndroidMainAarMetadata","type":"com.android.build.gradle.internal.tasks.AarMetadataTask_Decorated","enabled":true,"isTest":false,"isExec":false,"isJavaExec":false,"isArchive":false,"dependencies":[":feature:onboarding:preAndroidMainBuild"],"finalizers":[],"mustRunAfter":[],"shouldRunAfter":[]},{"path":":feature:settings:writeAndroidMainAarMetadata","type":"com.android.build.gradle.internal.tasks.AarMetadataTask_Decorated","enabled":true,"isTest":false,"isExec":false,"isJavaExec":false,"isArchive":false,"dependencies":[":feature:settings:preAndroidMainBuild"],"finalizers":[],"mustRunAfter":[],"shouldRunAfter":[]},{"path":":feature:unlock:writeAndroidMainAarMetadata","type":"com.android.build.gradle.internal.tasks.AarMetadataTask_Decorated","enabled":true,"isTest":false,"isExec":false,"isJavaExec":false,"isArchive":false,"dependencies":[":feature:unlock:preAndroidMainBuild"],"finalizers":[],"mustRunAfter":[],"shouldRunAfter":[]},{"path":":feature:vault:writeAndroidMainAarMetadata","type":"com.android.build.gradle.internal.tasks.AarMetadataTask_Decorated","enabled":true,"isTest":false,"isExec":false,"isJavaExec":false,"isArchive":false,"dependencies":[":feature:vault:preAndroidMainBuild"],"finalizers":[],"mustRunAfter":[],"shouldRunAfter":[]},{"path":":app-android:checkDebugAarMetadata","type":"com.android.build.gradle.internal.tasks.CheckAarMetadataTask_Decorated","enabled":true,"isTest":false,"isExec":false,"isJavaExec":false,"isArchive":false,"dependencies":[":app-android:preDebugBuild",":core:crypto:writeAndroidMainAarMetadata",":core:database:writeAndroidMainAarMetadata",":core:designsystem:writeAndroidMainAarMetadata",":core:domain:writeAndroidMainAarMetadata",":core:navigation:writeAndroidMainAarMetadata",":core:otp:writeAndroidMainAarMetadata",":core:security:writeAndroidMainAarMetadata",":feature:backup:writeAndroidMainAarMetadata",":feature:credential:writeAndroidMainAarMetadata",":feature:generator:writeAndroidMainAarMetadata",":feature:health:writeAndroidMainAarMetadata",":feature:onboarding:writeAndroidMainAarMetadata",":feature:settings:writeAndroidMainAarMetadata",":feature:unlock:writeAndroidMainAarMetadata",":feature:vault:writeAndroidMainAarMetadata",":shared:writeAndroidMainAarMetadata"],"finalizers":[],"mustRunAfter":[],"shouldRunAfter":[]},{"path":":app-android:mapDebugSourceSetPaths","type":"com.android.build.gradle.tasks.MapSourceSetPathsTask_Decorated","enabled":true,"isTest":false,"isExec":false,"isJavaExec":false,"isArchive":false,"dependencies":[":app-android:preDebugBuild"],"finalizers":[],"mustRunAfter":[],"shouldRunAfter":[]},{"path":":app-android:compileDebugNavigationResources","type":"com.android.build.gradle.tasks.CompileNavigationXmlTask_Decorated","enabled":true,"isTest":false,"isExec":false,"isJavaExec":false,"isArchive":false,"dependencies":[":app-android:mapDebugSourceSetPaths",":app-android:preDebugBuild",":app-android:processDebugNavigationResources"],"finalizers":[],"mustRunAfter":[],"shouldRunAfter":[]},{"path":":app-android:mergeDebugResources","type":"com.android.build.gradle.tasks.MergeResources_Decorated","enabled":true,"isTest":false,"isExec":false,"isJavaExec":false,"isArchive":false,"dependencies":[":app-android:generateDebugResources",":app-android:preDebugBuild",":core:crypto:generateAndroidMainEmptyResourceFiles",":core:database:generateAndroidMainEmptyResourceFiles",":core:designsystem:packageAndroidMainResources",":core:domain:generateAndroidMainEmptyResourceFiles",":core:navigation:generateAndroidMainEmptyResourceFiles",":core:otp:generateAndroidMainEmptyResourceFiles",":core:security:generateAndroidMainEmptyResourceFiles",":feature:backup:generateAndroidMainEmptyResourceFiles",":feature:credential:generateAndroidMainEmptyResourceFiles",":feature:generator:generateAndroidMainEmptyResourceFiles",":feature:health:generateAndroidMainEmptyResourceFiles",":feature:onboarding:generateAndroidMainEmptyResourceFiles",":feature:settings:generateAndroidMainEmptyResourceFiles",":feature:unlock:generateAndroidMainEmptyResourceFiles",":feature:vault:generateAndroidMainEmptyResourceFiles",":shared:generateAndroidMainEmptyResourceFiles"],"finalizers":[],"mustRunAfter":[],"shouldRunAfter":[]},{"path":":app-android:createDebugCompatibleScreenManifests","type":"com.android.build.gradle.tasks.CompatibleScreensManifest_Decorated","enabled":true,"isTest":false,"isExec":false,"isJavaExec":false,"isArchive":false,"dependencies":[":app-android:preDebugBuild"],"finalizers":[],"mustRunAfter":[],"shouldRunAfter":[]},{"path":":app-android:extractDeepLinksDebug","type":"com.android.build.gradle.tasks.ExtractDeepLinksTask_Decorated","enabled":true,"isTest":false,"isExec":false,"isJavaExec":false,"isArchive":false,"dependencies":[":app-android:preDebugBuild"],"finalizers":[],"mustRunAfter":[],"shouldRunAfter":[]},{"path":":shared:processAndroidMainManifest","type":"com.android.build.gradle.tasks.ProcessLibraryManifest_Decorated","enabled":true,"isTest":false,"isExec":false,"isJavaExec":false,"isArchive":false,"dependencies":[":shared:preAndroidMainBuild"],"finalizers":[],"mustRunAfter":[],"shouldRunAfter":[]},{"path":":core:crypto:processAndroidMainManifest","type":"com.android.build.gradle.tasks.ProcessLibraryManifest_Decorated","enabled":true,"isTest":false,"isExec":false,"isJavaExec":false,"isArchive":false,"dependencies":[":core:crypto:preAndroidMainBuild"],"finalizers":[],"mustRunAfter":[],"shouldRunAfter":[]},{"path":":core:database:processAndroidMainManifest","type":"com.android.build.gradle.tasks.ProcessLibraryManifest_Decorated","enabled":true,"isTest":false,"isExec":false,"isJavaExec":false,"isArchive":false,"dependencies":[":core:database:preAndroidMainBuild"],"finalizers":[],"mustRunAfter":[],"shouldRunAfter":[]},{"path":":core:designsystem:processAndroidMainManifest","type":"com.android.build.gradle.tasks.ProcessLibraryManifest_Decorated","enabled":true,"isTest":false,"isExec":false,"isJavaExec":false,"isArchive":false,"dependencies":[":core:designsystem:preAndroidMainBuild"],"finalizers":[],"mustRunAfter":[],"shouldRunAfter":[]},{"path":":core:domain:processAndroidMainManifest","type":"com.android.build.gradle.tasks.ProcessLibraryManifest_Decorated","enabled":true,"isTest":false,"isExec":false,"isJavaExec":false,"isArchive":false,"dependencies":[":core:domain:preAndroidMainBuild"],"finalizers":[],"mustRunAfter":[],"shouldRunAfter":[]},{"path":":core:navigation:processAndroidMainManifest","type":"com.android.build.gradle.tasks.ProcessLibraryManifest_Decorated","enabled":true,"isTest":false,"isExec":false,"isJavaExec":false,"isArchive":false,"dependencies":[":core:navigation:preAndroidMainBuild"],"finalizers":[],"mustRunAfter":[],"shouldRunAfter":[]},{"path":":core:otp:processAndroidMainManifest","type":"com.android.build.gradle.tasks.ProcessLibraryManifest_Decorated","enabled":true,"isTest":false,"isExec":false,"isJavaExec":false,"isArchive":false,"dependencies":[":core:otp:preAndroidMainBuild"],"finalizers":[],"mustRunAfter":[],"shouldRunAfter":[]},{"path":":core:security:processAndroidMainManifest","type":"com.android.build.gradle.tasks.ProcessLibraryManifest_Decorated","enabled":true,"isTest":false,"isExec":false,"isJavaExec":false,"isArchive":false,"dependencies":[":core:security:preAndroidMainBuild"],"finalizers":[],"mustRunAfter":[],"shouldRunAfter":[]},{"path":":feature:backup:processAndroidMainManifest","type":"com.android.build.gradle.tasks.ProcessLibraryManifest_Decorated","enabled":true,"isTest":false,"isExec":false,"isJavaExec":false,"isArchive":false,"dependencies":[":feature:backup:preAndroidMainBuild"],"finalizers":[],"mustRunAfter":[],"shouldRunAfter":[]},{"path":":feature:credential:processAndroidMainManifest","type":"com.android.build.gradle.tasks.ProcessLibraryManifest_Decorated","enabled":true,"isTest":false,"isExec":false,"isJavaExec":false,"isArchive":false,"dependencies":[":feature:credential:preAndroidMainBuild"],"finalizers":[],"mustRunAfter":[],"shouldRunAfter":[]},{"path":":feature:generator:processAndroidMainManifest","type":"com.android.build.gradle.tasks.ProcessLibraryManifest_Decorated","enabled":true,"isTest":false,"isExec":false,"isJavaExec":false,"isArchive":false,"dependencies":[":feature:generator:preAndroidMainBuild"],"finalizers":[],"mustRunAfter":[],"shouldRunAfter":[]},{"path":":feature:health:processAndroidMainManifest","type":"com.android.build.gradle.tasks.ProcessLibraryManifest_Decorated","enabled":true,"isTest":false,"isExec":false,"isJavaExec":false,"isArchive":false,"dependencies":[":feature:health:preAndroidMainBuild"],"finalizers":[],"mustRunAfter":[],"shouldRunAfter":[]},{"path":":feature:onboarding:processAndroidMainManifest","type":"com.android.build.gradle.tasks.ProcessLibraryManifest_Decorated","enabled":true,"isTest":false,"isExec":false,"isJavaExec":false,"isArchive":false,"dependencies":[":feature:onboarding:preAndroidMainBuild"],"finalizers":[],"mustRunAfter":[],"shouldRunAfter":[]},{"path":":feature:settings:processAndroidMainManifest","type":"com.android.build.gradle.tasks.ProcessLibraryManifest_Decorated","enabled":true,"isTest":false,"isExec":false,"isJavaExec":false,"isArchive":false,"dependencies":[":feature:settings:preAndroidMainBuild"],"finalizers":[],"mustRunAfter":[],"shouldRunAfter":[]},{"path":":feature:unlock:processAndroidMainManifest","type":"com.android.build.gradle.tasks.ProcessLibraryManifest_Decorated","enabled":true,"isTest":false,"isExec":false,"isJavaExec":false,"isArchive":false,"dependencies":[":feature:unlock:preAndroidMainBuild"],"finalizers":[],"mustRunAfter":[],"shouldRunAfter":[]},{"path":":feature:vault:processAndroidMainManifest","type":"com.android.build.gradle.tasks.ProcessLibraryManifest_Decorated","enabled":true,"isTest":false,"isExec":false,"isJavaExec":false,"isArchive":false,"dependencies":[":feature:vault:preAndroidMainBuild"],"finalizers":[],"mustRunAfter":[],"shouldRunAfter":[]},{"path":":app-android:processDebugMainManifest","type":"com.android.build.gradle.tasks.ProcessApplicationManifest_Decorated","enabled":true,"isTest":false,"isExec":false,"isJavaExec":false,"isArchive":false,"dependencies":[":app-android:extractDeepLinksDebug",":app-android:preDebugBuild",":core:crypto:processAndroidMainManifest",":core:database:processAndroidMainManifest",":core:designsystem:processAndroidMainManifest",":core:domain:processAndroidMainManifest",":core:navigation:processAndroidMainManifest",":core:otp:processAndroidMainManifest",":core:security:processAndroidMainManifest",":feature:backup:processAndroidMainManifest",":feature:credential:processAndroidMainManifest",":feature:generator:processAndroidMainManifest",":feature:health:processAndroidMainManifest",":feature:onboarding:processAndroidMainManifest",":feature:settings:processAndroidMainManifest",":feature:unlock:processAndroidMainManifest",":feature:vault:processAndroidMainManifest",":shared:processAndroidMainManifest"],"finalizers":[],"mustRunAfter":[],"shouldRunAfter":[]},{"path":":app-android:processDebugManifest","type":"com.android.build.gradle.tasks.ProcessMultiApkApplicationManifest_Decorated","enabled":true,"isTest":false,"isExec":false,"isJavaExec":false,"isArchive":false,"dependencies":[":app-android:createDebugCompatibleScreenManifests",":app-android:preDebugBuild",":app-android:processDebugMainManifest"],"finalizers":[],"mustRunAfter":[],"shouldRunAfter":[]},{"path":":app-android:processDebugManifestForPackage","type":"com.android.build.gradle.tasks.ProcessPackagedManifestTask_Decorated","enabled":true,"isTest":false,"isExec":false,"isJavaExec":false,"isArchive":false,"dependencies":[":app-android:preDebugBuild",":app-android:processDebugManifest"],"finalizers":[],"mustRunAfter":[],"shouldRunAfter":[]},{"path":":core:designsystem:mapAndroidMainSourceSetPaths","type":"com.android.build.gradle.tasks.MapSourceSetPathsTask_Decorated","enabled":true,"isTest":false,"isExec":false,"isJavaExec":false,"isArchive":false,"dependencies":[":core:designsystem:preAndroidMainBuild"],"finalizers":[],"mustRunAfter":[],"shouldRunAfter":[]},{"path":":core:designsystem:compileAndroidMainLibraryResources","type":"com.android.build.gradle.tasks.CompileLibraryResourcesTask_Decorated","enabled":true,"isTest":false,"isExec":false,"isJavaExec":false,"isArchive":false,"dependencies":[":core:designsystem:generateAndroidMainEmptyResourceFiles",":core:designsystem:mapAndroidMainSourceSetPaths",":core:designsystem:packageAndroidMainResources",":core:designsystem:preAndroidMainBuild"],"finalizers":[],"mustRunAfter":[],"shouldRunAfter":[]},{"path":":app-android:processDebugResources","type":"com.android.build.gradle.internal.res.LinkApplicationAndroidResourcesTask_Decorated","enabled":true,"isTest":false,"isExec":false,"isJavaExec":false,"isArchive":false,"dependencies":[":app-android:checkDebugAarMetadata",":app-android:compileDebugNavigationResources",":app-android:mapDebugSourceSetPaths",":app-android:mergeDebugResources",":app-android:parseDebugLocalResources",":app-android:preDebugBuild",":app-android:processDebugManifest",":app-android:processDebugManifestForPackage",":core:designsystem:compileAndroidMainLibraryResources",":core:designsystem:generateAndroidMainRFile",":core:designsystem:mapAndroidMainSourceSetPaths"],"finalizers":[],"mustRunAfter":[],"shouldRunAfter":[]},{"path":":app-android:bundleDebugClassesToRuntimeJar","type":"com.android.build.gradle.internal.feature.BundleAllClasses_Decorated","enabled":true,"isTest":false,"isExec":false,"isJavaExec":false,"isArchive":false,"dependencies":[":app-android:compileDebugJavaWithJavac",":app-android:compileDebugKotlin",":app-android:preDebugBuild",":app-android:processDebugResources"],"finalizers":[],"mustRunAfter":[],"shouldRunAfter":[]},{"path":":app-android:bundleDebugClassesToCompileJar","type":"com.android.build.gradle.internal.feature.BundleAllClasses_Decorated","enabled":true,"isTest":false,"isExec":false,"isJavaExec":false,"isArchive":false,"dependencies":[":app-android:compileDebugJavaWithJavac",":app-android:compileDebugKotlin",":app-android:preDebugBuild",":app-android:processDebugResources"],"finalizers":[],"mustRunAfter":[],"shouldRunAfter":[]},{"path":":app-android:preDebugUnitTestBuild","type":"com.android.build.gradle.internal.tasks.AndroidVariantTask_Decorated","enabled":true,"isTest":false,"isExec":false,"isJavaExec":false,"isArchive":false,"dependencies":[":app-android:preBuild"],"finalizers":[],"mustRunAfter":[],"shouldRunAfter":[]},{"path":":app-android:compileDebugUnitTestKotlin","type":"org.jetbrains.kotlin.gradle.tasks.KotlinCompile_Decorated","enabled":true,"isTest":false,"isExec":false,"isJavaExec":false,"isArchive":false,"dependencies":[":app-android:bundleDebugClassesToCompileJar",":app-android:preDebugUnitTestBuild",":app-android:processDebugResources",":core:crypto:bundleAndroidMainClassesToCompileJar",":core:database:bundleAndroidMainClassesToCompileJar",":core:designsystem:bundleAndroidMainClassesToCompileJar",":core:domain:bundleAndroidMainClassesToCompileJar",":core:navigation:bundleAndroidMainClassesToCompileJar",":core:otp:bundleAndroidMainClassesToCompileJar",":core:security:bundleAndroidMainClassesToCompileJar",":feature:backup:bundleAndroidMainClassesToCompileJar",":feature:credential:bundleAndroidMainClassesToCompileJar",":feature:generator:bundleAndroidMainClassesToCompileJar",":feature:health:bundleAndroidMainClassesToCompileJar",":feature:onboarding:bundleAndroidMainClassesToCompileJar",":feature:settings:bundleAndroidMainClassesToCompileJar",":feature:unlock:bundleAndroidMainClassesToCompileJar",":feature:vault:bundleAndroidMainClassesToCompileJar",":shared:bundleAndroidMainClassesToCompileJar"],"finalizers":[],"mustRunAfter":[],"shouldRunAfter":[]},{"path":":app-android:javaPreCompileDebugUnitTest","type":"com.android.build.gradle.tasks.JavaPreCompileTask_Decorated","enabled":true,"isTest":false,"isExec":false,"isJavaExec":false,"isArchive":false,"dependencies":[":app-android:preDebugUnitTestBuild"],"finalizers":[],"mustRunAfter":[],"shouldRunAfter":[]},{"path":":app-android:compileDebugUnitTestJavaWithJavac","type":"org.gradle.api.tasks.compile.JavaCompile_Decorated","enabled":true,"isTest":false,"isExec":false,"isJavaExec":false,"isArchive":false,"dependencies":[":app-android:bundleDebugClassesToCompileJar",":app-android:compileDebugUnitTestKotlin",":app-android:javaPreCompileDebugUnitTest",":app-android:preDebugUnitTestBuild",":app-android:processDebugResources",":core:crypto:bundleAndroidMainClassesToCompileJar",":core:database:bundleAndroidMainClassesToCompileJar",":core:designsystem:bundleAndroidMainClassesToCompileJar",":core:domain:bundleAndroidMainClassesToCompileJar",":core:navigation:bundleAndroidMainClassesToCompileJar",":core:otp:bundleAndroidMainClassesToCompileJar",":core:security:bundleAndroidMainClassesToCompileJar",":feature:backup:bundleAndroidMainClassesToCompileJar",":feature:credential:bundleAndroidMainClassesToCompileJar",":feature:generator:bundleAndroidMainClassesToCompileJar",":feature:health:bundleAndroidMainClassesToCompileJar",":feature:onboarding:bundleAndroidMainClassesToCompileJar",":feature:settings:bundleAndroidMainClassesToCompileJar",":feature:unlock:bundleAndroidMainClassesToCompileJar",":feature:vault:bundleAndroidMainClassesToCompileJar",":shared:bundleAndroidMainClassesToCompileJar"],"finalizers":[],"mustRunAfter":[],"shouldRunAfter":[]},{"path":":app-android:generateDebugAssets","type":"org.gradle.api.DefaultTask_Decorated","enabled":true,"isTest":false,"isExec":false,"isJavaExec":false,"isArchive":false,"dependencies":[],"finalizers":[],"mustRunAfter":[],"shouldRunAfter":[]},{"path":":app-android:prepareAndroidLegalAssets","type":"Build_gradle$PrepareAndroidLegalAssets_Decorated","enabled":true,"isTest":false,"isExec":false,"isJavaExec":false,"isArchive":false,"dependencies":[],"finalizers":[],"mustRunAfter":[],"shouldRunAfter":[]},{"path":":core:designsystem:generateAndroidMainAssets","type":"org.gradle.api.DefaultTask_Decorated","enabled":true,"isTest":false,"isExec":false,"isJavaExec":false,"isArchive":false,"dependencies":[],"finalizers":[],"mustRunAfter":[],"shouldRunAfter":[]},{"path":":core:designsystem:mergeAndroidMainAssets","type":"com.android.build.gradle.tasks.MergeSourceSetFolders_Decorated","enabled":true,"isTest":false,"isExec":false,"isJavaExec":false,"isArchive":false,"dependencies":[":core:designsystem:copyAndroidMainComposeResourcesToAndroidAssets",":core:designsystem:generateAndroidMainAssets",":core:designsystem:preAndroidMainBuild"],"finalizers":[],"mustRunAfter":[],"shouldRunAfter":[]},{"path":":app-android:mergeDebugAssets","type":"com.android.build.gradle.tasks.MergeSourceSetFolders_Decorated","enabled":true,"isTest":false,"isExec":false,"isJavaExec":false,"isArchive":false,"dependencies":[":app-android:generateDebugAssets",":app-android:preDebugBuild",":app-android:prepareAndroidLegalAssets",":core:designsystem:mergeAndroidMainAssets"],"finalizers":[],"mustRunAfter":[],"shouldRunAfter":[]},{"path":":app-android:packageDebugUnitTestForUnitTest","type":"com.android.build.gradle.internal.tasks.PackageForHostTest_Decorated","enabled":true,"isTest":false,"isExec":false,"isJavaExec":false,"isArchive":false,"dependencies":[":app-android:mergeDebugAssets",":app-android:preDebugUnitTestBuild",":app-android:processDebugResources"],"finalizers":[],"mustRunAfter":[],"shouldRunAfter":[]},{"path":":app-android:mergeDebugUnitTestManifest","type":"com.android.build.gradle.tasks.ProcessTestManifest_Decorated","enabled":true,"isTest":false,"isExec":false,"isJavaExec":false,"isArchive":false,"dependencies":[":app-android:extractDeepLinksDebug",":app-android:preDebugUnitTestBuild",":app-android:processDebugMainManifest",":core:crypto:processAndroidMainManifest",":core:database:processAndroidMainManifest",":core:designsystem:processAndroidMainManifest",":core:domain:processAndroidMainManifest",":core:navigation:processAndroidMainManifest",":core:otp:processAndroidMainManifest",":core:security:processAndroidMainManifest",":feature:backup:processAndroidMainManifest",":feature:credential:processAndroidMainManifest",":feature:generator:processAndroidMainManifest",":feature:health:processAndroidMainManifest",":feature:onboarding:processAndroidMainManifest",":feature:settings:processAndroidMainManifest",":feature:unlock:processAndroidMainManifest",":feature:vault:processAndroidMainManifest",":shared:processAndroidMainManifest"],"finalizers":[],"mustRunAfter":[],"shouldRunAfter":[]},{"path":":app-android:processDebugUnitTestManifest","type":"com.android.build.gradle.tasks.ProcessTestManifestPackaging_Decorated","enabled":true,"isTest":false,"isExec":false,"isJavaExec":false,"isArchive":false,"dependencies":[":app-android:mergeDebugUnitTestManifest",":app-android:preDebugUnitTestBuild"],"finalizers":[],"mustRunAfter":[],"shouldRunAfter":[]},{"path":":app-android:generateDebugUnitTestConfig","type":"com.android.build.gradle.tasks.GenerateTestConfig_Decorated","enabled":true,"isTest":false,"isExec":false,"isJavaExec":false,"isArchive":false,"dependencies":[":app-android:mergeDebugAssets",":app-android:packageDebugUnitTestForUnitTest",":app-android:preDebugUnitTestBuild",":app-android:processDebugUnitTestManifest"],"finalizers":[],"mustRunAfter":[],"shouldRunAfter":[]},{"path":":app-android:processDebugJavaRes","type":"com.android.build.gradle.internal.tasks.ProcessJavaResTask_Decorated","enabled":true,"isTest":false,"isExec":false,"isJavaExec":false,"isArchive":false,"dependencies":[":app-android:compileDebugKotlin"],"finalizers":[],"mustRunAfter":[],"shouldRunAfter":[]},{"path":":app-android:processDebugUnitTestJavaRes","type":"com.android.build.gradle.internal.tasks.ProcessJavaResTask_Decorated","enabled":true,"isTest":false,"isExec":false,"isJavaExec":false,"isArchive":false,"dependencies":[":app-android:compileDebugUnitTestKotlin"],"finalizers":[],"mustRunAfter":[],"shouldRunAfter":[]},{"path":":shared:bundleAndroidMainClassesToRuntimeJar","type":"com.android.build.gradle.internal.tasks.BundleLibraryClassesJar_Decorated","enabled":true,"isTest":false,"isExec":false,"isJavaExec":false,"isArchive":false,"dependencies":[":shared:compileAndroidMain",":shared:preAndroidMainBuild"],"finalizers":[],"mustRunAfter":[],"shouldRunAfter":[]},{"path":":shared:processAndroidMainJavaRes","type":"com.android.build.gradle.internal.tasks.ProcessJavaResTask_Decorated","enabled":true,"isTest":false,"isExec":false,"isJavaExec":false,"isArchive":false,"dependencies":[":shared:compileAndroidMain"],"finalizers":[],"mustRunAfter":[],"shouldRunAfter":[]},{"path":":core:crypto:bundleAndroidMainClassesToRuntimeJar","type":"com.android.build.gradle.internal.tasks.BundleLibraryClassesJar_Decorated","enabled":true,"isTest":false,"isExec":false,"isJavaExec":false,"isArchive":false,"dependencies":[":core:crypto:compileAndroidMain",":core:crypto:preAndroidMainBuild"],"finalizers":[],"mustRunAfter":[],"shouldRunAfter":[]},{"path":":core:crypto:processAndroidMainJavaRes","type":"com.android.build.gradle.internal.tasks.ProcessJavaResTask_Decorated","enabled":true,"isTest":false,"isExec":false,"isJavaExec":false,"isArchive":false,"dependencies":[":core:crypto:compileAndroidMain"],"finalizers":[],"mustRunAfter":[],"shouldRunAfter":[]},{"path":":core:database:bundleAndroidMainClassesToRuntimeJar","type":"com.android.build.gradle.internal.tasks.BundleLibraryClassesJar_Decorated","enabled":true,"isTest":false,"isExec":false,"isJavaExec":false,"isArchive":false,"dependencies":[":core:database:compileAndroidMain",":core:database:preAndroidMainBuild"],"finalizers":[],"mustRunAfter":[],"shouldRunAfter":[]},{"path":":core:database:processAndroidMainJavaRes","type":"com.android.build.gradle.internal.tasks.ProcessJavaResTask_Decorated","enabled":true,"isTest":false,"isExec":false,"isJavaExec":false,"isArchive":false,"dependencies":[":core:database:compileAndroidMain"],"finalizers":[],"mustRunAfter":[],"shouldRunAfter":[]},{"path":":core:designsystem:bundleAndroidMainClassesToRuntimeJar","type":"com.android.build.gradle.internal.tasks.BundleLibraryClassesJar_Decorated","enabled":true,"isTest":false,"isExec":false,"isJavaExec":false,"isArchive":false,"dependencies":[":core:designsystem:compileAndroidMain",":core:designsystem:preAndroidMainBuild"],"finalizers":[],"mustRunAfter":[],"shouldRunAfter":[]},{"path":":core:designsystem:processAndroidMainJavaRes","type":"com.android.build.gradle.internal.tasks.ProcessJavaResTask_Decorated","enabled":true,"isTest":false,"isExec":false,"isJavaExec":false,"isArchive":false,"dependencies":[":core:designsystem:compileAndroidMain"],"finalizers":[],"mustRunAfter":[],"shouldRunAfter":[]},{"path":":core:domain:bundleAndroidMainClassesToRuntimeJar","type":"com.android.build.gradle.internal.tasks.BundleLibraryClassesJar_Decorated","enabled":true,"isTest":false,"isExec":false,"isJavaExec":false,"isArchive":false,"dependencies":[":core:domain:compileAndroidMain",":core:domain:preAndroidMainBuild"],"finalizers":[],"mustRunAfter":[],"shouldRunAfter":[]},{"path":":core:domain:processAndroidMainJavaRes","type":"com.android.build.gradle.internal.tasks.ProcessJavaResTask_Decorated","enabled":true,"isTest":false,"isExec":false,"isJavaExec":false,"isArchive":false,"dependencies":[":core:domain:compileAndroidMain"],"finalizers":[],"mustRunAfter":[],"shouldRunAfter":[]},{"path":":core:navigation:bundleAndroidMainClassesToRuntimeJar","type":"com.android.build.gradle.internal.tasks.BundleLibraryClassesJar_Decorated","enabled":true,"isTest":false,"isExec":false,"isJavaExec":false,"isArchive":false,"dependencies":[":core:navigation:compileAndroidMain",":core:navigation:preAndroidMainBuild"],"finalizers":[],"mustRunAfter":[],"shouldRunAfter":[]},{"path":":core:navigation:processAndroidMainJavaRes","type":"com.android.build.gradle.internal.tasks.ProcessJavaResTask_Decorated","enabled":true,"isTest":false,"isExec":false,"isJavaExec":false,"isArchive":false,"dependencies":[":core:navigation:compileAndroidMain"],"finalizers":[],"mustRunAfter":[],"shouldRunAfter":[]},{"path":":core:otp:bundleAndroidMainClassesToRuntimeJar","type":"com.android.build.gradle.internal.tasks.BundleLibraryClassesJar_Decorated","enabled":true,"isTest":false,"isExec":false,"isJavaExec":false,"isArchive":false,"dependencies":[":core:otp:compileAndroidMain",":core:otp:preAndroidMainBuild"],"finalizers":[],"mustRunAfter":[],"shouldRunAfter":[]},{"path":":core:otp:processAndroidMainJavaRes","type":"com.android.build.gradle.internal.tasks.ProcessJavaResTask_Decorated","enabled":true,"isTest":false,"isExec":false,"isJavaExec":false,"isArchive":false,"dependencies":[":core:otp:compileAndroidMain"],"finalizers":[],"mustRunAfter":[],"shouldRunAfter":[]},{"path":":core:security:bundleAndroidMainClassesToRuntimeJar","type":"com.android.build.gradle.internal.tasks.BundleLibraryClassesJar_Decorated","enabled":true,"isTest":false,"isExec":false,"isJavaExec":false,"isArchive":false,"dependencies":[":core:security:compileAndroidMain",":core:security:preAndroidMainBuild"],"finalizers":[],"mustRunAfter":[],"shouldRunAfter":[]},{"path":":core:security:processAndroidMainJavaRes","type":"com.android.build.gradle.internal.tasks.ProcessJavaResTask_Decorated","enabled":true,"isTest":false,"isExec":false,"isJavaExec":false,"isArchive":false,"dependencies":[":core:security:compileAndroidMain"],"finalizers":[],"mustRunAfter":[],"shouldRunAfter":[]},{"path":":feature:backup:bundleAndroidMainClassesToRuntimeJar","type":"com.android.build.gradle.internal.tasks.BundleLibraryClassesJar_Decorated","enabled":true,"isTest":false,"isExec":false,"isJavaExec":false,"isArchive":false,"dependencies":[":feature:backup:compileAndroidMain",":feature:backup:preAndroidMainBuild"],"finalizers":[],"mustRunAfter":[],"shouldRunAfter":[]},{"path":":feature:backup:processAndroidMainJavaRes","type":"com.android.build.gradle.internal.tasks.ProcessJavaResTask_Decorated","enabled":true,"isTest":false,"isExec":false,"isJavaExec":false,"isArchive":false,"dependencies":[":feature:backup:compileAndroidMain"],"finalizers":[],"mustRunAfter":[],"shouldRunAfter":[]},{"path":":feature:credential:bundleAndroidMainClassesToRuntimeJar","type":"com.android.build.gradle.internal.tasks.BundleLibraryClassesJar_Decorated","enabled":true,"isTest":false,"isExec":false,"isJavaExec":false,"isArchive":false,"dependencies":[":feature:credential:compileAndroidMain",":feature:credential:preAndroidMainBuild"],"finalizers":[],"mustRunAfter":[],"shouldRunAfter":[]},{"path":":feature:credential:processAndroidMainJavaRes","type":"com.android.build.gradle.internal.tasks.ProcessJavaResTask_Decorated","enabled":true,"isTest":false,"isExec":false,"isJavaExec":false,"isArchive":false,"dependencies":[":feature:credential:compileAndroidMain"],"finalizers":[],"mustRunAfter":[],"shouldRunAfter":[]},{"path":":feature:generator:bundleAndroidMainClassesToRuntimeJar","type":"com.android.build.gradle.internal.tasks.BundleLibraryClassesJar_Decorated","enabled":true,"isTest":false,"isExec":false,"isJavaExec":false,"isArchive":false,"dependencies":[":feature:generator:compileAndroidMain",":feature:generator:preAndroidMainBuild"],"finalizers":[],"mustRunAfter":[],"shouldRunAfter":[]},{"path":":feature:generator:processAndroidMainJavaRes","type":"com.android.build.gradle.internal.tasks.ProcessJavaResTask_Decorated","enabled":true,"isTest":false,"isExec":false,"isJavaExec":false,"isArchive":false,"dependencies":[":feature:generator:compileAndroidMain"],"finalizers":[],"mustRunAfter":[],"shouldRunAfter":[]},{"path":":feature:health:bundleAndroidMainClassesToRuntimeJar","type":"com.android.build.gradle.internal.tasks.BundleLibraryClassesJar_Decorated","enabled":true,"isTest":false,"isExec":false,"isJavaExec":false,"isArchive":false,"dependencies":[":feature:health:compileAndroidMain",":feature:health:preAndroidMainBuild"],"finalizers":[],"mustRunAfter":[],"shouldRunAfter":[]},{"path":":feature:health:processAndroidMainJavaRes","type":"com.android.build.gradle.internal.tasks.ProcessJavaResTask_Decorated","enabled":true,"isTest":false,"isExec":false,"isJavaExec":false,"isArchive":false,"dependencies":[":feature:health:compileAndroidMain"],"finalizers":[],"mustRunAfter":[],"shouldRunAfter":[]},{"path":":feature:onboarding:bundleAndroidMainClassesToRuntimeJar","type":"com.android.build.gradle.internal.tasks.BundleLibraryClassesJar_Decorated","enabled":true,"isTest":false,"isExec":false,"isJavaExec":false,"isArchive":false,"dependencies":[":feature:onboarding:compileAndroidMain",":feature:onboarding:preAndroidMainBuild"],"finalizers":[],"mustRunAfter":[],"shouldRunAfter":[]},{"path":":feature:onboarding:processAndroidMainJavaRes","type":"com.android.build.gradle.internal.tasks.ProcessJavaResTask_Decorated","enabled":true,"isTest":false,"isExec":false,"isJavaExec":false,"isArchive":false,"dependencies":[":feature:onboarding:compileAndroidMain"],"finalizers":[],"mustRunAfter":[],"shouldRunAfter":[]},{"path":":feature:settings:bundleAndroidMainClassesToRuntimeJar","type":"com.android.build.gradle.internal.tasks.BundleLibraryClassesJar_Decorated","enabled":true,"isTest":false,"isExec":false,"isJavaExec":false,"isArchive":false,"dependencies":[":feature:settings:compileAndroidMain",":feature:settings:preAndroidMainBuild"],"finalizers":[],"mustRunAfter":[],"shouldRunAfter":[]},{"path":":feature:settings:processAndroidMainJavaRes","type":"com.android.build.gradle.internal.tasks.ProcessJavaResTask_Decorated","enabled":true,"isTest":false,"isExec":false,"isJavaExec":false,"isArchive":false,"dependencies":[":feature:settings:compileAndroidMain"],"finalizers":[],"mustRunAfter":[],"shouldRunAfter":[]},{"path":":feature:unlock:bundleAndroidMainClassesToRuntimeJar","type":"com.android.build.gradle.internal.tasks.BundleLibraryClassesJar_Decorated","enabled":true,"isTest":false,"isExec":false,"isJavaExec":false,"isArchive":false,"dependencies":[":feature:unlock:compileAndroidMain",":feature:unlock:preAndroidMainBuild"],"finalizers":[],"mustRunAfter":[],"shouldRunAfter":[]},{"path":":feature:unlock:processAndroidMainJavaRes","type":"com.android.build.gradle.internal.tasks.ProcessJavaResTask_Decorated","enabled":true,"isTest":false,"isExec":false,"isJavaExec":false,"isArchive":false,"dependencies":[":feature:unlock:compileAndroidMain"],"finalizers":[],"mustRunAfter":[],"shouldRunAfter":[]},{"path":":feature:vault:bundleAndroidMainClassesToRuntimeJar","type":"com.android.build.gradle.internal.tasks.BundleLibraryClassesJar_Decorated","enabled":true,"isTest":false,"isExec":false,"isJavaExec":false,"isArchive":false,"dependencies":[":feature:vault:compileAndroidMain",":feature:vault:preAndroidMainBuild"],"finalizers":[],"mustRunAfter":[],"shouldRunAfter":[]},{"path":":feature:vault:processAndroidMainJavaRes","type":"com.android.build.gradle.internal.tasks.ProcessJavaResTask_Decorated","enabled":true,"isTest":false,"isExec":false,"isJavaExec":false,"isArchive":false,"dependencies":[":feature:vault:compileAndroidMain"],"finalizers":[],"mustRunAfter":[],"shouldRunAfter":[]},{"path":":app-android:testDebugUnitTest","type":"com.android.build.gradle.tasks.factory.AndroidUnitTest_Decorated","enabled":true,"isTest":true,"isExec":false,"isJavaExec":false,"isArchive":false,"dependencies":[":app-android:bundleDebugClassesToRuntimeJar",":app-android:compileDebugUnitTestJavaWithJavac",":app-android:compileDebugUnitTestKotlin",":app-android:generateDebugUnitTestConfig",":app-android:mergeDebugAssets",":app-android:packageDebugUnitTestForUnitTest",":app-android:preDebugUnitTestBuild",":app-android:processDebugJavaRes",":app-android:processDebugResources",":app-android:processDebugUnitTestJavaRes",":app-android:processDebugUnitTestManifest",":core:crypto:bundleAndroidMainClassesToRuntimeJar",":core:crypto:processAndroidMainJavaRes",":core:database:bundleAndroidMainClassesToRuntimeJar",":core:database:processAndroidMainJavaRes",":core:designsystem:bundleAndroidMainClassesToRuntimeJar",":core:designsystem:processAndroidMainJavaRes",":core:domain:bundleAndroidMainClassesToRuntimeJar",":core:domain:processAndroidMainJavaRes",":core:navigation:bundleAndroidMainClassesToRuntimeJar",":core:navigation:processAndroidMainJavaRes",":core:otp:bundleAndroidMainClassesToRuntimeJar",":core:otp:processAndroidMainJavaRes",":core:security:bundleAndroidMainClassesToRuntimeJar",":core:security:processAndroidMainJavaRes",":feature:backup:bundleAndroidMainClassesToRuntimeJar",":feature:backup:processAndroidMainJavaRes",":feature:credential:bundleAndroidMainClassesToRuntimeJar",":feature:credential:processAndroidMainJavaRes",":feature:generator:bundleAndroidMainClassesToRuntimeJar",":feature:generator:processAndroidMainJavaRes",":feature:health:bundleAndroidMainClassesToRuntimeJar",":feature:health:processAndroidMainJavaRes",":feature:onboarding:bundleAndroidMainClassesToRuntimeJar",":feature:onboarding:processAndroidMainJavaRes",":feature:settings:bundleAndroidMainClassesToRuntimeJar",":feature:settings:processAndroidMainJavaRes",":feature:unlock:bundleAndroidMainClassesToRuntimeJar",":feature:unlock:processAndroidMainJavaRes",":feature:vault:bundleAndroidMainClassesToRuntimeJar",":feature:vault:processAndroidMainJavaRes",":shared:bundleAndroidMainClassesToRuntimeJar",":shared:processAndroidMainJavaRes"],"finalizers":[],"mustRunAfter":[],"shouldRunAfter":[]}],"testTasks":[":app-android:testDebugUnitTest"],"targetPolicy":{"enabled":true,"includePatterns":["com.passvault.android.security.AndroidClipboardServiceTest.newSensitiveCopyDoesNotInheritAnUnavailablePendingClearOrPriorExpiry"],"excludePatterns":[],"commandLineIncludePatterns":[],"failOnNoMatchingTests":true,"ignoreFailures":false,"maxParallelForks":1,"forkEvery":0},"selectedOutputs":[{"task":":app-android:testDebugUnitTest","api":"Test.reports.junitXml.outputLocation","root":"/root/projects/PassVault/audit-runtime-linux-android-host-graph04/checkout/app-android/build/test-results/testDebugUnitTest"},{"task":":app-android:prepareAndroidLegalAssets","api":"PrepareAndroidLegalAssets.getOutputDirectory","root":"/root/projects/PassVault/audit-runtime-linux-android-host-graph04/checkout/app-android/build/generated/assets/prepareAndroidLegalAssets"}],"edgeReferences":663,"legalGetterBinding":"SOURCE_HIERARCHY_MATCHED_LEXICAL_PATH_ONLY","outputPathScope":"LEXICAL_ONLY_PHYSICAL_AND_SYNC_DELETE_BOUNDARY_UNBOUND","otherOutputRoles":"UNBOUND_NOT_QUERIED","allTasksAreObservationsNotAnExecutionAllowlist":true}
Build 2dfbbf23-075b-40e3-ad21-5526133febd0 is closed
PASSVAULT_ANDROID_HOST_GRAPH04={"format":"passvault-android-host-graph04-receipt-v1","runId":"linux-android-host-graph04","sourceManifestSha256":"5eed5ec803e336c3868d1fe4255f02535fda3672ed5455e7499d7b9ffc881aa6","subjectSha256":"ea3b535b99390d4850269bcc2089c8f6e26c1096cd17052ef361fae3ba5b3332","selector":[":app-android:testDebugUnitTest"],"methodFilter":"com.passvault.android.security.AndroidClipboardServiceTest.newSensitiveCopyDoesNotInheritAnUnavailablePendingClearOrPriorExpiry","graphOnly":true,"kind":"finished","phase":"intended-refusal","graphCount":1,"whenReadyEntries":1,"finishCallbacks":1,"beforeTaskEntries":0,"afterTaskEvents":0,"taskActionsAdmitted":false,"localExpectedRefusal":true,"failureTree":{"complete":true,"onlyIntendedAtCallback":true,"root":0,"nodes":[{"id":0,"type":"org.gradle.internal.exceptions.LocationAwareException","intendedIdentity":false,"children":[1],"suppressedCount":0},{"id":1,"type":"PassVaultAndroidHostGraphOnlyRefusal","intendedIdentity":true,"children":[],"suppressedCount":0}],"errorType":null},"finalProcessAndLogReviewRequired":true,"observedTestCases":0,"qualification":"Callback-local tree and task-entry guards; configuration can execute code and write files."}

[Incubating] Problems report is available at: file:///root/projects/PassVault/audit-runtime-linux-android-host-graph04/checkout/build/reports/problems/problems-report.html

FAILURE: Build failed with an exception.

* Where:
Initialization script '/root/projects/PassVault/passvault-linux/scripts/audit/android_host_graph_04.init.gradle' line: 521

* What went wrong:
PASSVAULT_ANDROID_HOST_GRAPH04_INTENDED_PREACTION_REFUSAL

* Try:
> Run with --debug option to get more log output.
> Run with --scan to get full insights from a Build Scan (powered by Develocity).
> Get more help at https://help.gradle.org.

* Exception is:
PassVaultAndroidHostGraphOnlyRefusal: PASSVAULT_ANDROID_HOST_GRAPH04_INTENDED_PREACTION_REFUSAL
	at org.gradle.internal.instrumentation.api.groovybytecode.MethodHandleInvocation.callNext(MethodHandleInvocation.java:63)
	at org.gradle.internal.classpath.intercept.DefaultCallSiteDecorator$1.intercept(DefaultCallSiteDecorator.java:88)
	at org.gradle.internal.instrumentation.api.groovybytecode.AbstractCallInterceptor.interceptMethodHandle(AbstractCallInterceptor.java:66)
	at android_host_graph_04_init_86h513b4sq6ktxb3hundghwz0$_run_closure31.doCall$original(/root/projects/PassVault/passvault-linux/scripts/audit/android_host_graph_04.init.gradle:521)
	at android_host_graph_04_init_86h513b4sq6ktxb3hundghwz0$_run_closure31.doCall(/root/projects/PassVault/passvault-linux/scripts/audit/android_host_graph_04.init.gradle)
	at org.gradle.configuration.internal.DefaultListenerBuildOperationDecorator$BuildOperationEmittingClosure$1.lambda$run$0(DefaultListenerBuildOperationDecorator.java:201)
	at org.gradle.internal.code.DefaultUserCodeApplicationContext$CurrentApplication.reapply(DefaultUserCodeApplicationContext.java:99)
	at org.gradle.configuration.internal.DefaultListenerBuildOperationDecorator$BuildOperationEmittingClosure$1.run(DefaultListenerBuildOperationDecorator.java:198)
	at org.gradle.internal.operations.DefaultBuildOperationRunner$1.execute(DefaultBuildOperationRunner.java:30)
	at org.gradle.internal.operations.DefaultBuildOperationRunner$1.execute(DefaultBuildOperationRunner.java:27)
	at org.gradle.internal.operations.DefaultBuildOperationRunner$2.execute(DefaultBuildOperationRunner.java:67)
	at org.gradle.internal.operations.DefaultBuildOperationRunner$2.execute(DefaultBuildOperationRunner.java:60)
	at org.gradle.internal.operations.DefaultBuildOperationRunner.execute(DefaultBuildOperationRunner.java:167)
	at org.gradle.internal.operations.DefaultBuildOperationRunner.execute(DefaultBuildOperationRunner.java:60)
	at org.gradle.internal.operations.DefaultBuildOperationRunner.run(DefaultBuildOperationRunner.java:48)
	at org.gradle.configuration.internal.DefaultListenerBuildOperationDecorator$BuildOperationEmittingClosure.doCall(DefaultListenerBuildOperationDecorator.java:195)
	at org.gradle.listener.ClosureBackedMethodInvocationDispatch.dispatch(ClosureBackedMethodInvocationDispatch.java:41)
	at org.gradle.listener.ClosureBackedMethodInvocationDispatch.dispatch(ClosureBackedMethodInvocationDispatch.java:25)
	at org.gradle.internal.event.AbstractBroadcastDispatch.dispatch(AbstractBroadcastDispatch.java:44)
	at org.gradle.internal.event.BroadcastDispatch$SingletonDispatch.dispatch(BroadcastDispatch.java:270)
	at org.gradle.internal.event.BroadcastDispatch$SingletonDispatch.dispatch(BroadcastDispatch.java:172)
	at org.gradle.internal.event.AbstractBroadcastDispatch.dispatch(AbstractBroadcastDispatch.java:84)
	at org.gradle.internal.event.AbstractBroadcastDispatch.dispatch(AbstractBroadcastDispatch.java:70)
	at org.gradle.internal.event.BroadcastDispatch$CompositeDispatch.dispatch(BroadcastDispatch.java:382)
	at org.gradle.internal.event.BroadcastDispatch$CompositeDispatch.dispatch(BroadcastDispatch.java:274)
	at org.gradle.internal.event.ListenerBroadcast.dispatch(ListenerBroadcast.java:160)
	at org.gradle.internal.event.ListenerBroadcast.dispatch(ListenerBroadcast.java:37)
	at org.gradle.internal.dispatch.ProxyDispatchAdapter$DispatchingInvocationHandler.invoke(ProxyDispatchAdapter.java:88)
	at jdk.proxy1/jdk.proxy1.$Proxy84.graphPopulated(Unknown Source)
	at org.gradle.execution.taskgraph.DefaultTaskExecutionGraph$NotifyTaskGraphWhenReady.run(DefaultTaskExecutionGraph.java:403)
	at org.gradle.internal.operations.DefaultBuildOperationRunner$1.execute(DefaultBuildOperationRunner.java:30)
	at org.gradle.internal.operations.DefaultBuildOperationRunner$1.execute(DefaultBuildOperationRunner.java:27)
	at org.gradle.internal.operations.DefaultBuildOperationRunner$2.execute(DefaultBuildOperationRunner.java:67)
	at org.gradle.internal.operations.DefaultBuildOperationRunner$2.execute(DefaultBuildOperationRunner.java:60)
	at org.gradle.internal.operations.DefaultBuildOperationRunner.execute(DefaultBuildOperationRunner.java:167)
	at org.gradle.internal.operations.DefaultBuildOperationRunner.execute(DefaultBuildOperationRunner.java:60)
	at org.gradle.internal.operations.DefaultBuildOperationRunner.run(DefaultBuildOperationRunner.java:48)
	at org.gradle.execution.taskgraph.DefaultTaskExecutionGraph.lambda$fireWhenReady$0(DefaultTaskExecutionGraph.java:383)
	at org.gradle.internal.build.BuildProjectRegistry.lambda$withMutableStateOfAllProjects$0(BuildProjectRegistry.java:60)
	at org.gradle.internal.build.BuildProjectRegistry.lambda$applyToMutableStateOfAllProjects$0(BuildProjectRegistry.java:78)
	at org.gradle.api.internal.project.DefaultProjectStateRegistry$DefaultBuildProjectRegistry.lambda$fromMutableStateOfAllProjects$0(DefaultProjectStateRegistry.java:278)
	at org.gradle.internal.work.DefaultWorkerLeaseService.lambda$runAndReleaseLocks$0(DefaultWorkerLeaseService.java:302)
	at org.gradle.internal.work.ResourceLockStatistics$1.measure(ResourceLockStatistics.java:43)
	at org.gradle.internal.work.DefaultWorkerLeaseService.runAndReleaseLocks(DefaultWorkerLeaseService.java:300)
	at org.gradle.internal.work.DefaultWorkerLeaseService.withLocksAcquired(DefaultWorkerLeaseService.java:296)
	at org.gradle.internal.work.DefaultWorkerLeaseService.lambda$withReplacedLocks$0(DefaultWorkerLeaseService.java:452)
	at org.gradle.internal.work.DefaultWorkerLeaseService.withoutLocks(DefaultWorkerLeaseService.java:374)
	at org.gradle.internal.work.DefaultWorkerLeaseService.withReplacedLocks(DefaultWorkerLeaseService.java:451)
	at org.gradle.api.internal.project.DefaultProjectStateRegistry$DefaultBuildProjectRegistry.fromMutableStateOfAllProjects(DefaultProjectStateRegistry.java:277)
	at org.gradle.internal.build.BuildProjectRegistry.applyToMutableStateOfAllProjects(BuildProjectRegistry.java:77)
	at org.gradle.internal.build.BuildProjectRegistry.withMutableStateOfAllProjects(BuildProjectRegistry.java:60)
	at org.gradle.execution.taskgraph.DefaultTaskExecutionGraph.fireWhenReady(DefaultTaskExecutionGraph.java:382)
	at org.gradle.execution.taskgraph.DefaultTaskExecutionGraph.populate(DefaultTaskExecutionGraph.java:114)
	at org.gradle.internal.build.DefaultBuildWorkPreparer.finalizeWorkGraph(DefaultBuildWorkPreparer.java:53)
	at org.gradle.internal.build.BuildOperationFiringBuildWorkPreparer.finalizeWorkGraph(BuildOperationFiringBuildWorkPreparer.java:72)
	at org.gradle.internal.build.DefaultBuildLifecycleController.lambda$finalizeWorkGraph$0(DefaultBuildLifecycleController.java:212)
	at org.gradle.internal.model.StateTransitionController.lambda$doTransition$0(StateTransitionController.java:313)
	at org.gradle.internal.model.StateTransitionController.doTransition(StateTransitionController.java:324)
	at org.gradle.internal.model.StateTransitionController.doTransition(StateTransitionController.java:312)
	at org.gradle.internal.model.StateTransitionController.lambda$transition$0(StateTransitionController.java:218)
	at org.gradle.internal.work.DefaultSynchronizer.withLock(DefaultSynchronizer.java:35)
	at org.gradle.internal.model.StateTransitionController.transition(StateTransitionController.java:218)
	at org.gradle.internal.build.DefaultBuildLifecycleController.finalizeWorkGraph(DefaultBuildLifecycleController.java:208)
	at org.gradle.internal.build.DefaultBuildWorkGraphController$DefaultBuildWorkGraph.finalizeGraph(DefaultBuildWorkGraphController.java:206)
	at org.gradle.composite.internal.DefaultBuildController.finalizeWorkGraph(DefaultBuildController.java:120)
	at org.gradle.composite.internal.DefaultBuildControllers.populateWorkGraphs(DefaultBuildControllers.java:79)
	at org.gradle.composite.internal.DefaultIncludedBuildTaskGraph$DefaultBuildTreeWorkGraph$1.run(DefaultIncludedBuildTaskGraph.java:213)
	at org.gradle.internal.operations.DefaultBuildOperationRunner$1.execute(DefaultBuildOperationRunner.java:30)
	at org.gradle.internal.operations.DefaultBuildOperationRunner$1.execute(DefaultBuildOperationRunner.java:27)
	at org.gradle.internal.operations.DefaultBuildOperationRunner$2.execute(DefaultBuildOperationRunner.java:67)
	at org.gradle.internal.operations.DefaultBuildOperationRunner$2.execute(DefaultBuildOperationRunner.java:60)
	at org.gradle.internal.operations.DefaultBuildOperationRunner.execute(DefaultBuildOperationRunner.java:167)
	at org.gradle.internal.operations.DefaultBuildOperationRunner.execute(DefaultBuildOperationRunner.java:60)
	at org.gradle.internal.operations.DefaultBuildOperationRunner.run(DefaultBuildOperationRunner.java:48)
	at org.gradle.composite.internal.DefaultIncludedBuildTaskGraph$DefaultBuildTreeWorkGraph.scheduleWork(DefaultIncludedBuildTaskGraph.java:207)
	at org.gradle.internal.buildtree.DefaultBuildTreeWorkPreparer.scheduleRequestedTasks(DefaultBuildTreeWorkPreparer.java:36)
	at org.gradle.internal.cc.impl.barrier.BarrierAwareBuildTreeWorkPreparer.scheduleRequestedTasks$lambda$0(BarrierAwareBuildTreeWorkPreparer.kt:34)
	at org.gradle.internal.cc.impl.barrier.VintageConfigurationTimeActionRunner.runConfigurationTimeAction(VintageConfigurationTimeActionRunner.kt:48)
	at org.gradle.internal.cc.impl.barrier.BarrierAwareBuildTreeWorkPreparer.scheduleRequestedTasks(BarrierAwareBuildTreeWorkPreparer.kt:33)
	at org.gradle.internal.cc.impl.VintageBuildTreeWorkController$scheduleAndRunRequestedTasks$1$finalizedGraph$1.call(VintageBuildTreeWorkController.kt:37)
	at org.gradle.internal.cc.impl.VintageBuildTreeWorkController$scheduleAndRunRequestedTasks$1$finalizedGraph$1.call(VintageBuildTreeWorkController.kt:37)
	at org.gradle.internal.Try.ofFailable(Try.java:46)
	at org.gradle.internal.cc.impl.VintageBuildTreeWorkController$scheduleAndRunRequestedTasks$1.apply(VintageBuildTreeWorkController.kt:37)
	at org.gradle.internal.cc.impl.VintageBuildTreeWorkController$scheduleAndRunRequestedTasks$1.apply(VintageBuildTreeWorkController.kt:36)
	at org.gradle.composite.internal.DefaultIncludedBuildTaskGraph.withNewWorkGraph(DefaultIncludedBuildTaskGraph.java:115)
	at org.gradle.internal.cc.impl.VintageBuildTreeWorkController.scheduleAndRunRequestedTasks(VintageBuildTreeWorkController.kt:36)
	at org.gradle.internal.buildtree.DefaultBuildTreeLifecycleController.lambda$scheduleAndRunTasks$0(DefaultBuildTreeLifecycleController.java:80)
	at org.gradle.internal.buildtree.DefaultBuildTreeLifecycleController.lambda$runBuild$0(DefaultBuildTreeLifecycleController.java:166)
	at org.gradle.internal.model.StateTransitionController.lambda$transition$2(StateTransitionController.java:227)
	at org.gradle.internal.model.StateTransitionController.doTransition(StateTransitionController.java:324)
	at org.gradle.internal.model.StateTransitionController.lambda$transition$1(StateTransitionController.java:227)
	at org.gradle.internal.work.DefaultSynchronizer.withLock(DefaultSynchronizer.java:45)
	at org.gradle.internal.model.StateTransitionController.transition(StateTransitionController.java:227)
	at org.gradle.internal.buildtree.DefaultBuildTreeLifecycleController.runBuild(DefaultBuildTreeLifecycleController.java:163)
	at org.gradle.internal.buildtree.DefaultBuildTreeLifecycleController.scheduleAndRunTasks(DefaultBuildTreeLifecycleController.java:80)
	at org.gradle.internal.buildtree.DefaultBuildTreeLifecycleController.scheduleAndRunTasks(DefaultBuildTreeLifecycleController.java:75)
	at org.gradle.tooling.internal.provider.ExecuteBuildActionRunner.run(ExecuteBuildActionRunner.java:31)
	at org.gradle.launcher.exec.ChainingBuildActionRunner.run(ChainingBuildActionRunner.java:35)
	at org.gradle.internal.buildtree.ProblemReportingBuildActionRunner.run(ProblemReportingBuildActionRunner.java:55)
	at org.gradle.launcher.exec.BuildOutcomeReportingBuildActionRunner.run(BuildOutcomeReportingBuildActionRunner.java:83)
	at org.gradle.tooling.internal.provider.FileSystemWatchingBuildActionRunner.run(FileSystemWatchingBuildActionRunner.java:118)
	at org.gradle.launcher.exec.BuildCompletionNotifyingBuildActionRunner.run(BuildCompletionNotifyingBuildActionRunner.java:64)
	at org.gradle.launcher.exec.RootBuildLifecycleBuildActionExecutor.lambda$execute$0(RootBuildLifecycleBuildActionExecutor.java:97)
	at org.gradle.composite.internal.DefaultRootBuildState.run(DefaultRootBuildState.java:119)
	at org.gradle.launcher.exec.RootBuildLifecycleBuildActionExecutor.execute(RootBuildLifecycleBuildActionExecutor.java:97)
	at org.gradle.launcher.exec.DefaultBuildTreeActionExecutor.runBuildTreeLifecycle(DefaultBuildTreeActionExecutor.java:126)
	at org.gradle.launcher.exec.DefaultBuildTreeActionExecutor.access$100(DefaultBuildTreeActionExecutor.java:52)
	at org.gradle.launcher.exec.DefaultBuildTreeActionExecutor$2.call(DefaultBuildTreeActionExecutor.java:98)
	at org.gradle.launcher.exec.DefaultBuildTreeActionExecutor$2.call(DefaultBuildTreeActionExecutor.java:94)
	at org.gradle.internal.operations.DefaultBuildOperationRunner$CallableBuildOperationWorker.execute(DefaultBuildOperationRunner.java:210)
	at org.gradle.internal.operations.DefaultBuildOperationRunner$CallableBuildOperationWorker.execute(DefaultBuildOperationRunner.java:205)
	at org.gradle.internal.operations.DefaultBuildOperationRunner$2.execute(DefaultBuildOperationRunner.java:67)
	at org.gradle.internal.operations.DefaultBuildOperationRunner$2.execute(DefaultBuildOperationRunner.java:60)
	at org.gradle.internal.operations.DefaultBuildOperationRunner.execute(DefaultBuildOperationRunner.java:167)
	at org.gradle.internal.operations.DefaultBuildOperationRunner.execute(DefaultBuildOperationRunner.java:60)
	at org.gradle.internal.operations.DefaultBuildOperationRunner.call(DefaultBuildOperationRunner.java:54)
	at org.gradle.launcher.exec.DefaultBuildTreeActionExecutor.runAsBuildOperation(DefaultBuildTreeActionExecutor.java:94)
	at org.gradle.launcher.exec.DefaultBuildTreeActionExecutor.lambda$runBuildTreeAction$0(DefaultBuildTreeActionExecutor.java:88)
	at org.gradle.internal.work.DefaultWorkerLeaseService.lambda$runAndReleaseLocks$0(DefaultWorkerLeaseService.java:302)
	at org.gradle.internal.work.ResourceLockStatistics$1.measure(ResourceLockStatistics.java:43)
	at org.gradle.internal.work.DefaultWorkerLeaseService.runAndReleaseLocks(DefaultWorkerLeaseService.java:300)
	at org.gradle.internal.work.DefaultWorkerLeaseService.withLocksAcquired(DefaultWorkerLeaseService.java:296)
	at org.gradle.internal.work.DefaultWorkerLeaseService.withLocks(DefaultWorkerLeaseService.java:288)
	at org.gradle.internal.work.DefaultWorkerLeaseService.runAsWorkerThread(DefaultWorkerLeaseService.java:131)
	at org.gradle.launcher.exec.DefaultBuildTreeActionExecutor.runBuildTreeAction(DefaultBuildTreeActionExecutor.java:88)
	at org.gradle.tooling.internal.provider.continuous.ContinuousBuildActionExecutor.execute(ContinuousBuildActionExecutor.java:111)
	at org.gradle.tooling.internal.provider.SubscribableBuildActionExecutor.execute(SubscribableBuildActionExecutor.java:64)
	at org.gradle.internal.session.DefaultBuildSessionContext.execute(DefaultBuildSessionContext.java:46)
	at org.gradle.internal.buildprocess.execution.BuildSessionLifecycleBuildActionExecutor$ActionImpl.apply(BuildSessionLifecycleBuildActionExecutor.java:106)
	at org.gradle.internal.buildprocess.execution.BuildSessionLifecycleBuildActionExecutor$ActionImpl.apply(BuildSessionLifecycleBuildActionExecutor.java:94)
	at org.gradle.internal.session.BuildSessionState.run(BuildSessionState.java:73)
	at org.gradle.internal.buildprocess.execution.BuildSessionLifecycleBuildActionExecutor.execute(BuildSessionLifecycleBuildActionExecutor.java:67)
	at org.gradle.internal.buildprocess.execution.BuildSessionLifecycleBuildActionExecutor.execute(BuildSessionLifecycleBuildActionExecutor.java:45)
	at org.gradle.internal.buildprocess.execution.StartParamsValidatingActionExecutor.execute(StartParamsValidatingActionExecutor.java:57)
	at org.gradle.internal.buildprocess.execution.StartParamsValidatingActionExecutor.execute(StartParamsValidatingActionExecutor.java:32)
	at org.gradle.internal.buildprocess.execution.SessionFailureReportingActionExecutor.execute(SessionFailureReportingActionExecutor.java:51)
	at org.gradle.internal.buildprocess.execution.SessionFailureReportingActionExecutor.execute(SessionFailureReportingActionExecutor.java:39)
	at org.gradle.internal.buildprocess.execution.SetupLoggingActionExecutor.execute(SetupLoggingActionExecutor.java:47)
	at org.gradle.internal.buildprocess.execution.SetupLoggingActionExecutor.execute(SetupLoggingActionExecutor.java:31)
	at org.gradle.launcher.daemon.server.exec.ExecuteBuild.doBuild(ExecuteBuild.java:70)
	at org.gradle.launcher.daemon.server.exec.BuildCommandOnly.execute(BuildCommandOnly.java:37)
	at org.gradle.launcher.daemon.server.api.DaemonCommandExecution.proceed(DaemonCommandExecution.java:104)
	at org.gradle.launcher.daemon.server.exec.WatchForDisconnection.execute(WatchForDisconnection.java:39)
	at org.gradle.launcher.daemon.server.api.DaemonCommandExecution.proceed(DaemonCommandExecution.java:104)
	at org.gradle.launcher.daemon.server.exec.ResetDeprecationLogger.execute(ResetDeprecationLogger.java:29)
	at org.gradle.launcher.daemon.server.api.DaemonCommandExecution.proceed(DaemonCommandExecution.java:104)
	at org.gradle.launcher.daemon.server.exec.RequestStopIfSingleUsedDaemon.execute(RequestStopIfSingleUsedDaemon.java:35)
	at org.gradle.launcher.daemon.server.api.DaemonCommandExecution.proceed(DaemonCommandExecution.java:104)
	at org.gradle.launcher.daemon.server.exec.ForwardClientInput.lambda$execute$0(ForwardClientInput.java:40)
	at org.gradle.internal.daemon.clientinput.ClientInputForwarder.forwardInput(ClientInputForwarder.java:80)
	at org.gradle.launcher.daemon.server.exec.ForwardClientInput.execute(ForwardClientInput.java:37)
	at org.gradle.launcher.daemon.server.api.DaemonCommandExecution.proceed(DaemonCommandExecution.java:104)
	at org.gradle.launcher.daemon.server.exec.LogAndCheckHealth.execute(LogAndCheckHealth.java:53)
	at org.gradle.launcher.daemon.server.api.DaemonCommandExecution.proceed(DaemonCommandExecution.java:104)
	at org.gradle.launcher.daemon.server.exec.ApplyClientEnvironmentVariables.doBuild(ApplyClientEnvironmentVariables.java:80)
	at org.gradle.launcher.daemon.server.exec.BuildCommandOnly.execute(BuildCommandOnly.java:37)
	at org.gradle.launcher.daemon.server.api.DaemonCommandExecution.proceed(DaemonCommandExecution.java:104)
	at org.gradle.launcher.daemon.server.exec.LogToClient.doBuild(LogToClient.java:63)
	at org.gradle.launcher.daemon.server.exec.BuildCommandOnly.execute(BuildCommandOnly.java:37)
	at org.gradle.launcher.daemon.server.api.DaemonCommandExecution.proceed(DaemonCommandExecution.java:104)
	at org.gradle.launcher.daemon.server.exec.EstablishBuildEnvironment.doBuild(EstablishBuildEnvironment.java:74)
	at org.gradle.launcher.daemon.server.exec.BuildCommandOnly.execute(BuildCommandOnly.java:37)
	at org.gradle.launcher.daemon.server.api.DaemonCommandExecution.proceed(DaemonCommandExecution.java:104)
	at org.gradle.launcher.daemon.server.exec.StartBuildOrRespondWithBusy$1.run(StartBuildOrRespondWithBusy.java:52)
	at org.gradle.launcher.daemon.server.DaemonStateCoordinator.lambda$runCommand$0(DaemonStateCoordinator.java:321)
	at org.gradle.internal.concurrent.ExecutorPolicy$CatchAndRecordFailures.onExecute(ExecutorPolicy.java:65)
	at org.gradle.internal.concurrent.AbstractManagedExecutor$1.run(AbstractManagedExecutor.java:47)


BUILD FAILED in 1m 52s
Some of the file system contents retained in the virtual file system are on file systems that Gradle doesn't support watching. The relevant state was discarded to ensure changes to these locations are properly detected. You can override this by explicitly enabling file system watching.
