===== 0_native.txt =====
﻿2026-09-10T05:06:45.0112302Z Current runner version: '2.337.0'
2026-09-10T05:06:45.0132597Z ##[group]Runner Image Provisioner
2026-09-10T05:06:45.0133251Z Hosted Compute Agent
2026-09-10T05:06:45.0133663Z Version: 20260828.587
2026-09-10T05:06:45.0134135Z Commit: abac92662cab4cc7352de4f9f9d2e2419aad9c29
2026-09-10T05:06:45.0134672Z Build Date: 2026-08-28T16:44:25Z
2026-09-10T05:06:45.0135164Z Worker ID: {b52401f3-8a31-4ccb-8577-66dda48adfd4}
2026-09-10T05:06:45.0135706Z Azure Region: westus3
2026-09-10T05:06:45.0136100Z ##[endgroup]
2026-09-10T05:06:45.0137076Z ##[group]Operating System
2026-09-10T05:06:45.0137587Z Microsoft Windows Server 2022
2026-09-10T05:06:45.0138016Z 10.0.20348
2026-09-10T05:06:45.0138379Z Datacenter
2026-09-10T05:06:45.0138739Z ##[endgroup]
2026-09-10T05:06:45.0139162Z ##[group]Runner Image
2026-09-10T05:06:45.0139604Z Image: windows-2022
2026-09-10T05:06:45.0139993Z Version: 20260830.290.1
2026-09-10T05:06:45.0141021Z Included Software: https://github.com/actions/runner-images/blob/win22/20260830.290/images/windows/Windows2022-Readme.md
2026-09-10T05:06:45.0142115Z Image Release: https://github.com/actions/runner-images/releases/tag/win22%2F20260830.290
2026-09-10T05:06:45.0142812Z ##[endgroup]
2026-09-10T05:06:45.0143603Z ##[group]GITHUB_TOKEN Permissions
2026-09-10T05:06:45.0144996Z Contents: read
2026-09-10T05:06:45.0145399Z Metadata: read
2026-09-10T05:06:45.0145781Z ##[endgroup]
2026-09-10T05:06:45.0147344Z Secret source: Actions
2026-09-10T05:06:45.0147997Z Cache mode: write
2026-09-10T05:06:45.0148503Z Prepare workflow directory
2026-09-10T05:06:45.0446324Z Prepare all required actions
2026-09-10T05:06:45.0491977Z Getting action download info
2026-09-10T05:06:45.3867543Z Download action repository 'actions/checkout@3d3c42e5aac5ba805825da76410c181273ba90b1' (SHA:3d3c42e5aac5ba805825da76410c181273ba90b1)
2026-09-10T05:06:45.4707380Z Download action repository 'actions/upload-artifact@043fb46d1a93c77aae656e7c1c64a875d1fc6a0a' (SHA:043fb46d1a93c77aae656e7c1c64a875d1fc6a0a)
2026-09-10T05:06:45.6850472Z Complete job name: native
2026-09-10T05:06:45.8229596Z ##[group]Run actions/checkout@3d3c42e5aac5ba805825da76410c181273ba90b1
2026-09-10T05:06:45.8230646Z with:
2026-09-10T05:06:45.8230990Z   ref: b825df973ac3e3392dd99b251b8bb7fd48fecce6
2026-09-10T05:06:45.8231422Z   fetch-depth: 2
2026-09-10T05:06:45.8231745Z   persist-credentials: false
2026-09-10T05:06:45.8232106Z   submodules: false
2026-09-10T05:06:45.8232425Z   lfs: false
2026-09-10T05:06:45.8232747Z   repository: Apdelrahman1911/passvault
2026-09-10T05:06:45.8236074Z   token: ***
2026-09-10T05:06:45.8236379Z   ssh-strict: true
2026-09-10T05:06:45.8236690Z   ssh-user: git
2026-09-10T05:06:45.8236987Z   clean: true
2026-09-10T05:06:45.8237311Z   sparse-checkout-cone-mode: true
2026-09-10T05:06:45.8237695Z   fetch-tags: false
2026-09-10T05:06:45.8238014Z   show-progress: true
2026-09-10T05:06:45.8238347Z   set-safe-directory: true
2026-09-10T05:06:45.8239065Z   allow-unsafe-pr-checkout: false
2026-09-10T05:06:45.8239697Z ##[endgroup]
2026-09-10T05:06:45.9368346Z Syncing repository: Apdelrahman1911/passvault
2026-09-10T05:06:45.9369717Z ##[group]Getting Git version info
2026-09-10T05:06:45.9370177Z Working directory is 'D:\a\passvault\passvault'
2026-09-10T05:06:46.0101341Z [command]"C:\Program Files\Git\bin\git.exe" version
2026-09-10T05:06:46.3960358Z git version 2.55.0.windows.5
2026-09-10T05:06:46.3987253Z ##[endgroup]
2026-09-10T05:06:46.3998515Z Temporarily overriding HOME='D:\a\_temp\10a14838-9880-4c14-a1a8-8a748f28cf20' before making global git config changes
2026-09-10T05:06:46.3999528Z Adding repository directory to the temporary git global config as a safe directory
2026-09-10T05:06:46.4006699Z [command]"C:\Program Files\Git\bin\git.exe" config --global --add safe.directory D:\a\passvault\passvault
2026-09-10T05:06:46.4585867Z Deleting the contents of 'D:\a\passvault\passvault'
2026-09-10T05:06:46.4589213Z ##[group]Determining repository object format
2026-09-10T05:06:46.4590621Z ##[endgroup]
2026-09-10T05:06:46.4593203Z ##[group]Initializing the repository
2026-09-10T05:06:46.4597680Z [command]"C:\Program Files\Git\bin\git.exe" init D:\a\passvault\passvault
2026-09-10T05:06:46.5239785Z Initialized empty Git repository in D:/a/passvault/passvault/.git/
2026-09-10T05:06:46.5266549Z [command]"C:\Program Files\Git\bin\git.exe" remote add origin https://github.com/Apdelrahman1911/passvault
2026-09-10T05:06:46.5728336Z ##[endgroup]
2026-09-10T05:06:46.5728948Z ##[group]Disabling automatic garbage collection
2026-09-10T05:06:46.5735172Z [command]"C:\Program Files\Git\bin\git.exe" config --local gc.auto 0
2026-09-10T05:06:46.5904382Z ##[endgroup]
2026-09-10T05:06:46.5905541Z ##[group]Setting up auth
2026-09-10T05:06:46.5906237Z Removing SSH command configuration
2026-09-10T05:06:46.5913093Z [command]"C:\Program Files\Git\bin\git.exe" config --local --name-only --get-regexp core\.sshCommand
2026-09-10T05:06:46.6084680Z [command]"C:\Program Files\Git\bin\git.exe" submodule foreach --recursive "sh -c \"git config --local --name-only --get-regexp 'core\.sshCommand' && git config --local --unset-all 'core.sshCommand' || :\""
2026-09-10T05:06:48.3650330Z Removing HTTP extra header
2026-09-10T05:06:48.3658060Z [command]"C:\Program Files\Git\bin\git.exe" config --local --name-only --get-regexp http\.https\:\/\/github\.com\/\.extraheader
2026-09-10T05:06:48.3835359Z [command]"C:\Program Files\Git\bin\git.exe" submodule foreach --recursive "sh -c \"git config --local --name-only --get-regexp 'http\.https\:\/\/github\.com\/\.extraheader' && git config --local --unset-all 'http.https://github.com/.extraheader' || :\""
2026-09-10T05:06:48.7055263Z Removing includeIf entries pointing to credentials config files
2026-09-10T05:06:48.7063008Z [command]"C:\Program Files\Git\bin\git.exe" config --local --name-only --get-regexp ^includeIf\.gitdir:
2026-09-10T05:06:48.7236846Z [command]"C:\Program Files\Git\bin\git.exe" submodule foreach --recursive "git config --local --show-origin --name-only --get-regexp remote.origin.url"
2026-09-10T05:06:49.0664855Z [command]"C:\Program Files\Git\bin\git.exe" config --file D:\a\_temp\git-credentials-c14e7b1b-1ba9-4f11-906d-eb68341be8fe.config http.https://github.com/.extraheader "AUTHORIZATION: basic ***"
2026-09-10T05:06:49.0839879Z [command]"C:\Program Files\Git\bin\git.exe" config --local includeIf.gitdir:D:/a/passvault/passvault/.git.path D:\a\_temp\git-credentials-c14e7b1b-1ba9-4f11-906d-eb68341be8fe.config
2026-09-10T05:06:49.1010086Z [command]"C:\Program Files\Git\bin\git.exe" config --local includeIf.gitdir:D:/a/passvault/passvault/.git/worktrees/*.path D:\a\_temp\git-credentials-c14e7b1b-1ba9-4f11-906d-eb68341be8fe.config
2026-09-10T05:06:49.1235033Z [command]"C:\Program Files\Git\bin\git.exe" config --local includeIf.gitdir:/github/workspace/.git.path /github/runner_temp/git-credentials-c14e7b1b-1ba9-4f11-906d-eb68341be8fe.config
2026-09-10T05:06:49.1409521Z [command]"C:\Program Files\Git\bin\git.exe" config --local includeIf.gitdir:/github/workspace/.git/worktrees/*.path /github/runner_temp/git-credentials-c14e7b1b-1ba9-4f11-906d-eb68341be8fe.config
2026-09-10T05:06:49.1577354Z ##[endgroup]
2026-09-10T05:06:49.1577723Z ##[group]Fetching the repository
2026-09-10T05:06:49.1585844Z [command]"C:\Program Files\Git\bin\git.exe" -c protocol.version=2 fetch --no-tags --prune --no-recurse-submodules --depth=2 origin b825df973ac3e3392dd99b251b8bb7fd48fecce6
2026-09-10T05:06:52.3548566Z From https://github.com/Apdelrahman1911/passvault
2026-09-10T05:06:52.3549675Z  * branch            b825df973ac3e3392dd99b251b8bb7fd48fecce6 -> FETCH_HEAD
2026-09-10T05:06:52.3577976Z [command]"C:\Program Files\Git\bin\git.exe" rev-parse --verify --quiet b825df973ac3e3392dd99b251b8bb7fd48fecce6^{object}
2026-09-10T05:06:52.4030118Z b825df973ac3e3392dd99b251b8bb7fd48fecce6
2026-09-10T05:06:52.4047336Z ##[endgroup]
2026-09-10T05:06:52.4047701Z ##[group]Determining the checkout info
2026-09-10T05:06:52.4048361Z ##[endgroup]
2026-09-10T05:06:52.4055267Z [command]"C:\Program Files\Git\bin\git.exe" sparse-checkout disable
2026-09-10T05:06:52.4354201Z [command]"C:\Program Files\Git\bin\git.exe" config --local --unset-all extensions.worktreeConfig
2026-09-10T05:06:52.4556920Z ##[group]Checking out the ref
2026-09-10T05:06:52.4562865Z [command]"C:\Program Files\Git\bin\git.exe" checkout --progress --force b825df973ac3e3392dd99b251b8bb7fd48fecce6
2026-09-10T05:06:53.0287613Z Note: switching to 'b825df973ac3e3392dd99b251b8bb7fd48fecce6'.
2026-09-10T05:06:53.0288024Z 
2026-09-10T05:06:53.0288240Z You are in 'detached HEAD' state. You can look around, make experimental
2026-09-10T05:06:53.0288622Z changes and commit them, and you can discard any commits you make in this
2026-09-10T05:06:53.0289019Z state without impacting any branches by switching back to a branch.
2026-09-10T05:06:53.0289293Z 
2026-09-10T05:06:53.0289438Z If you want to create a new branch to retain commits you create, you may
2026-09-10T05:06:53.0289794Z do so (now or later) by using -c with the switch command. Example:
2026-09-10T05:06:53.0290073Z 
2026-09-10T05:06:53.0290235Z   git switch -c <new-branch-name>
2026-09-10T05:06:53.0290454Z 
2026-09-10T05:06:53.0290545Z Or undo this operation with:
2026-09-10T05:06:53.0290688Z 
2026-09-10T05:06:53.0290751Z   git switch -
2026-09-10T05:06:53.0290853Z 
2026-09-10T05:06:53.0291049Z Turn off this advice by setting config variable advice.detachedHead to false
2026-09-10T05:06:53.0291295Z 
2026-09-10T05:06:53.0291535Z HEAD is now at b825df9 Validate Windows native writer and secret-lifetime controls
2026-09-10T05:06:53.0410635Z ##[endgroup]
2026-09-10T05:06:53.0705122Z [command]"C:\Program Files\Git\bin\git.exe" log -1 --format=%H
2026-09-10T05:06:53.0876236Z b825df973ac3e3392dd99b251b8bb7fd48fecce6
2026-09-10T05:06:53.0899896Z ##[group]Removing auth
2026-09-10T05:06:53.0900524Z Removing SSH command configuration
2026-09-10T05:06:53.0907442Z [command]"C:\Program Files\Git\bin\git.exe" config --local --name-only --get-regexp core\.sshCommand
2026-09-10T05:06:53.1089500Z [command]"C:\Program Files\Git\bin\git.exe" submodule foreach --recursive "sh -c \"git config --local --name-only --get-regexp 'core\.sshCommand' && git config --local --unset-all 'core.sshCommand' || :\""
2026-09-10T05:06:53.5172141Z Removing HTTP extra header
2026-09-10T05:06:53.5179253Z [command]"C:\Program Files\Git\bin\git.exe" config --local --name-only --get-regexp http\.https\:\/\/github\.com\/\.extraheader
2026-09-10T05:06:53.5363445Z [command]"C:\Program Files\Git\bin\git.exe" submodule foreach --recursive "sh -c \"git config --local --name-only --get-regexp 'http\.https\:\/\/github\.com\/\.extraheader' && git config --local --unset-all 'http.https://github.com/.extraheader' || :\""
2026-09-10T05:06:53.9854598Z Removing includeIf entries pointing to credentials config files
2026-09-10T05:06:53.9866496Z [command]"C:\Program Files\Git\bin\git.exe" config --local --name-only --get-regexp ^includeIf\.gitdir:
2026-09-10T05:06:54.0024807Z includeif.gitdir:D:/a/passvault/passvault/.git.path
2026-09-10T05:06:54.0025541Z includeif.gitdir:D:/a/passvault/passvault/.git/worktrees/*.path
2026-09-10T05:06:54.0026004Z includeif.gitdir:/github/workspace/.git.path
2026-09-10T05:06:54.0026454Z includeif.gitdir:/github/workspace/.git/worktrees/*.path
2026-09-10T05:06:54.0051643Z [command]"C:\Program Files\Git\bin\git.exe" config --local --get-all includeif.gitdir:D:/a/passvault/passvault/.git.path
2026-09-10T05:06:54.0205245Z D:\a\_temp\git-credentials-c14e7b1b-1ba9-4f11-906d-eb68341be8fe.config
2026-09-10T05:06:54.0229018Z [command]"C:\Program Files\Git\bin\git.exe" config --local --unset includeif.gitdir:D:/a/passvault/passvault/.git.path D\:\\a\\_temp\\git\-credentials\-c14e7b1b\-1ba9\-4f11\-906d\-eb68341be8fe\.config
2026-09-10T05:06:54.0401569Z [command]"C:\Program Files\Git\bin\git.exe" config --local --get-all includeif.gitdir:D:/a/passvault/passvault/.git/worktrees/*.path
2026-09-10T05:06:54.0550061Z D:\a\_temp\git-credentials-c14e7b1b-1ba9-4f11-906d-eb68341be8fe.config
2026-09-10T05:06:54.0573849Z [command]"C:\Program Files\Git\bin\git.exe" config --local --unset includeif.gitdir:D:/a/passvault/passvault/.git/worktrees/*.path D\:\\a\\_temp\\git\-credentials\-c14e7b1b\-1ba9\-4f11\-906d\-eb68341be8fe\.config
2026-09-10T05:06:54.0749899Z [command]"C:\Program Files\Git\bin\git.exe" config --local --get-all includeif.gitdir:/github/workspace/.git.path
2026-09-10T05:06:54.0898707Z /github/runner_temp/git-credentials-c14e7b1b-1ba9-4f11-906d-eb68341be8fe.config
2026-09-10T05:06:54.0920608Z [command]"C:\Program Files\Git\bin\git.exe" config --local --unset includeif.gitdir:/github/workspace/.git.path \/github\/runner_temp\/git\-credentials\-c14e7b1b\-1ba9\-4f11\-906d\-eb68341be8fe\.config
2026-09-10T05:06:54.1098524Z [command]"C:\Program Files\Git\bin\git.exe" config --local --get-all includeif.gitdir:/github/workspace/.git/worktrees/*.path
2026-09-10T05:06:54.1247560Z /github/runner_temp/git-credentials-c14e7b1b-1ba9-4f11-906d-eb68341be8fe.config
2026-09-10T05:06:54.1268278Z [command]"C:\Program Files\Git\bin\git.exe" config --local --unset includeif.gitdir:/github/workspace/.git/worktrees/*.path \/github\/runner_temp\/git\-credentials\-c14e7b1b\-1ba9\-4f11\-906d\-eb68341be8fe\.config
2026-09-10T05:06:54.1438600Z [command]"C:\Program Files\Git\bin\git.exe" submodule foreach --recursive "git config --local --show-origin --name-only --get-regexp remote.origin.url"
2026-09-10T05:06:54.4696772Z Removing credentials config 'D:\a\_temp\git-credentials-c14e7b1b-1ba9-4f11-906d-eb68341be8fe.config'
2026-09-10T05:06:54.4706731Z ##[endgroup]
2026-09-10T05:06:54.4953034Z ##[group]Run python -I -B scripts/audit/windows_native_validation.py
2026-09-10T05:06:54.4953567Z [36;1mpython -I -B scripts/audit/windows_native_validation.py[0m
2026-09-10T05:06:54.9044422Z shell: C:\Program Files\PowerShell\7\pwsh.EXE -command ". '{0}'"
2026-09-10T05:06:54.9044736Z ##[endgroup]
2026-09-10T05:07:56.8787715Z {"case_scoring": "NOT_PERFORMED; raw XML requires independent actual-case review", "cases": {"passvault_biometric_abi": {"ctest_exit_code": 0, "raw_xml": "case-13.xml", "state": "CTEST_EXIT_OBSERVED; XML_PENDING", "xml_bytes": 389, "xml_scoring": "NOT_PERFORMED; independent actual-case review required", "xml_sha256": "e716b6849879432462b7d71618886cde86fd7e23127553da0418c5f268244d34"}, "passvault_biometric_windows_file_collision": {"ctest_exit_code": 0, "raw_xml": "case-04.xml", "state": "CTEST_EXIT_OBSERVED; XML_PENDING", "xml_bytes": 427, "xml_scoring": "NOT_PERFORMED; independent actual-case review required", "xml_sha256": "32ebc9dfd64ed657aca438cdfb3d28a10862c92d7569074074125ac70f11bfec"}, "passvault_biometric_windows_file_dacl_failure": {"ctest_exit_code": 0, "raw_xml": "case-03.xml", "state": "CTEST_EXIT_OBSERVED; XML_PENDING", "xml_bytes": 433, "xml_scoring": "NOT_PERFORMED; independent actual-case review required", "xml_sha256": "dbedf41dbe3930582520485e2e8dbbdf73b01aa07e67c8057871e7454a7390e8"}, "passvault_biometric_windows_file_empty_payload": {"ctest_exit_code": 0, "raw_xml": "case-05.xml", "state": "CTEST_EXIT_OBSERVED; XML_PENDING", "xml_bytes": 435, "xml_scoring": "NOT_PERFORMED; independent actual-case review required", "xml_sha256": "19abbd3650ce6c913ab7c447f1d838d009a88334b8b09fd7d1d1dcd7af633d0b"}, "passvault_biometric_windows_file_empty_suffix": {"ctest_exit_code": 0, "raw_xml": "case-07.xml", "state": "CTEST_EXIT_OBSERVED; XML_PENDING", "xml_bytes": 433, "xml_scoring": "NOT_PERFORMED; independent actual-case review required", "xml_sha256": "e5454368ccd5a29021e620670b1da0b80c86f08be133d8c65d9e7049e2a7ab5b"}, "passvault_biometric_windows_file_oversized_payload": {"ctest_exit_code": 0, "raw_xml": "case-06.xml", "state": "CTEST_EXIT_OBSERVED; XML_PENDING", "xml_bytes": 443, "xml_scoring": "NOT_PERFORMED; independent actual-case review required", "xml_sha256": "49f7d41fa9886867c6b41a78fd2151a60b9ab11916504b072e23df47b22a25df"}, "passvault_biometric_windows_file_rename_failure": {"ctest_exit_code": 0, "raw_xml": "case-08.xml", "state": "CTEST_EXIT_OBSERVED; XML_PENDING", "xml_bytes": 436, "xml_scoring": "NOT_PERFORMED; independent actual-case review required", "xml_sha256": "3eec7f781f3512011df3df6c43a7b54883e9defca0dbff8f64a2242c2a856f28"}, "passvault_biometric_windows_file_success": {"ctest_exit_code": 0, "raw_xml": "case-01.xml", "state": "CTEST_EXIT_OBSERVED; XML_PENDING", "xml_bytes": 423, "xml_scoring": "NOT_PERFORMED; independent actual-case review required", "xml_sha256": "a1d1be8f32aa704caacf7f69dd8de7c8da83bce4fa679913538b8a591aab1a4a"}, "passvault_biometric_windows_file_validation_failure": {"ctest_exit_code": 0, "raw_xml": "case-02.xml", "state": "CTEST_EXIT_OBSERVED; XML_PENDING", "xml_bytes": 445, "xml_scoring": "NOT_PERFORMED; independent actual-case review required", "xml_sha256": "e7425208270f67b5ec840ae4ce9a8173e4a37f30737b880eecd2468e02190cfe"}, "passvault_biometric_windows_historical_collision": {"ctest_exit_code": 0, "raw_xml": "case-18.xml", "state": "CTEST_EXIT_OBSERVED; XML_PENDING", "xml_bytes": 522, "xml_scoring": "NOT_PERFORMED; independent actual-case review required", "xml_sha256": "0cce4df01bce5ba4b24d413906725de3a4295f0b2d7de1705ebcc2e89ecfc46c"}, "passvault_biometric_windows_historical_dacl_failure": {"ctest_exit_code": 0, "raw_xml": "case-17.xml", "state": "CTEST_EXIT_OBSERVED; XML_PENDING", "xml_bytes": 531, "xml_scoring": "NOT_PERFORMED; independent actual-case review required", "xml_sha256": "eb639221a40ae540baae0108ca34e90f59df94b2a1df592b9ba6497639dd3fbd"}, "passvault_biometric_windows_historical_empty_payload": {"ctest_exit_code": 0, "raw_xml": "case-19.xml", "state": "CTEST_EXIT_OBSERVED; XML_PENDING", "xml_bytes": 519, "xml_scoring": "NOT_PERFORMED; independent actual-case review required", "xml_sha256": "de5b9e40e802437fcc1ca5b6d86d7d0b3a106be7b53e203bf702a4d325d75663"}, "passvault_biometric_windows_historical_empty_suffix": {"ctest_exit_code": 0, "raw_xml": "case-21.xml", "state": "CTEST_EXIT_OBSERVED; XML_PENDING", "xml_bytes": 516, "xml_scoring": "NOT_PERFORMED; independent actual-case review required", "xml_sha256": "7f826e631a2758a359ea9ce57c44ddbc191e2abc93b8534f2d15777add63ba37"}, "passvault_biometric_windows_historical_oversized_payload": {"ctest_exit_code": 0, "raw_xml": "case-20.xml", "state": "CTEST_EXIT_OBSERVED; XML_PENDING", "xml_bytes": 531, "xml_scoring": "NOT_PERFORMED; independent actual-case review required", "xml_sha256": "afb383245552b6ad6b567ff616dd47ff021f05ede9ab5d604a99e71e15030280"}, "passvault_biometric_windows_historical_rename_failure": {"ctest_exit_code": 0, "raw_xml": "case-22.xml", "state": "CTEST_EXIT_OBSERVED; XML_PENDING", "xml_bytes": 522, "xml_scoring": "NOT_PERFORMED; independent actual-case review required", "xml_sha256": "fe184ddcc37e677effd80a436b57632cdc9abab4dc9cdee4e77958e26c893a0f"}, "passvault_biometric_windows_historical_success": {"ctest_exit_code": 0, "raw_xml": "case-15.xml", "state": "CTEST_EXIT_OBSERVED; XML_PENDING", "xml_bytes": 501, "xml_scoring": "NOT_PERFORMED; independent actual-case review required", "xml_sha256": "977448d34b52d97c2016582710d312647f473b1e38e13e401dece14e0986abc0"}, "passvault_biometric_windows_historical_validation_failure": {"ctest_exit_code": 0, "raw_xml": "case-16.xml", "state": "CTEST_EXIT_OBSERVED; XML_PENDING", "xml_bytes": 549, "xml_scoring": "NOT_PERFORMED; independent actual-case review required", "xml_sha256": "c503dc947e6d7358e87f570c09dece8434369e1b0da8b63f5f2e390b8f5b69cb"}, "passvault_biometric_windows_prk_allocation_cut": {"ctest_exit_code": 0, "raw_xml": "case-24.xml", "state": "CTEST_EXIT_OBSERVED; XML_PENDING", "xml_bytes": 557, "xml_scoring": "NOT_PERFORMED; independent actual-case review required", "xml_sha256": "0d3e26aca9b9c28af9b3fc5d0c95354bd2d6d334c2f62067adce16ca0baa9c08"}, "passvault_biometric_windows_prk_unarmed": {"ctest_exit_code": 0, "raw_xml": "case-23.xml", "state": "CTEST_EXIT_OBSERVED; XML_PENDING", "xml_bytes": 536, "xml_scoring": "NOT_PERFORMED; independent actual-case review required", "xml_sha256": "af2ae2a389bc1f487b1dca84ce53406e269229cee1456d8bdb1cd14d6d7acbc7"}, "passvault_biometric_windows_secret_allocation_exception": {"ctest_exit_code": 0, "raw_xml": "case-11.xml", "state": "CTEST_EXIT_OBSERVED; XML_PENDING", "xml_bytes": 453, "xml_scoring": "NOT_PERFORMED; independent actual-case review required", "xml_sha256": "e1667b86e25a469fef1308b66e81675a88cb6885cf93b409faa4a396a5ca30d9"}, "passvault_biometric_windows_secret_early_return": {"ctest_exit_code": 0, "raw_xml": "case-10.xml", "state": "CTEST_EXIT_OBSERVED; XML_PENDING", "xml_bytes": 437, "xml_scoring": "NOT_PERFORMED; independent actual-case review required", "xml_sha256": "c8b7f101fee10d67c0714cec93f7b5678ca13744d19159865048cc7f7c673fd1"}, "passvault_biometric_windows_secret_nested_exception": {"ctest_exit_code": 0, "raw_xml": "case-12.xml", "state": "CTEST_EXIT_OBSERVED; XML_PENDING", "xml_bytes": 445, "xml_scoring": "NOT_PERFORMED; independent actual-case review required", "xml_sha256": "bc725060fb8ed68fefd096946008f7ac09ab390b0eb11d7d1f1c7a29ad91d119"}, "passvault_biometric_windows_secret_normal_scope": {"ctest_exit_code": 0, "raw_xml": "case-09.xml", "state": "CTEST_EXIT_OBSERVED; XML_PENDING", "xml_bytes": 437, "xml_scoring": "NOT_PERFORMED; independent actual-case review required", "xml_sha256": "197e4c02bcfcb2b87c204dc8a0ae826774ab808b6834ef262f2d7979b45e7f29"}, "passvault_biometric_windows_security": {"ctest_exit_code": 0, "raw_xml": "case-14.xml", "state": "CTEST_EXIT_OBSERVED; XML_PENDING", "xml_bytes": 415, "xml_scoring": "NOT_PERFORMED; independent actual-case review required", "xml_sha256": "0b091d55f31aa0e0eae09f196fa06411be87ad3c54abc8c152ec5fca4a430664"}}, "cleanup": "HOLD; hosted runner disposal is not an observed cleanup pass", "commands": [{"argv": ["C:\\Program Files\\Git\\bin\\git.exe", "-c", "core.hooksPath=NUL", "-c", "core.fsmonitor=false", "-c", "gc.auto=0", "rev-parse", "HEAD", "HEAD^{tree}", "HEAD^", "HEAD^^{tree}"], "exit_code": 0, "job_active_after_parent": 1, "log": "01-git-identity.log", "parent_output_snapshot_sha256": "9f76ed280115f4a0d402f1a33a9beae29da579d9d0fe8aa230c6c011878aaa2b", "pid": 4932, "readonly_job_zero_observed": true, "snapshot_qualification": "Not a settled-log hash; owned descendants may still write", "state": "PARENT_EXIT_OBSERVED", "tid": 7468}, {"argv": ["C:\\Program Files\\Git\\bin\\git.exe", "-c", "core.hooksPath=NUL", "-c", "core.fsmonitor=false", "-c", "gc.auto=0", "rev-list", "--parents", "-n", "1", "HEAD"], "exit_code": 0, "job_active_after_parent": 1, "log": "02-one-parent.log", "parent_output_snapshot_sha256": "b119f90b289ef2cfbe998012ef512d1a5284db588d74362b5f10ef95ce35337b", "pid": 5616, "readonly_job_zero_observed": true, "snapshot_qualification": "Not a settled-log hash; owned descendants may still write", "state": "PARENT_EXIT_OBSERVED", "tid": 5824}, {"argv": ["C:\\Program Files\\Git\\bin\\git.exe", "-c", "core.hooksPath=NUL", "-c", "core.fsmonitor=false", "-c", "gc.auto=0", "diff", "--name-status", "HEAD^", "HEAD", "--"], "exit_code": 0, "job_active_after_parent": 1, "log": "03-request-only-diff.log", "parent_output_snapshot_sha256": "f3431b3e50a317f0f9ec98e3796c7fa15e03ac69ef5ef41e06e602f5a0ae9f6e", "pid": 1920, "readonly_job_zero_observed": true, "snapshot_qualification": "Not a settled-log hash; owned descendants may still write", "state": "PARENT_EXIT_OBSERVED", "tid": 1916}, {"argv": ["C:\\Program Files\\Git\\bin\\git.exe", "-c", "core.hooksPath=NUL", "-c", "core.fsmonitor=false", "-c", "gc.auto=0", "status", "--porcelain=v1", "--untracked-files=all"], "exit_code": 0, "job_active_after_parent": 0, "log": "04-clean-source.log", "parent_output_snapshot_sha256": "e3b0c44298fc1c149afbf4c8996fb92427ae41e4649b934ca495991b7852b855", "pid": 2632, "readonly_job_zero_observed": true, "snapshot_qualification": "Not a settled-log hash; owned descendants may still write", "state": "PARENT_EXIT_OBSERVED", "tid": 3572}, {"argv": ["C:\\Program Files\\CMake\\bin\\cmake.exe", "--version"], "exit_code": 0, "job_active_after_parent": 0, "log": "05-cmake-version.log", "parent_output_snapshot_sha256": "f6e81c2559f3ce00c5fdad01d7b226c301f5d6b07ee04f65db6dbfdc1cc5970b", "pid": 6300, "readonly_job_zero_observed": true, "snapshot_qualification": "Not a settled-log hash; owned descendants may still write", "state": "PARENT_EXIT_OBSERVED", "tid": 7792}, {"argv": ["C:\\Program Files\\CMake\\bin\\cmake.exe", "-S", "D:\\a\\passvault\\passvault\\app-desktop\\native\\biometric-bridge", "-B", "D:\\a\\_temp\\passvault-windows-cohort-05-34439762763-1-be5f25d196d98cb0dc091b0228e3e4e7\\build", "-G", "Visual Studio 17 2022", "-A", "x64", "-DCMAKE_SYSTEM_VERSION=10.0.26100.0", "-DBUILD_TESTING=ON", "-DPASSVAULT_AUDIT_PVA036_037_CONTROLS=ON"], "exit_code": 0, "job_active_after_parent": 1, "log": "06-configure.log", "parent_output_snapshot_sha256": "dfab98c5a9c1ba8404122b27c4861c8254f1511ba47f8ee79eb4bb7be4bf2a63", "pid": 6624, "snapshot_qualification": "Not a settled-log hash; owned descendants may still write", "state": "PARENT_EXIT_OBSERVED", "tid": 6488}, {"argv": ["C:\\Program Files\\CMake\\bin\\cmake.exe", "--build", "D:\\a\\_temp\\passvault-windows-cohort-05-34439762763-1-be5f25d196d98cb0dc091b0228e3e4e7\\build", "--config", "Release", "--target", "passvault_biometric_windows_security_test", "passvault_biometric_abi_test", "passvault_biometric_windows_historical_writer_test", "passvault_biometric_windows_prk_allocation_test", "--parallel", "1", "--verbose", "--", "/nodeReuse:false"], "exit_code": 0, "job_active_after_parent": 1, "log": "07-build.log", "parent_output_snapshot_sha256": "960e7963f491a5f2b9842b6d704d4e809b7742e265fae1c90d7c4cd08fbc859c", "pid": 512, "snapshot_qualification": "Not a settled-log hash; owned descendants may still write", "state": "PARENT_EXIT_OBSERVED", "tid": 2192}, {"argv": ["C:\\Program Files\\CMake\\bin\\ctest.exe", "--test-dir", "D:\\a\\_temp\\passvault-windows-cohort-05-34439762763-1-be5f25d196d98cb0dc091b0228e3e4e7\\build", "-C", "Release", "--show-only=json-v1"], "exit_code": 0, "job_active_after_parent": 1, "log": "08-ctest-inventory.log", "parent_output_snapshot_sha256": "7e7601883a90a0fd47d43b8137482b5da6646d227fea37f52af754c9b89a5b6a", "pid": 1220, "snapshot_qualification": "Not a settled-log hash; owned descendants may still write", "state": "PARENT_EXIT_OBSERVED", "tid": 7784}, {"argv": ["C:\\Program Files\\CMake\\bin\\ctest.exe", "--test-dir", "D:\\a\\_temp\\passvault-windows-cohort-05-34439762763-1-be5f25d196d98cb0dc091b0228e3e4e7\\build", "-C", "Release", "--parallel", "1", "--timeout", "30", "--no-tests=error", "--output-on-failure", "--output-junit", "D:\\a\\_temp\\passvault-windows-cohort-05-34439762763-1-be5f25d196d98cb0dc091b0228e3e4e7\\logs\\case-01.xml", "-R", "^passvault_biometric_windows_file_success$"], "exit_code": 0, "job_active_after_parent": 1, "log": "09-case-01.log", "parent_output_snapshot_sha256": "1ed8fe0cdd3cee4727212442fa72c2dcff69a8ae730864c8664144fc82c2cd1b", "pid": 3632, "snapshot_qualification": "Not a settled-log hash; owned descendants may still write", "state": "PARENT_EXIT_OBSERVED", "tid": 5264}, {"argv": ["C:\\Program Files\\CMake\\bin\\ctest.exe", "--test-dir", "D:\\a\\_temp\\passvault-windows-cohort-05-34439762763-1-be5f25d196d98cb0dc091b0228e3e4e7\\build", "-C", "Release", "--parallel", "1", "--timeout", "30", "--no-tests=error", "--output-on-failure", "--output-junit", "D:\\a\\_temp\\passvault-windows-cohort-05-34439762763-1-be5f25d196d98cb0dc091b0228e3e4e7\\logs\\case-02.xml", "-R", "^passvault_biometric_windows_file_validation_failure$"], "exit_code": 0, "job_active_after_parent": 1, "log": "10-case-02.log", "parent_output_snapshot_sha256": "6bb47baf0ab02046416b9dcb200656a8dbc6f8c9ce36e733560292029827ab18", "pid": 356, "snapshot_qualification": "Not a settled-log hash; owned descendants may still write", "state": "PARENT_EXIT_OBSERVED", "tid": 6008}, {"argv": ["C:\\Program Files\\CMake\\bin\\ctest.exe", "--test-dir", "D:\\a\\_temp\\passvault-windows-cohort-05-34439762763-1-be5f25d196d98cb0dc091b0228e3e4e7\\build", "-C", "Release", "--parallel", "1", "--timeout", "30", "--no-tests=error", "--output-on-failure", "--output-junit", "D:\\a\\_temp\\passvault-windows-cohort-05-34439762763-1-be5f25d196d98cb0dc091b0228e3e4e7\\logs\\case-03.xml", "-R", "^passvault_biometric_windows_file_dacl_failure$"], "exit_code": 0, "job_active_after_parent": 1, "log": "11-case-03.log", "parent_output_snapshot_sha256": "ddebe56ecca6c30a1e716c1f8cdc6b5a26aff2261f27a7769e715709102bacf3", "pid": 8020, "snapshot_qualification": "Not a settled-log hash; owned descendants may still write", "state": "PARENT_EXIT_OBSERVED", "tid": 5972}, {"argv": ["C:\\Program Files\\CMake\\bin\\ctest.exe", "--test-dir", "D:\\a\\_temp\\passvault-windows-cohort-05-34439762763-1-be5f25d196d98cb0dc091b0228e3e4e7\\build", "-C", "Release", "--parallel", "1", "--timeout", "30", "--no-tests=error", "--output-on-failure", "--output-junit", "D:\\a\\_temp\\passvault-windows-cohort-05-34439762763-1-be5f25d196d98cb0dc091b0228e3e4e7\\logs\\case-04.xml", "-R", "^passvault_biometric_windows_file_collision$"], "exit_code": 0, "job_active_after_parent": 1, "log": "12-case-04.log", "parent_output_snapshot_sha256": "da5ccb8b7f2a6cc7dad389e8e922efadb1e1ca235e921a25ef1047490c86987c", "pid": 4980, "snapshot_qualification": "Not a settled-log hash; owned descendants may still write", "state": "PARENT_EXIT_OBSERVED", "tid": 196}, {"argv": ["C:\\Program Files\\CMake\\bin\\ctest.exe", "--test-dir", "D:\\a\\_temp\\passvault-windows-cohort-05-34439762763-1-be5f25d196d98cb0dc091b0228e3e4e7\\build", "-C", "Release", "--parallel", "1", "--timeout", "30", "--no-tests=error", "--output-on-failure", "--output-junit", "D:\\a\\_temp\\passvault-windows-cohort-05-34439762763-1-be5f25d196d98cb0dc091b0228e3e4e7\\logs\\case-05.xml", "-R", "^passvault_biometric_windows_file_empty_payload$"], "exit_code": 0, "job_active_after_parent": 1, "log": "13-case-05.log", "parent_output_snapshot_sha256": "3399b9fd9cbe5af499ecfefbf0dc5d0ef7f502cde9ed4c0683461ffc1a90dfa8", "pid": 4112, "snapshot_qualification": "Not a settled-log hash; owned descendants may still write", "state": "PARENT_EXIT_OBSERVED", "tid": 4684}, {"argv": ["C:\\Program Files\\CMake\\bin\\ctest.exe", "--test-dir", "D:\\a\\_temp\\passvault-windows-cohort-05-34439762763-1-be5f25d196d98cb0dc091b0228e3e4e7\\build", "-C", "Release", "--parallel", "1", "--timeout", "30", "--no-tests=error", "--output-on-failure", "--output-junit", "D:\\a\\_temp\\passvault-windows-cohort-05-34439762763-1-be5f25d196d98cb0dc091b0228e3e4e7\\logs\\case-06.xml", "-R", "^passvault_biometric_windows_file_oversized_payload$"], "exit_code": 0, "job_active_after_parent": 1, "log": "14-case-06.log", "parent_output_snapshot_sha256": "83632d790eed9e7f91233599f34d799969fc67ab0f5c362dada5c67112b8c0a8", "pid": 1916, "snapshot_qualification": "Not a settled-log hash; owned descendants may still write", "state": "PARENT_EXIT_OBSERVED", "tid": 2248}, {"argv": ["C:\\Program Files\\CMake\\bin\\ctest.exe", "--test-dir", "D:\\a\\_temp\\passvault-windows-cohort-05-34439762763-1-be5f25d196d98cb0dc091b0228e3e4e7\\build", "-C", "Release", "--parallel", "1", "--timeout", "30", "--no-tests=error", "--output-on-failure", "--output-junit", "D:\\a\\_temp\\passvault-windows-cohort-05-34439762763-1-be5f25d196d98cb0dc091b0228e3e4e7\\logs\\case-07.xml", "-R", "^passvault_biometric_windows_file_empty_suffix$"], "exit_code": 0, "job_active_after_parent": 1, "log": "15-case-07.log", "parent_output_snapshot_sha256": "d3b49532a760bf24b0fb69b90a321c1049f21fab6f36594f473b48728fae9341", "pid": 6632, "snapshot_qualification": "Not a settled-log hash; owned descendants may still write", "state": "PARENT_EXIT_OBSERVED", "tid": 1604}, {"argv": ["C:\\Program Files\\CMake\\bin\\ctest.exe", "--test-dir", "D:\\a\\_temp\\passvault-windows-cohort-05-34439762763-1-be5f25d196d98cb0dc091b0228e3e4e7\\build", "-C", "Release", "--parallel", "1", "--timeout", "30", "--no-tests=error", "--output-on-failure", "--output-junit", "D:\\a\\_temp\\passvault-windows-cohort-05-34439762763-1-be5f25d196d98cb0dc091b0228e3e4e7\\logs\\case-08.xml", "-R", "^passvault_biometric_windows_file_rename_failure$"], "exit_code": 0, "job_active_after_parent": 1, "log": "16-case-08.log", "parent_output_snapshot_sha256": "30f69eeeef017388bd671e4ddf0b0da6ae83d64e918ef335e435aa83568b89c3", "pid": 368, "snapshot_qualification": "Not a settled-log hash; owned descendants may still write", "state": "PARENT_EXIT_OBSERVED", "tid": 8088}, {"argv": ["C:\\Program Files\\CMake\\bin\\ctest.exe", "--test-dir", "D:\\a\\_temp\\passvault-windows-cohort-05-34439762763-1-be5f25d196d98cb0dc091b0228e3e4e7\\build", "-C", "Release", "--parallel", "1", "--timeout", "30", "--no-tests=error", "--output-on-failure", "--output-junit", "D:\\a\\_temp\\passvault-windows-cohort-05-34439762763-1-be5f25d196d98cb0dc091b0228e3e4e7\\logs\\case-09.xml", "-R", "^passvault_biometric_windows_secret_normal_scope$"], "exit_code": 0, "job_active_after_parent": 1, "log": "17-case-09.log", "parent_output_snapshot_sha256": "d26f94aca50b5d40db78861bc18a36aaacb54ef49767ae3bbf2aedaa142fe4cc", "pid": 7708, "snapshot_qualification": "Not a settled-log hash; owned descendants may still write", "state": "PARENT_EXIT_OBSERVED", "tid": 5896}, {"argv": ["C:\\Program Files\\CMake\\bin\\ctest.exe", "--test-dir", "D:\\a\\_temp\\passvault-windows-cohort-05-34439762763-1-be5f25d196d98cb0dc091b0228e3e4e7\\build", "-C", "Release", "--parallel", "1", "--timeout", "30", "--no-tests=error", "--output-on-failure", "--output-junit", "D:\\a\\_temp\\passvault-windows-cohort-05-34439762763-1-be5f25d196d98cb0dc091b0228e3e4e7\\logs\\case-10.xml", "-R", "^passvault_biometric_windows_secret_early_return$"], "exit_code": 0, "job_active_after_parent": 1, "log": "18-case-10.log", "parent_output_snapshot_sha256": "46f807b0b65cccce8b39b8ef4ba036d81ccff1e95e4c8b83d878b961d01d1518", "pid": 7100, "snapshot_qualification": "Not a settled-log hash; owned descendants may still write", "state": "PARENT_EXIT_OBSERVED", "tid": 6920}, {"argv": ["C:\\Program Files\\CMake\\bin\\ctest.exe", "--test-dir", "D:\\a\\_temp\\passvault-windows-cohort-05-34439762763-1-be5f25d196d98cb0dc091b0228e3e4e7\\build", "-C", "Release", "--parallel", "1", "--timeout", "30", "--no-tests=error", "--output-on-failure", "--output-junit", "D:\\a\\_temp\\passvault-windows-cohort-05-34439762763-1-be5f25d196d98cb0dc091b0228e3e4e7\\logs\\case-11.xml", "-R", "^passvault_biometric_windows_secret_allocation_exception$"], "exit_code": 0, "job_active_after_parent": 1, "log": "19-case-11.log", "parent_output_snapshot_sha256": "c18721c9213316e258b65179d917df3660f1606720967c8f61719199ef3e66f9", "pid": 1148, "snapshot_qualification": "Not a settled-log hash; owned descendants may still write", "state": "PARENT_EXIT_OBSERVED", "tid": 2588}, {"argv": ["C:\\Program Files\\CMake\\bin\\ctest.exe", "--test-dir", "D:\\a\\_temp\\passvault-windows-cohort-05-34439762763-1-be5f25d196d98cb0dc091b0228e3e4e7\\build", "-C", "Release", "--parallel", "1", "--timeout", "30", "--no-tests=error", "--output-on-failure", "--output-junit", "D:\\a\\_temp\\passvault-windows-cohort-05-34439762763-1-be5f25d196d98cb0dc091b0228e3e4e7\\logs\\case-12.xml", "-R", "^passvault_biometric_windows_secret_nested_exception$"], "exit_code": 0, "job_active_after_parent": 1, "log": "20-case-12.log", "parent_output_snapshot_sha256": "4c985490eb42c6f21a5439dc1881736618a00841d255292beb6d119998c23049", "pid": 6136, "snapshot_qualification": "Not a settled-log hash; owned descendants may still write", "state": "PARENT_EXIT_OBSERVED", "tid": 6840}, {"argv": ["C:\\Program Files\\CMake\\bin\\ctest.exe", "--test-dir", "D:\\a\\_temp\\passvault-windows-cohort-05-34439762763-1-be5f25d196d98cb0dc091b0228e3e4e7\\build", "-C", "Release", "--parallel", "1", "--timeout", "30", "--no-tests=error", "--output-on-failure", "--output-junit", "D:\\a\\_temp\\passvault-windows-cohort-05-34439762763-1-be5f25d196d98cb0dc091b0228e3e4e7\\logs\\case-13.xml", "-R", "^passvault_biometric_abi$"], "exit_code": 0, "job_active_after_parent": 1, "log": "21-case-13.log", "parent_output_snapshot_sha256": "774074246542ffb86533d88fcf79ed07978fb2ed933a2604e6626a4197fe5e2c", "pid": 5960, "snapshot_qualification": "Not a settled-log hash; owned descendants may still write", "state": "PARENT_EXIT_OBSERVED", "tid": 3660}, {"argv": ["C:\\Program Files\\CMake\\bin\\ctest.exe", "--test-dir", "D:\\a\\_temp\\passvault-windows-cohort-05-34439762763-1-be5f25d196d98cb0dc091b0228e3e4e7\\build", "-C", "Release", "--parallel", "1", "--timeout", "30", "--no-tests=error", "--output-on-failure", "--output-junit", "D:\\a\\_temp\\passvault-windows-cohort-05-34439762763-1-be5f25d196d98cb0dc091b0228e3e4e7\\logs\\case-14.xml", "-R", "^passvault_biometric_windows_security$"], "exit_code": 0, "job_active_after_parent": 1, "log": "22-case-14.log", "parent_output_snapshot_sha256": "0b8e2f6579c9b8644888cde77850521b743ee423efa31a7c0411dc2f867d87ee", "pid": 4472, "snapshot_qualification": "Not a settled-log hash; owned descendants may still write", "state": "PARENT_EXIT_OBSERVED", "tid": 4712}, {"argv": ["C:\\Program Files\\CMake\\bin\\ctest.exe", "--test-dir", "D:\\a\\_temp\\passvault-windows-cohort-05-34439762763-1-be5f25d196d98cb0dc091b0228e3e4e7\\build", "-C", "Release", "--parallel", "1", "--timeout", "30", "--no-tests=error", "--output-on-failure", "--output-junit", "D:\\a\\_temp\\passvault-windows-cohort-05-34439762763-1-be5f25d196d98cb0dc091b0228e3e4e7\\logs\\case-15.xml", "-R", "^passvault_biometric_windows_historical_success$"], "exit_code": 0, "job_active_after_parent": 1, "log": "23-case-15.log", "parent_output_snapshot_sha256": "a718857d3072d9cfc9b6b8a57b5cd75c0d4d88247e1aca75496142b808eb6eb4", "pid": 8024, "snapshot_qualification": "Not a settled-log hash; owned descendants may still write", "state": "PARENT_EXIT_OBSERVED", "tid": 4856}, {"argv": ["C:\\Program Files\\CMake\\bin\\ctest.exe", "--test-dir", "D:\\a\\_temp\\passvault-windows-cohort-05-34439762763-1-be5f25d196d98cb0dc091b0228e3e4e7\\build", "-C", "Release", "--parallel", "1", "--timeout", "30", "--no-tests=error", "--output-on-failure", "--output-junit", "D:\\a\\_temp\\passvault-windows-cohort-05-34439762763-1-be5f25d196d98cb0dc091b0228e3e4e7\\logs\\case-16.xml", "-R", "^passvault_biometric_windows_historical_validation_failure$"], "exit_code": 0, "job_active_after_parent": 1, "log": "24-case-16.log", "parent_output_snapshot_sha256": "41891a9af895617d44a71131287550a4c20e1a2381b7127b01674ff4ce2c91ca", "pid": 3480, "snapshot_qualification": "Not a settled-log hash; owned descendants may still write", "state": "PARENT_EXIT_OBSERVED", "tid": 1120}, {"argv": ["C:\\Program Files\\CMake\\bin\\ctest.exe", "--test-dir", "D:\\a\\_temp\\passvault-windows-cohort-05-34439762763-1-be5f25d196d98cb0dc091b0228e3e4e7\\build", "-C", "Release", "--parallel", "1", "--timeout", "30", "--no-tests=error", "--output-on-failure", "--output-junit", "D:\\a\\_temp\\passvault-windows-cohort-05-34439762763-1-be5f25d196d98cb0dc091b0228e3e4e7\\logs\\case-17.xml", "-R", "^passvault_biometric_windows_historical_dacl_failure$"], "exit_code": 0, "job_active_after_parent": 1, "log": "25-case-17.log", "parent_output_snapshot_sha256": "75f4e2e5f4170e4749dafce325cfcfaff389b3611b7b3856bd3984edef82031b", "pid": 2688, "snapshot_qualification": "Not a settled-log hash; owned descendants may still write", "state": "PARENT_EXIT_OBSERVED", "tid": 4276}, {"argv": ["C:\\Program Files\\CMake\\bin\\ctest.exe", "--test-dir", "D:\\a\\_temp\\passvault-windows-cohort-05-34439762763-1-be5f25d196d98cb0dc091b0228e3e4e7\\build", "-C", "Release", "--parallel", "1", "--timeout", "30", "--no-tests=error", "--output-on-failure", "--output-junit", "D:\\a\\_temp\\passvault-windows-cohort-05-34439762763-1-be5f25d196d98cb0dc091b0228e3e4e7\\logs\\case-18.xml", "-R", "^passvault_biometric_windows_historical_collision$"], "exit_code": 0, "job_active_after_parent": 1, "log": "26-case-18.log", "parent_output_snapshot_sha256": "48116da6476598ed3030264a2c70820a818fe708e37dcd9aa2f390850d0fb9fa", "pid": 1064, "snapshot_qualification": "Not a settled-log hash; owned descendants may still write", "state": "PARENT_EXIT_OBSERVED", "tid": 6316}, {"argv": ["C:\\Program Files\\CMake\\bin\\ctest.exe", "--test-dir", "D:\\a\\_temp\\passvault-windows-cohort-05-34439762763-1-be5f25d196d98cb0dc091b0228e3e4e7\\build", "-C", "Release", "--parallel", "1", "--timeout", "30", "--no-tests=error", "--output-on-failure", "--output-junit", "D:\\a\\_temp\\passvault-windows-cohort-05-34439762763-1-be5f25d196d98cb0dc091b0228e3e4e7\\logs\\case-19.xml", "-R", "^passvault_biometric_windows_historical_empty_payload$"], "exit_code": 0, "job_active_after_parent": 1, "log": "27-case-19.log", "parent_output_snapshot_sha256": "55a4351169ffb12eceecdd3c72832fa0ac860b0c38b7fe4c98724a370a399169", "pid": 1932, "snapshot_qualification": "Not a settled-log hash; owned descendants may still write", "state": "PARENT_EXIT_OBSERVED", "tid": 4720}, {"argv": ["C:\\Program Files\\CMake\\bin\\ctest.exe", "--test-dir", "D:\\a\\_temp\\passvault-windows-cohort-05-34439762763-1-be5f25d196d98cb0dc091b0228e3e4e7\\build", "-C", "Release", "--parallel", "1", "--timeout", "30", "--no-tests=error", "--output-on-failure", "--output-junit", "D:\\a\\_temp\\passvault-windows-cohort-05-34439762763-1-be5f25d196d98cb0dc091b0228e3e4e7\\logs\\case-20.xml", "-R", "^passvault_biometric_windows_historical_oversized_payload$"], "exit_code": 0, "job_active_after_parent": 1, "log": "28-case-20.log", "parent_output_snapshot_sha256": "f3b96b147e2a57d384cc07cc306379dcf4d2d533c40886e649335788f00ffb35", "pid": 1936, "snapshot_qualification": "Not a settled-log hash; owned descendants may still write", "state": "PARENT_EXIT_OBSERVED", "tid": 2456}, {"argv": ["C:\\Program Files\\CMake\\bin\\ctest.exe", "--test-dir", "D:\\a\\_temp\\passvault-windows-cohort-05-34439762763-1-be5f25d196d98cb0dc091b0228e3e4e7\\build", "-C", "Release", "--parallel", "1", "--timeout", "30", "--no-tests=error", "--output-on-failure", "--output-junit", "D:\\a\\_temp\\passvault-windows-cohort-05-34439762763-1-be5f25d196d98cb0dc091b0228e3e4e7\\logs\\case-21.xml", "-R", "^passvault_biometric_windows_historical_empty_suffix$"], "exit_code": 0, "job_active_after_parent": 1, "log": "29-case-21.log", "parent_output_snapshot_sha256": "bc4c93ea755ee86d81319645b2753e923c147bae97ba8d25c8079763286594f9", "pid": 7228, "snapshot_qualification": "Not a settled-log hash; owned descendants may still write", "state": "PARENT_EXIT_OBSERVED", "tid": 4768}, {"argv": ["C:\\Program Files\\CMake\\bin\\ctest.exe", "--test-dir", "D:\\a\\_temp\\passvault-windows-cohort-05-34439762763-1-be5f25d196d98cb0dc091b0228e3e4e7\\build", "-C", "Release", "--parallel", "1", "--timeout", "30", "--no-tests=error", "--output-on-failure", "--output-junit", "D:\\a\\_temp\\passvault-windows-cohort-05-34439762763-1-be5f25d196d98cb0dc091b0228e3e4e7\\logs\\case-22.xml", "-R", "^passvault_biometric_windows_historical_rename_failure$"], "exit_code": 0, "job_active_after_parent": 1, "log": "30-case-22.log", "parent_output_snapshot_sha256": "654a4618ce5b21825aad58a65fafdea48facefa43b5c715759a3b0cac6116289", "pid": 4784, "snapshot_qualification": "Not a settled-log hash; owned descendants may still write", "state": "PARENT_EXIT_OBSERVED", "tid": 1216}, {"argv": ["C:\\Program Files\\CMake\\bin\\ctest.exe", "--test-dir", "D:\\a\\_temp\\passvault-windows-cohort-05-34439762763-1-be5f25d196d98cb0dc091b0228e3e4e7\\build", "-C", "Release", "--parallel", "1", "--timeout", "30", "--no-tests=error", "--output-on-failure", "--output-junit", "D:\\a\\_temp\\passvault-windows-cohort-05-34439762763-1-be5f25d196d98cb0dc091b0228e3e4e7\\logs\\case-23.xml", "-R", "^passvault_biometric_windows_prk_unarmed$"], "exit_code": 0, "job_active_after_parent": 1, "log": "31-case-23.log", "parent_output_snapshot_sha256": "91998e321b27acb4a83144d6d004ad8ef3f1d3003e891c3168a5ab4777e29204", "pid": 1756, "snapshot_qualification": "Not a settled-log hash; owned descendants may still write", "state": "PARENT_EXIT_OBSERVED", "tid": 3088}, {"argv": ["C:\\Program Files\\CMake\\bin\\ctest.exe", "--test-dir", "D:\\a\\_temp\\passvault-windows-cohort-05-34439762763-1-be5f25d196d98cb0dc091b0228e3e4e7\\build", "-C", "Release", "--parallel", "1", "--timeout", "30", "--no-tests=error", "--output-on-failure", "--output-junit", "D:\\a\\_temp\\passvault-windows-cohort-05-34439762763-1-be5f25d196d98cb0dc091b0228e3e4e7\\logs\\case-24.xml", "-R", "^passvault_biometric_windows_prk_allocation_cut$"], "exit_code": 0, "job_active_after_parent": 1, "log": "32-case-24.log", "parent_output_snapshot_sha256": "055729d3de47edf5d828388385a937e48e5c39aadc7f34f0c9f5d80a77c7967a", "pid": 2496, "snapshot_qualification": "Not a settled-log hash; owned descendants may still write", "state": "PARENT_EXIT_OBSERVED", "tid": 5144}], "entry_refusals": [{"disposition": "HOLD; no target read/follow/delete", "identity": [1852874138, 65536, 3311, 9238], "links": 1, "original_handle_closed": true, "owned_relative": "home\\AppData\\Local\\Microsoft\\Windows\\INetCache\\Content.IE5", "owned_relative_characters": 58, "owned_relative_sha256": "4cd955957d9592cde4e8cf2478a3ceb9da8fb16a9dc071a819d59a71ebe63ec3", "reparse": true, "target_read": false}], "failures": ["Cleanup EntryRefusal: No-follow entry ownership/reparse/link refusal"], "generated_file_observations": [{"after": {"created": [31277282, 1074879328], "identity": [1852874138, 196608, 3354, 32], "links": 1, "size": 16842, "written": [31277282, 1074879328]}, "before": {"created": [31277282, 1074879328], "identity": [1852874138, 196608, 3354, 32], "links": 1, "size": 16842, "written": [31277282, 1074879328]}, "original_handle_close": "SUCCEEDED", "path": "D:\\a\\_temp\\passvault-windows-cohort-05-34439762763-1-be5f25d196d98cb0dc091b0228e3e4e7\\build\\CMakeCache.txt", "read_bytes": 16842, "read_bytes_sha256": "5578df6d0a63421530e6fed6a6bdd7e9217a6f1a003f0df05fdab84028ecf85e", "read_error": null, "read_returned": true, "read_validated": true, "settled": false, "sharing": "READ only; deny WRITE/DELETE", "stage": "read_validated"}, {"after": {"created": [31277282, 1075035595], "identity": [1852874138, 196608, 3373, 32], "links": 1, "size": 65471, "written": [31277282, 1075191844]}, "before": {"created": [31277282, 1075035595], "identity": [1852874138, 196608, 3373, 32], "links": 1, "size": 65471, "written": [31277282, 1075191844]}, "original_handle_close": "SUCCEEDED", "path": "D:\\a\\_temp\\passvault-windows-cohort-05-34439762763-1-be5f25d196d98cb0dc091b0228e3e4e7\\build\\passvault_biometric.vcxproj", "read_bytes": 65471, "read_bytes_sha256": "036275691288f521d32241210f5919004a354dde12d8342e12ed578d09d223a9", "read_error": null, "read_returned": true, "read_validated": true, "settled": false, "sharing": "READ only; deny WRITE/DELETE", "stage": "read_validated"}, {"after": {"created": [31277282, 1075191844], "identity": [1852874138, 393216, 3377, 32], "links": 1, "size": 65465, "written": [31277282, 1075191844]}, "before": {"created": [31277282, 1075191844], "identity": [1852874138, 393216, 3377, 32], "links": 1, "size": 65465, "written": [31277282, 1075191844]}, "original_handle_close": "SUCCEEDED", "path": "D:\\a\\_temp\\passvault-windows-cohort-05-34439762763-1-be5f25d196d98cb0dc091b0228e3e4e7\\build\\passvault_biometric_windows_security_test.vcxproj", "read_bytes": 65465, "read_bytes_sha256": "f22a6c6143ab052eb667a6e3167c8dfa8bdf60eedefad4ced4ccbab26264a201", "read_error": null, "read_returned": true, "read_validated": true, "settled": false, "sharing": "READ only; deny WRITE/DELETE", "stage": "read_validated"}, {"after": {"created": [31277282, 1075191844], "identity": [1852874138, 262144, 3379, 32], "links": 1, "size": 67554, "written": [31277282, 1075191844]}, "before": {"created": [31277282, 1075191844], "identity": [1852874138, 262144, 3379, 32], "links": 1, "size": 67554, "written": [31277282, 1075191844]}, "original_handle_close": "SUCCEEDED", "path": "D:\\a\\_temp\\passvault-windows-cohort-05-34439762763-1-be5f25d196d98cb0dc091b0228e3e4e7\\build\\passvault_biometric_windows_historical_writer_test.vcxproj", "read_bytes": 67554, "read_bytes_sha256": "90b68d7785b48a95597a719a29006c6f3b9c228f146fe6235f63db59129ebebb", "read_error": null, "read_returned": true, "read_validated": true, "settled": false, "sharing": "READ only; deny WRITE/DELETE", "stage": "read_validated"}, {"after": {"created": [31277282, 1075191844], "identity": [1852874138, 196608, 3381, 32], "links": 1, "size": 65903, "written": [31277282, 1075191844]}, "before": {"created": [31277282, 1075191844], "identity": [1852874138, 196608, 3381, 32], "links": 1, "size": 65903, "written": [31277282, 1075191844]}, "original_handle_close": "SUCCEEDED", "path": "D:\\a\\_temp\\passvault-windows-cohort-05-34439762763-1-be5f25d196d98cb0dc091b0228e3e4e7\\build\\passvault_biometric_windows_prk_allocation_test.vcxproj", "read_bytes": 65903, "read_bytes_sha256": "488fd528119387e93161b2d726fe1e448a27a7b51ebc77075a6712aa668191bd", "read_error": null, "read_returned": true, "read_validated": true, "settled": false, "sharing": "READ only; deny WRITE/DELETE", "stage": "read_validated"}, {"after": {"created": [31277282, 1075035595], "identity": [1852874138, 196608, 3373, 32], "links": 1, "size": 65471, "written": [31277282, 1075191844]}, "before": {"created": [31277282, 1075035595], "identity": [1852874138, 196608, 3373, 32], "links": 1, "size": 65471, "written": [31277282, 1075191844]}, "original_handle_close": "SUCCEEDED", "path": "D:\\a\\_temp\\passvault-windows-cohort-05-34439762763-1-be5f25d196d98cb0dc091b0228e3e4e7\\build\\passvault_biometric.vcxproj", "read_bytes": 65471, "read_bytes_sha256": "036275691288f521d32241210f5919004a354dde12d8342e12ed578d09d223a9", "read_error": null, "read_returned": true, "read_validated": true, "settled": true, "sharing": "READ only; deny WRITE/DELETE", "stage": "read_validated"}, {"after": {"created": [31277282, 1075191844], "identity": [1852874138, 393216, 3377, 32], "links": 1, "size": 65465, "written": [31277282, 1075191844]}, "before": {"created": [31277282, 1075191844], "identity": [1852874138, 393216, 3377, 32], "links": 1, "size": 65465, "written": [31277282, 1075191844]}, "original_handle_close": "SUCCEEDED", "path": "D:\\a\\_temp\\passvault-windows-cohort-05-34439762763-1-be5f25d196d98cb0dc091b0228e3e4e7\\build\\passvault_biometric_windows_security_test.vcxproj", "read_bytes": 65465, "read_bytes_sha256": "f22a6c6143ab052eb667a6e3167c8dfa8bdf60eedefad4ced4ccbab26264a201", "read_error": null, "read_returned": true, "read_validated": true, "settled": true, "sharing": "READ only; deny WRITE/DELETE", "stage": "read_validated"}, {"after": {"created": [31277282, 1075191844], "identity": [1852874138, 262144, 3379, 32], "links": 1, "size": 67554, "written": [31277282, 1075191844]}, "before": {"created": [31277282, 1075191844], "identity": [1852874138, 262144, 3379, 32], "links": 1, "size": 67554, "written": [31277282, 1075191844]}, "original_handle_close": "SUCCEEDED", "path": "D:\\a\\_temp\\passvault-windows-cohort-05-34439762763-1-be5f25d196d98cb0dc091b0228e3e4e7\\build\\passvault_biometric_windows_historical_writer_test.vcxproj", "read_bytes": 67554, "read_bytes_sha256": "90b68d7785b48a95597a719a29006c6f3b9c228f146fe6235f63db59129ebebb", "read_error": null, "read_returned": true, "read_validated": true, "settled": true, "sharing": "READ only; deny WRITE/DELETE", "stage": "read_validated"}, {"after": {"created": [31277282, 1075191844], "identity": [1852874138, 196608, 3381, 32], "links": 1, "size": 65903, "written": [31277282, 1075191844]}, "before": {"created": [31277282, 1075191844], "identity": [1852874138, 196608, 3381, 32], "links": 1, "size": 65903, "written": [31277282, 1075191844]}, "original_handle_close": "SUCCEEDED", "path": "D:\\a\\_temp\\passvault-windows-cohort-05-34439762763-1-be5f25d196d98cb0dc091b0228e3e4e7\\build\\passvault_biometric_windows_prk_allocation_test.vcxproj", "read_bytes": 65903, "read_bytes_sha256": "488fd528119387e93161b2d726fe1e448a27a7b51ebc77075a6712aa668191bd", "read_error": null, "read_returned": true, "read_validated": true, "settled": true, "sharing": "READ only; deny WRITE/DELETE", "stage": "read_validated"}], "gradle_stop": "NOT_APPLICABLE: no Gradle invocation", "hello_hardware": "BLOCKED: not exercised", "job_settlement": {"errors": [], "observed_zero": true, "termination_attempted": true}, "operational_status": "FAILED_OR_INCOMPLETE", "original_handle_close_failures": [], "request_commit": "b825df973ac3e3392dd99b251b8bb7fd48fecce6", "request_tree": "92304c125be2e19a1badfb7540c39d4b7c82b6ab", "sdk_header_observation": {"after": {"created": [31231828, 3245702912], "identity": [16655526, 65536, 490651, 32], "links": 1, "size": 76998, "written": [31231828, 3245702912]}, "before": {"created": [31231828, 3245702912], "identity": [16655526, 65536, 490651, 32], "links": 1, "size": 76998, "written": [31231828, 3245702912]}, "original_handle_close": "SUCCEEDED", "path": "C:\\Program Files (x86)\\Windows Kits\\10\\Include\\10.0.26100.0\\um\\webauthn.h", "read_bytes": 76998, "read_bytes_sha256": "fb575592ce15d8f672386aab5e6b3d3aac101f4ec11a8c52c8085cd6d59a9665", "read_error": null, "read_returned": true, "read_validated": true, "sharing": "READ only; deny WRITE/DELETE", "stage": "read_validated"}, "source_commit": "0d06721b7f8bdc17513a6ab51ffbc5523e68b230", "source_qualification": "Current14 plus8 exact instrumented historical writer controls and2 real-CNG PRK allocation cases; not a shipped historical binary, fixed KDF vector, caller PRF/wrapping-array cuts, provider-object lifetime or Hello hardware proof", "source_tree": "dd04904c1deb691bd6aeed756dd6ceab8ea97837", "suite": "windows-native-24-cohort-v5"}
2026-09-10T05:07:56.9500274Z ##[error]Process completed with exit code 1.
2026-09-10T05:07:56.9732766Z ##[group]Run actions/upload-artifact@043fb46d1a93c77aae656e7c1c64a875d1fc6a0a
2026-09-10T05:07:56.9733172Z with:
2026-09-10T05:07:56.9733360Z   name: audit-windows-cohort-05-34439762763-1
2026-09-10T05:07:56.9734309Z   path: D:\a\_temp/passvault-windows-cohort-05-34439762763-1-evidence/*.json
D:\a\_temp/passvault-windows-cohort-05-34439762763-1-evidence/*.jsonl
D:\a\_temp/passvault-windows-cohort-05-34439762763-1-evidence/*.log
D:\a\_temp/passvault-windows-cohort-05-34439762763-1-evidence/*.xml

2026-09-10T05:07:56.9735170Z   retention-days: 3
2026-09-10T05:07:56.9735330Z   compression-level: 9
2026-09-10T05:07:56.9735489Z   if-no-files-found: error
2026-09-10T05:07:56.9735655Z   overwrite: false
2026-09-10T05:07:56.9735820Z   include-hidden-files: false
2026-09-10T05:07:56.9735994Z   archive: true
2026-09-10T05:07:56.9736138Z ##[endgroup]
2026-09-10T05:07:57.1221248Z With the provided path, there will be 99 files uploaded
2026-09-10T05:07:57.1225215Z Artifact name is valid!
2026-09-10T05:07:57.1226276Z Root directory input is valid!
2026-09-10T05:07:57.4628319Z Uploading artifact: audit-windows-cohort-05-34439762763-1.zip
2026-09-10T05:07:57.4661924Z Beginning upload of artifact content to blob storage
2026-09-10T05:07:58.1465823Z Uploaded bytes 56504
2026-09-10T05:07:58.2093111Z Finished uploading artifact content to blob storage!
2026-09-10T05:07:58.2093776Z SHA256 digest of uploaded artifact is 8812b48bd98c69b84df9cf61a76ce33c5c204f295f95917d6d25884e792fceb1
2026-09-10T05:07:58.2094329Z Finalizing artifact upload
2026-09-10T05:07:58.5975233Z Artifact audit-windows-cohort-05-34439762763-1 successfully finalized. Artifact ID 10137513416
2026-09-10T05:07:58.5976316Z Artifact audit-windows-cohort-05-34439762763-1 has been successfully uploaded! Final size is 56504 bytes. Artifact ID is 10137513416
2026-09-10T05:07:58.5981449Z Artifact download URL: https://github.com/Apdelrahman1911/passvault/actions/runs/34439762763/artifacts/10137513416
2026-09-10T05:07:58.6241044Z Post job cleanup.
2026-09-10T05:07:58.7492372Z [command]"C:\Program Files\Git\bin\git.exe" version
2026-09-10T05:07:58.7656727Z git version 2.55.0.windows.5
2026-09-10T05:07:58.7695954Z Temporarily overriding HOME='D:\a\_temp\d5570178-e088-4152-a807-222c65aa4c5d' before making global git config changes
2026-09-10T05:07:58.7696561Z Adding repository directory to the temporary git global config as a safe directory
2026-09-10T05:07:58.7704051Z [command]"C:\Program Files\Git\bin\git.exe" config --global --add safe.directory D:\a\passvault\passvault
2026-09-10T05:07:58.7876477Z Removing SSH command configuration
2026-09-10T05:07:58.7884980Z [command]"C:\Program Files\Git\bin\git.exe" config --local --name-only --get-regexp core\.sshCommand
2026-09-10T05:07:58.8064571Z [command]"C:\Program Files\Git\bin\git.exe" submodule foreach --recursive "sh -c \"git config --local --name-only --get-regexp 'core\.sshCommand' && git config --local --unset-all 'core.sshCommand' || :\""
2026-09-10T05:07:59.1755169Z Removing HTTP extra header
2026-09-10T05:07:59.1763524Z [command]"C:\Program Files\Git\bin\git.exe" config --local --name-only --get-regexp http\.https\:\/\/github\.com\/\.extraheader
2026-09-10T05:07:59.1951706Z [command]"C:\Program Files\Git\bin\git.exe" submodule foreach --recursive "sh -c \"git config --local --name-only --get-regexp 'http\.https\:\/\/github\.com\/\.extraheader' && git config --local --unset-all 'http.https://github.com/.extraheader' || :\""
2026-09-10T05:07:59.6889213Z Removing includeIf entries pointing to credentials config files
2026-09-10T05:07:59.6898607Z [command]"C:\Program Files\Git\bin\git.exe" config --local --name-only --get-regexp ^includeIf\.gitdir:
2026-09-10T05:07:59.7074442Z [command]"C:\Program Files\Git\bin\git.exe" submodule foreach --recursive "git config --local --show-origin --name-only --get-regexp remote.origin.url"
2026-09-10T05:08:00.0717534Z Cleaning up orphan processes

===== native/system.txt =====
2026-09-10T05:06:42.6550000Z Job is waiting for a hosted runner to come online.
2026-09-10T05:06:42.6500000Z Evaluating native.if
2026-09-10T05:06:42.6500000Z Evaluating: (success() && (((github.repository == 'Apdelrahman1911/passvault') && (github.ref == 'refs/heads/codex/audit-continuation-linux-20260908') && (github.event_name == 'push') && !github.event.deleted && (github.run_attempt == 1))))
2026-09-10T05:06:42.6500000Z Expanded: (true && (('Apdelrahman1911/passvault' == 'Apdelrahman1911/passvault') && ('refs/heads/codex/audit-continuation-linux-20260908' == 'refs/heads/codex/audit-continuation-linux-20260908') && ('push' == 'push') && !false && ('1' == 1)))
2026-09-10T05:06:42.6500000Z Result: true
2026-09-10T05:06:42.6510000Z Requested labels: windows-2022
2026-09-10T05:06:42.6510000Z Job defined at: Apdelrahman1911/passvault/.github/workflows/audit-windows-native-validation.yml@refs/heads/codex/audit-continuation-linux-20260908
2026-09-10T05:06:42.6510000Z Waiting for a runner to pick up this job...
2026-09-10T05:06:42.6550000Z Job is about to start running on the hosted runner: GitHub Actions 1000005374
===== native/1_Set up job.txt =====
﻿2026-09-10T05:06:45.0094801Z Current runner version: '2.337.0'
2026-09-10T05:06:45.0132579Z ##[group]Runner Image Provisioner
2026-09-10T05:06:45.0133247Z Hosted Compute Agent
2026-09-10T05:06:45.0133661Z Version: 20260828.587
2026-09-10T05:06:45.0134132Z Commit: abac92662cab4cc7352de4f9f9d2e2419aad9c29
2026-09-10T05:06:45.0134670Z Build Date: 2026-08-28T16:44:25Z
2026-09-10T05:06:45.0135161Z Worker ID: {b52401f3-8a31-4ccb-8577-66dda48adfd4}
2026-09-10T05:06:45.0135703Z Azure Region: westus3
2026-09-10T05:06:45.0136098Z ##[endgroup]
2026-09-10T05:06:45.0137070Z ##[group]Operating System
2026-09-10T05:06:45.0137561Z Microsoft Windows Server 2022
2026-09-10T05:06:45.0138013Z 10.0.20348
2026-09-10T05:06:45.0138377Z Datacenter
2026-09-10T05:06:45.0138737Z ##[endgroup]
2026-09-10T05:06:45.0139160Z ##[group]Runner Image
2026-09-10T05:06:45.0139602Z Image: windows-2022
2026-09-10T05:06:45.0139991Z Version: 20260830.290.1
2026-09-10T05:06:45.0140764Z Included Software: https://github.com/actions/runner-images/blob/win22/20260830.290/images/windows/Windows2022-Readme.md
2026-09-10T05:06:45.0142111Z Image Release: https://github.com/actions/runner-images/releases/tag/win22%2F20260830.290
2026-09-10T05:06:45.0142810Z ##[endgroup]
2026-09-10T05:06:45.0143599Z ##[group]GITHUB_TOKEN Permissions
2026-09-10T05:06:45.0144984Z Contents: read
2026-09-10T05:06:45.0145397Z Metadata: read
2026-09-10T05:06:45.0145779Z ##[endgroup]
2026-09-10T05:06:45.0147336Z Secret source: Actions
2026-09-10T05:06:45.0147994Z Cache mode: write
2026-09-10T05:06:45.0148500Z Prepare workflow directory
2026-09-10T05:06:45.0446295Z Prepare all required actions
2026-09-10T05:06:45.0491949Z Getting action download info
2026-09-10T05:06:45.3867482Z Download action repository 'actions/checkout@3d3c42e5aac5ba805825da76410c181273ba90b1' (SHA:3d3c42e5aac5ba805825da76410c181273ba90b1)
2026-09-10T05:06:45.4707334Z Download action repository 'actions/upload-artifact@043fb46d1a93c77aae656e7c1c64a875d1fc6a0a' (SHA:043fb46d1a93c77aae656e7c1c64a875d1fc6a0a)
2026-09-10T05:06:45.6850448Z Complete job name: native

===== native/2_Read-only exact request checkout.txt =====
﻿2026-09-10T05:06:45.8229554Z ##[group]Run actions/checkout@3d3c42e5aac5ba805825da76410c181273ba90b1
2026-09-10T05:06:45.8230642Z with:
2026-09-10T05:06:45.8230986Z   ref: b825df973ac3e3392dd99b251b8bb7fd48fecce6
2026-09-10T05:06:45.8231419Z   fetch-depth: 2
2026-09-10T05:06:45.8231741Z   persist-credentials: false
2026-09-10T05:06:45.8232103Z   submodules: false
2026-09-10T05:06:45.8232422Z   lfs: false
2026-09-10T05:06:45.8232745Z   repository: Apdelrahman1911/passvault
2026-09-10T05:06:45.8236072Z   token: ***
2026-09-10T05:06:45.8236377Z   ssh-strict: true
2026-09-10T05:06:45.8236687Z   ssh-user: git
2026-09-10T05:06:45.8236985Z   clean: true
2026-09-10T05:06:45.8237308Z   sparse-checkout-cone-mode: true
2026-09-10T05:06:45.8237692Z   fetch-tags: false
2026-09-10T05:06:45.8238011Z   show-progress: true
2026-09-10T05:06:45.8238344Z   set-safe-directory: true
2026-09-10T05:06:45.8239060Z   allow-unsafe-pr-checkout: false
2026-09-10T05:06:45.8239694Z ##[endgroup]
2026-09-10T05:06:45.9368227Z Syncing repository: Apdelrahman1911/passvault
2026-09-10T05:06:45.9369712Z ##[group]Getting Git version info
2026-09-10T05:06:45.9370175Z Working directory is 'D:\a\passvault\passvault'
2026-09-10T05:06:46.0101279Z [command]"C:\Program Files\Git\bin\git.exe" version
2026-09-10T05:06:46.3960302Z git version 2.55.0.windows.5
2026-09-10T05:06:46.3987231Z ##[endgroup]
2026-09-10T05:06:46.3998489Z Temporarily overriding HOME='D:\a\_temp\10a14838-9880-4c14-a1a8-8a748f28cf20' before making global git config changes
2026-09-10T05:06:46.3999523Z Adding repository directory to the temporary git global config as a safe directory
2026-09-10T05:06:46.4006680Z [command]"C:\Program Files\Git\bin\git.exe" config --global --add safe.directory D:\a\passvault\passvault
2026-09-10T05:06:46.4585787Z Deleting the contents of 'D:\a\passvault\passvault'
2026-09-10T05:06:46.4589207Z ##[group]Determining repository object format
2026-09-10T05:06:46.4590615Z ##[endgroup]
2026-09-10T05:06:46.4593177Z ##[group]Initializing the repository
2026-09-10T05:06:46.4597666Z [command]"C:\Program Files\Git\bin\git.exe" init D:\a\passvault\passvault
2026-09-10T05:06:46.5239709Z Initialized empty Git repository in D:/a/passvault/passvault/.git/
2026-09-10T05:06:46.5266511Z [command]"C:\Program Files\Git\bin\git.exe" remote add origin https://github.com/Apdelrahman1911/passvault
2026-09-10T05:06:46.5728275Z ##[endgroup]
2026-09-10T05:06:46.5728945Z ##[group]Disabling automatic garbage collection
2026-09-10T05:06:46.5735155Z [command]"C:\Program Files\Git\bin\git.exe" config --local gc.auto 0
2026-09-10T05:06:46.5904355Z ##[endgroup]
2026-09-10T05:06:46.5905515Z ##[group]Setting up auth
2026-09-10T05:06:46.5906225Z Removing SSH command configuration
2026-09-10T05:06:46.5913075Z [command]"C:\Program Files\Git\bin\git.exe" config --local --name-only --get-regexp core\.sshCommand
2026-09-10T05:06:46.6084586Z [command]"C:\Program Files\Git\bin\git.exe" submodule foreach --recursive "sh -c \"git config --local --name-only --get-regexp 'core\.sshCommand' && git config --local --unset-all 'core.sshCommand' || :\""
2026-09-10T05:06:48.3650245Z Removing HTTP extra header
2026-09-10T05:06:48.3658035Z [command]"C:\Program Files\Git\bin\git.exe" config --local --name-only --get-regexp http\.https\:\/\/github\.com\/\.extraheader
2026-09-10T05:06:48.3835308Z [command]"C:\Program Files\Git\bin\git.exe" submodule foreach --recursive "sh -c \"git config --local --name-only --get-regexp 'http\.https\:\/\/github\.com\/\.extraheader' && git config --local --unset-all 'http.https://github.com/.extraheader' || :\""
2026-09-10T05:06:48.7055170Z Removing includeIf entries pointing to credentials config files
2026-09-10T05:06:48.7062983Z [command]"C:\Program Files\Git\bin\git.exe" config --local --name-only --get-regexp ^includeIf\.gitdir:
2026-09-10T05:06:48.7236795Z [command]"C:\Program Files\Git\bin\git.exe" submodule foreach --recursive "git config --local --show-origin --name-only --get-regexp remote.origin.url"
2026-09-10T05:06:49.0662889Z [command]"C:\Program Files\Git\bin\git.exe" config --file D:\a\_temp\git-credentials-c14e7b1b-1ba9-4f11-906d-eb68341be8fe.config http.https://github.com/.extraheader "AUTHORIZATION: basic ***"
2026-09-10T05:06:49.0839824Z [command]"C:\Program Files\Git\bin\git.exe" config --local includeIf.gitdir:D:/a/passvault/passvault/.git.path D:\a\_temp\git-credentials-c14e7b1b-1ba9-4f11-906d-eb68341be8fe.config
2026-09-10T05:06:49.1010026Z [command]"C:\Program Files\Git\bin\git.exe" config --local includeIf.gitdir:D:/a/passvault/passvault/.git/worktrees/*.path D:\a\_temp\git-credentials-c14e7b1b-1ba9-4f11-906d-eb68341be8fe.config
2026-09-10T05:06:49.1234961Z [command]"C:\Program Files\Git\bin\git.exe" config --local includeIf.gitdir:/github/workspace/.git.path /github/runner_temp/git-credentials-c14e7b1b-1ba9-4f11-906d-eb68341be8fe.config
2026-09-10T05:06:49.1409455Z [command]"C:\Program Files\Git\bin\git.exe" config --local includeIf.gitdir:/github/workspace/.git/worktrees/*.path /github/runner_temp/git-credentials-c14e7b1b-1ba9-4f11-906d-eb68341be8fe.config
2026-09-10T05:06:49.1577308Z ##[endgroup]
2026-09-10T05:06:49.1577714Z ##[group]Fetching the repository
2026-09-10T05:06:49.1585812Z [command]"C:\Program Files\Git\bin\git.exe" -c protocol.version=2 fetch --no-tags --prune --no-recurse-submodules --depth=2 origin b825df973ac3e3392dd99b251b8bb7fd48fecce6
2026-09-10T05:06:52.3548449Z From https://github.com/Apdelrahman1911/passvault
2026-09-10T05:06:52.3549649Z  * branch            b825df973ac3e3392dd99b251b8bb7fd48fecce6 -> FETCH_HEAD
2026-09-10T05:06:52.3577953Z [command]"C:\Program Files\Git\bin\git.exe" rev-parse --verify --quiet b825df973ac3e3392dd99b251b8bb7fd48fecce6^{object}
2026-09-10T05:06:52.4030059Z b825df973ac3e3392dd99b251b8bb7fd48fecce6
2026-09-10T05:06:52.4047317Z ##[endgroup]
2026-09-10T05:06:52.4047698Z ##[group]Determining the checkout info
2026-09-10T05:06:52.4048349Z ##[endgroup]
2026-09-10T05:06:52.4055248Z [command]"C:\Program Files\Git\bin\git.exe" sparse-checkout disable
2026-09-10T05:06:52.4354128Z [command]"C:\Program Files\Git\bin\git.exe" config --local --unset-all extensions.worktreeConfig
2026-09-10T05:06:52.4556876Z ##[group]Checking out the ref
2026-09-10T05:06:52.4562851Z [command]"C:\Program Files\Git\bin\git.exe" checkout --progress --force b825df973ac3e3392dd99b251b8bb7fd48fecce6
2026-09-10T05:06:53.0287557Z Note: switching to 'b825df973ac3e3392dd99b251b8bb7fd48fecce6'.
2026-09-10T05:06:53.0288020Z 
2026-09-10T05:06:53.0288223Z You are in 'detached HEAD' state. You can look around, make experimental
2026-09-10T05:06:53.0288620Z changes and commit them, and you can discard any commits you make in this
2026-09-10T05:06:53.0289016Z state without impacting any branches by switching back to a branch.
2026-09-10T05:06:53.0289290Z 
2026-09-10T05:06:53.0289435Z If you want to create a new branch to retain commits you create, you may
2026-09-10T05:06:53.0289791Z do so (now or later) by using -c with the switch command. Example:
2026-09-10T05:06:53.0290070Z 
2026-09-10T05:06:53.0290186Z   git switch -c <new-branch-name>
2026-09-10T05:06:53.0290452Z 
2026-09-10T05:06:53.0290542Z Or undo this operation with:
2026-09-10T05:06:53.0290686Z 
2026-09-10T05:06:53.0290749Z   git switch -
2026-09-10T05:06:53.0290847Z 
2026-09-10T05:06:53.0291046Z Turn off this advice by setting config variable advice.detachedHead to false
2026-09-10T05:06:53.0291292Z 
2026-09-10T05:06:53.0291527Z HEAD is now at b825df9 Validate Windows native writer and secret-lifetime controls
2026-09-10T05:06:53.0410615Z ##[endgroup]
2026-09-10T05:06:53.0705080Z [command]"C:\Program Files\Git\bin\git.exe" log -1 --format=%H
2026-09-10T05:06:53.0876185Z b825df973ac3e3392dd99b251b8bb7fd48fecce6
2026-09-10T05:06:53.0899873Z ##[group]Removing auth
2026-09-10T05:06:53.0900511Z Removing SSH command configuration
2026-09-10T05:06:53.0907426Z [command]"C:\Program Files\Git\bin\git.exe" config --local --name-only --get-regexp core\.sshCommand
2026-09-10T05:06:53.1088579Z [command]"C:\Program Files\Git\bin\git.exe" submodule foreach --recursive "sh -c \"git config --local --name-only --get-regexp 'core\.sshCommand' && git config --local --unset-all 'core.sshCommand' || :\""
2026-09-10T05:06:53.5172100Z Removing HTTP extra header
2026-09-10T05:06:53.5179239Z [command]"C:\Program Files\Git\bin\git.exe" config --local --name-only --get-regexp http\.https\:\/\/github\.com\/\.extraheader
2026-09-10T05:06:53.5363426Z [command]"C:\Program Files\Git\bin\git.exe" submodule foreach --recursive "sh -c \"git config --local --name-only --get-regexp 'http\.https\:\/\/github\.com\/\.extraheader' && git config --local --unset-all 'http.https://github.com/.extraheader' || :\""
2026-09-10T05:06:53.9854553Z Removing includeIf entries pointing to credentials config files
2026-09-10T05:06:53.9866471Z [command]"C:\Program Files\Git\bin\git.exe" config --local --name-only --get-regexp ^includeIf\.gitdir:
2026-09-10T05:06:54.0024781Z includeif.gitdir:D:/a/passvault/passvault/.git.path
2026-09-10T05:06:54.0025521Z includeif.gitdir:D:/a/passvault/passvault/.git/worktrees/*.path
2026-09-10T05:06:54.0026000Z includeif.gitdir:/github/workspace/.git.path
2026-09-10T05:06:54.0026450Z includeif.gitdir:/github/workspace/.git/worktrees/*.path
2026-09-10T05:06:54.0051628Z [command]"C:\Program Files\Git\bin\git.exe" config --local --get-all includeif.gitdir:D:/a/passvault/passvault/.git.path
2026-09-10T05:06:54.0205227Z D:\a\_temp\git-credentials-c14e7b1b-1ba9-4f11-906d-eb68341be8fe.config
2026-09-10T05:06:54.0229002Z [command]"C:\Program Files\Git\bin\git.exe" config --local --unset includeif.gitdir:D:/a/passvault/passvault/.git.path D\:\\a\\_temp\\git\-credentials\-c14e7b1b\-1ba9\-4f11\-906d\-eb68341be8fe\.config
2026-09-10T05:06:54.0401551Z [command]"C:\Program Files\Git\bin\git.exe" config --local --get-all includeif.gitdir:D:/a/passvault/passvault/.git/worktrees/*.path
2026-09-10T05:06:54.0550040Z D:\a\_temp\git-credentials-c14e7b1b-1ba9-4f11-906d-eb68341be8fe.config
2026-09-10T05:06:54.0573769Z [command]"C:\Program Files\Git\bin\git.exe" config --local --unset includeif.gitdir:D:/a/passvault/passvault/.git/worktrees/*.path D\:\\a\\_temp\\git\-credentials\-c14e7b1b\-1ba9\-4f11\-906d\-eb68341be8fe\.config
2026-09-10T05:06:54.0749872Z [command]"C:\Program Files\Git\bin\git.exe" config --local --get-all includeif.gitdir:/github/workspace/.git.path
2026-09-10T05:06:54.0898680Z /github/runner_temp/git-credentials-c14e7b1b-1ba9-4f11-906d-eb68341be8fe.config
2026-09-10T05:06:54.0920595Z [command]"C:\Program Files\Git\bin\git.exe" config --local --unset includeif.gitdir:/github/workspace/.git.path \/github\/runner_temp\/git\-credentials\-c14e7b1b\-1ba9\-4f11\-906d\-eb68341be8fe\.config
2026-09-10T05:06:54.1098507Z [command]"C:\Program Files\Git\bin\git.exe" config --local --get-all includeif.gitdir:/github/workspace/.git/worktrees/*.path
2026-09-10T05:06:54.1247541Z /github/runner_temp/git-credentials-c14e7b1b-1ba9-4f11-906d-eb68341be8fe.config
2026-09-10T05:06:54.1268208Z [command]"C:\Program Files\Git\bin\git.exe" config --local --unset includeif.gitdir:/github/workspace/.git/worktrees/*.path \/github\/runner_temp\/git\-credentials\-c14e7b1b\-1ba9\-4f11\-906d\-eb68341be8fe\.config
2026-09-10T05:06:54.1438584Z [command]"C:\Program Files\Git\bin\git.exe" submodule foreach --recursive "git config --local --show-origin --name-only --get-regexp remote.origin.url"
2026-09-10T05:06:54.4696732Z Removing credentials config 'D:\a\_temp\git-credentials-c14e7b1b-1ba9-4f11-906d-eb68341be8fe.config'
2026-09-10T05:06:54.4706717Z ##[endgroup]

===== native/3_Run the admitted native-only request.txt =====
﻿2026-09-10T05:06:54.4953014Z ##[group]Run python -I -B scripts/audit/windows_native_validation.py
2026-09-10T05:06:54.4953564Z [36;1mpython -I -B scripts/audit/windows_native_validation.py[0m
2026-09-10T05:06:54.9044403Z shell: C:\Program Files\PowerShell\7\pwsh.EXE -command ". '{0}'"
2026-09-10T05:06:54.9044733Z ##[endgroup]
2026-09-10T05:07:56.8784257Z {"case_scoring": "NOT_PERFORMED; raw XML requires independent actual-case review", "cases": {"passvault_biometric_abi": {"ctest_exit_code": 0, "raw_xml": "case-13.xml", "state": "CTEST_EXIT_OBSERVED; XML_PENDING", "xml_bytes": 389, "xml_scoring": "NOT_PERFORMED; independent actual-case review required", "xml_sha256": "e716b6849879432462b7d71618886cde86fd7e23127553da0418c5f268244d34"}, "passvault_biometric_windows_file_collision": {"ctest_exit_code": 0, "raw_xml": "case-04.xml", "state": "CTEST_EXIT_OBSERVED; XML_PENDING", "xml_bytes": 427, "xml_scoring": "NOT_PERFORMED; independent actual-case review required", "xml_sha256": "32ebc9dfd64ed657aca438cdfb3d28a10862c92d7569074074125ac70f11bfec"}, "passvault_biometric_windows_file_dacl_failure": {"ctest_exit_code": 0, "raw_xml": "case-03.xml", "state": "CTEST_EXIT_OBSERVED; XML_PENDING", "xml_bytes": 433, "xml_scoring": "NOT_PERFORMED; independent actual-case review required", "xml_sha256": "dbedf41dbe3930582520485e2e8dbbdf73b01aa07e67c8057871e7454a7390e8"}, "passvault_biometric_windows_file_empty_payload": {"ctest_exit_code": 0, "raw_xml": "case-05.xml", "state": "CTEST_EXIT_OBSERVED; XML_PENDING", "xml_bytes": 435, "xml_scoring": "NOT_PERFORMED; independent actual-case review required", "xml_sha256": "19abbd3650ce6c913ab7c447f1d838d009a88334b8b09fd7d1d1dcd7af633d0b"}, "passvault_biometric_windows_file_empty_suffix": {"ctest_exit_code": 0, "raw_xml": "case-07.xml", "state": "CTEST_EXIT_OBSERVED; XML_PENDING", "xml_bytes": 433, "xml_scoring": "NOT_PERFORMED; independent actual-case review required", "xml_sha256": "e5454368ccd5a29021e620670b1da0b80c86f08be133d8c65d9e7049e2a7ab5b"}, "passvault_biometric_windows_file_oversized_payload": {"ctest_exit_code": 0, "raw_xml": "case-06.xml", "state": "CTEST_EXIT_OBSERVED; XML_PENDING", "xml_bytes": 443, "xml_scoring": "NOT_PERFORMED; independent actual-case review required", "xml_sha256": "49f7d41fa9886867c6b41a78fd2151a60b9ab11916504b072e23df47b22a25df"}, "passvault_biometric_windows_file_rename_failure": {"ctest_exit_code": 0, "raw_xml": "case-08.xml", "state": "CTEST_EXIT_OBSERVED; XML_PENDING", "xml_bytes": 436, "xml_scoring": "NOT_PERFORMED; independent actual-case review required", "xml_sha256": "3eec7f781f3512011df3df6c43a7b54883e9defca0dbff8f64a2242c2a856f28"}, "passvault_biometric_windows_file_success": {"ctest_exit_code": 0, "raw_xml": "case-01.xml", "state": "CTEST_EXIT_OBSERVED; XML_PENDING", "xml_bytes": 423, "xml_scoring": "NOT_PERFORMED; independent actual-case review required", "xml_sha256": "a1d1be8f32aa704caacf7f69dd8de7c8da83bce4fa679913538b8a591aab1a4a"}, "passvault_biometric_windows_file_validation_failure": {"ctest_exit_code": 0, "raw_xml": "case-02.xml", "state": "CTEST_EXIT_OBSERVED; XML_PENDING", "xml_bytes": 445, "xml_scoring": "NOT_PERFORMED; independent actual-case review required", "xml_sha256": "e7425208270f67b5ec840ae4ce9a8173e4a37f30737b880eecd2468e02190cfe"}, "passvault_biometric_windows_historical_collision": {"ctest_exit_code": 0, "raw_xml": "case-18.xml", "state": "CTEST_EXIT_OBSERVED; XML_PENDING", "xml_bytes": 522, "xml_scoring": "NOT_PERFORMED; independent actual-case review required", "xml_sha256": "0cce4df01bce5ba4b24d413906725de3a4295f0b2d7de1705ebcc2e89ecfc46c"}, "passvault_biometric_windows_historical_dacl_failure": {"ctest_exit_code": 0, "raw_xml": "case-17.xml", "state": "CTEST_EXIT_OBSERVED; XML_PENDING", "xml_bytes": 531, "xml_scoring": "NOT_PERFORMED; independent actual-case review required", "xml_sha256": "eb639221a40ae540baae0108ca34e90f59df94b2a1df592b9ba6497639dd3fbd"}, "passvault_biometric_windows_historical_empty_payload": {"ctest_exit_code": 0, "raw_xml": "case-19.xml", "state": "CTEST_EXIT_OBSERVED; XML_PENDING", "xml_bytes": 519, "xml_scoring": "NOT_PERFORMED; independent actual-case review required", "xml_sha256": "de5b9e40e802437fcc1ca5b6d86d7d0b3a106be7b53e203bf702a4d325d75663"}, "passvault_biometric_windows_historical_empty_suffix": {"ctest_exit_code": 0, "raw_xml": "case-21.xml", "state": "CTEST_EXIT_OBSERVED; XML_PENDING", "xml_bytes": 516, "xml_scoring": "NOT_PERFORMED; independent actual-case review required", "xml_sha256": "7f826e631a2758a359ea9ce57c44ddbc191e2abc93b8534f2d15777add63ba37"}, "passvault_biometric_windows_historical_oversized_payload": {"ctest_exit_code": 0, "raw_xml": "case-20.xml", "state": "CTEST_EXIT_OBSERVED; XML_PENDING", "xml_bytes": 531, "xml_scoring": "NOT_PERFORMED; independent actual-case review required", "xml_sha256": "afb383245552b6ad6b567ff616dd47ff021f05ede9ab5d604a99e71e15030280"}, "passvault_biometric_windows_historical_rename_failure": {"ctest_exit_code": 0, "raw_xml": "case-22.xml", "state": "CTEST_EXIT_OBSERVED; XML_PENDING", "xml_bytes": 522, "xml_scoring": "NOT_PERFORMED; independent actual-case review required", "xml_sha256": "fe184ddcc37e677effd80a436b57632cdc9abab4dc9cdee4e77958e26c893a0f"}, "passvault_biometric_windows_historical_success": {"ctest_exit_code": 0, "raw_xml": "case-15.xml", "state": "CTEST_EXIT_OBSERVED; XML_PENDING", "xml_bytes": 501, "xml_scoring": "NOT_PERFORMED; independent actual-case review required", "xml_sha256": "977448d34b52d97c2016582710d312647f473b1e38e13e401dece14e0986abc0"}, "passvault_biometric_windows_historical_validation_failure": {"ctest_exit_code": 0, "raw_xml": "case-16.xml", "state": "CTEST_EXIT_OBSERVED; XML_PENDING", "xml_bytes": 549, "xml_scoring": "NOT_PERFORMED; independent actual-case review required", "xml_sha256": "c503dc947e6d7358e87f570c09dece8434369e1b0da8b63f5f2e390b8f5b69cb"}, "passvault_biometric_windows_prk_allocation_cut": {"ctest_exit_code": 0, "raw_xml": "case-24.xml", "state": "CTEST_EXIT_OBSERVED; XML_PENDING", "xml_bytes": 557, "xml_scoring": "NOT_PERFORMED; independent actual-case review required", "xml_sha256": "0d3e26aca9b9c28af9b3fc5d0c95354bd2d6d334c2f62067adce16ca0baa9c08"}, "passvault_biometric_windows_prk_unarmed": {"ctest_exit_code": 0, "raw_xml": "case-23.xml", "state": "CTEST_EXIT_OBSERVED; XML_PENDING", "xml_bytes": 536, "xml_scoring": "NOT_PERFORMED; independent actual-case review required", "xml_sha256": "af2ae2a389bc1f487b1dca84ce53406e269229cee1456d8bdb1cd14d6d7acbc7"}, "passvault_biometric_windows_secret_allocation_exception": {"ctest_exit_code": 0, "raw_xml": "case-11.xml", "state": "CTEST_EXIT_OBSERVED; XML_PENDING", "xml_bytes": 453, "xml_scoring": "NOT_PERFORMED; independent actual-case review required", "xml_sha256": "e1667b86e25a469fef1308b66e81675a88cb6885cf93b409faa4a396a5ca30d9"}, "passvault_biometric_windows_secret_early_return": {"ctest_exit_code": 0, "raw_xml": "case-10.xml", "state": "CTEST_EXIT_OBSERVED; XML_PENDING", "xml_bytes": 437, "xml_scoring": "NOT_PERFORMED; independent actual-case review required", "xml_sha256": "c8b7f101fee10d67c0714cec93f7b5678ca13744d19159865048cc7f7c673fd1"}, "passvault_biometric_windows_secret_nested_exception": {"ctest_exit_code": 0, "raw_xml": "case-12.xml", "state": "CTEST_EXIT_OBSERVED; XML_PENDING", "xml_bytes": 445, "xml_scoring": "NOT_PERFORMED; independent actual-case review required", "xml_sha256": "bc725060fb8ed68fefd096946008f7ac09ab390b0eb11d7d1f1c7a29ad91d119"}, "passvault_biometric_windows_secret_normal_scope": {"ctest_exit_code": 0, "raw_xml": "case-09.xml", "state": "CTEST_EXIT_OBSERVED; XML_PENDING", "xml_bytes": 437, "xml_scoring": "NOT_PERFORMED; independent actual-case review required", "xml_sha256": "197e4c02bcfcb2b87c204dc8a0ae826774ab808b6834ef262f2d7979b45e7f29"}, "passvault_biometric_windows_security": {"ctest_exit_code": 0, "raw_xml": "case-14.xml", "state": "CTEST_EXIT_OBSERVED; XML_PENDING", "xml_bytes": 415, "xml_scoring": "NOT_PERFORMED; independent actual-case review required", "xml_sha256": "0b091d55f31aa0e0eae09f196fa06411be87ad3c54abc8c152ec5fca4a430664"}}, "cleanup": "HOLD; hosted runner disposal is not an observed cleanup pass", "commands": [{"argv": ["C:\\Program Files\\Git\\bin\\git.exe", "-c", "core.hooksPath=NUL", "-c", "core.fsmonitor=false", "-c", "gc.auto=0", "rev-parse", "HEAD", "HEAD^{tree}", "HEAD^", "HEAD^^{tree}"], "exit_code": 0, "job_active_after_parent": 1, "log": "01-git-identity.log", "parent_output_snapshot_sha256": "9f76ed280115f4a0d402f1a33a9beae29da579d9d0fe8aa230c6c011878aaa2b", "pid": 4932, "readonly_job_zero_observed": true, "snapshot_qualification": "Not a settled-log hash; owned descendants may still write", "state": "PARENT_EXIT_OBSERVED", "tid": 7468}, {"argv": ["C:\\Program Files\\Git\\bin\\git.exe", "-c", "core.hooksPath=NUL", "-c", "core.fsmonitor=false", "-c", "gc.auto=0", "rev-list", "--parents", "-n", "1", "HEAD"], "exit_code": 0, "job_active_after_parent": 1, "log": "02-one-parent.log", "parent_output_snapshot_sha256": "b119f90b289ef2cfbe998012ef512d1a5284db588d74362b5f10ef95ce35337b", "pid": 5616, "readonly_job_zero_observed": true, "snapshot_qualification": "Not a settled-log hash; owned descendants may still write", "state": "PARENT_EXIT_OBSERVED", "tid": 5824}, {"argv": ["C:\\Program Files\\Git\\bin\\git.exe", "-c", "core.hooksPath=NUL", "-c", "core.fsmonitor=false", "-c", "gc.auto=0", "diff", "--name-status", "HEAD^", "HEAD", "--"], "exit_code": 0, "job_active_after_parent": 1, "log": "03-request-only-diff.log", "parent_output_snapshot_sha256": "f3431b3e50a317f0f9ec98e3796c7fa15e03ac69ef5ef41e06e602f5a0ae9f6e", "pid": 1920, "readonly_job_zero_observed": true, "snapshot_qualification": "Not a settled-log hash; owned descendants may still write", "state": "PARENT_EXIT_OBSERVED", "tid": 1916}, {"argv": ["C:\\Program Files\\Git\\bin\\git.exe", "-c", "core.hooksPath=NUL", "-c", "core.fsmonitor=false", "-c", "gc.auto=0", "status", "--porcelain=v1", "--untracked-files=all"], "exit_code": 0, "job_active_after_parent": 0, "log": "04-clean-source.log", "parent_output_snapshot_sha256": "e3b0c44298fc1c149afbf4c8996fb92427ae41e4649b934ca495991b7852b855", "pid": 2632, "readonly_job_zero_observed": true, "snapshot_qualification": "Not a settled-log hash; owned descendants may still write", "state": "PARENT_EXIT_OBSERVED", "tid": 3572}, {"argv": ["C:\\Program Files\\CMake\\bin\\cmake.exe", "--version"], "exit_code": 0, "job_active_after_parent": 0, "log": "05-cmake-version.log", "parent_output_snapshot_sha256": "f6e81c2559f3ce00c5fdad01d7b226c301f5d6b07ee04f65db6dbfdc1cc5970b", "pid": 6300, "readonly_job_zero_observed": true, "snapshot_qualification": "Not a settled-log hash; owned descendants may still write", "state": "PARENT_EXIT_OBSERVED", "tid": 7792}, {"argv": ["C:\\Program Files\\CMake\\bin\\cmake.exe", "-S", "D:\\a\\passvault\\passvault\\app-desktop\\native\\biometric-bridge", "-B", "D:\\a\\_temp\\passvault-windows-cohort-05-34439762763-1-be5f25d196d98cb0dc091b0228e3e4e7\\build", "-G", "Visual Studio 17 2022", "-A", "x64", "-DCMAKE_SYSTEM_VERSION=10.0.26100.0", "-DBUILD_TESTING=ON", "-DPASSVAULT_AUDIT_PVA036_037_CONTROLS=ON"], "exit_code": 0, "job_active_after_parent": 1, "log": "06-configure.log", "parent_output_snapshot_sha256": "dfab98c5a9c1ba8404122b27c4861c8254f1511ba47f8ee79eb4bb7be4bf2a63", "pid": 6624, "snapshot_qualification": "Not a settled-log hash; owned descendants may still write", "state": "PARENT_EXIT_OBSERVED", "tid": 6488}, {"argv": ["C:\\Program Files\\CMake\\bin\\cmake.exe", "--build", "D:\\a\\_temp\\passvault-windows-cohort-05-34439762763-1-be5f25d196d98cb0dc091b0228e3e4e7\\build", "--config", "Release", "--target", "passvault_biometric_windows_security_test", "passvault_biometric_abi_test", "passvault_biometric_windows_historical_writer_test", "passvault_biometric_windows_prk_allocation_test", "--parallel", "1", "--verbose", "--", "/nodeReuse:false"], "exit_code": 0, "job_active_after_parent": 1, "log": "07-build.log", "parent_output_snapshot_sha256": "960e7963f491a5f2b9842b6d704d4e809b7742e265fae1c90d7c4cd08fbc859c", "pid": 512, "snapshot_qualification": "Not a settled-log hash; owned descendants may still write", "state": "PARENT_EXIT_OBSERVED", "tid": 2192}, {"argv": ["C:\\Program Files\\CMake\\bin\\ctest.exe", "--test-dir", "D:\\a\\_temp\\passvault-windows-cohort-05-34439762763-1-be5f25d196d98cb0dc091b0228e3e4e7\\build", "-C", "Release", "--show-only=json-v1"], "exit_code": 0, "job_active_after_parent": 1, "log": "08-ctest-inventory.log", "parent_output_snapshot_sha256": "7e7601883a90a0fd47d43b8137482b5da6646d227fea37f52af754c9b89a5b6a", "pid": 1220, "snapshot_qualification": "Not a settled-log hash; owned descendants may still write", "state": "PARENT_EXIT_OBSERVED", "tid": 7784}, {"argv": ["C:\\Program Files\\CMake\\bin\\ctest.exe", "--test-dir", "D:\\a\\_temp\\passvault-windows-cohort-05-34439762763-1-be5f25d196d98cb0dc091b0228e3e4e7\\build", "-C", "Release", "--parallel", "1", "--timeout", "30", "--no-tests=error", "--output-on-failure", "--output-junit", "D:\\a\\_temp\\passvault-windows-cohort-05-34439762763-1-be5f25d196d98cb0dc091b0228e3e4e7\\logs\\case-01.xml", "-R", "^passvault_biometric_windows_file_success$"], "exit_code": 0, "job_active_after_parent": 1, "log": "09-case-01.log", "parent_output_snapshot_sha256": "1ed8fe0cdd3cee4727212442fa72c2dcff69a8ae730864c8664144fc82c2cd1b", "pid": 3632, "snapshot_qualification": "Not a settled-log hash; owned descendants may still write", "state": "PARENT_EXIT_OBSERVED", "tid": 5264}, {"argv": ["C:\\Program Files\\CMake\\bin\\ctest.exe", "--test-dir", "D:\\a\\_temp\\passvault-windows-cohort-05-34439762763-1-be5f25d196d98cb0dc091b0228e3e4e7\\build", "-C", "Release", "--parallel", "1", "--timeout", "30", "--no-tests=error", "--output-on-failure", "--output-junit", "D:\\a\\_temp\\passvault-windows-cohort-05-34439762763-1-be5f25d196d98cb0dc091b0228e3e4e7\\logs\\case-02.xml", "-R", "^passvault_biometric_windows_file_validation_failure$"], "exit_code": 0, "job_active_after_parent": 1, "log": "10-case-02.log", "parent_output_snapshot_sha256": "6bb47baf0ab02046416b9dcb200656a8dbc6f8c9ce36e733560292029827ab18", "pid": 356, "snapshot_qualification": "Not a settled-log hash; owned descendants may still write", "state": "PARENT_EXIT_OBSERVED", "tid": 6008}, {"argv": ["C:\\Program Files\\CMake\\bin\\ctest.exe", "--test-dir", "D:\\a\\_temp\\passvault-windows-cohort-05-34439762763-1-be5f25d196d98cb0dc091b0228e3e4e7\\build", "-C", "Release", "--parallel", "1", "--timeout", "30", "--no-tests=error", "--output-on-failure", "--output-junit", "D:\\a\\_temp\\passvault-windows-cohort-05-34439762763-1-be5f25d196d98cb0dc091b0228e3e4e7\\logs\\case-03.xml", "-R", "^passvault_biometric_windows_file_dacl_failure$"], "exit_code": 0, "job_active_after_parent": 1, "log": "11-case-03.log", "parent_output_snapshot_sha256": "ddebe56ecca6c30a1e716c1f8cdc6b5a26aff2261f27a7769e715709102bacf3", "pid": 8020, "snapshot_qualification": "Not a settled-log hash; owned descendants may still write", "state": "PARENT_EXIT_OBSERVED", "tid": 5972}, {"argv": ["C:\\Program Files\\CMake\\bin\\ctest.exe", "--test-dir", "D:\\a\\_temp\\passvault-windows-cohort-05-34439762763-1-be5f25d196d98cb0dc091b0228e3e4e7\\build", "-C", "Release", "--parallel", "1", "--timeout", "30", "--no-tests=error", "--output-on-failure", "--output-junit", "D:\\a\\_temp\\passvault-windows-cohort-05-34439762763-1-be5f25d196d98cb0dc091b0228e3e4e7\\logs\\case-04.xml", "-R", "^passvault_biometric_windows_file_collision$"], "exit_code": 0, "job_active_after_parent": 1, "log": "12-case-04.log", "parent_output_snapshot_sha256": "da5ccb8b7f2a6cc7dad389e8e922efadb1e1ca235e921a25ef1047490c86987c", "pid": 4980, "snapshot_qualification": "Not a settled-log hash; owned descendants may still write", "state": "PARENT_EXIT_OBSERVED", "tid": 196}, {"argv": ["C:\\Program Files\\CMake\\bin\\ctest.exe", "--test-dir", "D:\\a\\_temp\\passvault-windows-cohort-05-34439762763-1-be5f25d196d98cb0dc091b0228e3e4e7\\build", "-C", "Release", "--parallel", "1", "--timeout", "30", "--no-tests=error", "--output-on-failure", "--output-junit", "D:\\a\\_temp\\passvault-windows-cohort-05-34439762763-1-be5f25d196d98cb0dc091b0228e3e4e7\\logs\\case-05.xml", "-R", "^passvault_biometric_windows_file_empty_payload$"], "exit_code": 0, "job_active_after_parent": 1, "log": "13-case-05.log", "parent_output_snapshot_sha256": "3399b9fd9cbe5af499ecfefbf0dc5d0ef7f502cde9ed4c0683461ffc1a90dfa8", "pid": 4112, "snapshot_qualification": "Not a settled-log hash; owned descendants may still write", "state": "PARENT_EXIT_OBSERVED", "tid": 4684}, {"argv": ["C:\\Program Files\\CMake\\bin\\ctest.exe", "--test-dir", "D:\\a\\_temp\\passvault-windows-cohort-05-34439762763-1-be5f25d196d98cb0dc091b0228e3e4e7\\build", "-C", "Release", "--parallel", "1", "--timeout", "30", "--no-tests=error", "--output-on-failure", "--output-junit", "D:\\a\\_temp\\passvault-windows-cohort-05-34439762763-1-be5f25d196d98cb0dc091b0228e3e4e7\\logs\\case-06.xml", "-R", "^passvault_biometric_windows_file_oversized_payload$"], "exit_code": 0, "job_active_after_parent": 1, "log": "14-case-06.log", "parent_output_snapshot_sha256": "83632d790eed9e7f91233599f34d799969fc67ab0f5c362dada5c67112b8c0a8", "pid": 1916, "snapshot_qualification": "Not a settled-log hash; owned descendants may still write", "state": "PARENT_EXIT_OBSERVED", "tid": 2248}, {"argv": ["C:\\Program Files\\CMake\\bin\\ctest.exe", "--test-dir", "D:\\a\\_temp\\passvault-windows-cohort-05-34439762763-1-be5f25d196d98cb0dc091b0228e3e4e7\\build", "-C", "Release", "--parallel", "1", "--timeout", "30", "--no-tests=error", "--output-on-failure", "--output-junit", "D:\\a\\_temp\\passvault-windows-cohort-05-34439762763-1-be5f25d196d98cb0dc091b0228e3e4e7\\logs\\case-07.xml", "-R", "^passvault_biometric_windows_file_empty_suffix$"], "exit_code": 0, "job_active_after_parent": 1, "log": "15-case-07.log", "parent_output_snapshot_sha256": "d3b49532a760bf24b0fb69b90a321c1049f21fab6f36594f473b48728fae9341", "pid": 6632, "snapshot_qualification": "Not a settled-log hash; owned descendants may still write", "state": "PARENT_EXIT_OBSERVED", "tid": 1604}, {"argv": ["C:\\Program Files\\CMake\\bin\\ctest.exe", "--test-dir", "D:\\a\\_temp\\passvault-windows-cohort-05-34439762763-1-be5f25d196d98cb0dc091b0228e3e4e7\\build", "-C", "Release", "--parallel", "1", "--timeout", "30", "--no-tests=error", "--output-on-failure", "--output-junit", "D:\\a\\_temp\\passvault-windows-cohort-05-34439762763-1-be5f25d196d98cb0dc091b0228e3e4e7\\logs\\case-08.xml", "-R", "^passvault_biometric_windows_file_rename_failure$"], "exit_code": 0, "job_active_after_parent": 1, "log": "16-case-08.log", "parent_output_snapshot_sha256": "30f69eeeef017388bd671e4ddf0b0da6ae83d64e918ef335e435aa83568b89c3", "pid": 368, "snapshot_qualification": "Not a settled-log hash; owned descendants may still write", "state": "PARENT_EXIT_OBSERVED", "tid": 8088}, {"argv": ["C:\\Program Files\\CMake\\bin\\ctest.exe", "--test-dir", "D:\\a\\_temp\\passvault-windows-cohort-05-34439762763-1-be5f25d196d98cb0dc091b0228e3e4e7\\build", "-C", "Release", "--parallel", "1", "--timeout", "30", "--no-tests=error", "--output-on-failure", "--output-junit", "D:\\a\\_temp\\passvault-windows-cohort-05-34439762763-1-be5f25d196d98cb0dc091b0228e3e4e7\\logs\\case-09.xml", "-R", "^passvault_biometric_windows_secret_normal_scope$"], "exit_code": 0, "job_active_after_parent": 1, "log": "17-case-09.log", "parent_output_snapshot_sha256": "d26f94aca50b5d40db78861bc18a36aaacb54ef49767ae3bbf2aedaa142fe4cc", "pid": 7708, "snapshot_qualification": "Not a settled-log hash; owned descendants may still write", "state": "PARENT_EXIT_OBSERVED", "tid": 5896}, {"argv": ["C:\\Program Files\\CMake\\bin\\ctest.exe", "--test-dir", "D:\\a\\_temp\\passvault-windows-cohort-05-34439762763-1-be5f25d196d98cb0dc091b0228e3e4e7\\build", "-C", "Release", "--parallel", "1", "--timeout", "30", "--no-tests=error", "--output-on-failure", "--output-junit", "D:\\a\\_temp\\passvault-windows-cohort-05-34439762763-1-be5f25d196d98cb0dc091b0228e3e4e7\\logs\\case-10.xml", "-R", "^passvault_biometric_windows_secret_early_return$"], "exit_code": 0, "job_active_after_parent": 1, "log": "18-case-10.log", "parent_output_snapshot_sha256": "46f807b0b65cccce8b39b8ef4ba036d81ccff1e95e4c8b83d878b961d01d1518", "pid": 7100, "snapshot_qualification": "Not a settled-log hash; owned descendants may still write", "state": "PARENT_EXIT_OBSERVED", "tid": 6920}, {"argv": ["C:\\Program Files\\CMake\\bin\\ctest.exe", "--test-dir", "D:\\a\\_temp\\passvault-windows-cohort-05-34439762763-1-be5f25d196d98cb0dc091b0228e3e4e7\\build", "-C", "Release", "--parallel", "1", "--timeout", "30", "--no-tests=error", "--output-on-failure", "--output-junit", "D:\\a\\_temp\\passvault-windows-cohort-05-34439762763-1-be5f25d196d98cb0dc091b0228e3e4e7\\logs\\case-11.xml", "-R", "^passvault_biometric_windows_secret_allocation_exception$"], "exit_code": 0, "job_active_after_parent": 1, "log": "19-case-11.log", "parent_output_snapshot_sha256": "c18721c9213316e258b65179d917df3660f1606720967c8f61719199ef3e66f9", "pid": 1148, "snapshot_qualification": "Not a settled-log hash; owned descendants may still write", "state": "PARENT_EXIT_OBSERVED", "tid": 2588}, {"argv": ["C:\\Program Files\\CMake\\bin\\ctest.exe", "--test-dir", "D:\\a\\_temp\\passvault-windows-cohort-05-34439762763-1-be5f25d196d98cb0dc091b0228e3e4e7\\build", "-C", "Release", "--parallel", "1", "--timeout", "30", "--no-tests=error", "--output-on-failure", "--output-junit", "D:\\a\\_temp\\passvault-windows-cohort-05-34439762763-1-be5f25d196d98cb0dc091b0228e3e4e7\\logs\\case-12.xml", "-R", "^passvault_biometric_windows_secret_nested_exception$"], "exit_code": 0, "job_active_after_parent": 1, "log": "20-case-12.log", "parent_output_snapshot_sha256": "4c985490eb42c6f21a5439dc1881736618a00841d255292beb6d119998c23049", "pid": 6136, "snapshot_qualification": "Not a settled-log hash; owned descendants may still write", "state": "PARENT_EXIT_OBSERVED", "tid": 6840}, {"argv": ["C:\\Program Files\\CMake\\bin\\ctest.exe", "--test-dir", "D:\\a\\_temp\\passvault-windows-cohort-05-34439762763-1-be5f25d196d98cb0dc091b0228e3e4e7\\build", "-C", "Release", "--parallel", "1", "--timeout", "30", "--no-tests=error", "--output-on-failure", "--output-junit", "D:\\a\\_temp\\passvault-windows-cohort-05-34439762763-1-be5f25d196d98cb0dc091b0228e3e4e7\\logs\\case-13.xml", "-R", "^passvault_biometric_abi$"], "exit_code": 0, "job_active_after_parent": 1, "log": "21-case-13.log", "parent_output_snapshot_sha256": "774074246542ffb86533d88fcf79ed07978fb2ed933a2604e6626a4197fe5e2c", "pid": 5960, "snapshot_qualification": "Not a settled-log hash; owned descendants may still write", "state": "PARENT_EXIT_OBSERVED", "tid": 3660}, {"argv": ["C:\\Program Files\\CMake\\bin\\ctest.exe", "--test-dir", "D:\\a\\_temp\\passvault-windows-cohort-05-34439762763-1-be5f25d196d98cb0dc091b0228e3e4e7\\build", "-C", "Release", "--parallel", "1", "--timeout", "30", "--no-tests=error", "--output-on-failure", "--output-junit", "D:\\a\\_temp\\passvault-windows-cohort-05-34439762763-1-be5f25d196d98cb0dc091b0228e3e4e7\\logs\\case-14.xml", "-R", "^passvault_biometric_windows_security$"], "exit_code": 0, "job_active_after_parent": 1, "log": "22-case-14.log", "parent_output_snapshot_sha256": "0b8e2f6579c9b8644888cde77850521b743ee423efa31a7c0411dc2f867d87ee", "pid": 4472, "snapshot_qualification": "Not a settled-log hash; owned descendants may still write", "state": "PARENT_EXIT_OBSERVED", "tid": 4712}, {"argv": ["C:\\Program Files\\CMake\\bin\\ctest.exe", "--test-dir", "D:\\a\\_temp\\passvault-windows-cohort-05-34439762763-1-be5f25d196d98cb0dc091b0228e3e4e7\\build", "-C", "Release", "--parallel", "1", "--timeout", "30", "--no-tests=error", "--output-on-failure", "--output-junit", "D:\\a\\_temp\\passvault-windows-cohort-05-34439762763-1-be5f25d196d98cb0dc091b0228e3e4e7\\logs\\case-15.xml", "-R", "^passvault_biometric_windows_historical_success$"], "exit_code": 0, "job_active_after_parent": 1, "log": "23-case-15.log", "parent_output_snapshot_sha256": "a718857d3072d9cfc9b6b8a57b5cd75c0d4d88247e1aca75496142b808eb6eb4", "pid": 8024, "snapshot_qualification": "Not a settled-log hash; owned descendants may still write", "state": "PARENT_EXIT_OBSERVED", "tid": 4856}, {"argv": ["C:\\Program Files\\CMake\\bin\\ctest.exe", "--test-dir", "D:\\a\\_temp\\passvault-windows-cohort-05-34439762763-1-be5f25d196d98cb0dc091b0228e3e4e7\\build", "-C", "Release", "--parallel", "1", "--timeout", "30", "--no-tests=error", "--output-on-failure", "--output-junit", "D:\\a\\_temp\\passvault-windows-cohort-05-34439762763-1-be5f25d196d98cb0dc091b0228e3e4e7\\logs\\case-16.xml", "-R", "^passvault_biometric_windows_historical_validation_failure$"], "exit_code": 0, "job_active_after_parent": 1, "log": "24-case-16.log", "parent_output_snapshot_sha256": "41891a9af895617d44a71131287550a4c20e1a2381b7127b01674ff4ce2c91ca", "pid": 3480, "snapshot_qualification": "Not a settled-log hash; owned descendants may still write", "state": "PARENT_EXIT_OBSERVED", "tid": 1120}, {"argv": ["C:\\Program Files\\CMake\\bin\\ctest.exe", "--test-dir", "D:\\a\\_temp\\passvault-windows-cohort-05-34439762763-1-be5f25d196d98cb0dc091b0228e3e4e7\\build", "-C", "Release", "--parallel", "1", "--timeout", "30", "--no-tests=error", "--output-on-failure", "--output-junit", "D:\\a\\_temp\\passvault-windows-cohort-05-34439762763-1-be5f25d196d98cb0dc091b0228e3e4e7\\logs\\case-17.xml", "-R", "^passvault_biometric_windows_historical_dacl_failure$"], "exit_code": 0, "job_active_after_parent": 1, "log": "25-case-17.log", "parent_output_snapshot_sha256": "75f4e2e5f4170e4749dafce325cfcfaff389b3611b7b3856bd3984edef82031b", "pid": 2688, "snapshot_qualification": "Not a settled-log hash; owned descendants may still write", "state": "PARENT_EXIT_OBSERVED", "tid": 4276}, {"argv": ["C:\\Program Files\\CMake\\bin\\ctest.exe", "--test-dir", "D:\\a\\_temp\\passvault-windows-cohort-05-34439762763-1-be5f25d196d98cb0dc091b0228e3e4e7\\build", "-C", "Release", "--parallel", "1", "--timeout", "30", "--no-tests=error", "--output-on-failure", "--output-junit", "D:\\a\\_temp\\passvault-windows-cohort-05-34439762763-1-be5f25d196d98cb0dc091b0228e3e4e7\\logs\\case-18.xml", "-R", "^passvault_biometric_windows_historical_collision$"], "exit_code": 0, "job_active_after_parent": 1, "log": "26-case-18.log", "parent_output_snapshot_sha256": "48116da6476598ed3030264a2c70820a818fe708e37dcd9aa2f390850d0fb9fa", "pid": 1064, "snapshot_qualification": "Not a settled-log hash; owned descendants may still write", "state": "PARENT_EXIT_OBSERVED", "tid": 6316}, {"argv": ["C:\\Program Files\\CMake\\bin\\ctest.exe", "--test-dir", "D:\\a\\_temp\\passvault-windows-cohort-05-34439762763-1-be5f25d196d98cb0dc091b0228e3e4e7\\build", "-C", "Release", "--parallel", "1", "--timeout", "30", "--no-tests=error", "--output-on-failure", "--output-junit", "D:\\a\\_temp\\passvault-windows-cohort-05-34439762763-1-be5f25d196d98cb0dc091b0228e3e4e7\\logs\\case-19.xml", "-R", "^passvault_biometric_windows_historical_empty_payload$"], "exit_code": 0, "job_active_after_parent": 1, "log": "27-case-19.log", "parent_output_snapshot_sha256": "55a4351169ffb12eceecdd3c72832fa0ac860b0c38b7fe4c98724a370a399169", "pid": 1932, "snapshot_qualification": "Not a settled-log hash; owned descendants may still write", "state": "PARENT_EXIT_OBSERVED", "tid": 4720}, {"argv": ["C:\\Program Files\\CMake\\bin\\ctest.exe", "--test-dir", "D:\\a\\_temp\\passvault-windows-cohort-05-34439762763-1-be5f25d196d98cb0dc091b0228e3e4e7\\build", "-C", "Release", "--parallel", "1", "--timeout", "30", "--no-tests=error", "--output-on-failure", "--output-junit", "D:\\a\\_temp\\passvault-windows-cohort-05-34439762763-1-be5f25d196d98cb0dc091b0228e3e4e7\\logs\\case-20.xml", "-R", "^passvault_biometric_windows_historical_oversized_payload$"], "exit_code": 0, "job_active_after_parent": 1, "log": "28-case-20.log", "parent_output_snapshot_sha256": "f3b96b147e2a57d384cc07cc306379dcf4d2d533c40886e649335788f00ffb35", "pid": 1936, "snapshot_qualification": "Not a settled-log hash; owned descendants may still write", "state": "PARENT_EXIT_OBSERVED", "tid": 2456}, {"argv": ["C:\\Program Files\\CMake\\bin\\ctest.exe", "--test-dir", "D:\\a\\_temp\\passvault-windows-cohort-05-34439762763-1-be5f25d196d98cb0dc091b0228e3e4e7\\build", "-C", "Release", "--parallel", "1", "--timeout", "30", "--no-tests=error", "--output-on-failure", "--output-junit", "D:\\a\\_temp\\passvault-windows-cohort-05-34439762763-1-be5f25d196d98cb0dc091b0228e3e4e7\\logs\\case-21.xml", "-R", "^passvault_biometric_windows_historical_empty_suffix$"], "exit_code": 0, "job_active_after_parent": 1, "log": "29-case-21.log", "parent_output_snapshot_sha256": "bc4c93ea755ee86d81319645b2753e923c147bae97ba8d25c8079763286594f9", "pid": 7228, "snapshot_qualification": "Not a settled-log hash; owned descendants may still write", "state": "PARENT_EXIT_OBSERVED", "tid": 4768}, {"argv": ["C:\\Program Files\\CMake\\bin\\ctest.exe", "--test-dir", "D:\\a\\_temp\\passvault-windows-cohort-05-34439762763-1-be5f25d196d98cb0dc091b0228e3e4e7\\build", "-C", "Release", "--parallel", "1", "--timeout", "30", "--no-tests=error", "--output-on-failure", "--output-junit", "D:\\a\\_temp\\passvault-windows-cohort-05-34439762763-1-be5f25d196d98cb0dc091b0228e3e4e7\\logs\\case-22.xml", "-R", "^passvault_biometric_windows_historical_rename_failure$"], "exit_code": 0, "job_active_after_parent": 1, "log": "30-case-22.log", "parent_output_snapshot_sha256": "654a4618ce5b21825aad58a65fafdea48facefa43b5c715759a3b0cac6116289", "pid": 4784, "snapshot_qualification": "Not a settled-log hash; owned descendants may still write", "state": "PARENT_EXIT_OBSERVED", "tid": 1216}, {"argv": ["C:\\Program Files\\CMake\\bin\\ctest.exe", "--test-dir", "D:\\a\\_temp\\passvault-windows-cohort-05-34439762763-1-be5f25d196d98cb0dc091b0228e3e4e7\\build", "-C", "Release", "--parallel", "1", "--timeout", "30", "--no-tests=error", "--output-on-failure", "--output-junit", "D:\\a\\_temp\\passvault-windows-cohort-05-34439762763-1-be5f25d196d98cb0dc091b0228e3e4e7\\logs\\case-23.xml", "-R", "^passvault_biometric_windows_prk_unarmed$"], "exit_code": 0, "job_active_after_parent": 1, "log": "31-case-23.log", "parent_output_snapshot_sha256": "91998e321b27acb4a83144d6d004ad8ef3f1d3003e891c3168a5ab4777e29204", "pid": 1756, "snapshot_qualification": "Not a settled-log hash; owned descendants may still write", "state": "PARENT_EXIT_OBSERVED", "tid": 3088}, {"argv": ["C:\\Program Files\\CMake\\bin\\ctest.exe", "--test-dir", "D:\\a\\_temp\\passvault-windows-cohort-05-34439762763-1-be5f25d196d98cb0dc091b0228e3e4e7\\build", "-C", "Release", "--parallel", "1", "--timeout", "30", "--no-tests=error", "--output-on-failure", "--output-junit", "D:\\a\\_temp\\passvault-windows-cohort-05-34439762763-1-be5f25d196d98cb0dc091b0228e3e4e7\\logs\\case-24.xml", "-R", "^passvault_biometric_windows_prk_allocation_cut$"], "exit_code": 0, "job_active_after_parent": 1, "log": "32-case-24.log", "parent_output_snapshot_sha256": "055729d3de47edf5d828388385a937e48e5c39aadc7f34f0c9f5d80a77c7967a", "pid": 2496, "snapshot_qualification": "Not a settled-log hash; owned descendants may still write", "state": "PARENT_EXIT_OBSERVED", "tid": 5144}], "entry_refusals": [{"disposition": "HOLD; no target read/follow/delete", "identity": [1852874138, 65536, 3311, 9238], "links": 1, "original_handle_closed": true, "owned_relative": "home\\AppData\\Local\\Microsoft\\Windows\\INetCache\\Content.IE5", "owned_relative_characters": 58, "owned_relative_sha256": "4cd955957d9592cde4e8cf2478a3ceb9da8fb16a9dc071a819d59a71ebe63ec3", "reparse": true, "target_read": false}], "failures": ["Cleanup EntryRefusal: No-follow entry ownership/reparse/link refusal"], "generated_file_observations": [{"after": {"created": [31277282, 1074879328], "identity": [1852874138, 196608, 3354, 32], "links": 1, "size": 16842, "written": [31277282, 1074879328]}, "before": {"created": [31277282, 1074879328], "identity": [1852874138, 196608, 3354, 32], "links": 1, "size": 16842, "written": [31277282, 1074879328]}, "original_handle_close": "SUCCEEDED", "path": "D:\\a\\_temp\\passvault-windows-cohort-05-34439762763-1-be5f25d196d98cb0dc091b0228e3e4e7\\build\\CMakeCache.txt", "read_bytes": 16842, "read_bytes_sha256": "5578df6d0a63421530e6fed6a6bdd7e9217a6f1a003f0df05fdab84028ecf85e", "read_error": null, "read_returned": true, "read_validated": true, "settled": false, "sharing": "READ only; deny WRITE/DELETE", "stage": "read_validated"}, {"after": {"created": [31277282, 1075035595], "identity": [1852874138, 196608, 3373, 32], "links": 1, "size": 65471, "written": [31277282, 1075191844]}, "before": {"created": [31277282, 1075035595], "identity": [1852874138, 196608, 3373, 32], "links": 1, "size": 65471, "written": [31277282, 1075191844]}, "original_handle_close": "SUCCEEDED", "path": "D:\\a\\_temp\\passvault-windows-cohort-05-34439762763-1-be5f25d196d98cb0dc091b0228e3e4e7\\build\\passvault_biometric.vcxproj", "read_bytes": 65471, "read_bytes_sha256": "036275691288f521d32241210f5919004a354dde12d8342e12ed578d09d223a9", "read_error": null, "read_returned": true, "read_validated": true, "settled": false, "sharing": "READ only; deny WRITE/DELETE", "stage": "read_validated"}, {"after": {"created": [31277282, 1075191844], "identity": [1852874138, 393216, 3377, 32], "links": 1, "size": 65465, "written": [31277282, 1075191844]}, "before": {"created": [31277282, 1075191844], "identity": [1852874138, 393216, 3377, 32], "links": 1, "size": 65465, "written": [31277282, 1075191844]}, "original_handle_close": "SUCCEEDED", "path": "D:\\a\\_temp\\passvault-windows-cohort-05-34439762763-1-be5f25d196d98cb0dc091b0228e3e4e7\\build\\passvault_biometric_windows_security_test.vcxproj", "read_bytes": 65465, "read_bytes_sha256": "f22a6c6143ab052eb667a6e3167c8dfa8bdf60eedefad4ced4ccbab26264a201", "read_error": null, "read_returned": true, "read_validated": true, "settled": false, "sharing": "READ only; deny WRITE/DELETE", "stage": "read_validated"}, {"after": {"created": [31277282, 1075191844], "identity": [1852874138, 262144, 3379, 32], "links": 1, "size": 67554, "written": [31277282, 1075191844]}, "before": {"created": [31277282, 1075191844], "identity": [1852874138, 262144, 3379, 32], "links": 1, "size": 67554, "written": [31277282, 1075191844]}, "original_handle_close": "SUCCEEDED", "path": "D:\\a\\_temp\\passvault-windows-cohort-05-34439762763-1-be5f25d196d98cb0dc091b0228e3e4e7\\build\\passvault_biometric_windows_historical_writer_test.vcxproj", "read_bytes": 67554, "read_bytes_sha256": "90b68d7785b48a95597a719a29006c6f3b9c228f146fe6235f63db59129ebebb", "read_error": null, "read_returned": true, "read_validated": true, "settled": false, "sharing": "READ only; deny WRITE/DELETE", "stage": "read_validated"}, {"after": {"created": [31277282, 1075191844], "identity": [1852874138, 196608, 3381, 32], "links": 1, "size": 65903, "written": [31277282, 1075191844]}, "before": {"created": [31277282, 1075191844], "identity": [1852874138, 196608, 3381, 32], "links": 1, "size": 65903, "written": [31277282, 1075191844]}, "original_handle_close": "SUCCEEDED", "path": "D:\\a\\_temp\\passvault-windows-cohort-05-34439762763-1-be5f25d196d98cb0dc091b0228e3e4e7\\build\\passvault_biometric_windows_prk_allocation_test.vcxproj", "read_bytes": 65903, "read_bytes_sha256": "488fd528119387e93161b2d726fe1e448a27a7b51ebc77075a6712aa668191bd", "read_error": null, "read_returned": true, "read_validated": true, "settled": false, "sharing": "READ only; deny WRITE/DELETE", "stage": "read_validated"}, {"after": {"created": [31277282, 1075035595], "identity": [1852874138, 196608, 3373, 32], "links": 1, "size": 65471, "written": [31277282, 1075191844]}, "before": {"created": [31277282, 1075035595], "identity": [1852874138, 196608, 3373, 32], "links": 1, "size": 65471, "written": [31277282, 1075191844]}, "original_handle_close": "SUCCEEDED", "path": "D:\\a\\_temp\\passvault-windows-cohort-05-34439762763-1-be5f25d196d98cb0dc091b0228e3e4e7\\build\\passvault_biometric.vcxproj", "read_bytes": 65471, "read_bytes_sha256": "036275691288f521d32241210f5919004a354dde12d8342e12ed578d09d223a9", "read_error": null, "read_returned": true, "read_validated": true, "settled": true, "sharing": "READ only; deny WRITE/DELETE", "stage": "read_validated"}, {"after": {"created": [31277282, 1075191844], "identity": [1852874138, 393216, 3377, 32], "links": 1, "size": 65465, "written": [31277282, 1075191844]}, "before": {"created": [31277282, 1075191844], "identity": [1852874138, 393216, 3377, 32], "links": 1, "size": 65465, "written": [31277282, 1075191844]}, "original_handle_close": "SUCCEEDED", "path": "D:\\a\\_temp\\passvault-windows-cohort-05-34439762763-1-be5f25d196d98cb0dc091b0228e3e4e7\\build\\passvault_biometric_windows_security_test.vcxproj", "read_bytes": 65465, "read_bytes_sha256": "f22a6c6143ab052eb667a6e3167c8dfa8bdf60eedefad4ced4ccbab26264a201", "read_error": null, "read_returned": true, "read_validated": true, "settled": true, "sharing": "READ only; deny WRITE/DELETE", "stage": "read_validated"}, {"after": {"created": [31277282, 1075191844], "identity": [1852874138, 262144, 3379, 32], "links": 1, "size": 67554, "written": [31277282, 1075191844]}, "before": {"created": [31277282, 1075191844], "identity": [1852874138, 262144, 3379, 32], "links": 1, "size": 67554, "written": [31277282, 1075191844]}, "original_handle_close": "SUCCEEDED", "path": "D:\\a\\_temp\\passvault-windows-cohort-05-34439762763-1-be5f25d196d98cb0dc091b0228e3e4e7\\build\\passvault_biometric_windows_historical_writer_test.vcxproj", "read_bytes": 67554, "read_bytes_sha256": "90b68d7785b48a95597a719a29006c6f3b9c228f146fe6235f63db59129ebebb", "read_error": null, "read_returned": true, "read_validated": true, "settled": true, "sharing": "READ only; deny WRITE/DELETE", "stage": "read_validated"}, {"after": {"created": [31277282, 1075191844], "identity": [1852874138, 196608, 3381, 32], "links": 1, "size": 65903, "written": [31277282, 1075191844]}, "before": {"created": [31277282, 1075191844], "identity": [1852874138, 196608, 3381, 32], "links": 1, "size": 65903, "written": [31277282, 1075191844]}, "original_handle_close": "SUCCEEDED", "path": "D:\\a\\_temp\\passvault-windows-cohort-05-34439762763-1-be5f25d196d98cb0dc091b0228e3e4e7\\build\\passvault_biometric_windows_prk_allocation_test.vcxproj", "read_bytes": 65903, "read_bytes_sha256": "488fd528119387e93161b2d726fe1e448a27a7b51ebc77075a6712aa668191bd", "read_error": null, "read_returned": true, "read_validated": true, "settled": true, "sharing": "READ only; deny WRITE/DELETE", "stage": "read_validated"}], "gradle_stop": "NOT_APPLICABLE: no Gradle invocation", "hello_hardware": "BLOCKED: not exercised", "job_settlement": {"errors": [], "observed_zero": true, "termination_attempted": true}, "operational_status": "FAILED_OR_INCOMPLETE", "original_handle_close_failures": [], "request_commit": "b825df973ac3e3392dd99b251b8bb7fd48fecce6", "request_tree": "92304c125be2e19a1badfb7540c39d4b7c82b6ab", "sdk_header_observation": {"after": {"created": [31231828, 3245702912], "identity": [16655526, 65536, 490651, 32], "links": 1, "size": 76998, "written": [31231828, 3245702912]}, "before": {"created": [31231828, 3245702912], "identity": [16655526, 65536, 490651, 32], "links": 1, "size": 76998, "written": [31231828, 3245702912]}, "original_handle_close": "SUCCEEDED", "path": "C:\\Program Files (x86)\\Windows Kits\\10\\Include\\10.0.26100.0\\um\\webauthn.h", "read_bytes": 76998, "read_bytes_sha256": "fb575592ce15d8f672386aab5e6b3d3aac101f4ec11a8c52c8085cd6d59a9665", "read_error": null, "read_returned": true, "read_validated": true, "sharing": "READ only; deny WRITE/DELETE", "stage": "read_validated"}, "source_commit": "0d06721b7f8bdc17513a6ab51ffbc5523e68b230", "source_qualification": "Current14 plus8 exact instrumented historical writer controls and2 real-CNG PRK allocation cases; not a shipped historical binary, fixed KDF vector, caller PRF/wrapping-array cuts, provider-object lifetime or Hello hardware proof", "source_tree": "dd04904c1deb691bd6aeed756dd6ceab8ea97837", "suite": "windows-native-24-cohort-v5"}
2026-09-10T05:07:56.9500252Z ##[error]Process completed with exit code 1.

===== native/4_Preserve compact evidence, never application binaries.txt =====
﻿2026-09-10T05:07:56.9732746Z ##[group]Run actions/upload-artifact@043fb46d1a93c77aae656e7c1c64a875d1fc6a0a
2026-09-10T05:07:56.9733169Z with:
2026-09-10T05:07:56.9733358Z   name: audit-windows-cohort-05-34439762763-1
2026-09-10T05:07:56.9734301Z   path: D:\a\_temp/passvault-windows-cohort-05-34439762763-1-evidence/*.json
D:\a\_temp/passvault-windows-cohort-05-34439762763-1-evidence/*.jsonl
D:\a\_temp/passvault-windows-cohort-05-34439762763-1-evidence/*.log
D:\a\_temp/passvault-windows-cohort-05-34439762763-1-evidence/*.xml

2026-09-10T05:07:56.9735167Z   retention-days: 3
2026-09-10T05:07:56.9735328Z   compression-level: 9
2026-09-10T05:07:56.9735488Z   if-no-files-found: error
2026-09-10T05:07:56.9735654Z   overwrite: false
2026-09-10T05:07:56.9735818Z   include-hidden-files: false
2026-09-10T05:07:56.9735993Z   archive: true
2026-09-10T05:07:56.9736136Z ##[endgroup]
2026-09-10T05:07:57.1221206Z With the provided path, there will be 99 files uploaded
2026-09-10T05:07:57.1225126Z Artifact name is valid!
2026-09-10T05:07:57.1226271Z Root directory input is valid!
2026-09-10T05:07:57.4628294Z Uploading artifact: audit-windows-cohort-05-34439762763-1.zip
2026-09-10T05:07:57.4661913Z Beginning upload of artifact content to blob storage
2026-09-10T05:07:58.1465782Z Uploaded bytes 56504
2026-09-10T05:07:58.2093074Z Finished uploading artifact content to blob storage!
2026-09-10T05:07:58.2093773Z SHA256 digest of uploaded artifact is 8812b48bd98c69b84df9cf61a76ce33c5c204f295f95917d6d25884e792fceb1
2026-09-10T05:07:58.2094327Z Finalizing artifact upload
2026-09-10T05:07:58.5975192Z Artifact audit-windows-cohort-05-34439762763-1 successfully finalized. Artifact ID 10137513416
2026-09-10T05:07:58.5976313Z Artifact audit-windows-cohort-05-34439762763-1 has been successfully uploaded! Final size is 56504 bytes. Artifact ID is 10137513416
2026-09-10T05:07:58.5981444Z Artifact download URL: https://github.com/Apdelrahman1911/passvault/actions/runs/34439762763/artifacts/10137513416

===== native/8_Post Read-only exact request checkout.txt =====
﻿2026-09-10T05:07:58.6241032Z Post job cleanup.
2026-09-10T05:07:58.7492328Z [command]"C:\Program Files\Git\bin\git.exe" version
2026-09-10T05:07:58.7656701Z git version 2.55.0.windows.5
2026-09-10T05:07:58.7695935Z Temporarily overriding HOME='D:\a\_temp\d5570178-e088-4152-a807-222c65aa4c5d' before making global git config changes
2026-09-10T05:07:58.7696558Z Adding repository directory to the temporary git global config as a safe directory
2026-09-10T05:07:58.7704039Z [command]"C:\Program Files\Git\bin\git.exe" config --global --add safe.directory D:\a\passvault\passvault
2026-09-10T05:07:58.7876447Z Removing SSH command configuration
2026-09-10T05:07:58.7884963Z [command]"C:\Program Files\Git\bin\git.exe" config --local --name-only --get-regexp core\.sshCommand
2026-09-10T05:07:58.8064543Z [command]"C:\Program Files\Git\bin\git.exe" submodule foreach --recursive "sh -c \"git config --local --name-only --get-regexp 'core\.sshCommand' && git config --local --unset-all 'core.sshCommand' || :\""
2026-09-10T05:07:59.1755036Z Removing HTTP extra header
2026-09-10T05:07:59.1763504Z [command]"C:\Program Files\Git\bin\git.exe" config --local --name-only --get-regexp http\.https\:\/\/github\.com\/\.extraheader
2026-09-10T05:07:59.1951677Z [command]"C:\Program Files\Git\bin\git.exe" submodule foreach --recursive "sh -c \"git config --local --name-only --get-regexp 'http\.https\:\/\/github\.com\/\.extraheader' && git config --local --unset-all 'http.https://github.com/.extraheader' || :\""
2026-09-10T05:07:59.6889167Z Removing includeIf entries pointing to credentials config files
2026-09-10T05:07:59.6898593Z [command]"C:\Program Files\Git\bin\git.exe" config --local --name-only --get-regexp ^includeIf\.gitdir:
2026-09-10T05:07:59.7074420Z [command]"C:\Program Files\Git\bin\git.exe" submodule foreach --recursive "git config --local --show-origin --name-only --get-regexp remote.origin.url"

===== native/9_Complete job.txt =====
﻿2026-09-10T05:08:00.0717519Z Cleaning up orphan processes

